{
"type": "FeatureCollection",
"name": "neighborhoods_agg",
"crs": { "type": "name", "properties": { "name": "urn:ogc:def:crs:OGC:1.3:CRS84" } },
"features": [
{ "type": "Feature", "properties": { "OBJECTID_12": 1, "OBJECTID": 662, "Shape_Leng": 12229.9529293, "Shape_Area": 4428081.3806595318, "OBJECTID_1": 2, "SEMEL_YISH": 4000, "SHEM_YISHU": "חיפה", "SHEM_YIS_1": "HAIFA", "ROVA": 2, "TAT_ROVA": 21, "SchName": "אזור תעשיה מפרץ", "Shape_Length": 12229.95292932767, "בזב": null, "מצביעים": null, "כשרים": null, "אמת": null, "אצ": null, "ב": null, "ג": null, "ד": null, "ום": null, "ז": null, "זך": null, "זנ": null, "זץ": null, "ט": null, "י": null, "יז": null, "ינ": null, "יץ": null, "יק": null, "כן": null, "ך": null, "ל": null, "מחל": null, "מרצ": null, "נז": null, "ני": null, "נף": null, "נץ": null, "נק": null, "נר": null, "עם": null, "פה": null, "ף": null, "צ": null, "ץ": null, "ק": null, "קי": null, "קך": null, "קנ": null, "קץ": null, "רז": null, "שס": null, "ת": null, "n_stations": null, "turnout_pct": null, "אמת_pct": null, "אצ_pct": null, "ב_pct": null, "ג_pct": null, "ד_pct": null, "ום_pct": null, "ז_pct": null, "זך_pct": null, "זנ_pct": null, "זץ_pct": null, "ט_pct": null, "י_pct": null, "יז_pct": null, "ינ_pct": null, "יץ_pct": null, "יק_pct": null, "כן_pct": null, "ך_pct": null, "ל_pct": null, "מחל_pct": null, "מרצ_pct": null, "נז_pct": null, "ני_pct": null, "נף_pct": null, "נץ_pct": null, "נק_pct": null, "נר_pct": null, "עם_pct": null, "פה_pct": null, "ף_pct": null, "צ_pct": null, "ץ_pct": null, "ק_pct": null, "קי_pct": null, "קך_pct": null, "קנ_pct": null, "קץ_pct": null, "רז_pct": null, "שס_pct": null, "ת_pct": null }, "geometry": { "type": "Polygon", "coordinates": [ [ [ 35.055022788133783, 32.819772782738667 ], [ 35.054872219093433, 32.819898300491793 ], [ 35.054267835612173, 32.820261586110846 ], [ 35.054020052334749, 32.820410511316013 ], [ 35.054102089070277, 32.820522156186627 ], [ 35.054123182839284, 32.820550768711044 ], [ 35.053175607324967, 32.82114708787207 ], [ 35.049739755637532, 32.823315327501284 ], [ 35.047387293796909, 32.824788339421822 ], [ 35.04733491800603, 32.824821134905584 ], [ 35.047260676676913, 32.824867619428822 ], [ 35.047300582980036, 32.824905389010574 ], [ 35.046839072324993, 32.825208036470947 ], [ 35.044930006042598, 32.826419939064927 ], [ 35.044872201134091, 32.826363080601602 ], [ 35.041621462592197, 32.823165344586222 ], [ 35.040302354201415, 32.822124278426912 ], [ 35.039482314552423, 32.821477060402479 ], [ 35.039147329491684, 32.821212666854606 ], [ 35.039203274594378, 32.821175500880919 ], [ 35.039241813845891, 32.821128669243549 ], [ 35.039262099351106, 32.821067557792084 ], [ 35.039305135864574, 32.820937919020452 ], [ 35.039425434695978, 32.820575536754902 ], [ 35.039667378754821, 32.819846385954058 ], [ 35.039957794440078, 32.819114421877728 ], [ 35.040962765762835, 32.817602248128672 ], [ 35.041773073108068, 32.817115131465258 ], [ 35.042462591575152, 32.816580509135797 ], [ 35.042562407952225, 32.816593799286757 ], [ 35.04276194843019, 32.816617134946434 ], [ 35.043044984292273, 32.816645728384664 ], [ 35.043066431033779, 32.816647914671911 ], [ 35.043110108287166, 32.816652300868768 ], [ 35.043239361894877, 32.81615157971806 ], [ 35.043565730404261, 32.814887292702551 ], [ 35.043799233551262, 32.814541972348387 ], [ 35.043907806584116, 32.81438151492604 ], [ 35.043917223969288, 32.814367642753375 ], [ 35.044262613104891, 32.814218855064695 ], [ 35.044650224446819, 32.81397805759898 ], [ 35.04471061339629, 32.813943239176503 ], [ 35.044750271914182, 32.813920390395786 ], [ 35.044794952088985, 32.813894668001339 ], [ 35.044964909586106, 32.813796876087878 ], [ 35.044997727157657, 32.81377788316626 ], [ 35.045016751491211, 32.813766906749287 ], [ 35.045222253535655, 32.813727758855187 ], [ 35.045252279652452, 32.813722024396384 ], [ 35.045380147391604, 32.81369766446327 ], [ 35.045440919437823, 32.813686106207363 ], [ 35.045590090874413, 32.813686295507928 ], [ 35.045633654913836, 32.81368635075777 ], [ 35.045922759306478, 32.813654173177603 ], [ 35.046091328758941, 32.813673404910659 ], [ 35.046211763118421, 32.813687082504771 ], [ 35.046306720027019, 32.81373318510402 ], [ 35.046321543407359, 32.813740330790466 ], [ 35.046342025454599, 32.813750275255828 ], [ 35.046391212979771, 32.813774232166786 ], [ 35.046443594971429, 32.813799635795021 ], [ 35.04711694727655, 32.813981180666644 ], [ 35.047482704168566, 32.814084618187806 ], [ 35.04769487868213, 32.814144577709499 ], [ 35.048292150685889, 32.814242975226946 ], [ 35.048936637892695, 32.813958932791479 ], [ 35.049366226130708, 32.813769569227027 ], [ 35.050212210421073, 32.813396693220085 ], [ 35.050311016033511, 32.813386690665894 ], [ 35.051667268129222, 32.813249385548978 ], [ 35.051831903149257, 32.813176819753451 ], [ 35.051483783156456, 32.81283621743254 ], [ 35.051448817349197, 32.812801272038264 ], [ 35.051423012359635, 32.812775545903534 ], [ 35.051269144014796, 32.812627256740171 ], [ 35.051188810477704, 32.812549838392478 ], [ 35.050851954767133, 32.812223740063779 ], [ 35.050550302339445, 32.81191227886238 ], [ 35.050511722026421, 32.811873460502916 ], [ 35.050405876787977, 32.811767296810999 ], [ 35.050319734091161, 32.811683596780561 ], [ 35.050196192520197, 32.811563525075051 ], [ 35.050076905282843, 32.81144840156481 ], [ 35.049950164468918, 32.811322646814091 ], [ 35.049816074708858, 32.811190011967454 ], [ 35.049543408235614, 32.810916922224926 ], [ 35.049310093226019, 32.810674258632979 ], [ 35.04913340085546, 32.810481894484894 ], [ 35.049028771603673, 32.810350115850575 ], [ 35.048948549614487, 32.810248940203195 ], [ 35.048765809558198, 32.809968011031586 ], [ 35.048730182027491, 32.809883932642613 ], [ 35.048648407922713, 32.809691139337438 ], [ 35.048544139470081, 32.809415986265243 ], [ 35.048452402605342, 32.809061424044138 ], [ 35.048411447128224, 32.808728280690396 ], [ 35.048409103748519, 32.808604022768201 ], [ 35.048407449738733, 32.808514219366188 ], [ 35.048423740121201, 32.808166460526898 ], [ 35.048461589115092, 32.80790113598993 ], [ 35.048463739902587, 32.807888691706324 ], [ 35.048512615136318, 32.807601931412577 ], [ 35.048581024039066, 32.807249716288929 ], [ 35.048584037852734, 32.807233406618359 ], [ 35.048641909997293, 32.806917882625072 ], [ 35.048642599812482, 32.806901927131577 ], [ 35.048646088014905, 32.806800938295936 ], [ 35.048649228950097, 32.806710500633351 ], [ 35.048641562551445, 32.806580827701524 ], [ 35.048655431915115, 32.806582204705407 ], [ 35.048826552763487, 32.806599279079606 ], [ 35.048826896735065, 32.806593054221217 ], [ 35.048827224575064, 32.806586282917017 ], [ 35.048858313060485, 32.806573524716654 ], [ 35.048958718195003, 32.806490516944272 ], [ 35.049262490537721, 32.806239137475323 ], [ 35.049226448177457, 32.806212491078625 ], [ 35.049195101914016, 32.80618936889708 ], [ 35.0490027489829, 32.806037471033136 ], [ 35.048781990703198, 32.805825932077802 ], [ 35.048579070293485, 32.805615756645274 ], [ 35.048573847990085, 32.805610341793518 ], [ 35.04843764101112, 32.805349855322277 ], [ 35.048234862920822, 32.805052042168491 ], [ 35.048100930094371, 32.804836550817186 ], [ 35.047799767086588, 32.804389836572618 ], [ 35.047771010212259, 32.804347060362382 ], [ 35.047569530966193, 32.804044200038966 ], [ 35.046965329244891, 32.803135983434608 ], [ 35.046168200862709, 32.801938058622554 ], [ 35.04602510443312, 32.801714090089121 ], [ 35.045864972081176, 32.801464293357483 ], [ 35.045770211193393, 32.801316475993275 ], [ 35.045535629431321, 32.800964253122714 ], [ 35.045564528226279, 32.800924806431247 ], [ 35.0456685539841, 32.800782725054233 ], [ 35.045774824736498, 32.800637598706984 ], [ 35.046404199032466, 32.800160855682435 ], [ 35.0472424330476, 32.800017280593998 ], [ 35.047992572910601, 32.799888823103046 ], [ 35.048644196827539, 32.799369089339827 ], [ 35.048830449217526, 32.799039207190283 ], [ 35.048911285840582, 32.798657539476139 ], [ 35.048919785283388, 32.798617604995229 ], [ 35.048924192528254, 32.798596687564796 ], [ 35.048953480190356, 32.798458854943654 ], [ 35.048960410468524, 32.798426126651087 ], [ 35.048974899642545, 32.798357713288745 ], [ 35.049369923365546, 32.798653696992972 ], [ 35.04962208115321, 32.798926928147417 ], [ 35.049668749262651, 32.798977406726806 ], [ 35.049758775587328, 32.799074900848268 ], [ 35.049947918681042, 32.799279730369953 ], [ 35.050258775763623, 32.799616362155042 ], [ 35.05035948101316, 32.799725484598092 ], [ 35.050467111209272, 32.799842030999272 ], [ 35.050817808512249, 32.800221809487816 ], [ 35.050891639430503, 32.80030171071283 ], [ 35.050920126409167, 32.800332671914781 ], [ 35.051150958385129, 32.800579457782398 ], [ 35.05176372369715, 32.801234563310814 ], [ 35.052596550834409, 32.802124850912485 ], [ 35.052788520360295, 32.802330198868354 ], [ 35.052834029230098, 32.802378857029829 ], [ 35.052874838325955, 32.802422454595181 ], [ 35.052917254566729, 32.802467783538845 ], [ 35.052941542635701, 32.802493765453171 ], [ 35.053545762193899, 32.803116407046204 ], [ 35.054276295857015, 32.803869280830149 ], [ 35.054554281982512, 32.804155798547711 ], [ 35.054735676341402, 32.804342678565746 ], [ 35.054741709284919, 32.80434875236692 ], [ 35.054803332376707, 32.804412296173155 ], [ 35.054847976557255, 32.80445833223731 ], [ 35.054890742818344, 32.804502393138833 ], [ 35.054924735016222, 32.804537412195046 ], [ 35.054978690538285, 32.804593096621268 ], [ 35.055024731290992, 32.804640499451054 ], [ 35.055043168402833, 32.804659538148584 ], [ 35.055297999963187, 32.804919879274991 ], [ 35.055309641752629, 32.804911146714765 ], [ 35.056019843939687, 32.804374795849114 ], [ 35.056020516406932, 32.804373617231427 ], [ 35.056020781925646, 32.804311481877242 ], [ 35.056074233658052, 32.804270967211103 ], [ 35.056082372350801, 32.804264073489023 ], [ 35.056136742407851, 32.80428391380778 ], [ 35.056196181482797, 32.804303990935807 ], [ 35.056255620584565, 32.804324068035619 ], [ 35.056332153986432, 32.804348955115039 ], [ 35.056393434708824, 32.804365934306247 ], [ 35.05645471545462, 32.804382913467499 ], [ 35.056553082508415, 32.804404363704393 ], [ 35.056651451742148, 32.804425815669994 ], [ 35.056749818891021, 32.804447265752486 ], [ 35.056848188222816, 32.804468715760244 ], [ 35.05694655546381, 32.804490167491686 ], [ 35.05704492489069, 32.804511617345064 ], [ 35.057143294365105, 32.804533067121206 ], [ 35.057216167414488, 32.804550624001379 ], [ 35.05729863429135, 32.804568473437911 ], [ 35.057381101204342, 32.804586321016814 ], [ 35.05738793804322, 32.804588020619725 ], [ 35.057409282572138, 32.804593681258403 ], [ 35.057489997308515, 32.80461096405233 ], [ 35.057570714211728, 32.804628246796739 ], [ 35.057611571799313, 32.804637876088442 ], [ 35.057704610124155, 32.80466804034932 ], [ 35.057797650644503, 32.804698206346977 ], [ 35.057890691227918, 32.804728372275534 ], [ 35.05794188039679, 32.804744211785014 ], [ 35.057963550726157, 32.804754381175371 ], [ 35.058042936403197, 32.804794487516027 ], [ 35.058122324289982, 32.804834592005392 ], [ 35.058201710109856, 32.804874698245264 ], [ 35.058281098136547, 32.804914804437253 ], [ 35.058369690475153, 32.804959709302977 ], [ 35.058458287173785, 32.805004614110892 ], [ 35.058541132006013, 32.80504641393906 ], [ 35.058623976915918, 32.805088213712345 ], [ 35.058697666344756, 32.805117604499316 ], [ 35.05878186101539, 32.805151515924784 ], [ 35.058833061608702, 32.805160592385384 ], [ 35.058873254872083, 32.805167966260498 ], [ 35.058959346644599, 32.805183057831854 ], [ 35.059045438449367, 32.805198147540715 ], [ 35.05913153028051, 32.805213238993794 ], [ 35.059217622143905, 32.805228328584356 ], [ 35.059303716172025, 32.805243418118252 ], [ 35.059377180057652, 32.805256747288425 ], [ 35.059450648236165, 32.805270076420449 ], [ 35.059554106728918, 32.805288229996961 ], [ 35.059657565264025, 32.805306383488059 ], [ 35.059761028112312, 32.805324536898674 ], [ 35.059838467183532, 32.805338526822382 ], [ 35.059915908411668, 32.805352518504051 ], [ 35.059993349667174, 32.805366508334487 ], [ 35.060088081145445, 32.805383242960943 ], [ 35.060182812662418, 32.80539997571239 ], [ 35.060239186252389, 32.805409903343943 ], [ 35.060295559855, 32.805419830950086 ], [ 35.06037872472389, 32.805434766693033 ], [ 35.060461891756219, 32.805449702383243 ], [ 35.060545060951974, 32.805464638020688 ], [ 35.060649465423353, 32.805483074910761 ], [ 35.060753869941067, 32.805501509910449 ], [ 35.060809404640331, 32.805513971883627 ], [ 35.060864939355184, 32.805526433832178 ], [ 35.060966387283557, 32.805549655058677 ], [ 35.061067837397516, 32.805572878008896 ], [ 35.061169289702825, 32.805596099076034 ], [ 35.061261005267262, 32.805621564966977 ], [ 35.061320369884264, 32.805637412440099 ], [ 35.061389723648325, 32.805666796688335 ], [ 35.06144223778454, 32.805689398976817 ], [ 35.061494754082815, 32.80571200124573 ], [ 35.061572266082408, 32.805751538748687 ], [ 35.061653472777252, 32.805793522199941 ], [ 35.061734677413114, 32.80583550559605 ], [ 35.061815884260909, 32.805877488941867 ], [ 35.061897091185173, 32.805919472234919 ], [ 35.061978298183021, 32.805961457278642 ], [ 35.062059505260244, 32.806003440466256 ], [ 35.062146850917607, 32.806048624371194 ], [ 35.062214945288474, 32.806084769427521 ], [ 35.062283037579135, 32.80612091444435 ], [ 35.062315376861875, 32.806136730769808 ], [ 35.062340381207164, 32.806149720073584 ], [ 35.062338395213622, 32.806139012922259 ], [ 35.062363250583893, 32.806139603774987 ], [ 35.062447887623513, 32.806141201972054 ], [ 35.062532524666373, 32.806142800111935 ], [ 35.062617161709625, 32.806144399997976 ], [ 35.062657031208396, 32.806145007791855 ], [ 35.06273161858477, 32.806136075271304 ], [ 35.062771514773615, 32.806130623682499 ], [ 35.06277787116403, 32.806129756229659 ], [ 35.062807987133979, 32.806125640696564 ], [ 35.062884355662646, 32.806115207878626 ], [ 35.062960724173635, 32.806104775013999 ], [ 35.063020964864592, 32.80609638877128 ], [ 35.063081203406043, 32.806088004300491 ], [ 35.063115244811883, 32.806083534249765 ], [ 35.063188386061945, 32.806073472709052 ], [ 35.063261529431109, 32.806063411127965 ], [ 35.063334670648516, 32.80605334950166 ], [ 35.063365876196393, 32.806048876187965 ], [ 35.063414585103587, 32.806042123258102 ], [ 35.063462659642752, 32.806035459764551 ], [ 35.063520059691591, 32.806027353215775 ], [ 35.063577461868363, 32.806019244839661 ], [ 35.063626005203353, 32.806022680771562 ], [ 35.063716414440535, 32.80602954507691 ], [ 35.063761786691714, 32.806032979196772 ], [ 35.06383326557112, 32.806038413710425 ], [ 35.063904744462207, 32.80604384637985 ], [ 35.063992320933437, 32.806050142847845 ], [ 35.064046282658538, 32.806054430480394 ], [ 35.064100246524326, 32.806058718092082 ], [ 35.064186544795682, 32.806098451373323 ], [ 35.064272845279405, 32.806138184597444 ], [ 35.064359145840065, 32.806177917762056 ], [ 35.064418161030368, 32.806204753209329 ], [ 35.064477176256204, 32.806231588628762 ], [ 35.064506350536476, 32.806245146619752 ], [ 35.064588204027977, 32.806282995529699 ], [ 35.06464346792886, 32.806308136909486 ], [ 35.064698736134631, 32.806333276466226 ], [ 35.064772369179053, 32.806346038200587 ], [ 35.064846006515531, 32.806358799896422 ], [ 35.064938421856191, 32.806363975783064 ], [ 35.064980462821616, 32.806363458139636 ], [ 35.065073223109692, 32.806362434270376 ], [ 35.065110927906112, 32.806361349101905 ], [ 35.065204193147551, 32.806356946152235 ], [ 35.065240564180165, 32.806355295002326 ], [ 35.065313643255507, 32.806350867732341 ], [ 35.065338835342928, 32.806349204136225 ], [ 35.065353519389376, 32.806348657786472 ], [ 35.065373871232545, 32.806349243040742 ], [ 35.065435928653187, 32.806352130618492 ], [ 35.065468790189762, 32.806353856855921 ], [ 35.065509826508233, 32.806356721071928 ], [ 35.065583722619067, 32.806362438596011 ], [ 35.065606742378527, 32.806365281002371 ], [ 35.065638766728469, 32.806369824959333 ], [ 35.065699308580207, 32.806380600540201 ], [ 35.065709478624562, 32.806383993153425 ], [ 35.065735992612566, 32.806391912330611 ], [ 35.065771843838661, 32.806403223188255 ], [ 35.065835042282067, 32.806423581230199 ], [ 35.065861052719598, 32.806432626939817 ], [ 35.06590540665713, 32.806448455630829 ], [ 35.065967918042716, 32.80647951954748 ], [ 35.066002258520115, 32.806497028709394 ], [ 35.066016760790653, 32.806504934550397 ], [ 35.066059263095099, 32.806529213609842 ], [ 35.066105102612845, 32.806555187916516 ], [ 35.066124271109814, 32.806567044706675 ], [ 35.066141603626541, 32.80657720789079 ], [ 35.066153604464084, 32.806585673610272 ], [ 35.066181429252062, 32.806607683993526 ], [ 35.066207591909382, 32.806627436500548 ], [ 35.066253247129559, 32.806663554594387 ], [ 35.066298902386691, 32.806699672671527 ], [ 35.066332394512024, 32.806727324851863 ], [ 35.066368882587653, 32.806757797214317 ], [ 35.066392708293755, 32.806778111565919 ], [ 35.06642619486211, 32.806808016143613 ], [ 35.066458015416323, 32.806836793564209 ], [ 35.066484006415955, 32.80685992717212 ], [ 35.066540479986706, 32.806911274044175 ], [ 35.066588293786822, 32.806954719744013 ], [ 35.066636109766122, 32.806998167231121 ], [ 35.066659097634258, 32.807019045069374 ], [ 35.066686495604223, 32.807043817656684 ], [ 35.066693417601158, 32.807050077607556 ], [ 35.066702158504668, 32.807058041954384 ], [ 35.066726238111812, 32.807079983174916 ], [ 35.066733204969708, 32.807086235959332 ], [ 35.066740067336539, 32.807092394852454 ], [ 35.066771051869885, 32.807120606813683 ], [ 35.066792222353037, 32.80713190304494 ], [ 35.066798894271635, 32.807134164609053 ], [ 35.066834902548365, 32.8071505464548 ], [ 35.066865897479722, 32.807174812595953 ], [ 35.066922242612357, 32.807203052372486 ], [ 35.066978587780682, 32.807231292123618 ], [ 35.067048937510037, 32.807266309908123 ], [ 35.067135964202919, 32.807304727283878 ], [ 35.067199987760176, 32.807330722923467 ], [ 35.067298717574118, 32.807353371581037 ], [ 35.067402796430379, 32.807369265120514 ], [ 35.067487199402414, 32.807379501480973 ], [ 35.067528068424032, 32.807381800393351 ], [ 35.067571108790183, 32.807382974549114 ], [ 35.067637011309309, 32.8073813567744 ], [ 35.067692901984067, 32.807380290691029 ], [ 35.067748792657554, 32.807379224582697 ], [ 35.067795004618333, 32.807378710546992 ], [ 35.067882760446189, 32.807377679138476 ], [ 35.067948661234155, 32.807377188313879 ], [ 35.068018646704076, 32.807376983231762 ], [ 35.068088632176583, 32.807376776307137 ], [ 35.068161206238408, 32.807376292635119 ], [ 35.068227354736351, 32.807375801933347 ], [ 35.068293505371898, 32.807375309395574 ], [ 35.068364576936311, 32.807374259512798 ], [ 35.068450665829097, 32.807372661435551 ], [ 35.068478026045597, 32.80737212848193 ], [ 35.068542504611699, 32.807373044245146 ], [ 35.068606983182001, 32.807373958171766 ], [ 35.0686932334945, 32.807375743254319 ], [ 35.068779482956145, 32.807378090932865 ], [ 35.068856055427865, 32.807379863617449 ], [ 35.06886956982305, 32.807380442705593 ], [ 35.068931948817919, 32.80739008979252 ], [ 35.069017841674317, 32.807406526773306 ], [ 35.069071543946968, 32.807419264429107 ], [ 35.069125244099567, 32.807432002059571 ], [ 35.069214462796694, 32.807456332310764 ], [ 35.069281493780075, 32.80747951144167 ], [ 35.069315338157615, 32.807495327582743 ], [ 35.069396039531753, 32.807524717832528 ], [ 35.069434881347576, 32.807544485137051 ], [ 35.06948938806724, 32.807576103124859 ], [ 35.069543894825529, 32.807607721088864 ], [ 35.069576229984015, 32.807627479538155 ], [ 35.06961373042045, 32.807651753806724 ], [ 35.069674897815545, 32.807691831351384 ], [ 35.069736065262902, 32.807731910669482 ], [ 35.069798552138806, 32.807782133616371 ], [ 35.069836539661111, 32.807814860809572 ], [ 35.06985969847819, 32.807836300899019 ], [ 35.069927830120371, 32.807904565504749 ], [ 35.069986129275783, 32.807966338150713 ], [ 35.070044426379063, 32.80802810896342 ], [ 35.070057264851222, 32.808033758318309 ], [ 35.070103287147433, 32.808087159044348 ], [ 35.070149307365902, 32.808140557947517 ], [ 35.070195329774805, 32.808193956835737 ], [ 35.070239633268663, 32.808243034756757 ], [ 35.070283936811173, 32.80829211266186 ], [ 35.070295598773569, 32.808303394508108 ], [ 35.070332091384749, 32.808332175943832 ], [ 35.070376589102018, 32.808364345481742 ], [ 35.070417500079259, 32.808394540065571 ], [ 35.07045841321964, 32.808424734638209 ], [ 35.07051825192169, 32.808461428998413 ], [ 35.070551923963563, 32.80848006331081 ], [ 35.070577926191888, 32.808495306266174 ], [ 35.070659944589742, 32.808538788759719 ], [ 35.070716387303854, 32.80855885579107 ], [ 35.070772830043374, 32.808578922796954 ], [ 35.070797178470421, 32.808586274130683 ], [ 35.070857713185987, 32.808603245444914 ], [ 35.07086938790107, 32.80860607478369 ], [ 35.07092993527769, 32.808614593609263 ], [ 35.070984230377782, 32.808621414168336 ], [ 35.07103852548628, 32.80862823470391 ], [ 35.071068217241205, 32.80863108321244 ], [ 35.071129273220208, 32.808635094019778 ], [ 35.071190329207504, 32.808639102993972 ], [ 35.071287251016955, 32.808644278991544 ], [ 35.071384174976082, 32.808649453112992 ], [ 35.07145562835003, 32.808653662358253 ], [ 35.071527083866307, 32.808657871565025 ], [ 35.071598539392156, 32.808662078927632 ], [ 35.071663096345802, 32.808666938975591 ], [ 35.071727653309289, 32.808671797186875 ], [ 35.071768352285083, 32.808676911423689 ], [ 35.071841575718324, 32.808689951698504 ], [ 35.071927625649749, 32.808713993528457 ], [ 35.07201367562768, 32.808738035299285 ], [ 35.072103160505343, 32.808771496115298 ], [ 35.072154240785061, 32.808790595628103 ], [ 35.072210509921618, 32.808815732922206 ], [ 35.072266779089944, 32.80884087019097 ], [ 35.072306039920903, 32.808804843908639 ], [ 35.07238219251569, 32.808866165386746 ], [ 35.072458345217726, 32.808927485014813 ], [ 35.072534502290026, 32.808988808207502 ], [ 35.072610518351681, 32.809050248425073 ], [ 35.072686536648135, 32.80911169220515 ], [ 35.072762555051881, 32.809173134135357 ], [ 35.072838573560226, 32.809234576019115 ], [ 35.072914592170569, 32.809296019659705 ], [ 35.072990610888183, 32.809357461450475 ], [ 35.073066629707753, 32.809418904998125 ], [ 35.073142648634615, 32.809480346695885 ], [ 35.073218667663461, 32.809541790150575 ], [ 35.073294686799578, 32.809603231755361 ], [ 35.073370706040336, 32.809664673313691 ], [ 35.07344672538305, 32.809726116628866 ], [ 35.073522744833056, 32.809787558094214 ], [ 35.073598764385039, 32.809849001316429 ], [ 35.073674784044307, 32.809910442688775 ], [ 35.073750803805552, 32.80997188581803 ], [ 35.073826823674082, 32.810033327097393 ], [ 35.073902843647218, 32.810094768330273 ], [ 35.073978863722353, 32.810156211320013 ], [ 35.074054883904765, 32.810217652459919 ], [ 35.074130904189161, 32.810279095356691 ], [ 35.074206924580828, 32.810340536403601 ], [ 35.074282942941601, 32.810401977401803 ], [ 35.074358963539915, 32.810463420159088 ], [ 35.074434984245471, 32.810524861066533 ], [ 35.074511007188569, 32.810586303733061 ], [ 35.074582090573934, 32.810644933361402 ], [ 35.074653174052656, 32.810703562949065 ], [ 35.074724257624737, 32.81076219249605 ], [ 35.074795341290162, 32.81082082200237 ], [ 35.074866427184503, 32.810879451470242 ], [ 35.074937511039245, 32.810938079091834 ], [ 35.075008594984745, 32.810996708476161 ], [ 35.075079679023609, 32.811055337819795 ], [ 35.075150765291347, 32.811113967124975 ], [ 35.075221849516922, 32.811172596387273 ], [ 35.075292933835847, 32.811231225608907 ], [ 35.075246205211151, 32.81126867699858 ], [ 35.075220940179761, 32.811288926389231 ], [ 35.075148946433238, 32.811346625323992 ], [ 35.075076950458133, 32.811404324214401 ], [ 35.075004956525561, 32.811462023064806 ], [ 35.074932962497336, 32.811519723676504 ], [ 35.074860966243158, 32.811577422440394 ], [ 35.074788972031484, 32.81163512116435 ], [ 35.074716977726787, 32.811692819846144 ], [ 35.074644981190879, 32.811750520286957 ], [ 35.074572986700097, 32.811808218884416 ], [ 35.074500992116306, 32.811865917439718 ], [ 35.074428995303911, 32.81192361595064 ], [ 35.074464784408853, 32.811956418790082 ], [ 35.074492921350959, 32.811982205727723 ], [ 35.074556847481901, 32.812040795471781 ], [ 35.074620771561158, 32.81209938518068 ], [ 35.07468469785983, 32.812157974858835 ], [ 35.074748624242396, 32.812216564503984 ], [ 35.074812550708835, 32.812275154116172 ], [ 35.074876475123581, 32.812333743693152 ], [ 35.074828978080063, 32.812365994967195 ], [ 35.074806314415689, 32.812381385037739 ], [ 35.074736153630354, 32.812429028145843 ], [ 35.074665992772807, 32.812476669410692 ], [ 35.074595831837833, 32.812524312439038 ], [ 35.074525670830639, 32.812571953624143 ], [ 35.074472844200407, 32.812619614562287 ], [ 35.074420017516388, 32.812667273674222 ], [ 35.074367190775952, 32.812714932763356 ], [ 35.074321895797134, 32.81276578082484 ], [ 35.07427660076668, 32.812816628869371 ], [ 35.074231305681955, 32.812867478700355 ], [ 35.074190321160806, 32.812922031738509 ], [ 35.074149338727722, 32.812976582961454 ], [ 35.07411777087632, 32.813043645026511 ], [ 35.074086202977369, 32.813110707082792 ], [ 35.074102617883547, 32.813126276551699 ], [ 35.074153760701911, 32.813174774073595 ], [ 35.074221320661593, 32.813238839226358 ], [ 35.074288880715571, 32.813302906145665 ], [ 35.074356440866481, 32.813366973028096 ], [ 35.074424001116924, 32.813431038070306 ], [ 35.07438202205411, 32.813467451696553 ], [ 35.074352795778175, 32.813492803973737 ], [ 35.074281590340888, 32.813554569835837 ], [ 35.074210384807699, 32.81361633385319 ], [ 35.074139179173365, 32.813678099632604 ], [ 35.074067973443128, 32.813739863567257 ], [ 35.073996767611717, 32.813801629263921 ], [ 35.07392556382004, 32.813863393118091 ], [ 35.073854030232965, 32.813909647485303 ], [ 35.073782496571852, 32.81395590181112 ], [ 35.073710964974907, 32.814002154294357 ], [ 35.073639433301267, 32.814048408539612 ], [ 35.073673961547584, 32.814082171481544 ], [ 35.073678122168829, 32.814086240652948 ], [ 35.07363098727415, 32.81411671911323 ], [ 35.073647305041646, 32.814133067599883 ], [ 35.073604223088296, 32.814158001270229 ], [ 35.073587769017365, 32.814167633986912 ], [ 35.073553580721722, 32.814187520243244 ], [ 35.072941780757354, 32.813639103305633 ], [ 35.072849427047885, 32.813556230978058 ], [ 35.072764115846276, 32.8136260296559 ], [ 35.072660520946734, 32.813710753680539 ], [ 35.071926805676377, 32.814310158276108 ], [ 35.071460988290205, 32.814690721314811 ], [ 35.071451170912304, 32.814682051042006 ], [ 35.070631750712131, 32.813960542487749 ], [ 35.070867443502202, 32.813657470326902 ], [ 35.070947474806907, 32.813554856548862 ], [ 35.07056662373455, 32.813246423022655 ], [ 35.069551393350771, 32.813784996337276 ], [ 35.069355091081142, 32.81388920789383 ], [ 35.067707491200864, 32.81477639067338 ], [ 35.066915590616624, 32.815202750521166 ], [ 35.065735013689427, 32.815816034327916 ], [ 35.065726490775894, 32.815807476851916 ], [ 35.064502439633401, 32.816418985772849 ], [ 35.063317173210905, 32.817011322129794 ], [ 35.063312584505489, 32.817006714726055 ], [ 35.063296481506185, 32.816990475150519 ], [ 35.062067173049854, 32.817603672792075 ], [ 35.062064946916358, 32.81899976768554 ], [ 35.062063005225795, 32.820217398132137 ], [ 35.062062920954972, 32.82027024253145 ], [ 35.062013190058238, 32.820241957644683 ], [ 35.061997623674934, 32.820233195340954 ], [ 35.061862438188115, 32.820162619438378 ], [ 35.061663957111762, 32.82007502666351 ], [ 35.061657926261248, 32.820304404534753 ], [ 35.061645344099027, 32.820423499941789 ], [ 35.061641226765019, 32.820459292372803 ], [ 35.061638961393342, 32.820474894451031 ], [ 35.061633007233979, 32.820528083812938 ], [ 35.061613205200572, 32.820622379891567 ], [ 35.061600400306048, 32.82068305448724 ], [ 35.061558540471559, 32.820882453519751 ], [ 35.061503259522318, 32.821061648357045 ], [ 35.061451453976417, 32.821203062685051 ], [ 35.061359750649949, 32.821383837093826 ], [ 35.061225771968004, 32.821556087194963 ], [ 35.060913153122655, 32.821851665940017 ], [ 35.060681760846286, 32.822037332717066 ], [ 35.060382487015012, 32.822262948831877 ], [ 35.059322441072659, 32.822948726421942 ], [ 35.058714801125866, 32.823275958332495 ], [ 35.058414423489545, 32.823451342442617 ], [ 35.058374671755374, 32.823474568706743 ], [ 35.058328972618483, 32.823400665147936 ], [ 35.05782450005502, 32.822478097040467 ], [ 35.057664748283379, 32.822219220298116 ], [ 35.057507757441336, 32.822018404633049 ], [ 35.057466104146393, 32.821967054968965 ], [ 35.057408119032893, 32.821897192441995 ], [ 35.057333091718604, 32.821805761266752 ], [ 35.057112656837269, 32.821562045653735 ], [ 35.057098587923619, 32.821546795939383 ], [ 35.057062468490663, 32.821507345948284 ], [ 35.05704805344822, 32.821492185989868 ], [ 35.056986227908808, 32.82142546383966 ], [ 35.055988262251851, 32.820345150330446 ], [ 35.055587589757607, 32.819897710181849 ], [ 35.055397657595393, 32.819683965684398 ], [ 35.055326151460683, 32.819592716006298 ], [ 35.055022788133783, 32.819772782738667 ] ] ] } },
{ "type": "Feature", "properties": { "OBJECTID_12": 2, "OBJECTID": 665, "Shape_Leng": 8538.9044356899994, "Shape_Area": 3779028.2775177346, "OBJECTID_1": 5, "SEMEL_YISH": 4000, "SHEM_YISHU": "חיפה", "SHEM_YIS_1": "HAIFA", "ROVA": 2, "TAT_ROVA": 21, "SchName": "בתי זיקוק", "Shape_Length": 8538.9044356948853, "בזב": null, "מצביעים": null, "כשרים": null, "אמת": null, "אצ": null, "ב": null, "ג": null, "ד": null, "ום": null, "ז": null, "זך": null, "זנ": null, "זץ": null, "ט": null, "י": null, "יז": null, "ינ": null, "יץ": null, "יק": null, "כן": null, "ך": null, "ל": null, "מחל": null, "מרצ": null, "נז": null, "ני": null, "נף": null, "נץ": null, "נק": null, "נר": null, "עם": null, "פה": null, "ף": null, "צ": null, "ץ": null, "ק": null, "קי": null, "קך": null, "קנ": null, "קץ": null, "רז": null, "שס": null, "ת": null, "n_stations": null, "turnout_pct": null, "אמת_pct": null, "אצ_pct": null, "ב_pct": null, "ג_pct": null, "ד_pct": null, "ום_pct": null, "ז_pct": null, "זך_pct": null, "זנ_pct": null, "זץ_pct": null, "ט_pct": null, "י_pct": null, "יז_pct": null, "ינ_pct": null, "יץ_pct": null, "יק_pct": null, "כן_pct": null, "ך_pct": null, "ל_pct": null, "מחל_pct": null, "מרצ_pct": null, "נז_pct": null, "ני_pct": null, "נף_pct": null, "נץ_pct": null, "נק_pct": null, "נר_pct": null, "עם_pct": null, "פה_pct": null, "ף_pct": null, "צ_pct": null, "ץ_pct": null, "ק_pct": null, "קי_pct": null, "קך_pct": null, "קנ_pct": null, "קץ_pct": null, "רז_pct": null, "שס_pct": null, "ת_pct": null }, "geometry": { "type": "Polygon", "coordinates": [ [ [ 35.056082371283111, 32.804264073487758 ], [ 35.056074233659544, 32.804270966309417 ], [ 35.056020781925646, 32.804311481877242 ], [ 35.056020516406932, 32.804373617231427 ], [ 35.056019843939687, 32.804374795849114 ], [ 35.055309641752629, 32.804911146714765 ], [ 35.055297999963187, 32.804919879274991 ], [ 35.055043168402833, 32.804659538148584 ], [ 35.055024730224829, 32.804640498548096 ], [ 35.054978690538285, 32.804593096621268 ], [ 35.054924735017735, 32.804537411293353 ], [ 35.054890742818344, 32.804502393138833 ], [ 35.054847976557255, 32.80445833223731 ], [ 35.054803332376707, 32.804412296173155 ], [ 35.054741709284919, 32.80434875236692 ], [ 35.054735676341402, 32.804342678565746 ], [ 35.054554281982512, 32.804155798547711 ], [ 35.054276295857015, 32.803869280830149 ], [ 35.053545762193899, 32.803116407046204 ], [ 35.052941542637235, 32.8024937645515 ], [ 35.052917253500588, 32.802467782635858 ], [ 35.052874838325955, 32.802422454595181 ], [ 35.052834029231633, 32.802378856128144 ], [ 35.052788520361823, 32.802330197966661 ], [ 35.052596549766754, 32.802124850911191 ], [ 35.051763722629509, 32.801234563309499 ], [ 35.051150958385129, 32.800579457782398 ], [ 35.050920126410709, 32.800332671013095 ], [ 35.050891639430503, 32.80030171071283 ], [ 35.050817808512249, 32.800221809487816 ], [ 35.050467111209272, 32.799842030999272 ], [ 35.050359481014716, 32.799725483696413 ], [ 35.050258775765172, 32.799616361253328 ], [ 35.049947918681042, 32.799279730369953 ], [ 35.049758775587328, 32.799074900848268 ], [ 35.049668749262651, 32.798977406726806 ], [ 35.049622080085591, 32.798926928146109 ], [ 35.049369923365546, 32.798653696992972 ], [ 35.048974899644115, 32.798357712387059 ], [ 35.048940981848425, 32.798332320068177 ], [ 35.048923202429407, 32.798319047605951 ], [ 35.048859418765112, 32.798271188549563 ], [ 35.048891881027778, 32.798145896127778 ], [ 35.049004527148881, 32.797711410496142 ], [ 35.049191876074978, 32.796988490589939 ], [ 35.049227783149298, 32.796849941108967 ], [ 35.049255275185303, 32.796744042351534 ], [ 35.049266125865721, 32.796644668370384 ], [ 35.049280333148836, 32.796515105318349 ], [ 35.049293912689343, 32.796390435880028 ], [ 35.049298028092053, 32.796353024278865 ], [ 35.049335141795609, 32.796013567974356 ], [ 35.049000933650902, 32.796029688090769 ], [ 35.048608632999283, 32.795567975118004 ], [ 35.048654436302137, 32.795464056826489 ], [ 35.04874157300204, 32.795266421810773 ], [ 35.048915266600972, 32.794872386178021 ], [ 35.048940888429293, 32.794766853025152 ], [ 35.048969027244915, 32.794667623127211 ], [ 35.049000918173334, 32.794569203089985 ], [ 35.049036627127336, 32.794471745378729 ], [ 35.049075991721878, 32.794375309300698 ], [ 35.049119069447769, 32.794279979682948 ], [ 35.049165781055216, 32.794185894382736 ], [ 35.049216096552094, 32.794093105657154 ], [ 35.049269883233734, 32.794001796381494 ], [ 35.049327228613535, 32.793911977480036 ], [ 35.049387923216408, 32.793823778532619 ], [ 35.049451944563849, 32.793737230164304 ], [ 35.049519327504107, 32.793652548819793 ], [ 35.049589902262035, 32.793569750514351 ], [ 35.049663607885684, 32.793488891072435 ], [ 35.049740377873853, 32.793410148941987 ], [ 35.049820085200501, 32.793333514943676 ], [ 35.049902728666758, 32.793259063911172 ], [ 35.049988168142946, 32.79318695706931 ], [ 35.050076355508239, 32.793117241241255 ], [ 35.05019081260744, 32.792987198262075 ], [ 35.050271602430954, 32.79291135969568 ], [ 35.050358549560201, 32.7928405880577 ], [ 35.050451333079927, 32.792775260751085 ], [ 35.050549427108727, 32.792715755828787 ], [ 35.050652375373438, 32.792662327897972 ], [ 35.050759473824222, 32.792615295283127 ], [ 35.050870354899317, 32.792574856797671 ], [ 35.050935205025652, 32.79255573198337 ], [ 35.050941495373607, 32.792553040017026 ], [ 35.051231923705174, 32.792266754903544 ], [ 35.051613531311602, 32.791922864683286 ], [ 35.052033298221993, 32.791533932257288 ], [ 35.052043032436202, 32.791524920838647 ], [ 35.05235216229557, 32.791230540562502 ], [ 35.052584721490724, 32.791012251823076 ], [ 35.05286387916879, 32.790760018817764 ], [ 35.053005021951215, 32.790498702467545 ], [ 35.053234780246797, 32.790419535236637 ], [ 35.053579616026767, 32.79008794502932 ], [ 35.053960067988378, 32.789711943966516 ], [ 35.054229045584073, 32.789476752090543 ], [ 35.054446811634776, 32.789285850908662 ], [ 35.054467041039267, 32.789262884603374 ], [ 35.054471321439316, 32.789194988470953 ], [ 35.054663869451886, 32.789017589354373 ], [ 35.055103181981274, 32.788612085797475 ], [ 35.055139414920838, 32.788525916087821 ], [ 35.055139861102717, 32.788516988032427 ], [ 35.055138533217161, 32.78846708482709 ], [ 35.055141459525409, 32.788464353472357 ], [ 35.055207887884713, 32.788402330151378 ], [ 35.055274318288284, 32.788340305895112 ], [ 35.0553407475306, 32.788278282503207 ], [ 35.055407177748179, 32.788216259076449 ], [ 35.055473606806025, 32.788154235612303 ], [ 35.055540036840632, 32.788092211211598 ], [ 35.055606466780006, 32.788030188578198 ], [ 35.055666987415854, 32.787973678169529 ], [ 35.055727509039649, 32.787917169535568 ], [ 35.05578802952089, 32.787860659968658 ], [ 35.055837645652396, 32.787814332007493 ], [ 35.055887261730923, 32.787768004927869 ], [ 35.055936877758015, 32.787721677828117 ], [ 35.055995435012001, 32.787667005290515 ], [ 35.0560539921943, 32.787612332724855 ], [ 35.056112549304956, 32.787557660131156 ], [ 35.056167289496358, 32.7875065537065 ], [ 35.056222029625168, 32.787455447257365 ], [ 35.056275539224394, 32.787405420461468 ], [ 35.056329050897183, 32.787355394546388 ], [ 35.056410953653298, 32.787274248574811 ], [ 35.056576065493068, 32.78711056038069 ], [ 35.056654905035174, 32.787029509817017 ], [ 35.056735322292425, 32.786949678351434 ], [ 35.056909549760832, 32.786785657808956 ], [ 35.056991958792473, 32.786714701204907 ], [ 35.05715709652101, 32.78657937960206 ], [ 35.057541157549132, 32.786265048529934 ], [ 35.057692786517052, 32.786105895683662 ], [ 35.057799025092031, 32.785960397111225 ], [ 35.057877870240809, 32.785803656522269 ], [ 35.05787849032572, 32.785802423727809 ], [ 35.057888999079253, 32.785786429116811 ], [ 35.057889025832417, 32.785786388571793 ], [ 35.057976407781048, 32.785653396845881 ], [ 35.05807636929633, 32.785500991813549 ], [ 35.058161552575747, 32.785331590512058 ], [ 35.058302274063756, 32.785019390144896 ], [ 35.058448603003519, 32.784769925318457 ], [ 35.058570413243963, 32.784578420735933 ], [ 35.058677062346504, 32.784375546038994 ], [ 35.05886205209746, 32.783975326927639 ], [ 35.059068758546566, 32.783610435016669 ], [ 35.059300533173705, 32.783195544776241 ], [ 35.059410032544726, 32.782843083109505 ], [ 35.059410042199858, 32.782843053364687 ], [ 35.05945065115742, 32.782712335473498 ], [ 35.059461153195777, 32.782673093181444 ], [ 35.05952852219886, 32.782421341775063 ], [ 35.059630714423456, 32.782199281051611 ], [ 35.059883740383761, 32.781774513560116 ], [ 35.06024413068252, 32.781425341116218 ], [ 35.060327642979971, 32.781322126225156 ], [ 35.06040539696108, 32.781267592659582 ], [ 35.060492676686238, 32.781194341752958 ], [ 35.060514145577827, 32.781185710128469 ], [ 35.060665225343946, 32.781093911432457 ], [ 35.06074122150423, 32.781055603470634 ], [ 35.060753571848991, 32.781049377893844 ], [ 35.06075829212147, 32.781047936985381 ], [ 35.060826832176993, 32.781027009638279 ], [ 35.061160409657596, 32.780886547423037 ], [ 35.061767001714323, 32.780562448469901 ], [ 35.062038011127171, 32.780364383499993 ], [ 35.062181509264164, 32.78027266270832 ], [ 35.062324899792387, 32.780181303208764 ], [ 35.062962506827709, 32.780026482958192 ], [ 35.062983205239703, 32.780021456824905 ], [ 35.062986324478892, 32.780021267383063 ], [ 35.063219988819704, 32.780007040676772 ], [ 35.0633525607333, 32.779998969247444 ], [ 35.06335923386942, 32.78000047447911 ], [ 35.063441795550297, 32.78001909186456 ], [ 35.063593280361012, 32.780053251686013 ], [ 35.064326703003175, 32.779930766000639 ], [ 35.06433179368782, 32.779929915982628 ], [ 35.064325111524752, 32.779949832401535 ], [ 35.064321783707356, 32.779961883463727 ], [ 35.064313986944462, 32.77999012129618 ], [ 35.06431111642798, 32.780000518255939 ], [ 35.064301442120147, 32.780035556387659 ], [ 35.064281099431781, 32.780109229306156 ], [ 35.064260756709679, 32.780182902220375 ], [ 35.064240413953819, 32.780256575130331 ], [ 35.064220072231613, 32.780330248037217 ], [ 35.064199729408251, 32.780403920938681 ], [ 35.064209984526123, 32.780400152503361 ], [ 35.064265666747545, 32.780379690386503 ], [ 35.06433160512001, 32.780355458898939 ], [ 35.064420655121474, 32.780320834099321 ], [ 35.064509706121534, 32.780286209237218 ], [ 35.064600232031601, 32.780251010675045 ], [ 35.064690758939371, 32.780215811146547 ], [ 35.064781285774643, 32.78018061245394 ], [ 35.064871812540225, 32.780145412793829 ], [ 35.064893384983293, 32.780137024891403 ], [ 35.064946036664921, 32.780114427484769 ], [ 35.064998689387366, 32.780091830057003 ], [ 35.06507900706832, 32.780048605506508 ], [ 35.065159326806473, 32.780005380906402 ], [ 35.065212861347796, 32.779971643905192 ], [ 35.065257114960673, 32.77993919050725 ], [ 35.065301368541434, 32.779906737093427 ], [ 35.065337623576795, 32.779868433593329 ], [ 35.065338013818476, 32.779868021049417 ], [ 35.065338273626146, 32.77986774451692 ], [ 35.065399084739006, 32.779904535411475 ], [ 35.065482035519182, 32.779958037629783 ], [ 35.065564987466132, 32.780011539794195 ], [ 35.065647939511052, 32.780065042805163 ], [ 35.065730891656756, 32.780118544859342 ], [ 35.065813843900443, 32.780172047760068 ], [ 35.065896796244893, 32.780225549703985 ], [ 35.065979749754732, 32.780279052495672 ], [ 35.066062702297948, 32.780332554329334 ], [ 35.066145654939149, 32.780386057009594 ], [ 35.066228607681126, 32.780439558733043 ], [ 35.066311560521072, 32.780493061303083 ], [ 35.066394513460402, 32.780546563817978 ], [ 35.066477466499123, 32.780600066277749 ], [ 35.066535953227245, 32.780637900026548 ], [ 35.066620057883533, 32.780691586703213 ], [ 35.066704162642324, 32.780745272421512 ], [ 35.066788267500812, 32.780798958984882 ], [ 35.066872372461816, 32.780852644589885 ], [ 35.066956478589944, 32.780906331041088 ], [ 35.067040583753162, 32.780960016532781 ], [ 35.067124689016104, 32.781013702869515 ], [ 35.067208795447591, 32.781067389150756 ], [ 35.067292900914133, 32.781121074472473 ], [ 35.067377007547819, 32.781174760640376 ], [ 35.067461113216595, 32.781228445848782 ], [ 35.067545218986474, 32.781282131000502 ], [ 35.067629325923498, 32.781335816998443 ], [ 35.067713431895605, 32.781389502036859 ], [ 35.067797537967436, 32.781443187920317 ], [ 35.067881645207812, 32.78149687374826 ], [ 35.067965752549284, 32.781550559519559 ], [ 35.06804554091655, 32.781601644548559 ], [ 35.068125330441163, 32.781652730429407 ], [ 35.068205121123086, 32.781703817162125 ], [ 35.068284910830236, 32.781754902940989 ], [ 35.068364700628663, 32.781805988668864 ], [ 35.068444491585787, 32.781857074346888 ], [ 35.068513279747926, 32.78190107603298 ], [ 35.068582069045263, 32.781945077682316 ], [ 35.068650857344323, 32.7819890783909 ], [ 35.068719646777211, 32.782033079964457 ], [ 35.068800911900176, 32.782085101168505 ], [ 35.068882177117814, 32.782137122319639 ], [ 35.06896344243011, 32.782189143417902 ], [ 35.069044706771031, 32.7822411635604 ], [ 35.069125972272666, 32.782293184552849 ], [ 35.069207237868973, 32.782345205492398 ], [ 35.069288503559946, 32.78239722637904 ], [ 35.069369769345592, 32.782449247212767 ], [ 35.06945103522591, 32.782501267993609 ], [ 35.069532301200901, 32.78255328872153 ], [ 35.069613566204488, 32.7826053084937 ], [ 35.06969483236881, 32.782657329115821 ], [ 35.069776098627806, 32.782709349685035 ], [ 35.069857364981459, 32.782761370201335 ], [ 35.069939267235945, 32.782813645625609 ], [ 35.070021168520228, 32.7828659200933 ], [ 35.070103070966454, 32.782918195410097 ], [ 35.070184972442512, 32.782970469770326 ], [ 35.070266875080499, 32.783022744979668 ], [ 35.070348777814381, 32.783075020135236 ], [ 35.070430679578067, 32.783127294334271 ], [ 35.070512582503703, 32.783179569382369 ], [ 35.070594484459129, 32.783231843473921 ], [ 35.070676387576533, 32.783284118414571 ], [ 35.07075828972372, 32.783336392398652 ], [ 35.070840194100327, 32.78338866723292 ], [ 35.07092177216699, 32.783440787475612 ], [ 35.071003352462391, 32.783492908568959 ], [ 35.071084931785578, 32.783545029607829 ], [ 35.071166511203998, 32.783597150593415 ], [ 35.071248091785073, 32.783649271526791 ], [ 35.071329671392604, 32.783701393307418 ], [ 35.071411252164111, 32.783753514134162 ], [ 35.071492831963418, 32.783805634906443 ], [ 35.071574411857952, 32.783857755625426 ], [ 35.071655992913797, 32.783909877193906 ], [ 35.071737572998764, 32.783961997806266 ], [ 35.071792114944195, 32.783996722172823 ], [ 35.071752893672596, 32.784043531880364 ], [ 35.072434837823771, 32.784477877888584 ], [ 35.072373481882721, 32.784649044435618 ], [ 35.072295242327357, 32.784741098160239 ], [ 35.071724144705506, 32.785413031797773 ], [ 35.072339831681994, 32.785823588030546 ], [ 35.073142100321093, 32.786358550903522 ], [ 35.073800909653592, 32.786746303333508 ], [ 35.074787823235802, 32.78735866021195 ], [ 35.074928684924821, 32.787446061194316 ], [ 35.075005818528297, 32.787402464559534 ], [ 35.075734033895557, 32.786990871016613 ], [ 35.075812315189644, 32.786946625838745 ], [ 35.076025764359912, 32.786773626296736 ], [ 35.076038891415998, 32.786747433761512 ], [ 35.076031605221139, 32.786705522681743 ], [ 35.076034020842734, 32.786707067057407 ], [ 35.076075296744406, 32.786624758363828 ], [ 35.076116572568537, 32.7865424505571 ], [ 35.076157846178901, 32.786460144536697 ], [ 35.07619912078308, 32.786377836699124 ], [ 35.076240396379802, 32.786295527946066 ], [ 35.076281670831492, 32.786213220078729 ], [ 35.076322944139484, 32.78613091219546 ], [ 35.076364205576127, 32.78604864125478 ], [ 35.0763641426514, 32.786061269443223 ], [ 35.076363971058569, 32.786090886375241 ], [ 35.076363828185748, 32.786115358259011 ], [ 35.076363722828106, 32.78613376176687 ], [ 35.076363230414799, 32.786218921942591 ], [ 35.07636273693408, 32.786304081214311 ], [ 35.076362244518329, 32.786389241387667 ], [ 35.076361752102635, 32.786474400658157 ], [ 35.07636125968444, 32.786559560829183 ], [ 35.076360766198846, 32.786644720096291 ], [ 35.076360273778185, 32.786729880264993 ], [ 35.076359781357624, 32.786815039530822 ], [ 35.076359288935834, 32.786900198795522 ], [ 35.076358796511528, 32.786985358960727 ], [ 35.076358304087279, 32.787070518223096 ], [ 35.076357811660543, 32.787155678385972 ], [ 35.076357319233864, 32.787240837646003 ], [ 35.076356826804663, 32.787325997806569 ], [ 35.076356334375532, 32.787411157064277 ], [ 35.076355840876424, 32.787496317221439 ], [ 35.076355348443549, 32.787581477378481 ], [ 35.076355056239812, 32.78766919224325 ], [ 35.076354764032622, 32.787756908910175 ], [ 35.076354471825866, 32.787844624674172 ], [ 35.076354178549423, 32.787932341337537 ], [ 35.076353886340911, 32.788020057099061 ], [ 35.076353594131504, 32.788107772859362 ], [ 35.076353300852453, 32.78819548951904 ], [ 35.076353008641298, 32.788283205276883 ], [ 35.0763527153605, 32.788370921934082 ], [ 35.076352423147583, 32.788458637689459 ], [ 35.076352130932527, 32.7885463543453 ], [ 35.076351837650378, 32.78863407009711 ], [ 35.076351545434868, 32.788721785848786 ], [ 35.076351252149678, 32.788809502499838 ], [ 35.076350959932405, 32.788897218249033 ], [ 35.076350666645467, 32.788984934897627 ], [ 35.07635037442644, 32.789072650644371 ], [ 35.076350224434229, 32.789156467603632 ], [ 35.076350074442743, 32.789240283660099 ], [ 35.076349924449403, 32.789324100617094 ], [ 35.07634977338931, 32.789407916670214 ], [ 35.076349683180503, 32.789458205941294 ], [ 35.076349623394862, 32.78949173362497 ], [ 35.076349473401159, 32.789575549676933 ], [ 35.076349322338082, 32.789659366628349 ], [ 35.076349172343257, 32.789743182678045 ], [ 35.076349021279078, 32.789826999627238 ], [ 35.076348871283159, 32.789910815674695 ], [ 35.076348720213971, 32.7899946353267 ], [ 35.076348212534732, 32.790077005588422 ], [ 35.076347705917932, 32.790159378555245 ], [ 35.076347198231112, 32.790241752421586 ], [ 35.076346691611917, 32.790324125386213 ], [ 35.076346193539031, 32.790405003347537 ], [ 35.076346183924009, 32.79040649834868 ], [ 35.076345676234865, 32.790488871310039 ], [ 35.076345568662347, 32.790563937340117 ], [ 35.076345461089431, 32.7906390033693 ], [ 35.07634535351611, 32.79071406939758 ], [ 35.076345245942399, 32.790789135424966 ], [ 35.076345138368268, 32.790864201451434 ], [ 35.076345017024181, 32.790948875928194 ], [ 35.076344895678282, 32.791033551305539 ], [ 35.076344774333172, 32.791118225780018 ], [ 35.076344652987544, 32.791202900253396 ], [ 35.076344531641411, 32.791287574725551 ], [ 35.076344410293487, 32.791372250098306 ], [ 35.076344288946331, 32.791456924568209 ], [ 35.07634416759867, 32.791541599036947 ], [ 35.076344265797715, 32.791628763309546 ], [ 35.076344290215921, 32.791650459924767 ], [ 35.076344362930413, 32.791715926678116 ], [ 35.076344460061677, 32.791803090947177 ], [ 35.076344232508049, 32.791803207934898 ], [ 35.076344002819319, 32.791803324920437 ], [ 35.076253243358885, 32.791849773088906 ], [ 35.076162025493382, 32.791896455162522 ], [ 35.076070808600257, 32.791943137170222 ], [ 35.075979590544428, 32.79198981910978 ], [ 35.075888373460977, 32.792036500983436 ], [ 35.075797155214822, 32.792083182788986 ], [ 35.075705937941066, 32.792129864528597 ], [ 35.075614719503285, 32.792176547101782 ], [ 35.075523502039182, 32.792223228707343 ], [ 35.07543228341239, 32.792269910244812 ], [ 35.075341066825516, 32.792316591717452 ], [ 35.075257238837253, 32.792359438619116 ], [ 35.075173409701165, 32.792402285463112 ], [ 35.075089581553641, 32.792445131349879 ], [ 35.075005753325883, 32.792487977180045 ], [ 35.074921925016525, 32.792530823855337 ], [ 35.074838097695775, 32.7925736695734 ], [ 35.074754269227199, 32.792616515233789 ], [ 35.07467044067706, 32.79265936173924 ], [ 35.07458661204663, 32.792702208188111 ], [ 35.074502783337259, 32.792745053678679 ], [ 35.074418954546303, 32.792787900014332 ], [ 35.074340764129531, 32.79282805698233 ], [ 35.07426257471014, 32.792868213902217 ], [ 35.074184384153028, 32.79290837077172 ], [ 35.074106194593305, 32.792948527593111 ], [ 35.074028003894519, 32.792988685265819 ], [ 35.073941498109718, 32.793033116377792 ], [ 35.073854992239028, 32.793077547429434 ], [ 35.073768486282432, 32.793121978420849 ], [ 35.073681980239947, 32.793166409351954 ], [ 35.073595474111542, 32.793210840222798 ], [ 35.073508967897276, 32.793255271033338 ], [ 35.07342246159709, 32.793299701783603 ], [ 35.073335955211022, 32.793344132473571 ], [ 35.073249448739041, 32.793388563103278 ], [ 35.073162942181163, 32.793432993672688 ], [ 35.073076435537402, 32.793477424181809 ], [ 35.072989928807729, 32.793521854630669 ], [ 35.072903421992159, 32.793566285019203 ], [ 35.072816915090698, 32.793610715347498 ], [ 35.072736566520078, 32.793651034950997 ], [ 35.072656218944594, 32.793691354503622 ], [ 35.072575871296735, 32.793731674004299 ], [ 35.072495523576471, 32.793771993452935 ], [ 35.072408850019023, 32.793816230359077 ], [ 35.072322177444775, 32.793860466304125 ], [ 35.072235504784871, 32.793904702188691 ], [ 35.072148830970349, 32.793948938913289 ], [ 35.072062158137726, 32.793993175578493 ], [ 35.071975485220747, 32.794037411281487 ], [ 35.071888812216741, 32.794081647825671 ], [ 35.071802139128394, 32.794125883407645 ], [ 35.071715465953012, 32.794170119830781 ], [ 35.071628792693296, 32.794214355291722 ], [ 35.071542118278984, 32.794258591592715 ], [ 35.071455444846563, 32.794302827834343 ], [ 35.071368771328459, 32.79434706401544 ], [ 35.071282098793567, 32.794391299235457 ], [ 35.071193949661328, 32.794436291149815 ], [ 35.071105800440492, 32.794481283001588 ], [ 35.071017651131001, 32.794526274790762 ], [ 35.070929501734213, 32.794571265615652 ], [ 35.070841352247463, 32.794616257279628 ], [ 35.07075320267208, 32.794661248881013 ], [ 35.070665053009407, 32.794706239518142 ], [ 35.07057690325675, 32.794751230994329 ], [ 35.070488753415447, 32.794796222407932 ], [ 35.070400603486881, 32.794841212857243 ], [ 35.070312453468318, 32.794886204145648 ], [ 35.070224303361137, 32.794931195371454 ], [ 35.070136153166665, 32.794976185632962 ], [ 35.070048002882203, 32.79502117673362 ], [ 35.069959852509108, 32.795066167771616 ], [ 35.06987170097981, 32.79511115874589 ], [ 35.069783551498389, 32.79515614875816 ], [ 35.069695399791819, 32.795201139607229 ], [ 35.069607249065548, 32.795246129493172 ], [ 35.069519098249295, 32.79529112021816 ], [ 35.069430947345751, 32.795336109978898 ], [ 35.069342796352224, 32.795381100578702 ], [ 35.069255835646743, 32.7954253710448 ], [ 35.069168874855229, 32.795469641449976 ], [ 35.06908191504526, 32.795513911795375 ], [ 35.068994954081674, 32.795558182078743 ], [ 35.068907993032042, 32.795602452301146 ], [ 35.068821031896377, 32.795646722462635 ], [ 35.068734070674694, 32.795690992563195 ], [ 35.068647110434526, 32.795735262603998 ], [ 35.068560149040756, 32.795779532582742 ], [ 35.068473187560947, 32.795823802500543 ], [ 35.068386225995098, 32.795868072357422 ], [ 35.06829926434321, 32.795912342153386 ], [ 35.068212302603918, 32.795956612790114 ], [ 35.068125341847534, 32.796000882465393 ], [ 35.068038379937533, 32.79604515207857 ], [ 35.067951419009084, 32.79608942163199 ], [ 35.067870671564769, 32.796130773703403 ], [ 35.067789926182371, 32.796172124822895 ], [ 35.067709180725373, 32.796213475889843 ], [ 35.067628435192368, 32.796254827806003 ], [ 35.067537741465372, 32.796301243534593 ], [ 35.067447049780867, 32.79634765829757 ], [ 35.067356358003671, 32.796394072092561 ], [ 35.067265665062031, 32.796440487623514 ], [ 35.067174972027679, 32.796486902186487 ], [ 35.06708427783029, 32.796533317583723 ], [ 35.066993586744374, 32.796579731114811 ], [ 35.066902892358819, 32.796626146379509 ], [ 35.066812200015768, 32.796672560678587 ], [ 35.06672150651103, 32.796718974910192 ], [ 35.066630813979828, 32.796765389076725 ], [ 35.066540120286916, 32.7968118031758 ], [ 35.06644942649995, 32.796858217208602 ], [ 35.066358731551325, 32.796904631173945 ], [ 35.066268039711375, 32.796951045076582 ], [ 35.066177344573191, 32.796997459811088 ], [ 35.066086651477491, 32.797043873579959 ], [ 35.065995957220132, 32.797090287281399 ], [ 35.065905263936287, 32.797136700917711 ], [ 35.065814569490769, 32.7971831144866 ], [ 35.065723874951161, 32.797229527989202 ], [ 35.065633179248486, 32.797275942326031 ], [ 35.065542486657328, 32.797322354796748 ], [ 35.065451791835478, 32.797368768100547 ], [ 35.065361096919574, 32.797415181338039 ], [ 35.065272681125606, 32.797460304011821 ], [ 35.065184266310084, 32.797505426623822 ], [ 35.065095851405403, 32.797550549172833 ], [ 35.065007437480574, 32.797595670758355 ], [ 35.064919022397561, 32.797640793181387 ], [ 35.064830607225382, 32.797685915541422 ], [ 35.064742191964044, 32.797731037838503 ], [ 35.064653776613554, 32.797776160072594 ], [ 35.064565361173884, 32.797821282243653 ], [ 35.064476945645055, 32.797866404351765 ], [ 35.064388530027081, 32.797911526396888 ], [ 35.064300115387546, 32.797956648380222 ], [ 35.064211699591226, 32.798001770299336 ], [ 35.064123283705747, 32.79804689215549 ], [ 35.06403486773111, 32.798092013948661 ], [ 35.063946451667292, 32.798137135678815 ], [ 35.063858035514329, 32.798182257345999 ], [ 35.063769619272193, 32.798227378950187 ], [ 35.063681202940892, 32.798272500491372 ], [ 35.063592787589478, 32.79831762106911 ], [ 35.063504371079851, 32.798362742484301 ], [ 35.06341595448108, 32.798407863836523 ], [ 35.0633275377917, 32.798452986027463 ], [ 35.06324201344367, 32.798496599274792 ], [ 35.063156487943246, 32.798540213363658 ], [ 35.063070963427066, 32.798583827394808 ], [ 35.062985437759899, 32.798627441365802 ], [ 35.062899913077004, 32.79867105527908 ], [ 35.062814387243115, 32.798714669132188 ], [ 35.062728862393456, 32.798758282927565 ], [ 35.062643336392838, 32.798801896662809 ], [ 35.062557811376458, 32.798845510340314 ], [ 35.062472286276709, 32.798889123958887 ], [ 35.062408379519638, 32.798942754604269 ], [ 35.062344472687272, 32.798996384314655 ], [ 35.062280565778167, 32.799050013991746 ], [ 35.062216658790909, 32.799103644537283 ], [ 35.06215275279596, 32.799157274149032 ], [ 35.062088846724301, 32.799210903727513 ], [ 35.062026703826717, 32.799265499188103 ], [ 35.062011167514669, 32.799279006932572 ], [ 35.061973776749696, 32.79930997546969 ], [ 35.061939972593748, 32.799337973387395 ], [ 35.061868777577416, 32.799396940702643 ], [ 35.061797582465658, 32.799455908878272 ], [ 35.061726387261338, 32.799514876110919 ], [ 35.061655190895422, 32.799573843301083 ], [ 35.061643822644292, 32.799583259354911 ], [ 35.061583995503142, 32.799632810451151 ], [ 35.061512800015414, 32.799691778461607 ], [ 35.061441604435153, 32.799750745529103 ], [ 35.061370409829998, 32.799809711654824 ], [ 35.061306430484258, 32.79986317753665 ], [ 35.061242453198659, 32.799916642485876 ], [ 35.061178476905567, 32.799970106501249 ], [ 35.061114499466804, 32.800023571383782 ], [ 35.061050523019091, 32.80007703623415 ], [ 35.060996345864581, 32.800121495335546 ], [ 35.060942169723774, 32.80016595441424 ], [ 35.060887994596698, 32.800210413470268 ], [ 35.060820510264612, 32.800266129317066 ], [ 35.060753025849792, 32.800321844225067 ], [ 35.060685541350828, 32.800377559095978 ], [ 35.060618056767666, 32.800433273929805 ], [ 35.060550572100318, 32.800488988726528 ], [ 35.060483086279717, 32.800544704386603 ], [ 35.060414515971296, 32.800601544076464 ], [ 35.060345944506537, 32.800658384628512 ], [ 35.060277372954509, 32.800715225142234 ], [ 35.060208802384324, 32.800772064717179 ], [ 35.060178567218301, 32.800796827376914 ], [ 35.060103866993416, 32.800858394627227 ], [ 35.060029165597925, 32.800919961830886 ], [ 35.059954464099462, 32.80098152898907 ], [ 35.059879762498042, 32.801043096101814 ], [ 35.059805059724539, 32.801104664069577 ], [ 35.05973252232711, 32.801164739485557 ], [ 35.059659982695372, 32.801224815757898 ], [ 35.059587444035159, 32.801284891086901 ], [ 35.059514904208278, 32.801344967273501 ], [ 35.059460780428353, 32.801389801766994 ], [ 35.05940665766321, 32.801434635336179 ], [ 35.05935253484374, 32.801479468881496 ], [ 35.059314448437, 32.8015109849363 ], [ 35.059274190395747, 32.801544469564625 ], [ 35.059233931256678, 32.801577954178548 ], [ 35.0591870762591, 32.801615940500149 ], [ 35.059140221221696, 32.801653926803858 ], [ 35.059080864319114, 32.801703451079618 ], [ 35.059021506283074, 32.801752975325442 ], [ 35.058962148181216, 32.801802499542568 ], [ 35.058900840919726, 32.801853712141579 ], [ 35.058839534657068, 32.801904923809538 ], [ 35.058787080481217, 32.801948820382869 ], [ 35.058739858526074, 32.801988339888112 ], [ 35.058734627319993, 32.80199271783669 ], [ 35.058682174108696, 32.802036614366394 ], [ 35.058622663874552, 32.802085574684291 ], [ 35.058563153575193, 32.802134534973355 ], [ 35.058503642142945, 32.802183495232313 ], [ 35.058444130645434, 32.802232455462438 ], [ 35.058397608227374, 32.802271004527853 ], [ 35.058351084701478, 32.802309553574389 ], [ 35.058296516057545, 32.802354763043141 ], [ 35.058241946292185, 32.802399971584698 ], [ 35.058187378606917, 32.802445180104478 ], [ 35.058120446088118, 32.80250089511506 ], [ 35.058053513488794, 32.802556608285755 ], [ 35.058031519419856, 32.802574916710931 ], [ 35.057986581870686, 32.802612323224579 ], [ 35.057940475910257, 32.802650590374057 ], [ 35.057894369908851, 32.80268885840794 ], [ 35.057819029045163, 32.802751776061946 ], [ 35.057743688075313, 32.802814693669688 ], [ 35.057668348066997, 32.802877611232425 ], [ 35.057593006884872, 32.802940528747641 ], [ 35.05751766559662, 32.803003446216614 ], [ 35.057445332477251, 32.803063380761564 ], [ 35.057372999262306, 32.803123314362168 ], [ 35.057300664881133, 32.803183248820588 ], [ 35.05722833253823, 32.803243183238884 ], [ 35.057158335756462, 32.803301428784408 ], [ 35.057088341018755, 32.803359674292523 ], [ 35.057015894441619, 32.803420078233714 ], [ 35.056943447766507, 32.803480482132123 ], [ 35.056871002062572, 32.803540885087344 ], [ 35.056802342811437, 32.803598367370277 ], [ 35.056733682404207, 32.803655849613527 ], [ 35.056665021908614, 32.803713331818351 ], [ 35.056596361324665, 32.803770813984784 ], [ 35.056527700650818, 32.803828297014448 ], [ 35.056459040957797, 32.803885779105237 ], [ 35.05639038010721, 32.803943262058041 ], [ 35.056329069661494, 32.803995262353268 ], [ 35.056267758076714, 32.804047262616592 ], [ 35.056206447489707, 32.804099261948792 ], [ 35.056145135762137, 32.804151262150789 ], [ 35.056083823963178, 32.804203262322147 ], [ 35.056030204783511, 32.804244338549275 ], [ 35.056073218199089, 32.804260733595292 ], [ 35.056082371283111, 32.804264073487758 ] ] ] } },
{ "type": "Feature", "properties": { "OBJECTID_12": 3, "OBJECTID": 666, "Shape_Leng": 8276.0786682199996, "Shape_Area": 1972501.7709697126, "OBJECTID_1": 6, "SEMEL_YISH": 4000, "SHEM_YISHU": "חיפה", "SHEM_YIS_1": "HAIFA", "ROVA": 2, "TAT_ROVA": 22, "SchName": "מכון טיהור", "Shape_Length": 8276.0786682163871, "בזב": null, "מצביעים": null, "כשרים": null, "אמת": null, "אצ": null, "ב": null, "ג": null, "ד": null, "ום": null, "ז": null, "זך": null, "זנ": null, "זץ": null, "ט": null, "י": null, "יז": null, "ינ": null, "יץ": null, "יק": null, "כן": null, "ך": null, "ל": null, "מחל": null, "מרצ": null, "נז": null, "ני": null, "נף": null, "נץ": null, "נק": null, "נר": null, "עם": null, "פה": null, "ף": null, "צ": null, "ץ": null, "ק": null, "קי": null, "קך": null, "קנ": null, "קץ": null, "רז": null, "שס": null, "ת": null, "n_stations": null, "turnout_pct": null, "אמת_pct": null, "אצ_pct": null, "ב_pct": null, "ג_pct": null, "ד_pct": null, "ום_pct": null, "ז_pct": null, "זך_pct": null, "זנ_pct": null, "זץ_pct": null, "ט_pct": null, "י_pct": null, "יז_pct": null, "ינ_pct": null, "יץ_pct": null, "יק_pct": null, "כן_pct": null, "ך_pct": null, "ל_pct": null, "מחל_pct": null, "מרצ_pct": null, "נז_pct": null, "ני_pct": null, "נף_pct": null, "נץ_pct": null, "נק_pct": null, "נר_pct": null, "עם_pct": null, "פה_pct": null, "ף_pct": null, "צ_pct": null, "ץ_pct": null, "ק_pct": null, "קי_pct": null, "קך_pct": null, "קנ_pct": null, "קץ_pct": null, "רז_pct": null, "שס_pct": null, "ת_pct": null }, "geometry": { "type": "Polygon", "coordinates": [ [ [ 35.049298028092053, 32.796353024278865 ], [ 35.049293912689343, 32.796390435880028 ], [ 35.049280333148836, 32.796515105318349 ], [ 35.049266125865721, 32.796644668370384 ], [ 35.049255275185303, 32.796744042351534 ], [ 35.049227783149298, 32.796849941108967 ], [ 35.049191876074978, 32.796988490589939 ], [ 35.049004527148881, 32.797711410496142 ], [ 35.048891881027778, 32.798145896127778 ], [ 35.048859418765112, 32.798271188549563 ], [ 35.048923202429407, 32.798319047605951 ], [ 35.048940981848425, 32.798332320068177 ], [ 35.048974899644115, 32.798357712387059 ], [ 35.048960410468524, 32.798426126651087 ], [ 35.048953480190356, 32.798458854943654 ], [ 35.048924191462199, 32.798596686661774 ], [ 35.048919785284951, 32.79861760409355 ], [ 35.048911285840582, 32.798657539476139 ], [ 35.048830449217526, 32.799039207190283 ], [ 35.048644196827539, 32.799369089339827 ], [ 35.047992572910601, 32.799888823103046 ], [ 35.047242431981552, 32.800017279690962 ], [ 35.046404199034065, 32.800160854780749 ], [ 35.045774824736498, 32.800637598706984 ], [ 35.045668552916467, 32.800782725052905 ], [ 35.045564528226279, 32.800924806431247 ], [ 35.045535629432926, 32.800964252221021 ], [ 35.045127922840095, 32.80035192905958 ], [ 35.044789975982702, 32.799830862780972 ], [ 35.04473248425019, 32.799743422604777 ], [ 35.044248037143639, 32.799000613717716 ], [ 35.0441710588414, 32.798887144409775 ], [ 35.043805612312191, 32.798348480602783 ], [ 35.04342489991496, 32.797819420748866 ], [ 35.043079757516786, 32.797398340982561 ], [ 35.043035015482204, 32.79734381652483 ], [ 35.042437873526374, 32.79670626857537 ], [ 35.041963241131981, 32.796285741304033 ], [ 35.041473283623901, 32.795896288097985 ], [ 35.040931740930503, 32.795526429782122 ], [ 35.040610756360614, 32.795329350930388 ], [ 35.040393860099954, 32.795195616359365 ], [ 35.039838313538823, 32.794892190710662 ], [ 35.039294718364054, 32.794646314548764 ], [ 35.039291555530433, 32.79464495062436 ], [ 35.038935564135137, 32.794491374039403 ], [ 35.038531561462904, 32.794333576956348 ], [ 35.038128056290049, 32.794202929241578 ], [ 35.03775471168408, 32.794093688710483 ], [ 35.037574296369542, 32.79404097533012 ], [ 35.037182368053216, 32.793936211398275 ], [ 35.036957320810309, 32.793885139929529 ], [ 35.036392134143895, 32.793779070555516 ], [ 35.035816772192057, 32.793695971826679 ], [ 35.035424184804526, 32.793662176564609 ], [ 35.034859244085553, 32.793627366911934 ], [ 35.034779239754528, 32.793622441734563 ], [ 35.034452861140558, 32.793622834253313 ], [ 35.034459842844718, 32.793536471339664 ], [ 35.034501585669226, 32.793366268263959 ], [ 35.034547096099743, 32.793180711720439 ], [ 35.0346439679235, 32.792970714023902 ], [ 35.03470696416538, 32.792834150324275 ], [ 35.034952996425105, 32.792190653806131 ], [ 35.035172742315901, 32.791918659024311 ], [ 35.035444268317832, 32.791582568219987 ], [ 35.035486572360476, 32.791605310110832 ], [ 35.035529369428275, 32.791554158785978 ], [ 35.03557783627906, 32.791496146881194 ], [ 35.035619767917552, 32.791445889740487 ], [ 35.0358509616213, 32.791168657685816 ], [ 35.036171230972776, 32.790784608387561 ], [ 35.036232763391325, 32.790710208336307 ], [ 35.03671020587749, 32.790058835724864 ], [ 35.03697822631927, 32.789618542335759 ], [ 35.037114186428106, 32.789357048544311 ], [ 35.037167217640494, 32.789255228741347 ], [ 35.037303236317854, 32.788961818411714 ], [ 35.0374046833956, 32.788713357311678 ], [ 35.037491865626251, 32.788499952144619 ], [ 35.037621685328524, 32.788095536310593 ], [ 35.037758671672279, 32.787564798753024 ], [ 35.037831837691201, 32.787196901648748 ], [ 35.037929126988274, 32.786659988516739 ], [ 35.038052113323516, 32.786021031162953 ], [ 35.038159343030941, 32.785474564859989 ], [ 35.038246605692407, 32.785044666572851 ], [ 35.038354796984535, 32.784615958223974 ], [ 35.038461060403314, 32.784296538117921 ], [ 35.038482962235804, 32.784232184258478 ], [ 35.038543278846369, 32.784055352351551 ], [ 35.038603683695605, 32.783889518509255 ], [ 35.038611196217367, 32.783868883227953 ], [ 35.038634685502174, 32.78380490113345 ], [ 35.038638442548972, 32.783795882836351 ], [ 35.038654257493555, 32.783740781301312 ], [ 35.038661211751091, 32.783747760610751 ], [ 35.038725086129055, 32.783811865503914 ], [ 35.038788960598588, 32.783875970364114 ], [ 35.038852836225431, 32.783940076094481 ], [ 35.038892470722949, 32.783979712909961 ], [ 35.038959620202029, 32.784043325174764 ], [ 35.039026768707529, 32.784106938303495 ], [ 35.039093918376018, 32.784170551397331 ], [ 35.039161068140054, 32.784234164454801 ], [ 35.039228217999614, 32.784297777475949 ], [ 35.039295367954715, 32.784361390460774 ], [ 35.03933458200224, 32.784398276408538 ], [ 35.039373796082103, 32.784435162343918 ], [ 35.039438235512414, 32.784500187342246 ], [ 35.03950267503641, 32.784565212307008 ], [ 35.039567114654119, 32.784630237238282 ], [ 35.039631554365499, 32.784695262136033 ], [ 35.039695994170586, 32.784760287000225 ], [ 35.039746819305286, 32.784809901991707 ], [ 35.03979764662963, 32.784859517866877 ], [ 35.0398575984159, 32.784919107639979 ], [ 35.039917551347862, 32.784978698287162 ], [ 35.039977504359719, 32.785038288905369 ], [ 35.040030709171418, 32.785090807658271 ], [ 35.040083914047266, 32.785143325486651 ], [ 35.04013711898228, 32.785195845095579 ], [ 35.040190874810378, 32.785248934373641 ], [ 35.040244630700634, 32.785302024530104 ], [ 35.040298386654705, 32.785355114663233 ], [ 35.040352143740073, 32.785408204774441 ], [ 35.040397853983819, 32.785453350308067 ], [ 35.040466794872799, 32.785520946888532 ], [ 35.040535735866015, 32.785588543430663 ], [ 35.040604678027584, 32.78565614173921 ], [ 35.040651276734884, 32.785701827554718 ], [ 35.040697877623067, 32.785747514257231 ], [ 35.040744478558871, 32.785793200942223 ], [ 35.040814031568239, 32.785861414888309 ], [ 35.040883585751175, 32.785929628796772 ], [ 35.040953140040237, 32.785997842666205 ], [ 35.041022694433728, 32.786066057398322 ], [ 35.041085775677665, 32.786127905797201 ], [ 35.041140403614619, 32.786186293259597 ], [ 35.041195031621243, 32.786244681599506 ], [ 35.041197299844285, 32.786247105607053 ], [ 35.041249659699162, 32.786303069915327 ], [ 35.041304288914233, 32.786361459110047 ], [ 35.041368150996718, 32.786429683367615 ], [ 35.041432014240762, 32.786497909396935 ], [ 35.041495877583898, 32.786566134491586 ], [ 35.041559739955289, 32.786634360453561 ], [ 35.041571089702259, 32.786646484976849 ], [ 35.041571407192123, 32.786646824427038 ], [ 35.041623603493257, 32.786702585482224 ], [ 35.041687467126991, 32.78677081137959 ], [ 35.041740998530422, 32.786827997896282 ], [ 35.041751331925603, 32.786839037245315 ], [ 35.041758051024289, 32.786849386612047 ], [ 35.041801915768723, 32.786916939964705 ], [ 35.041845780579315, 32.786984493301446 ], [ 35.041889645454404, 32.787052047524035 ], [ 35.041933511463135, 32.787119601732108 ], [ 35.041949222468475, 32.787143796560173 ], [ 35.041952409996583, 32.787152006121282 ], [ 35.041971601584287, 32.787201140941676 ], [ 35.041978943733177, 32.787219940890452 ], [ 35.041986836289482, 32.787240145491957 ], [ 35.042064352346351, 32.787195118835804 ], [ 35.042141869392701, 32.787150092132499 ], [ 35.042219387430173, 32.787105064480322 ], [ 35.042296904320537, 32.787060037679929 ], [ 35.042374421134525, 32.787015009929306 ], [ 35.042451937868897, 32.786969983031817 ], [ 35.042539390415442, 32.786919184550172 ], [ 35.042626842862724, 32.786868386006716 ], [ 35.042714295212363, 32.786817586499794 ], [ 35.042801747461105, 32.786766787832789 ], [ 35.042856421363496, 32.78673502851148 ], [ 35.042889199610556, 32.786715989103996 ], [ 35.042976650593289, 32.786665190312043 ], [ 35.043064102544207, 32.7866143914597 ], [ 35.043151554395848, 32.786563592545583 ], [ 35.043239006149861, 32.786512792667963 ], [ 35.043326457802969, 32.786461993630283 ], [ 35.043413909356808, 32.786411194530821 ], [ 35.043501360811362, 32.78636039536957 ], [ 35.043588812166668, 32.786309596146545 ], [ 35.043676263422704, 32.786258796861759 ], [ 35.043763715646925, 32.786207997516541 ], [ 35.043851166704407, 32.786157198108178 ], [ 35.043938617662633, 32.786106398638061 ], [ 35.044026067454112, 32.786055599104756 ], [ 35.044113518213784, 32.78600479951109 ], [ 35.044200967806717, 32.785953999854264 ], [ 35.044288419436953, 32.785903199236692 ], [ 35.044375869898822, 32.785852399457674 ], [ 35.044463320261414, 32.785801599616889 ], [ 35.044550770524737, 32.785750799714329 ], [ 35.044638220688796, 32.785699999750008 ], [ 35.04472566968613, 32.785649199722535 ], [ 35.044813120720733, 32.785598398734315 ], [ 35.044900570586989, 32.785547598584671 ], [ 35.044988020353962, 32.785496798373245 ], [ 35.045075468954224, 32.78544599809868 ], [ 35.045162918522692, 32.785395197763712 ], [ 35.045250366924392, 32.785344397365606 ], [ 35.045337817363368, 32.785293596006781 ], [ 35.045425266634027, 32.785242795486496 ], [ 35.045512714737917, 32.785191994903059 ], [ 35.045513974955036, 32.785193450936667 ], [ 35.045574230940709, 32.785263139158275 ], [ 35.045634488084481, 32.785332829155159 ], [ 35.045694744256238, 32.785402518219513 ], [ 35.045755001587729, 32.785472208157437 ], [ 35.045815257947204, 32.785541897162879 ], [ 35.045875515466399, 32.785611587041863 ], [ 35.0459357720136, 32.785681275988331 ], [ 35.045996029720506, 32.785750965808376 ], [ 35.046056286455411, 32.78582065469589 ], [ 35.046103933411402, 32.78587580310694 ], [ 35.046151580426091, 32.785930951499573 ], [ 35.046199226433643, 32.785986098970696 ], [ 35.046246873564215, 32.786041248228152 ], [ 35.046308693534272, 32.786112709895484 ], [ 35.046370513603051, 32.786184171531801 ], [ 35.046432334836467, 32.786255634040124 ], [ 35.046494155101151, 32.786327096516089 ], [ 35.04655597546617, 32.786398558059332 ], [ 35.046617795928341, 32.786470020473232 ], [ 35.046679616489257, 32.786541482856123 ], [ 35.046741438216394, 32.786612945209349 ], [ 35.046803258974833, 32.786684407530181 ], [ 35.04686507983358, 32.786755868918284 ], [ 35.046926900791092, 32.786827330275401 ], [ 35.046988721845743, 32.786898792503159 ], [ 35.047050544066629, 32.786970254701238 ], [ 35.04711236532038, 32.787041715965266 ], [ 35.047174187737184, 32.787113179002986 ], [ 35.047230559921282, 32.787178434211668 ], [ 35.047286932187596, 32.787243689394565 ], [ 35.047343305602034, 32.78730894545469 ], [ 35.047399679098724, 32.787374201489001 ], [ 35.047456051611725, 32.787439456594491 ], [ 35.04751242634034, 32.787504712578546 ], [ 35.047570169772939, 32.787571735769895 ], [ 35.047627913292061, 32.787638758934165 ], [ 35.047685657965175, 32.787705782072678 ], [ 35.047743401657307, 32.787772805182797 ], [ 35.047801145435947, 32.787839828265852 ], [ 35.047858889301089, 32.787906851321836 ], [ 35.047916633252733, 32.787973874350712 ], [ 35.047974378358404, 32.788040897353902 ], [ 35.048032122483093, 32.788107920328628 ], [ 35.048089866694255, 32.788174943276317 ], [ 35.048092644876078, 32.788173403942722 ], [ 35.048168041509982, 32.788131616068171 ], [ 35.048243437004388, 32.788089829048118 ], [ 35.048318833495891, 32.788048041983508 ], [ 35.048394228847933, 32.788006255773375 ], [ 35.048478680893936, 32.787956429554683 ], [ 35.048563133914968, 32.787906602378015 ], [ 35.048647585772876, 32.787856776044073 ], [ 35.04873203860425, 32.787806949653842 ], [ 35.048816491341562, 32.787757123205999 ], [ 35.048891792601331, 32.787712696412783 ], [ 35.048967094855399, 32.787668268673379 ], [ 35.049042397034704, 32.787623840888159 ], [ 35.049117699139231, 32.787579413057145 ], [ 35.049192999032456, 32.787534986079343 ], [ 35.049268302056497, 32.787490557256326 ], [ 35.049354958283644, 32.787439042492068 ], [ 35.049441614410974, 32.787387527667121 ], [ 35.049528269371088, 32.78733601278018 ], [ 35.049614924231427, 32.78728449783258 ], [ 35.049701581128502, 32.78723298192525 ], [ 35.04977718599644, 32.787189023851056 ], [ 35.049852791857582, 32.787145065732005 ], [ 35.049928398711934, 32.787101107568134 ], [ 35.050004004424522, 32.787057149356755 ], [ 35.050079610062838, 32.78701319109922 ], [ 35.050155216695927, 32.786969231895121 ], [ 35.050233162432939, 32.786921988844 ], [ 35.050311108087627, 32.786874745743759 ], [ 35.050389054727503, 32.786827502595727 ], [ 35.050467001285085, 32.786780259398583 ], [ 35.050544946691318, 32.786733017052718 ], [ 35.050622894153314, 32.78668577285697 ], [ 35.050709347068484, 32.786634256896747 ], [ 35.050795802019074, 32.786582740878714 ], [ 35.05088225580262, 32.786531224798978 ], [ 35.05096871055413, 32.78647970866016 ], [ 35.051055164137061, 32.786428193361367 ], [ 35.051139212136995, 32.786378815684159 ], [ 35.051223260044175, 32.786329437949931 ], [ 35.051307308927626, 32.786280059258246 ], [ 35.051391356649304, 32.786230681409862 ], [ 35.051475405345712, 32.786181303505742 ], [ 35.051562852593896, 32.786133282234971 ], [ 35.051650300815723, 32.786085260903796 ], [ 35.05173774787626, 32.786037239509639 ], [ 35.051825195910439, 32.785989218055086 ], [ 35.051912643850784, 32.785941196538829 ], [ 35.051935092702308, 32.785929324188309 ], [ 35.051981196649251, 32.785904940739023 ], [ 35.051919789364916, 32.785833651882221 ], [ 35.051858382179958, 32.785762362093116 ], [ 35.051796975091328, 32.785691073175066 ], [ 35.05173556810206, 32.785619783324691 ], [ 35.051674162276584, 32.785548494346692 ], [ 35.051612755481486, 32.78547720533679 ], [ 35.051551348785772, 32.785405915394534 ], [ 35.051489942186365, 32.785334626323369 ], [ 35.051428535686341, 32.785263336319872 ], [ 35.051367129282617, 32.785192047187465 ], [ 35.05130572297675, 32.785120758024412 ], [ 35.051244316770259, 32.785049467929056 ], [ 35.051182910660067, 32.784978178704769 ], [ 35.051121504649281, 32.784906888548171 ], [ 35.051060099802228, 32.784835599263928 ], [ 35.050998693985562, 32.784764309947768 ], [ 35.050937288268294, 32.78469301969929 ], [ 35.050875882647311, 32.784621730321909 ], [ 35.050814477125726, 32.784550440012183 ], [ 35.050753071700434, 32.784479150573546 ], [ 35.05069166637297, 32.784407861104285 ], [ 35.05063026114491, 32.784336570702699 ], [ 35.050568856013129, 32.784265281172196 ], [ 35.050507450980746, 32.784193990709376 ], [ 35.050446047112089, 32.784122701118946 ], [ 35.050384642273819, 32.78405141149657 ], [ 35.050323237534954, 32.783980120941877 ], [ 35.050261832892367, 32.783908831258266 ], [ 35.050200428349164, 32.783837540642359 ], [ 35.050172221067164, 32.783804793289583 ], [ 35.050139023902261, 32.783766250897536 ], [ 35.05021955832499, 32.783714215794767 ], [ 35.050300092652485, 32.783662181541175 ], [ 35.050380626887851, 32.78361014633343 ], [ 35.050461161028011, 32.783558111974862 ], [ 35.050541695076028, 32.783506076662121 ], [ 35.050622229028832, 32.783454042198599 ], [ 35.050700138576303, 32.783397980193335 ], [ 35.050714500590374, 32.783387645443291 ], [ 35.051096585094314, 32.783146099332271 ], [ 35.051129330030363, 32.783125398590634 ], [ 35.051143698340049, 32.783116318057651 ], [ 35.051143726122696, 32.783116300959414 ], [ 35.051424795595381, 32.782938657838287 ], [ 35.052164781100345, 32.78247734089507 ], [ 35.052164845215003, 32.782477300396678 ], [ 35.052436300187829, 32.782308070548325 ], [ 35.053001245052677, 32.781955740562594 ], [ 35.054007922251003, 32.781326216645624 ], [ 35.054263420031958, 32.781165804768968 ], [ 35.054306365677114, 32.781138840508071 ], [ 35.054732815689995, 32.780872539684111 ], [ 35.055041185506894, 32.780683641654207 ], [ 35.055421903577859, 32.781083457259726 ], [ 35.055847948246331, 32.781572771922683 ], [ 35.056293601962764, 32.782083931145621 ], [ 35.056593090941064, 32.782424853755856 ], [ 35.056959927280573, 32.782836460439412 ], [ 35.057251428471382, 32.783169528186448 ], [ 35.057479323443594, 32.783430928688908 ], [ 35.057705276545391, 32.783690655651142 ], [ 35.057705295723821, 32.783690677314326 ], [ 35.057710093368357, 32.783696191394014 ], [ 35.057710734758601, 32.783696928830764 ], [ 35.057278515274987, 32.783963595370174 ], [ 35.057015758315615, 32.784128567361101 ], [ 35.056673929676357, 32.784341596131327 ], [ 35.056157703754856, 32.784667579620951 ], [ 35.05587453510757, 32.784844067642908 ], [ 35.055731769490663, 32.78493632210489 ], [ 35.055617541591623, 32.785006427683058 ], [ 35.055450909091128, 32.785108992314811 ], [ 35.055436528469585, 32.785117843392072 ], [ 35.055165761640666, 32.785281087810809 ], [ 35.054957257667184, 32.785417658034426 ], [ 35.054939852830884, 32.785429058146647 ], [ 35.054889672819719, 32.785461380861385 ], [ 35.054728587450782, 32.785565141381298 ], [ 35.054730892720052, 32.785567962836723 ], [ 35.053354690493279, 32.786403460461756 ], [ 35.053354603938082, 32.786403513557403 ], [ 35.053361229448953, 32.786411274325573 ], [ 35.053521364682439, 32.786655917893242 ], [ 35.053786476873285, 32.786938556929933 ], [ 35.054036571395002, 32.787202063227454 ], [ 35.054120646854486, 32.787290710625044 ], [ 35.054633998423746, 32.787886988203297 ], [ 35.055135703132613, 32.78846972702862 ], [ 35.055138533217161, 32.78846708482709 ], [ 35.055139861102717, 32.788516988032427 ], [ 35.055139414920838, 32.788525916087821 ], [ 35.055103181981274, 32.788612085797475 ], [ 35.054663869451886, 32.789017589354373 ], [ 35.054471321439316, 32.789194988470953 ], [ 35.054467041039267, 32.789262884603374 ], [ 35.054446811634776, 32.789285850908662 ], [ 35.054229045584073, 32.789476752090543 ], [ 35.053960067988378, 32.789711943966516 ], [ 35.053579616026767, 32.79008794502932 ], [ 35.053234780246797, 32.790419535236637 ], [ 35.053005021951215, 32.790498702467545 ], [ 35.05286387916879, 32.790760018817764 ], [ 35.052584721490724, 32.791012251823076 ], [ 35.05235216229557, 32.791230540562502 ], [ 35.052043032436202, 32.791524920838647 ], [ 35.052033298221993, 32.791533932257288 ], [ 35.051613531311602, 32.791922864683286 ], [ 35.051231923705174, 32.792266754903544 ], [ 35.050941495373607, 32.792553040017026 ], [ 35.050935205025652, 32.79255573198337 ], [ 35.050870354899317, 32.792574856797671 ], [ 35.050759473824222, 32.792615295283127 ], [ 35.050652375373438, 32.792662327897972 ], [ 35.050549427108727, 32.792715755828787 ], [ 35.050451333079927, 32.792775260751085 ], [ 35.050358549560201, 32.7928405880577 ], [ 35.050271602430954, 32.79291135969568 ], [ 35.05019081260744, 32.792987198262075 ], [ 35.050076355508239, 32.793117241241255 ], [ 35.049988168142946, 32.79318695706931 ], [ 35.049902728666758, 32.793259063911172 ], [ 35.049820085200501, 32.793333514943676 ], [ 35.049740377873853, 32.793410148941987 ], [ 35.049663607885684, 32.793488891072435 ], [ 35.049589902262035, 32.793569750514351 ], [ 35.049519327504107, 32.793652548819793 ], [ 35.049451944563849, 32.793737230164304 ], [ 35.049387923216408, 32.793823778532619 ], [ 35.049327228613535, 32.793911977480036 ], [ 35.049269883233734, 32.794001796381494 ], [ 35.049216096552094, 32.794093105657154 ], [ 35.049165781055216, 32.794185894382736 ], [ 35.049119069447769, 32.794279979682948 ], [ 35.049075991721878, 32.794375309300698 ], [ 35.049036627127336, 32.794471745378729 ], [ 35.049000918173334, 32.794569203089985 ], [ 35.048969027244915, 32.794667623127211 ], [ 35.048940888429293, 32.794766853025152 ], [ 35.048915266600972, 32.794872386178021 ], [ 35.04874157300204, 32.795266421810773 ], [ 35.048654436302137, 32.795464056826489 ], [ 35.048608632999283, 32.795567975118004 ], [ 35.049000933650902, 32.796029688090769 ], [ 35.049335141795609, 32.796013567974356 ], [ 35.049298028092053, 32.796353024278865 ] ] ] } },
{ "type": "Feature", "properties": { "OBJECTID_12": 4, "OBJECTID": 667, "Shape_Leng": 13888.7650447, "Shape_Area": 3057483.7997466004, "OBJECTID_1": 7, "SEMEL_YISH": 4000, "SHEM_YISHU": "חיפה", "SHEM_YIS_1": "HAIFA", "ROVA": 2, "TAT_ROVA": 22, "SchName": "צומת הקריות, חוף שמן", "Shape_Length": 13888.76504470713, "בזב": null, "מצביעים": null, "כשרים": null, "אמת": null, "אצ": null, "ב": null, "ג": null, "ד": null, "ום": null, "ז": null, "זך": null, "זנ": null, "זץ": null, "ט": null, "י": null, "יז": null, "ינ": null, "יץ": null, "יק": null, "כן": null, "ך": null, "ל": null, "מחל": null, "מרצ": null, "נז": null, "ני": null, "נף": null, "נץ": null, "נק": null, "נר": null, "עם": null, "פה": null, "ף": null, "צ": null, "ץ": null, "ק": null, "קי": null, "קך": null, "קנ": null, "קץ": null, "רז": null, "שס": null, "ת": null, "n_stations": null, "turnout_pct": null, "אמת_pct": null, "אצ_pct": null, "ב_pct": null, "ג_pct": null, "ד_pct": null, "ום_pct": null, "ז_pct": null, "זך_pct": null, "זנ_pct": null, "זץ_pct": null, "ט_pct": null, "י_pct": null, "יז_pct": null, "ינ_pct": null, "יץ_pct": null, "יק_pct": null, "כן_pct": null, "ך_pct": null, "ל_pct": null, "מחל_pct": null, "מרצ_pct": null, "נז_pct": null, "ני_pct": null, "נף_pct": null, "נץ_pct": null, "נק_pct": null, "נר_pct": null, "עם_pct": null, "פה_pct": null, "ף_pct": null, "צ_pct": null, "ץ_pct": null, "ק_pct": null, "קי_pct": null, "קך_pct": null, "קנ_pct": null, "קץ_pct": null, "רז_pct": null, "שס_pct": null, "ת_pct": null }, "geometry": { "type": "Polygon", "coordinates": [ [ [ 35.019813697896723, 32.813703955571654 ], [ 35.020461962601722, 32.814396966468337 ], [ 35.021647747979259, 32.81480446925179 ], [ 35.022522599776806, 32.815330399238661 ], [ 35.022847982801053, 32.815728863397077 ], [ 35.023029889065654, 32.815951622853568 ], [ 35.022803516001076, 32.816094438118377 ], [ 35.022787822163487, 32.816077093874981 ], [ 35.022497805874714, 32.815756554592369 ], [ 35.022155104659582, 32.815377777085878 ], [ 35.021647211544135, 32.815066519675149 ], [ 35.020122735636463, 32.814491709645409 ], [ 35.019615325552643, 32.813942621890106 ], [ 35.019250780792795, 32.812653786818174 ], [ 35.019101523664759, 32.81266491650171 ], [ 35.017673880053707, 32.81277131945108 ], [ 35.017370789888147, 32.812793907078927 ], [ 35.01712352801858, 32.812039599249637 ], [ 35.017112594470248, 32.812009825282438 ], [ 35.017072460414063, 32.811900121394771 ], [ 35.017002605523629, 32.811709215391424 ], [ 35.01686911801815, 32.811717585203709 ], [ 35.016670880792546, 32.811696365291269 ], [ 35.01637929609538, 32.811626679682313 ], [ 35.015663798514382, 32.811467268017822 ], [ 35.015173257606193, 32.811371222466533 ], [ 35.014659679184405, 32.811308500858345 ], [ 35.014576957341113, 32.811298191773588 ], [ 35.014145863226538, 32.811260382378443 ], [ 35.014038986097098, 32.811260219933033 ], [ 35.013970332123044, 32.811259484352036 ], [ 35.013503219074686, 32.811188343748448 ], [ 35.013331786711589, 32.811167258602545 ], [ 35.012937571796769, 32.811118771195424 ], [ 35.012637735471046, 32.811064218081981 ], [ 35.012229954004034, 32.811017868121773 ], [ 35.012035967779902, 32.811005224285921 ], [ 35.011894899397589, 32.811011764750909 ], [ 35.011740012666124, 32.81103578381861 ], [ 35.011572506861192, 32.811080615934962 ], [ 35.011433155137404, 32.81112774544772 ], [ 35.011272432253939, 32.81119394146554 ], [ 35.011155751144742, 32.811232171677922 ], [ 35.011020404216211, 32.811253152455755 ], [ 35.011009190873345, 32.811254945732571 ], [ 35.010876161931215, 32.811246895478689 ], [ 35.010758958972495, 32.811233185298974 ], [ 35.010644255797864, 32.811196303611375 ], [ 35.010336347126639, 32.811372204759351 ], [ 35.009366799992442, 32.811184138381208 ], [ 35.008476020361655, 32.810858582491413 ], [ 35.008044817870129, 32.810639160340514 ], [ 35.007561665301772, 32.810393231884014 ], [ 35.007390273554023, 32.810299907793322 ], [ 35.007345910179687, 32.810275764630205 ], [ 35.00724790092621, 32.81022240876004 ], [ 35.007179870501695, 32.810185334085631 ], [ 35.006211163044561, 32.811257626703409 ], [ 35.006107658252326, 32.811373692606743 ], [ 35.00579090425353, 32.811728635358428 ], [ 35.00564495944338, 32.811910458784752 ], [ 35.005527414676152, 32.812099080811883 ], [ 35.005427040673354, 32.81228998964756 ], [ 35.005349455571569, 32.812509341496678 ], [ 35.005233646826461, 32.812482014633659 ], [ 35.00515596880534, 32.812462322551191 ], [ 35.005100048261909, 32.81244825553884 ], [ 35.005079244597802, 32.812442998025446 ], [ 35.005058534912983, 32.812437735248068 ], [ 35.005048185217127, 32.812435190428651 ], [ 35.005011582397245, 32.812426205405032 ], [ 35.004933999676432, 32.812407871283142 ], [ 35.004903903777276, 32.812400878510623 ], [ 35.004724279975946, 32.812358400260571 ], [ 35.004673706664704, 32.812346404654129 ], [ 35.004666754760592, 32.812344777734374 ], [ 35.004644563052786, 32.81233950891761 ], [ 35.004641487965188, 32.812330860402774 ], [ 35.004608486423123, 32.812236656791193 ], [ 35.00455906843699, 32.812127384960974 ], [ 35.004540144789487, 32.812051253846214 ], [ 35.004540383162926, 32.811944762725147 ], [ 35.004553168934393, 32.811905561381245 ], [ 35.004582415532063, 32.811815797837632 ], [ 35.004588406364462, 32.811810757928882 ], [ 35.004677073965723, 32.811696476617449 ], [ 35.004900309450321, 32.811471948972077 ], [ 35.004992693328475, 32.811369575672067 ], [ 35.005163652668024, 32.811179865130065 ], [ 35.005433346686473, 32.810847836875716 ], [ 35.005713503724465, 32.810525932579672 ], [ 35.005751059514253, 32.810485408852514 ], [ 35.006019498962182, 32.810199008284634 ], [ 35.006359886254302, 32.809816328340624 ], [ 35.00675452624084, 32.809385851476208 ], [ 35.006916949923315, 32.809235252985211 ], [ 35.006923036427438, 32.809232198637297 ], [ 35.006985518533675, 32.809176305736308 ], [ 35.007077845526354, 32.809092682334203 ], [ 35.007337504654558, 32.808859185291688 ], [ 35.007594015020054, 32.808600363253042 ], [ 35.007683396567899, 32.808501952434156 ], [ 35.007788644117916, 32.808370732268287 ], [ 35.007837401059838, 32.808290287763533 ], [ 35.007888512754199, 32.808205255520747 ], [ 35.007985427752487, 32.808026149495554 ], [ 35.008101353529035, 32.807799820946826 ], [ 35.008111642815706, 32.807780097244013 ], [ 35.008147688478815, 32.807701789528942 ], [ 35.008204866312724, 32.807577901941869 ], [ 35.008302396940728, 32.807412498721682 ], [ 35.008317398936796, 32.80738700253729 ], [ 35.008350201090927, 32.807330804569304 ], [ 35.008541967372253, 32.807036334435743 ], [ 35.008682620105063, 32.80682401840015 ], [ 35.008703423698996, 32.806786906624254 ], [ 35.008770456613753, 32.806794942649901 ], [ 35.008847364200157, 32.806780363401309 ], [ 35.008916680171652, 32.806769741501142 ], [ 35.009018769696944, 32.806663957461978 ], [ 35.009294712211698, 32.806352216601077 ], [ 35.009586279851582, 32.806062956960993 ], [ 35.009893495438099, 32.805756318277282 ], [ 35.010174009934886, 32.805499771482246 ], [ 35.010204718332737, 32.805471682712785 ], [ 35.01055003562454, 32.805162219655678 ], [ 35.01091693970524, 32.804846655672385 ], [ 35.010996848298682, 32.804777529162401 ], [ 35.011193299051193, 32.804583337432554 ], [ 35.011234278467036, 32.804542196929354 ], [ 35.011352621336052, 32.804424618431632 ], [ 35.012354068491142, 32.80355493062001 ], [ 35.012839677640173, 32.803142266507827 ], [ 35.012949209104342, 32.803049188199978 ], [ 35.013127614961121, 32.802900683384642 ], [ 35.013414362709163, 32.802660457524681 ], [ 35.013708199039321, 32.802402840927996 ], [ 35.014035090259142, 32.802115339491259 ], [ 35.014549784237666, 32.801675369901304 ], [ 35.015073027959453, 32.801383113754767 ], [ 35.015333008913707, 32.801226256741487 ], [ 35.01661262287513, 32.800452349421334 ], [ 35.016883351204925, 32.800308945904305 ], [ 35.017115504614992, 32.800186040908187 ], [ 35.017219679880277, 32.800095661282249 ], [ 35.017267571424554, 32.800065344001005 ], [ 35.017528542421275, 32.799894951251744 ], [ 35.017632380338974, 32.799811346094288 ], [ 35.017849220180189, 32.799659456308326 ], [ 35.018120872898379, 32.799480245235387 ], [ 35.018152425381054, 32.799454768842011 ], [ 35.018576843670047, 32.799177052089142 ], [ 35.018811838261257, 32.799020152497143 ], [ 35.019090584105371, 32.798816504904494 ], [ 35.019458628199494, 32.79849757726884 ], [ 35.019500543989452, 32.798460947461997 ], [ 35.019544607657153, 32.798422319052392 ], [ 35.019531073365748, 32.798412566197385 ], [ 35.019510715814612, 32.798395133465071 ], [ 35.019442296515614, 32.798336335813666 ], [ 35.019354051213796, 32.798261269336059 ], [ 35.019193764833233, 32.798125780212004 ], [ 35.019233760127833, 32.798092655238698 ], [ 35.019239975908611, 32.798087440018222 ], [ 35.019391295387642, 32.797962598797653 ], [ 35.019526881779633, 32.797858563281636 ], [ 35.019731012243788, 32.797699989700561 ], [ 35.019840425871941, 32.797607628239064 ], [ 35.020024157942714, 32.797452989756138 ], [ 35.020257227900153, 32.797239180493605 ], [ 35.02049725681303, 32.797016369482492 ], [ 35.020681581178685, 32.796836294112659 ], [ 35.020962924671501, 32.796507047376572 ], [ 35.021435010337122, 32.795988091954726 ], [ 35.02186739946584, 32.795508030015966 ], [ 35.022243863094104, 32.795118595600975 ], [ 35.022432174903877, 32.794923832989035 ], [ 35.022791300942913, 32.794555195407824 ], [ 35.023115623714212, 32.794235890368334 ], [ 35.023275984990356, 32.794078010357779 ], [ 35.023774365936994, 32.793583424214681 ], [ 35.024175398598587, 32.793187797581709 ], [ 35.024716855320307, 32.792657391164788 ], [ 35.024784891096537, 32.792590038424109 ], [ 35.025146209941148, 32.792238444489271 ], [ 35.025429056366377, 32.791950306824376 ], [ 35.025673775354377, 32.791709999480226 ], [ 35.025904194469263, 32.791479308576605 ], [ 35.026064859113148, 32.791320658897604 ], [ 35.02615719316821, 32.791213128024985 ], [ 35.02618083416391, 32.791185577031868 ], [ 35.026305006090787, 32.791022274658616 ], [ 35.026517184934775, 32.79072041296422 ], [ 35.026772625042511, 32.790352884132524 ], [ 35.027024876891772, 32.78998354684984 ], [ 35.027216083997693, 32.78970257893603 ], [ 35.027357949832741, 32.789492603538221 ], [ 35.027534199397529, 32.78922008989958 ], [ 35.027646964381589, 32.789039901121043 ], [ 35.027691310538685, 32.788964407084428 ], [ 35.02772481175419, 32.788970493895519 ], [ 35.027775814469699, 32.788820613989195 ], [ 35.027788168949357, 32.78878428950415 ], [ 35.028232481348887, 32.788175281147353 ], [ 35.028913377913447, 32.787299542413066 ], [ 35.029048784249298, 32.787125378494359 ], [ 35.029410868334665, 32.786659650803706 ], [ 35.029637045611445, 32.786381158835368 ], [ 35.030269159632212, 32.785602799580602 ], [ 35.030844830181586, 32.784893877736508 ], [ 35.030877255685375, 32.784854058706038 ], [ 35.030936205223121, 32.784782374417112 ], [ 35.030944424510238, 32.784779134285408 ], [ 35.030990959549065, 32.784682091529739 ], [ 35.031031887219306, 32.784596573679018 ], [ 35.031050961387514, 32.78455647102318 ], [ 35.031081029109231, 32.784519180635257 ], [ 35.03108924917764, 32.784508916287365 ], [ 35.031060946082448, 32.784491652937596 ], [ 35.031062172354922, 32.784490119948849 ], [ 35.031076628571462, 32.784472098829951 ], [ 35.03112029252533, 32.784417662569346 ], [ 35.031178410462978, 32.784345206962158 ], [ 35.031236528309726, 32.784272749523453 ], [ 35.031294646062115, 32.784200292056624 ], [ 35.031352763720122, 32.78412783456168 ], [ 35.031410881283747, 32.784055377038619 ], [ 35.031412887124638, 32.784052562911867 ], [ 35.031444155296619, 32.78401146532903 ], [ 35.03150204739616, 32.783941809920485 ], [ 35.031559941543748, 32.783872152683621 ], [ 35.031593665839935, 32.783831572417483 ], [ 35.031625999191078, 32.783792667377163 ], [ 35.031627400797277, 32.78379098313966 ], [ 35.031627548452626, 32.783790803004223 ], [ 35.031648974768096, 32.783803750246015 ], [ 35.031712245119792, 32.7838419864228 ], [ 35.031775517660556, 32.783880222570524 ], [ 35.031838790255541, 32.783918458686244 ], [ 35.031926812442386, 32.783967886430638 ], [ 35.032014832591877, 32.784017314110223 ], [ 35.032073205656914, 32.784050091713034 ], [ 35.032125572587262, 32.784081028783092 ], [ 35.032204471703878, 32.784127643118005 ], [ 35.032283370906384, 32.784174255599751 ], [ 35.032349509311956, 32.784212307841642 ], [ 35.032415645639034, 32.784250360045583 ], [ 35.032491998722648, 32.784294442348816 ], [ 35.032568351885132, 32.784338522802024 ], [ 35.032644705123055, 32.784382603208641 ], [ 35.032721058432941, 32.784426685372047 ], [ 35.0327212808293, 32.784426494517419 ], [ 35.032721503225666, 32.784426303662769 ], [ 35.032723177613398, 32.784424866851587 ], [ 35.032771163917381, 32.784383667416883 ], [ 35.032772455689944, 32.784384697119712 ], [ 35.032772739198123, 32.784384922932034 ], [ 35.03277301844345, 32.784385145131722 ], [ 35.032838545079883, 32.784437352895971 ], [ 35.032904636682609, 32.784490008640113 ], [ 35.032970726228314, 32.784542664346276 ], [ 35.033036817986812, 32.784595320020294 ], [ 35.033095856093965, 32.784642404355274 ], [ 35.03315489639477, 32.784689490468587 ], [ 35.033230567832419, 32.784750999357982 ], [ 35.033306239370802, 32.784812510004805 ], [ 35.033381908881886, 32.784874018799371 ], [ 35.033457580628571, 32.78493552935425 ], [ 35.03353325248289, 32.784997038059778 ], [ 35.033595975402235, 32.785052246049041 ], [ 35.033658700533969, 32.785107454009591 ], [ 35.033661524739152, 32.785105371336002 ], [ 35.03372372135992, 32.785059503896775 ], [ 35.03378591791688, 32.785013636426129 ], [ 35.033848114410027, 32.784967768924012 ], [ 35.033906394093052, 32.78492594827879 ], [ 35.033964675856481, 32.784884127608876 ], [ 35.034022955433919, 32.784842305105087 ], [ 35.034081245968181, 32.784800305856407 ], [ 35.034139534312772, 32.784758306577238 ], [ 35.034197824740971, 32.784716305469992 ], [ 35.034258786251897, 32.784671867975348 ], [ 35.034316075117268, 32.784629961031584 ], [ 35.03437336606725, 32.784588052260659 ], [ 35.034432431952929, 32.784545678793293 ], [ 35.03449150205585, 32.784503303500038 ], [ 35.034550569967898, 32.784460928175548 ], [ 35.034609582313252, 32.784418554550861 ], [ 35.034645589565258, 32.784392699443607 ], [ 35.034668596741021, 32.784376179097428 ], [ 35.03472760684307, 32.784333803609925 ], [ 35.034785952934037, 32.784291428998522 ], [ 35.034844298973141, 32.784249052556049 ], [ 35.034902642822068, 32.78420667608308 ], [ 35.034956924625597, 32.784167300340883 ], [ 35.034987262641131, 32.784145293115351 ], [ 35.03501120638132, 32.784127924574747 ], [ 35.035065485954362, 32.784088548781824 ], [ 35.035078852492425, 32.784077295655607 ], [ 35.03513752809161, 32.784035483981498 ], [ 35.035196205770816, 32.783993672282342 ], [ 35.035254883395169, 32.783951860555248 ], [ 35.035312506329298, 32.783908920257041 ], [ 35.035370131342965, 32.783865979934745 ], [ 35.035427754169824, 32.7838230377792 ], [ 35.035487874753485, 32.783781227887829 ], [ 35.035547999550722, 32.783739417972932 ], [ 35.035608120021976, 32.783697608022933 ], [ 35.03564000507582, 32.783675829948962 ], [ 35.035711460641551, 32.783624394289291 ], [ 35.035782916125086, 32.783572958588167 ], [ 35.035830161164519, 32.783538938079026 ], [ 35.035877406168005, 32.783504917551774 ], [ 35.03592021101371, 32.78347406861014 ], [ 35.035955302710406, 32.783448779957894 ], [ 35.036033197023549, 32.783392640508509 ], [ 35.036111091235512, 32.783336502813221 ], [ 35.036188987487975, 32.783280363268176 ], [ 35.036240721718237, 32.78324301235601 ], [ 35.036298464015111, 32.78320762436141 ], [ 35.036356208404591, 32.783172234539322 ], [ 35.036413952748411, 32.783136844690276 ], [ 35.036480173687629, 32.783096266999905 ], [ 35.036533878370356, 32.783063358556547 ], [ 35.03654639456682, 32.783055689274086 ], [ 35.036612617520809, 32.783015111515688 ], [ 35.03666380645307, 32.782983755973127 ], [ 35.036714995349449, 32.782952400409393 ], [ 35.03675481157638, 32.782924567858934 ], [ 35.036799967671733, 32.782893002206158 ], [ 35.036807346891891, 32.782887847165583 ], [ 35.036813755606879, 32.782883372508167 ], [ 35.036870779966577, 32.782842376541815 ], [ 35.036927804274008, 32.782801380549046 ], [ 35.03700248195549, 32.78274771044169 ], [ 35.037077161685595, 32.782694038488515 ], [ 35.037151839191218, 32.782640366487243 ], [ 35.037203595846009, 32.782603168490354 ], [ 35.03722651660722, 32.782586694440695 ], [ 35.03730119606508, 32.7825330241551 ], [ 35.037375873301841, 32.782479352018001 ], [ 35.037376182238454, 32.782479682450607 ], [ 35.03737648264574, 32.782480007461679 ], [ 35.037377991096996, 32.782481627115359 ], [ 35.037435380293488, 32.782543338141203 ], [ 35.037492771703995, 32.782605049143235 ], [ 35.037550161058803, 32.782666760115788 ], [ 35.037607552624294, 32.782728472867937 ], [ 35.037664944272315, 32.782790183790048 ], [ 35.037722333864636, 32.782851894682672 ], [ 35.037779725670994, 32.782913605551499 ], [ 35.037839780763981, 32.782978201754695 ], [ 35.037899838078559, 32.78304279793155 ], [ 35.037959893345004, 32.783107394076374 ], [ 35.038019950833011, 32.783171990194866 ], [ 35.038088940621456, 32.783211395746704 ], [ 35.038142076975262, 32.783251907339462 ], [ 35.03819521337725, 32.783292418909554 ], [ 35.038238596623508, 32.783325478529768 ], [ 35.038296344916034, 32.783382969695218 ], [ 35.038354093279438, 32.783440462637124 ], [ 35.038411841720439, 32.783497953748764 ], [ 35.038469590232317, 32.783555446636861 ], [ 35.0385334643356, 32.783619551628775 ], [ 35.038597338530451, 32.783683656587783 ], [ 35.038654257491878, 32.783740782203019 ], [ 35.038638442547303, 32.783795883738044 ], [ 35.038634685502174, 32.78380490113345 ], [ 35.038611196217367, 32.783868883227953 ], [ 35.038603683695605, 32.783889518509255 ], [ 35.038543278846369, 32.784055352351551 ], [ 35.038482962234141, 32.784232185160171 ], [ 35.038461060401644, 32.784296539019607 ], [ 35.038354798050314, 32.78461595912708 ], [ 35.038246606758165, 32.785044667475958 ], [ 35.038159343030941, 32.785474564859989 ], [ 35.038052113321839, 32.786021032064632 ], [ 35.037929126988274, 32.786659988516739 ], [ 35.037831837691201, 32.787196901648748 ], [ 35.037758671672279, 32.787564798753024 ], [ 35.037621685328524, 32.788095536310593 ], [ 35.037491865626251, 32.788499952144619 ], [ 35.0374046833956, 32.788713357311678 ], [ 35.037303237383682, 32.788961819314835 ], [ 35.037167217638803, 32.789255229643018 ], [ 35.037114187495611, 32.789357048545732 ], [ 35.03697822631927, 32.789618542335759 ], [ 35.036710205875799, 32.79005883662655 ], [ 35.036232764458859, 32.79071020833775 ], [ 35.036171230971092, 32.790784609289254 ], [ 35.0358509616213, 32.791168657685816 ], [ 35.035619767917552, 32.791445889740487 ], [ 35.035577836277355, 32.791496147782865 ], [ 35.035529369428275, 32.791554158785978 ], [ 35.03548657342801, 32.791605310112253 ], [ 35.035444269385373, 32.791582568221401 ], [ 35.035172743381722, 32.79191865992744 ], [ 35.034952997490947, 32.792190654709273 ], [ 35.034706964163675, 32.792834151225954 ], [ 35.034643968991048, 32.792970714025358 ], [ 35.034547097167305, 32.793180711721888 ], [ 35.034501586735075, 32.793366269167088 ], [ 35.03445984391054, 32.793536472242799 ], [ 35.034452862208127, 32.793622834254734 ], [ 35.034111797128254, 32.793623243826325 ], [ 35.033768195137448, 32.793637271808734 ], [ 35.033445160131208, 32.793650466707298 ], [ 35.032926136723376, 32.793694302668726 ], [ 35.032347893040054, 32.793775821695966 ], [ 35.031778037666037, 32.793878108414333 ], [ 35.031362997877594, 32.793973391170816 ], [ 35.030841649449528, 32.794109105113357 ], [ 35.030745092802576, 32.794139623457717 ], [ 35.030557521152964, 32.794198963412725 ], [ 35.030211695490621, 32.794317230605309 ], [ 35.02986578700105, 32.794442454194403 ], [ 35.029286112635432, 32.794656338364966 ], [ 35.028872109638861, 32.794813012435434 ], [ 35.028500121411454, 32.794945486777941 ], [ 35.027839954427712, 32.795204337643028 ], [ 35.027144443356981, 32.795464844602641 ], [ 35.02644655990612, 32.795728781566417 ], [ 35.02586184537261, 32.795949942761105 ], [ 35.025238216752143, 32.796185831521555 ], [ 35.024609993207115, 32.796424330886303 ], [ 35.023976629401936, 32.796666879102943 ], [ 35.023884750557073, 32.796701416820866 ], [ 35.023764449799081, 32.796746641829778 ], [ 35.023532621941364, 32.796833683145188 ], [ 35.023124324066202, 32.79695419025321 ], [ 35.023106807110722, 32.79696039018873 ], [ 35.022827838707279, 32.797013000208956 ], [ 35.022441215757773, 32.7970862877686 ], [ 35.022218324775039, 32.797129876198397 ], [ 35.022076161171483, 32.797157899530404 ], [ 35.021540529184847, 32.797271987120411 ], [ 35.021299448043479, 32.797331958170567 ], [ 35.021002864427665, 32.797436400159384 ], [ 35.020680605830982, 32.797564951128571 ], [ 35.020295907595312, 32.797743558065314 ], [ 35.020080388108475, 32.797885885326792 ], [ 35.019728010912225, 32.798122066100511 ], [ 35.019532329335988, 32.798268928320852 ], [ 35.019490623039481, 32.798300334038423 ], [ 35.01948389304598, 32.798305366369881 ], [ 35.019582468275878, 32.798388925720516 ], [ 35.019596329217087, 32.798400763766743 ], [ 35.019629588957329, 32.798429030430185 ], [ 35.020013748274145, 32.79809876718285 ], [ 35.020217117909496, 32.79794866220152 ], [ 35.020500757424863, 32.797804189537914 ], [ 35.020741591490548, 32.797711565748678 ], [ 35.021042921407933, 32.797636984598626 ], [ 35.021256940818233, 32.797600418502995 ], [ 35.021300732403141, 32.797592910114822 ], [ 35.021579093079069, 32.797573569695146 ], [ 35.021845712733082, 32.797563318645437 ], [ 35.022176934332471, 32.797581847516796 ], [ 35.022561206033281, 32.797619002187595 ], [ 35.022882522368562, 32.797687095323688 ], [ 35.023162699985335, 32.797771995183886 ], [ 35.023357724719979, 32.797839357844808 ], [ 35.023407659711516, 32.797856930087015 ], [ 35.023673442846473, 32.797982910790687 ], [ 35.023984295385127, 32.798162617439971 ], [ 35.024226065474046, 32.798338261904846 ], [ 35.024454157346874, 32.798531279910527 ], [ 35.024713886609803, 32.79880783788817 ], [ 35.024874246601378, 32.799018791782366 ], [ 35.024899348463386, 32.799060302046442 ], [ 35.024923192940228, 32.799099559876929 ], [ 35.023344683862916, 32.799741460880895 ], [ 35.0225172749781, 32.800104998551156 ], [ 35.022481056070049, 32.800120902302019 ], [ 35.022411270279655, 32.800151637004682 ], [ 35.022222661676324, 32.800341987885666 ], [ 35.022147344725745, 32.800417977577446 ], [ 35.022125305922614, 32.800440219121377 ], [ 35.022059931883703, 32.800506212635504 ], [ 35.02206633222896, 32.800511004534023 ], [ 35.022113078128115, 32.800516123871077 ], [ 35.022199519119113, 32.800590273248631 ], [ 35.023532190602445, 32.80173330107943 ], [ 35.024330041278191, 32.80242551725587 ], [ 35.024540173953369, 32.803474745696121 ], [ 35.024880559491528, 32.805173936191061 ], [ 35.025237242559733, 32.805720419930402 ], [ 35.025508780883875, 32.806136394505053 ], [ 35.025521449898442, 32.806155800790016 ], [ 35.025481982182889, 32.806402452800349 ], [ 35.025466308441978, 32.806500359584788 ], [ 35.025413971477214, 32.806827324920754 ], [ 35.025405753460092, 32.80687889176631 ], [ 35.025084179062489, 32.806921900444586 ], [ 35.024929858614314, 32.806942497623318 ], [ 35.024896637911048, 32.807525576060137 ], [ 35.024812203465466, 32.809008281917841 ], [ 35.024811762227699, 32.809015312677609 ], [ 35.024820300515749, 32.809102085707643 ], [ 35.02488615317322, 32.809771040640229 ], [ 35.024881103899297, 32.809999879140918 ], [ 35.024869929790803, 32.810511311623273 ], [ 35.024844195052211, 32.811683468258195 ], [ 35.024818872086598, 32.812487019276304 ], [ 35.024796589880779, 32.813192818598701 ], [ 35.024785226597942, 32.813552586090992 ], [ 35.024783293927669, 32.813612008371202 ], [ 35.024968319237963, 32.813777131663201 ], [ 35.024801475298595, 32.813948035218019 ], [ 35.024752620688382, 32.814050153778396 ], [ 35.024751237601436, 32.814051884844098 ], [ 35.024749421705451, 32.81405325821909 ], [ 35.024746965672776, 32.8140543601682 ], [ 35.024744602668527, 32.814054867134658 ], [ 35.024742170169169, 32.814054887088176 ], [ 35.024739550792781, 32.81405438198928 ], [ 35.024708009970666, 32.81404377431641 ], [ 35.024604041191139, 32.814150273468321 ], [ 35.024474152091628, 32.814283324349823 ], [ 35.023811176100864, 32.814197789422785 ], [ 35.023542067388263, 32.814163068190538 ], [ 35.023116494274213, 32.81504498995448 ], [ 35.022777558837959, 32.814996597309978 ], [ 35.023571860519944, 32.813375823095775 ], [ 35.01970260672298, 32.812726030390209 ], [ 35.019813697896723, 32.813703955571654 ] ] ] } },
{ "type": "Feature", "properties": { "OBJECTID_12": 5, "OBJECTID": 669, "Shape_Leng": 17272.18596, "Shape_Area": 5731553.9007407902, "OBJECTID_1": 9, "SEMEL_YISH": 4000, "SHEM_YISHU": "חיפה", "SHEM_YIS_1": "HAIFA", "ROVA": 2, "TAT_ROVA": 23, "SchName": "פארק הקישון", "Shape_Length": 17272.185959958359, "בזב": null, "מצביעים": null, "כשרים": null, "אמת": null, "אצ": null, "ב": null, "ג": null, "ד": null, "ום": null, "ז": null, "זך": null, "זנ": null, "זץ": null, "ט": null, "י": null, "יז": null, "ינ": null, "יץ": null, "יק": null, "כן": null, "ך": null, "ל": null, "מחל": null, "מרצ": null, "נז": null, "ני": null, "נף": null, "נץ": null, "נק": null, "נר": null, "עם": null, "פה": null, "ף": null, "צ": null, "ץ": null, "ק": null, "קי": null, "קך": null, "קנ": null, "קץ": null, "רז": null, "שס": null, "ת": null, "n_stations": null, "turnout_pct": null, "אמת_pct": null, "אצ_pct": null, "ב_pct": null, "ג_pct": null, "ד_pct": null, "ום_pct": null, "ז_pct": null, "זך_pct": null, "זנ_pct": null, "זץ_pct": null, "ט_pct": null, "י_pct": null, "יז_pct": null, "ינ_pct": null, "יץ_pct": null, "יק_pct": null, "כן_pct": null, "ך_pct": null, "ל_pct": null, "מחל_pct": null, "מרצ_pct": null, "נז_pct": null, "ני_pct": null, "נף_pct": null, "נץ_pct": null, "נק_pct": null, "נר_pct": null, "עם_pct": null, "פה_pct": null, "ף_pct": null, "צ_pct": null, "ץ_pct": null, "ק_pct": null, "קי_pct": null, "קך_pct": null, "קנ_pct": null, "קץ_pct": null, "רז_pct": null, "שס_pct": null, "ת_pct": null }, "geometry": { "type": "Polygon", "coordinates": [ [ [ 35.029649859162831, 32.831606184013609 ], [ 35.023497178681964, 32.831667795325238 ], [ 35.02348367067885, 32.831480168685033 ], [ 35.026191871173985, 32.831495778437493 ], [ 35.027275587059542, 32.824286134531782 ], [ 35.031982378159839, 32.824796901857773 ], [ 35.032610556818319, 32.823109292734387 ], [ 35.034300578498325, 32.81859919610303 ], [ 35.034213654544352, 32.818552255881826 ], [ 35.034126729614087, 32.818505315598742 ], [ 35.034099224934003, 32.818492366879262 ], [ 35.032244526664257, 32.817508319185642 ], [ 35.031922085274502, 32.817407120462896 ], [ 35.031874542100766, 32.817388081579004 ], [ 35.031777550499761, 32.817357327367219 ], [ 35.031680557896308, 32.817326573980594 ], [ 35.031583566429575, 32.817295819618693 ], [ 35.031559985204751, 32.817274327727795 ], [ 35.031469305120659, 32.817251119223293 ], [ 35.03137862508575, 32.817227909751502 ], [ 35.031280057776982, 32.817193809507266 ], [ 35.031181491609892, 32.81715971008866 ], [ 35.031082924452313, 32.81712560968937 ], [ 35.031002562783719, 32.817101513440008 ], [ 35.030922200090885, 32.817077417137646 ], [ 35.030841838509488, 32.817053320785242 ], [ 35.030745819280909, 32.817027549865081 ], [ 35.030649799041989, 32.817001777968208 ], [ 35.030553779924908, 32.816976006900951 ], [ 35.030490727278092, 32.816957871990546 ], [ 35.026974834622486, 32.815854280832092 ], [ 35.026972021896064, 32.815852705198857 ], [ 35.026929833921258, 32.815839961319085 ], [ 35.026913539069469, 32.815835039333621 ], [ 35.026836689158394, 32.815818699929629 ], [ 35.02680337936296, 32.815815496765701 ], [ 35.026777958003215, 32.815819067466037 ], [ 35.026752310875487, 32.815828769338673 ], [ 35.026726241637832, 32.815835945872635 ], [ 35.026703582430301, 32.815846643835386 ], [ 35.026663068486513, 32.815868407245539 ], [ 35.026629732643364, 32.815878278515704 ], [ 35.026596276900413, 32.815894731949868 ], [ 35.026581000671428, 32.815897897731226 ], [ 35.026501149955621, 32.815933109836521 ], [ 35.026421298107394, 32.815968322790638 ], [ 35.026341447264166, 32.816003535694911 ], [ 35.026261596359937, 32.816038747646175 ], [ 35.026181744323267, 32.816073960446239 ], [ 35.026101893293394, 32.816109172294837 ], [ 35.026007617322499, 32.816151113596518 ], [ 35.025913340197228, 32.816193053923421 ], [ 35.025867433904828, 32.816213476687587 ], [ 35.025728509394284, 32.815967395539623 ], [ 35.027834654994365, 32.815003830345276 ], [ 35.030601864819168, 32.815819218726539 ], [ 35.032020974008518, 32.81250464680145 ], [ 35.036002364597692, 32.813629844884893 ], [ 35.037068690874847, 32.811835790349932 ], [ 35.030163789535159, 32.809552417418736 ], [ 35.029917386604012, 32.808774368658511 ], [ 35.028109828143762, 32.808980917513942 ], [ 35.028038283511293, 32.81209390445958 ], [ 35.025661506133268, 32.813903487086037 ], [ 35.025125188003145, 32.813616441479951 ], [ 35.024968319239782, 32.813777130761508 ], [ 35.024783293927669, 32.813612008371202 ], [ 35.024785226599754, 32.813552585189314 ], [ 35.024796589880779, 32.813192818598701 ], [ 35.02481887208841, 32.812487018374611 ], [ 35.024844195054023, 32.811683467356517 ], [ 35.024869929790803, 32.810511311623273 ], [ 35.024881103899297, 32.809999879140918 ], [ 35.02488615317322, 32.809771040640229 ], [ 35.02482030051759, 32.809102084805929 ], [ 35.024811762229504, 32.80901531177593 ], [ 35.024812203465466, 32.809008281917841 ], [ 35.02489663791286, 32.807525575158444 ], [ 35.024929858616112, 32.806942496721618 ], [ 35.025084179062489, 32.806921900444586 ], [ 35.025405753461904, 32.80687889086461 ], [ 35.025413971479026, 32.806827324019068 ], [ 35.025466308441978, 32.806500359584788 ], [ 35.025481982182889, 32.806402452800349 ], [ 35.025521449898442, 32.806155800790016 ], [ 35.025508780885687, 32.80613639360336 ], [ 35.025237242561538, 32.805720419028688 ], [ 35.024880559493347, 32.805173935289382 ], [ 35.024540173953369, 32.803474745696121 ], [ 35.024330041278191, 32.80242551725587 ], [ 35.023532190602445, 32.80173330107943 ], [ 35.022199518051451, 32.80059027324706 ], [ 35.022113078129941, 32.800516122969398 ], [ 35.02206633222896, 32.800511004534023 ], [ 35.022059931883703, 32.800506212635504 ], [ 35.022125305922614, 32.800440219121377 ], [ 35.022147344725745, 32.800417977577446 ], [ 35.022222660608691, 32.800341987884096 ], [ 35.022411270279655, 32.800151637004682 ], [ 35.022481056071882, 32.800120901400334 ], [ 35.022517274979933, 32.800104997649463 ], [ 35.023344682797109, 32.799741459977675 ], [ 35.024923192940228, 32.799099559876929 ], [ 35.024899348463386, 32.799060302046442 ], [ 35.02487424660319, 32.799018790880673 ], [ 35.024713886609803, 32.79880783788817 ], [ 35.024454157346874, 32.798531279910527 ], [ 35.024226065474046, 32.798338261904846 ], [ 35.023984294319341, 32.798162616536757 ], [ 35.023673442846473, 32.797982910790687 ], [ 35.023407659711516, 32.797856930087015 ], [ 35.023357724721798, 32.797839356943115 ], [ 35.023162698917723, 32.79777199518233 ], [ 35.022882522370395, 32.79768709442201 ], [ 35.022561206033281, 32.797619002187595 ], [ 35.022176934332471, 32.797581847516796 ], [ 35.021845712733082, 32.797563318645437 ], [ 35.021579093079069, 32.797573569695146 ], [ 35.021300732403141, 32.797592910114822 ], [ 35.021256940818233, 32.797600418502995 ], [ 35.021042921407933, 32.797636984598626 ], [ 35.020741591490548, 32.797711565748678 ], [ 35.02050075742671, 32.797804188636228 ], [ 35.020217117911351, 32.797948661299841 ], [ 35.020013748275993, 32.798098766281186 ], [ 35.019629587891586, 32.798429029526922 ], [ 35.019596329217087, 32.798400763766743 ], [ 35.019582468275878, 32.798388925720516 ], [ 35.01948389304598, 32.798305366369881 ], [ 35.019490623041364, 32.798300333136737 ], [ 35.019532329337856, 32.798268927419173 ], [ 35.019728010912225, 32.798122066100511 ], [ 35.020080388108475, 32.797885885326792 ], [ 35.020295907597173, 32.797743557163628 ], [ 35.020680605832823, 32.797564950226871 ], [ 35.021002864429519, 32.797436399257698 ], [ 35.021299448043479, 32.797331958170567 ], [ 35.021540529184847, 32.797271987120411 ], [ 35.022076161171483, 32.797157899530404 ], [ 35.022218324775039, 32.797129876198397 ], [ 35.022441214692002, 32.797086286865373 ], [ 35.022827837639682, 32.797013000207421 ], [ 35.023106807110722, 32.79696039018873 ], [ 35.023124323000445, 32.796954189349975 ], [ 35.023532621943183, 32.796833682243488 ], [ 35.023764449799081, 32.796746641829778 ], [ 35.023884750558885, 32.796701415919195 ], [ 35.023976629403769, 32.79666687820125 ], [ 35.024609993208934, 32.796424329984596 ], [ 35.025238216753948, 32.796185830619841 ], [ 35.02586184537261, 32.795949942761105 ], [ 35.02644655990791, 32.795728780664724 ], [ 35.027144442289405, 32.795464844601128 ], [ 35.027839954429489, 32.795204336741328 ], [ 35.028500120343885, 32.794945486776442 ], [ 35.028872109640623, 32.794813011533748 ], [ 35.02928611156787, 32.794656338363495 ], [ 35.02986578700105, 32.794442454194403 ], [ 35.030211695492369, 32.794317229703609 ], [ 35.030557521152964, 32.794198963412725 ], [ 35.030745092802576, 32.794139623457717 ], [ 35.030841649451283, 32.794109104211643 ], [ 35.031362997879327, 32.793973390269123 ], [ 35.031778037666037, 32.793878108414333 ], [ 35.032347893040054, 32.793775821695966 ], [ 35.032926136723376, 32.793694302668726 ], [ 35.033445160131208, 32.793650466707298 ], [ 35.0337681940699, 32.793637271807278 ], [ 35.034111797128254, 32.793623243826325 ], [ 35.034452861140558, 32.793622834253313 ], [ 35.034779239754528, 32.793622441734563 ], [ 35.034859244085553, 32.793627366911934 ], [ 35.035424184804526, 32.793662176564609 ], [ 35.035816772192057, 32.793695971826679 ], [ 35.036392134143895, 32.793779070555516 ], [ 35.036957320810309, 32.793885139929529 ], [ 35.037182368053216, 32.793936211398275 ], [ 35.037574296369542, 32.79404097533012 ], [ 35.03775471168408, 32.794093688710483 ], [ 35.038128056290049, 32.794202929241578 ], [ 35.038531561462904, 32.794333576956348 ], [ 35.038935564135137, 32.794491374039403 ], [ 35.039291555530433, 32.79464495062436 ], [ 35.039294718364054, 32.794646314548764 ], [ 35.039838313538823, 32.794892190710662 ], [ 35.040393860099954, 32.795195616359365 ], [ 35.040610756360614, 32.795329350930388 ], [ 35.040931740930503, 32.795526429782122 ], [ 35.041473283623901, 32.795896288097985 ], [ 35.041963241131981, 32.796285741304033 ], [ 35.042437873526374, 32.79670626857537 ], [ 35.043035015482204, 32.79734381652483 ], [ 35.043079757516786, 32.797398340982561 ], [ 35.04342489991496, 32.797819420748866 ], [ 35.043805612312191, 32.798348480602783 ], [ 35.0441710588414, 32.798887144409775 ], [ 35.044248037143639, 32.799000613717716 ], [ 35.04473248425019, 32.799743422604777 ], [ 35.044789975982702, 32.799830862780972 ], [ 35.045127922840095, 32.80035192905958 ], [ 35.045535629432926, 32.800964252221021 ], [ 35.045770211193393, 32.801316475993275 ], [ 35.045864972082782, 32.801464292455783 ], [ 35.046025103365459, 32.801714090087771 ], [ 35.046168199796654, 32.801938057719504 ], [ 35.046965329246483, 32.803135982532936 ], [ 35.047569530966193, 32.804044200038966 ], [ 35.047771010213843, 32.804347059460682 ], [ 35.047799767086588, 32.804389836572618 ], [ 35.048100930095956, 32.804836549915493 ], [ 35.048234862920822, 32.805052042168491 ], [ 35.048437639943423, 32.805349855320955 ], [ 35.048573847990085, 32.805610341793518 ], [ 35.048579069225788, 32.805615756643945 ], [ 35.048781990703198, 32.805825932077802 ], [ 35.0490027489829, 32.806037471033136 ], [ 35.049195100846319, 32.806189368895758 ], [ 35.049226448177457, 32.806212491078625 ], [ 35.049262490539306, 32.806239136573623 ], [ 35.04895871819658, 32.806490516042579 ], [ 35.048858313062048, 32.806573523814968 ], [ 35.048827224575064, 32.806586282917017 ], [ 35.048826896736635, 32.806593053319517 ], [ 35.048826552763487, 32.806599279079606 ], [ 35.048655431915115, 32.806582204705407 ], [ 35.04864156255303, 32.806580826799838 ], [ 35.048649228950097, 32.806710500633351 ], [ 35.048646086947201, 32.806800938294622 ], [ 35.048642599812482, 32.806901927131577 ], [ 35.048641909998857, 32.806917881723372 ], [ 35.048584037852734, 32.807233406618359 ], [ 35.048581024039066, 32.807249716288929 ], [ 35.048512614070177, 32.807601930509556 ], [ 35.048463739902587, 32.807888691706324 ], [ 35.04846158911667, 32.807901135088258 ], [ 35.048423740122779, 32.808166459625198 ], [ 35.048407448672556, 32.808514218463145 ], [ 35.048409103750082, 32.808604021866515 ], [ 35.048411447128224, 32.808728280690396 ], [ 35.048452402605342, 32.809061424044138 ], [ 35.048544139471659, 32.80941598536355 ], [ 35.048648406854959, 32.809691139336117 ], [ 35.048730180959744, 32.809883932641284 ], [ 35.048765808492014, 32.809968010128557 ], [ 35.048948549614487, 32.810248940203195 ], [ 35.049028771603673, 32.810350115850575 ], [ 35.049133399787706, 32.810481894483566 ], [ 35.049310093226019, 32.810674258632979 ], [ 35.049543408235614, 32.810916922224926 ], [ 35.049816073642646, 32.81119001106444 ], [ 35.049950164468918, 32.811322646814091 ], [ 35.050076905282843, 32.81144840156481 ], [ 35.050196192520197, 32.811563525075051 ], [ 35.050319734092724, 32.811683595878868 ], [ 35.050405876789533, 32.81176729590932 ], [ 35.050511722026421, 32.811873460502916 ], [ 35.050550302339445, 32.81191227886238 ], [ 35.050851954768682, 32.812223739162079 ], [ 35.05118881047926, 32.812549837490785 ], [ 35.051269142948563, 32.812627255837171 ], [ 35.051423012361184, 32.812775545001848 ], [ 35.051448816281408, 32.812801272036964 ], [ 35.051483783157991, 32.812836216530862 ], [ 35.051831903149257, 32.813176819753451 ], [ 35.051667268129222, 32.813249385548978 ], [ 35.050311014967257, 32.813386689762901 ], [ 35.050212210422629, 32.813396692318392 ], [ 35.049366225062897, 32.813769569225713 ], [ 35.048936636826461, 32.813958931888457 ], [ 35.048292150685889, 32.814242975226946 ], [ 35.047694878683714, 32.814144576807806 ], [ 35.047482704168566, 32.814084618187806 ], [ 35.047116947278127, 32.813981179764951 ], [ 35.04644359497302, 32.813799634893336 ], [ 35.046391212981348, 32.813774231265107 ], [ 35.046342025456198, 32.813750274354135 ], [ 35.046321543408936, 32.813740329888773 ], [ 35.046306720028618, 32.813733184202341 ], [ 35.046211763118421, 32.813687082504771 ], [ 35.046091328758941, 32.813673404910659 ], [ 35.045922759306478, 32.813654173177603 ], [ 35.045633654913836, 32.81368635075777 ], [ 35.045590089806609, 32.813686295506585 ], [ 35.045440919437823, 32.813686106207363 ], [ 35.045380147391604, 32.81369766446327 ], [ 35.045252278584648, 32.813722024395034 ], [ 35.045222253535655, 32.813727758855187 ], [ 35.045016750423422, 32.813766906747929 ], [ 35.04499772715927, 32.813777882264567 ], [ 35.044964909587712, 32.813796875186164 ], [ 35.044794952090612, 32.813894667099653 ], [ 35.044750271915802, 32.813920389494093 ], [ 35.04471061339629, 32.813943239176503 ], [ 35.044650224448418, 32.813978056697302 ], [ 35.044262613104891, 32.814218855064695 ], [ 35.04391722290147, 32.814367642752025 ], [ 35.043907806585736, 32.814381514024362 ], [ 35.043799233551262, 32.814541972348387 ], [ 35.043565730405888, 32.814887291800886 ], [ 35.043239361894877, 32.81615157971806 ], [ 35.043110108287166, 32.816652300868768 ], [ 35.04306643103542, 32.816647913770232 ], [ 35.043044984292273, 32.816645728384664 ], [ 35.04276194843019, 32.816617134946434 ], [ 35.042562407952225, 32.816593799286757 ], [ 35.042462591575152, 32.816580509135797 ], [ 35.041773073108068, 32.817115131465258 ], [ 35.04096276576449, 32.817602247226993 ], [ 35.039957794440078, 32.819114421877728 ], [ 35.039667378754821, 32.819846385954058 ], [ 35.039425434695978, 32.820575536754902 ], [ 35.039305134796685, 32.82093791901903 ], [ 35.039262098284887, 32.821067556888991 ], [ 35.039241813847546, 32.821128668341842 ], [ 35.039203273528138, 32.821175499977819 ], [ 35.039147329491684, 32.821212666854606 ], [ 35.0394823145541, 32.821477059500793 ], [ 35.039350121073078, 32.821662987845549 ], [ 35.03763604949917, 32.824073717280456 ], [ 35.035756087688533, 32.826725026493186 ], [ 35.034057123161837, 32.829173356046276 ], [ 35.033110489997782, 32.830344614260348 ], [ 35.032735058631744, 32.830578609374946 ], [ 35.032345669157912, 32.83084776084894 ], [ 35.031734019372969, 32.831140056715242 ], [ 35.030705602620046, 32.831490398819106 ], [ 35.029649859162831, 32.831606184013609 ] ] ] } },
{ "type": "Feature", "properties": { "OBJECTID_12": 6, "OBJECTID": 670, "Shape_Leng": 16748.438384100002, "Shape_Area": 1545440.4756698944, "OBJECTID_1": 10, "SEMEL_YISH": 4000, "SHEM_YISHU": "חיפה", "SHEM_YIS_1": "HAIFA", "ROVA": 2, "TAT_ROVA": 23, "SchName": "נמל חיפה", "Shape_Length": 16748.438384051628, "בזב": null, "מצביעים": null, "כשרים": null, "אמת": null, "אצ": null, "ב": null, "ג": null, "ד": null, "ום": null, "ז": null, "זך": null, "זנ": null, "זץ": null, "ט": null, "י": null, "יז": null, "ינ": null, "יץ": null, "יק": null, "כן": null, "ך": null, "ל": null, "מחל": null, "מרצ": null, "נז": null, "ני": null, "נף": null, "נץ": null, "נק": null, "נר": null, "עם": null, "פה": null, "ף": null, "צ": null, "ץ": null, "ק": null, "קי": null, "קך": null, "קנ": null, "קץ": null, "רז": null, "שס": null, "ת": null, "n_stations": null, "turnout_pct": null, "אמת_pct": null, "אצ_pct": null, "ב_pct": null, "ג_pct": null, "ד_pct": null, "ום_pct": null, "ז_pct": null, "זך_pct": null, "זנ_pct": null, "זץ_pct": null, "ט_pct": null, "י_pct": null, "יז_pct": null, "ינ_pct": null, "יץ_pct": null, "יק_pct": null, "כן_pct": null, "ך_pct": null, "ל_pct": null, "מחל_pct": null, "מרצ_pct": null, "נז_pct": null, "ני_pct": null, "נף_pct": null, "נץ_pct": null, "נק_pct": null, "נר_pct": null, "עם_pct": null, "פה_pct": null, "ף_pct": null, "צ_pct": null, "ץ_pct": null, "ק_pct": null, "קי_pct": null, "קך_pct": null, "קנ_pct": null, "קץ_pct": null, "רז_pct": null, "שס_pct": null, "ת_pct": null }, "geometry": { "type": "Polygon", "coordinates": [ [ [ 34.988945328500115, 32.831466169268623 ], [ 34.988672866190925, 32.8315154758467 ], [ 34.988404197774699, 32.831540708806955 ], [ 34.988382390951742, 32.831540764048135 ], [ 34.988339269681774, 32.831540865450492 ], [ 34.988070116948556, 32.831541571853009 ], [ 34.987871766366538, 32.831556648646149 ], [ 34.987818347067837, 32.831561247706148 ], [ 34.987660688290738, 32.831574767021579 ], [ 34.987475135895316, 32.831590590303122 ], [ 34.987361566364349, 32.831600759229985 ], [ 34.987302815738154, 32.831605255951487 ], [ 34.987296723356629, 32.831605872057395 ], [ 34.987282947710092, 32.831609549590866 ], [ 34.987258469121194, 32.831616452828143 ], [ 34.98724790501354, 32.831610028010132 ], [ 34.987167610461384, 32.831559670088922 ], [ 34.986956825796483, 32.831498970363761 ], [ 34.986674810080487, 32.831437079704308 ], [ 34.986430281003521, 32.831417540142724 ], [ 34.986149519347371, 32.831410828360816 ], [ 34.985943328358957, 32.831390183398327 ], [ 34.98585624573743, 32.831368028400185 ], [ 34.985882723251962, 32.831326415753985 ], [ 34.985881288153969, 32.831301434696158 ], [ 34.98588015924075, 32.831283131170125 ], [ 34.985879842036134, 32.831277900827693 ], [ 34.985852982857693, 32.831215907087206 ], [ 34.985847664759092, 32.831203459921404 ], [ 34.985802300344496, 32.831149273129896 ], [ 34.985723973908236, 32.831124346214459 ], [ 34.985639766826488, 32.83114394603377 ], [ 34.985584401918842, 32.831032206794603 ], [ 34.985488659127824, 32.830855585406553 ], [ 34.985397911604537, 32.830688165388047 ], [ 34.985363363268839, 32.830622278121979 ], [ 34.98540782645032, 32.830610913502639 ], [ 34.985514585400999, 32.830583313826722 ], [ 34.985506406296579, 32.830566914053151 ], [ 34.985546679032105, 32.830558854857046 ], [ 34.985923340987036, 32.830483683622454 ], [ 34.986079232999728, 32.830452577789742 ], [ 34.986055678064496, 32.830391123647196 ], [ 34.985905723514072, 32.830000792716547 ], [ 34.985941001401052, 32.82998687812897 ], [ 34.987657527694985, 32.829312507852116 ], [ 34.988603101628918, 32.829229842768058 ], [ 34.988715246389674, 32.829227236312661 ], [ 34.98875080719214, 32.829226312938793 ], [ 34.988900320002649, 32.828918459102155 ], [ 34.988916102360342, 32.828885847867404 ], [ 34.989152918958311, 32.828380136851656 ], [ 34.989537239732698, 32.827644218810086 ], [ 34.989676237293942, 32.827487275912247 ], [ 34.98985446828452, 32.827271183524488 ], [ 34.990018718641139, 32.827005379390677 ], [ 34.99038334904678, 32.82636976563527 ], [ 34.990666561887622, 32.825973512869403 ], [ 34.990951519282575, 32.825646050429285 ], [ 34.991134055826294, 32.825459899544896 ], [ 34.991201927566458, 32.825390669888257 ], [ 34.991406371770843, 32.825238087905717 ], [ 34.991536383692527, 32.825042830150153 ], [ 34.991634981446879, 32.824894302984454 ], [ 34.991628458059658, 32.824896730964916 ], [ 34.991722665742387, 32.824801762889386 ], [ 34.991757887576895, 32.824766206919399 ], [ 34.991911721780568, 32.82456855195457 ], [ 34.992034187797152, 32.824396172923613 ], [ 34.992236456798054, 32.824216808407698 ], [ 34.992520304034208, 32.823947318091577 ], [ 34.992718088363901, 32.823765060686242 ], [ 34.99278915682482, 32.823698185351141 ], [ 34.992886494978798, 32.823633531942171 ], [ 34.993207975183786, 32.823437944728731 ], [ 34.993872494278222, 32.823047374823588 ], [ 34.993905216691488, 32.823027677448444 ], [ 34.994398847708929, 32.822740513306776 ], [ 34.994709309414546, 32.822546628641582 ], [ 34.995106977744435, 32.822285434555361 ], [ 34.995148353221225, 32.822258277215852 ], [ 34.995478025805049, 32.822032231522755 ], [ 34.995599184473747, 32.821958679087075 ], [ 34.995816755708383, 32.821849129468461 ], [ 34.995951692608145, 32.82196089228713 ], [ 34.995986116842623, 32.821993137204316 ], [ 34.996195487145528, 32.822193569540673 ], [ 34.996351188724788, 32.822331250349563 ], [ 34.996427207561531, 32.822404964423484 ], [ 34.996469553657249, 32.8223740373951 ], [ 34.996534759698314, 32.822326414762848 ], [ 34.996750757261864, 32.822570467367918 ], [ 34.996867118477695, 32.822510281410992 ], [ 34.997605574695783, 32.822136123883347 ], [ 34.99769494153383, 32.822089739798415 ], [ 34.997925038292649, 32.821970391403681 ], [ 34.997943748994295, 32.821960675902339 ], [ 34.997964276995695, 32.821950149169488 ], [ 34.99797315328064, 32.82194556969911 ], [ 34.99798888077877, 32.821937478624442 ], [ 34.998024370577298, 32.821919323010889 ], [ 34.998087239887091, 32.821886517681158 ], [ 34.99817747800487, 32.821839508912198 ], [ 34.998669816155932, 32.821590647497054 ], [ 34.998983297234659, 32.821428858173135 ], [ 34.999233414175166, 32.821279494105426 ], [ 34.999489286324867, 32.82109425892444 ], [ 34.999507687785211, 32.821080938628072 ], [ 34.999806503940832, 32.82083509116503 ], [ 35.000214261600618, 32.82049310853639 ], [ 35.000490303351036, 32.820214125743533 ], [ 35.001120706464341, 32.819543307358913 ], [ 35.001128726219299, 32.819534843595221 ], [ 35.001829129242083, 32.818787570893761 ], [ 35.002688169473338, 32.8179177513925 ], [ 35.002978611492097, 32.817591891966622 ], [ 35.003005178113177, 32.817555593889956 ], [ 35.003218862476906, 32.817263799769435 ], [ 35.003254982351699, 32.817206412930567 ], [ 35.003544545871222, 32.816747465767065 ], [ 35.003561048722126, 32.816721610125576 ], [ 35.003761414002078, 32.816275606430317 ], [ 35.00389168523818, 32.815897099785609 ], [ 35.003976026416026, 32.81561410495614 ], [ 35.003971574673535, 32.815603636417649 ], [ 35.003917096700725, 32.815473259439393 ], [ 35.003879983767057, 32.815400882630392 ], [ 35.003874247805136, 32.815389784454801 ], [ 35.003889925935695, 32.81535157428381 ], [ 35.003897871677069, 32.815328235030044 ], [ 35.00395527450295, 32.815158901113641 ], [ 35.00404383762443, 32.814854175007646 ], [ 35.004173578039548, 32.814380454013126 ], [ 35.00430837448949, 32.813887535816455 ], [ 35.004437835772151, 32.813440872859147 ], [ 35.004458938367328, 32.813361368421617 ], [ 35.004488116639692, 32.813250874942959 ], [ 35.004506753497559, 32.813180481749583 ], [ 35.004545085946134, 32.813037978419281 ], [ 35.004579425804614, 32.812910264546112 ], [ 35.004639883786503, 32.812665101117936 ], [ 35.004642403051697, 32.812638693711108 ], [ 35.00465661039366, 32.812491017613283 ], [ 35.004659227395088, 32.812463874581567 ], [ 35.004647107438338, 32.812346731914076 ], [ 35.004644563052786, 32.81233950891761 ], [ 35.004666754762603, 32.812344776832681 ], [ 35.004673706666722, 32.812346403752471 ], [ 35.004724279975946, 32.812358400260571 ], [ 35.004903903777276, 32.812400878510623 ], [ 35.004933999678443, 32.812407870381449 ], [ 35.005011582399256, 32.81242620450336 ], [ 35.005048185217127, 32.812435190428651 ], [ 35.005058534915001, 32.812437734346382 ], [ 35.005079244597802, 32.812442998025446 ], [ 35.005100048263927, 32.812448254637154 ], [ 35.005155968807365, 32.812462321649477 ], [ 35.005233646826461, 32.812482014633659 ], [ 35.005349454503786, 32.81250934149498 ], [ 35.005427040673354, 32.81228998964756 ], [ 35.005527414676152, 32.812099080811883 ], [ 35.00564495944338, 32.811910458784752 ], [ 35.005790904255541, 32.811728634456742 ], [ 35.006107658254329, 32.81137369170505 ], [ 35.006211163046558, 32.811257625801709 ], [ 35.007179869435923, 32.810185333182268 ], [ 35.00724790092621, 32.81022240876004 ], [ 35.00734591018167, 32.810275763728534 ], [ 35.007390273554023, 32.810299907793322 ], [ 35.007561665301772, 32.810393231884014 ], [ 35.008044817870129, 32.810639160340514 ], [ 35.008476019293909, 32.810858582489736 ], [ 35.009366799992442, 32.811184138381208 ], [ 35.0103363471286, 32.811372203857623 ], [ 35.010644254730082, 32.811196303609712 ], [ 35.010758958974449, 32.811233184397302 ], [ 35.010876161933162, 32.811246894576989 ], [ 35.011009190873345, 32.811254945732571 ], [ 35.011020404218151, 32.81125315155407 ], [ 35.011155750076981, 32.811232171676281 ], [ 35.011272431188132, 32.811193940562212 ], [ 35.011433155139358, 32.81112774454602 ], [ 35.011572506861192, 32.811080615934962 ], [ 35.011740012666124, 32.81103578381861 ], [ 35.011894899397589, 32.811011764750909 ], [ 35.012035967779902, 32.811005224285921 ], [ 35.012229954004034, 32.811017868121773 ], [ 35.012637735471046, 32.811064218081981 ], [ 35.012937571796769, 32.811118771195424 ], [ 35.013331786711589, 32.811167258602545 ], [ 35.013503219074686, 32.811188343748448 ], [ 35.013970332123044, 32.811259484352036 ], [ 35.014038986097098, 32.811260219933033 ], [ 35.014145863226538, 32.811260382378443 ], [ 35.014576957341113, 32.811298191773588 ], [ 35.014659679186323, 32.811308499956681 ], [ 35.015173257606193, 32.811371222466533 ], [ 35.015663798514382, 32.811467268017822 ], [ 35.01637929609538, 32.811626679682313 ], [ 35.016670880792546, 32.811696365291269 ], [ 35.016869116952265, 32.811717584300432 ], [ 35.017002605525526, 32.811709214489738 ], [ 35.017072459346281, 32.81190012139318 ], [ 35.017112594472145, 32.812009824380752 ], [ 35.01712352802047, 32.812039598347972 ], [ 35.017370788820365, 32.812793907077335 ], [ 35.017673880053707, 32.81277131945108 ], [ 35.016251447021304, 32.820243425500422 ], [ 35.015592023586748, 32.821006160481183 ], [ 35.013027235218431, 32.820682888399517 ], [ 35.014170114649239, 32.814444132413577 ], [ 35.011619703975228, 32.814073699504149 ], [ 35.011551924405971, 32.814375059198568 ], [ 35.009651195555776, 32.822826072127079 ], [ 35.008633760853876, 32.822943963548816 ], [ 35.008566043636847, 32.8225969281037 ], [ 35.008466115057928, 32.82208484021902 ], [ 35.008014042586694, 32.822107804808219 ], [ 35.008026427003493, 32.821681673117212 ], [ 35.007269212307811, 32.82165985688674 ], [ 35.007170600497012, 32.82163193042804 ], [ 35.007121386694216, 32.821576308804318 ], [ 35.007121816388718, 32.8213819061016 ], [ 35.007503614674917, 32.819771735809219 ], [ 35.006780368056177, 32.819617850864667 ], [ 35.006797182097138, 32.819451246015014 ], [ 35.006616902188689, 32.819173241739101 ], [ 35.006947186837664, 32.818161287835196 ], [ 35.006807843081205, 32.818097895581673 ], [ 35.005682492862768, 32.818042313268741 ], [ 35.00567771462066, 32.818080509391201 ], [ 35.005677221537297, 32.818082309283604 ], [ 35.005676356202287, 32.81808391652514 ], [ 35.005675357211608, 32.818085122302449 ], [ 35.005674146044214, 32.81808618166913 ], [ 35.005672133763412, 32.818087341655172 ], [ 35.005669528505429, 32.818088165271163 ], [ 35.005666893594665, 32.818088398233051 ], [ 35.005579594842352, 32.818084896321558 ], [ 35.005576969972509, 32.818084456636697 ], [ 35.005575066557256, 32.818083723244918 ], [ 35.005573368831776, 32.818082692622006 ], [ 35.005572163454843, 32.818081631221865 ], [ 35.005571169841353, 32.818080422280865 ], [ 35.005570310604725, 32.818078811399459 ], [ 35.005569924769866, 32.818077525878373 ], [ 35.00556976529144, 32.818075773641269 ], [ 35.005573698191796, 32.81803694048898 ], [ 35.005310682150032, 32.818023947538663 ], [ 35.004047022524787, 32.818136331768486 ], [ 34.999432092571489, 32.823356405546704 ], [ 34.996680872682042, 32.824291885100251 ], [ 34.991524330304017, 32.826160987443934 ], [ 34.99236095798824, 32.827796541928272 ], [ 34.992403476110525, 32.827879631488941 ], [ 34.992285415101897, 32.827919254551794 ], [ 34.990848165946041, 32.828401660335587 ], [ 34.990649333659618, 32.828854980133535 ], [ 34.990986877696017, 32.829499697732082 ], [ 34.990562854174769, 32.829570550974431 ], [ 34.990703401374205, 32.829832840479533 ], [ 34.990391994207279, 32.830118595290934 ], [ 34.990518515499993, 32.830406373358898 ], [ 34.990681115798864, 32.830776194358663 ], [ 34.997155844604684, 32.828568932665796 ], [ 35.004276858940429, 32.825764993313527 ], [ 35.005368376731852, 32.825520463353755 ], [ 35.006429106866868, 32.825314193345051 ], [ 35.007581588536254, 32.825264156333134 ], [ 35.009879516853012, 32.82541980365886 ], [ 35.009932206587841, 32.825423374158682 ], [ 35.010077668026028, 32.82546042503197 ], [ 35.010214987840669, 32.825495402747279 ], [ 35.012838106919588, 32.826163508640342 ], [ 35.013879100097704, 32.826428634014817 ], [ 35.016013332226755, 32.82722309354444 ], [ 35.016167178741746, 32.827145552504241 ], [ 35.016489605601272, 32.827289180061847 ], [ 35.016514812915382, 32.827539145343351 ], [ 35.016497552646811, 32.82758063950611 ], [ 35.016482421209567, 32.827604199563964 ], [ 35.016329036723512, 32.827673576885729 ], [ 35.016315089713139, 32.827673270996499 ], [ 35.016282611966552, 32.827664052015948 ], [ 35.01571601748217, 32.827454654821892 ], [ 35.015635530602744, 32.827415644531811 ], [ 35.015552783096545, 32.827375538834097 ], [ 35.015470036732857, 32.827335433083284 ], [ 35.015387290443755, 32.827295327277788 ], [ 35.01529806765015, 32.827254932110172 ], [ 35.015208846005507, 32.827214536880618 ], [ 35.015119623375817, 32.827174140684171 ], [ 35.01503040082526, 32.82713374532586 ], [ 35.0149349141507, 32.827101185116966 ], [ 35.014839427544217, 32.82706862573697 ], [ 35.014743941009662, 32.827036065382565 ], [ 35.014648454545096, 32.827003504955393 ], [ 35.014564274411775, 32.82697506428724 ], [ 35.014480094332349, 32.826946623562542 ], [ 35.014395914306846, 32.826918182781313 ], [ 35.014311734335244, 32.826889741943546 ], [ 35.014227554417538, 32.82686130104922 ], [ 35.01413301857437, 32.826829853455529 ], [ 35.014038481728271, 32.826798406690585 ], [ 35.013943946018998, 32.826766958954288 ], [ 35.013849410376665, 32.826735511146673 ], [ 35.013754873731386, 32.826704064167821 ], [ 35.013660338222927, 32.826672616217557 ], [ 35.013560954321335, 32.826652627583705 ], [ 35.013461570464621, 32.826632638871004 ], [ 35.013365102359892, 32.82661206211953 ], [ 35.013364117088777, 32.82661185142404 ], [ 35.012059345141125, 32.826295956513128 ], [ 35.01125232139826, 32.826100556803873 ], [ 35.009716632566345, 32.825643955611312 ], [ 35.007611637274273, 32.825562891682893 ], [ 35.006459141102006, 32.825612919920623 ], [ 35.005459881675407, 32.825792807973137 ], [ 35.004414333882146, 32.826076855642107 ], [ 35.000610148275321, 32.827514358164464 ], [ 35.000556987142076, 32.827534445084623 ], [ 35.000556942248565, 32.827534462143582 ], [ 35.000468749869086, 32.827565682831761 ], [ 35.000371213703644, 32.827600211852186 ], [ 35.00027367746101, 32.827634741697821 ], [ 35.00017614114325, 32.827669271466974 ], [ 35.000078604752396, 32.827703800257936 ], [ 34.999981068284356, 32.827738329874116 ], [ 34.999883531741162, 32.827772859413798 ], [ 34.999785995124917, 32.827807387975298 ], [ 34.999688458431464, 32.827841917362008 ], [ 34.999590921662872, 32.827876446672228 ], [ 34.999493384821207, 32.827910975004279 ], [ 34.999395846834361, 32.827945504159743 ], [ 34.999298309842445, 32.827980032338822 ], [ 34.9992007727733, 32.828014561343089 ], [ 34.999103235629022, 32.828049090270852 ], [ 34.999005698411679, 32.828083618220447 ], [ 34.998908161117136, 32.828118146995216 ], [ 34.998810623747467, 32.828152675693516 ], [ 34.998713086304718, 32.82818720341362 ], [ 34.998615548784763, 32.828221731958962 ], [ 34.998518011189688, 32.828256260427757 ], [ 34.998420473521541, 32.828290787918426 ], [ 34.998322934708206, 32.828325316232473 ], [ 34.998225396889794, 32.828359843570119 ], [ 34.998127858994174, 32.828394371732976 ], [ 34.998030321023421, 32.828428899819336 ], [ 34.997932782979596, 32.828463426927506 ], [ 34.997835244858571, 32.828497954860872 ], [ 34.997737706662413, 32.828532482717726 ], [ 34.997640168393204, 32.828567009596448 ], [ 34.99754263004678, 32.828601537300308 ], [ 34.99744509162521, 32.828636064927686 ], [ 34.997347553130638, 32.828670591576881 ], [ 34.997250013490827, 32.828705119049523 ], [ 34.997152474845954, 32.828739645545724 ], [ 34.997054936123874, 32.828774172867128 ], [ 34.996957397326646, 32.828808700112013 ], [ 34.996859858456389, 32.828843226378751 ], [ 34.99676231950891, 32.82887775347065 ], [ 34.996664780486284, 32.828912280486044 ], [ 34.996567241390643, 32.828946806523305 ], [ 34.996469702217766, 32.828981333385698 ], [ 34.996372162969749, 32.829015860171616 ], [ 34.996274623648716, 32.829050385979336 ], [ 34.996177083182459, 32.829084912610469 ], [ 34.996079543711161, 32.829119438265181 ], [ 34.995982004162627, 32.829153964745124 ], [ 34.995884464538975, 32.829188491148521 ], [ 34.995786924842292, 32.829223016573771 ], [ 34.995689385068367, 32.829257542824166 ], [ 34.995591845219316, 32.829292068998072 ], [ 34.995494305297235, 32.829326594193802 ], [ 34.995396765297926, 32.829361120214713 ], [ 34.995299225223476, 32.829395646159092 ], [ 34.995201685076033, 32.829430171125331 ], [ 34.995104143783344, 32.82946469691494 ], [ 34.995006603485642, 32.829499221728177 ], [ 34.994909063110676, 32.82953374736654 ], [ 34.994811522660598, 32.829568272928441 ], [ 34.994713982137512, 32.829602797512173 ], [ 34.994616441537161, 32.829637322921037 ], [ 34.994518900861692, 32.829671848253412 ], [ 34.994421360113236, 32.829706372607589 ], [ 34.994323819287516, 32.829740897786969 ], [ 34.994226278386655, 32.82977542288981 ], [ 34.994128737412815, 32.829809947014503 ], [ 34.994031195293722, 32.829844471962538 ], [ 34.993933654169616, 32.829878995934216 ], [ 34.99383611296826, 32.829913520731019 ], [ 34.993738571691772, 32.82994804545136 ], [ 34.993659816047753, 32.829975921117466 ], [ 34.993603684239147, 32.829994522201289 ], [ 34.990773023590755, 32.830932458670418 ], [ 34.989925187179111, 32.831257688493118 ], [ 34.989767999364382, 32.831255145901075 ], [ 34.989730486278773, 32.831268149731613 ], [ 34.989665442082753, 32.831264710031839 ], [ 34.989595705537035, 32.831261071087944 ], [ 34.989548184946308, 32.831258646041633 ], [ 34.988945328500115, 32.831466169268623 ] ] ] } },
{ "type": "Feature", "properties": { "OBJECTID_12": 7, "OBJECTID": 671, "Shape_Leng": 5971.0813202400004, "Shape_Area": 637906.20093886228, "OBJECTID_1": 11, "SEMEL_YISH": 4000, "SHEM_YISHU": "חיפה", "SHEM_YIS_1": "HAIFA", "ROVA": 3, "TAT_ROVA": 31, "SchName": "עיר תחתית מזרח, ואדי סאליב", "Shape_Length": 5971.0813202431555, "בזב": 1592.0, "מצביעים": 490.0, "כשרים": 480.0, "אמת": 29.0, "אצ": 3.0, "ב": 2.0, "ג": 2.0, "ד": 40.0, "ום": 71.0, "ז": 2.0, "זך": 0.0, "זנ": 0.0, "זץ": 0.0, "ט": 21.0, "י": 1.0, "יז": 3.0, "ינ": 0.0, "יץ": 0.0, "יק": 0.0, "כן": 12.0, "ך": 3.0, "ל": 48.0, "מחל": 81.0, "מרצ": 26.0, "נז": 0.0, "ני": 0.0, "נף": 1.0, "נץ": 0.0, "נק": 1.0, "נר": 0.0, "עם": 38.0, "פה": 81.0, "ף": 0.0, "צ": 1.0, "ץ": 0.0, "ק": 1.0, "קי": 0.0, "קך": 0.0, "קנ": 0.0, "קץ": 1.0, "רז": 0.0, "שס": 12.0, "ת": 0.0, "n_stations": 3.0, "turnout_pct": 30.778894472361806, "אמת_pct": 6.041666666666667, "אצ_pct": 0.625, "ב_pct": 0.41666666666666669, "ג_pct": 0.41666666666666669, "ד_pct": 8.3333333333333321, "ום_pct": 14.791666666666666, "ז_pct": 0.41666666666666669, "זך_pct": 0.0, "זנ_pct": 0.0, "זץ_pct": 0.0, "ט_pct": 4.375, "י_pct": 0.20833333333333334, "יז_pct": 0.625, "ינ_pct": 0.0, "יץ_pct": 0.0, "יק_pct": 0.0, "כן_pct": 2.5, "ך_pct": 0.625, "ל_pct": 10.0, "מחל_pct": 16.875, "מרצ_pct": 5.416666666666667, "נז_pct": 0.0, "ני_pct": 0.0, "נף_pct": 0.20833333333333334, "נץ_pct": 0.0, "נק_pct": 0.20833333333333334, "נר_pct": 0.0, "עם_pct": 7.9166666666666661, "פה_pct": 16.875, "ף_pct": 0.0, "צ_pct": 0.20833333333333334, "ץ_pct": 0.0, "ק_pct": 0.20833333333333334, "קי_pct": 0.0, "קך_pct": 0.0, "קנ_pct": 0.0, "קץ_pct": 0.20833333333333334, "רז_pct": 0.0, "שס_pct": 2.5, "ת_pct": 0.0 }, "geometry": { "type": "Polygon", "coordinates": [ [ [ 35.004582415534088, 32.811815796935939 ], [ 35.004570003885199, 32.811825251194499 ], [ 35.00445620474698, 32.811911888832483 ], [ 35.004427128025469, 32.811929071005039 ], [ 35.004223220277467, 32.812049762010453 ], [ 35.003946430465398, 32.812250388134913 ], [ 35.003791650290687, 32.812372410421339 ], [ 35.003636348607934, 32.812442674622893 ], [ 35.003614971494578, 32.812452197364792 ], [ 35.00335629484929, 32.812572341944275 ], [ 35.003301137719113, 32.812598217552953 ], [ 35.00300698156078, 32.81273318682198 ], [ 35.002969351169604, 32.812750429734017 ], [ 35.002687173972717, 32.812873867760437 ], [ 35.002588854623397, 32.812913746196507 ], [ 35.002526250904111, 32.813016797792301 ], [ 35.002413783424373, 32.813218413885465 ], [ 35.002309540149476, 32.813372615117167 ], [ 35.002141764157372, 32.813577479725957 ], [ 35.002015659689512, 32.813715323882988 ], [ 35.001876947236035, 32.813860726225073 ], [ 35.001872340183844, 32.813865678071103 ], [ 35.001823262042961, 32.813912663315186 ], [ 35.001734289485107, 32.813997828273024 ], [ 35.001587924672023, 32.814129409410114 ], [ 35.001526219999676, 32.814168627657672 ], [ 35.001503541291129, 32.814183011644708 ], [ 35.001427623017001, 32.81423113624993 ], [ 35.001186238366834, 32.814397017328538 ], [ 35.000987336679565, 32.814526359231976 ], [ 35.000800022827249, 32.814674200707337 ], [ 35.000627461126427, 32.814816020074069 ], [ 35.000596765701992, 32.814841307612674 ], [ 35.00037451641149, 32.815039853130315 ], [ 35.000230984950385, 32.815141605743605 ], [ 35.000038934710815, 32.815262479597976 ], [ 35.000056282739713, 32.815191461025272 ], [ 35.00008948004939, 32.81505571612486 ], [ 35.000154589131334, 32.814834452855685 ], [ 35.000167493506872, 32.814782239882135 ], [ 35.000204169576001, 32.814633821946948 ], [ 35.000233027221761, 32.814525939366433 ], [ 35.000261998000845, 32.814418049748184 ], [ 35.000309845607617, 32.814277373867775 ], [ 35.000323491808388, 32.814237361954866 ], [ 35.000404342089581, 32.814044711377505 ], [ 35.000525313391442, 32.81381380873794 ], [ 35.000709045179434, 32.813504193117566 ], [ 35.000756529957748, 32.813423751190712 ], [ 35.000800484436013, 32.813349432295219 ], [ 35.000875409283971, 32.813222596968544 ], [ 35.001006763685318, 32.812988368138249 ], [ 35.00112964803251, 32.812753053298742 ], [ 35.00122665824879, 32.812588107573362 ], [ 35.001323100986475, 32.812437770041335 ], [ 35.001408000125025, 32.812297062709426 ], [ 35.001491086182696, 32.812147774593008 ], [ 35.001518371148201, 32.812075430165635 ], [ 35.001509534754931, 32.812065316909617 ], [ 35.001475031318428, 32.812025492820972 ], [ 35.001367193717535, 32.811974006380836 ], [ 35.001213296597115, 32.811891527934414 ], [ 35.001104342269997, 32.811817594566186 ], [ 35.000996645909041, 32.811750247293084 ], [ 35.000982226107602, 32.811740176325415 ], [ 35.000915843389365, 32.811693846883237 ], [ 35.000859125806763, 32.811654266043831 ], [ 35.000852401003776, 32.811649561810562 ], [ 35.000844944966374, 32.811644305455012 ], [ 35.000693462783154, 32.811538580193911 ], [ 35.000543502479509, 32.811416510471815 ], [ 35.000451478274137, 32.811314294607605 ], [ 35.000405910996939, 32.811211066933161 ], [ 35.000412046607579, 32.811185739413808 ], [ 35.000324533704223, 32.811122477540536 ], [ 35.000225693413185, 32.811011860162878 ], [ 35.000120502725771, 32.81088518495087 ], [ 35.000110908603119, 32.810873624046316 ], [ 35.00008969542904, 32.810767637135342 ], [ 35.000082374661375, 32.810602525565571 ], [ 35.000071472474623, 32.810464553555505 ], [ 35.000069201578107, 32.810435056437257 ], [ 35.000085386824715, 32.810405602060165 ], [ 35.000120728661749, 32.810341179797625 ], [ 35.000254538045148, 32.810398211784928 ], [ 35.000375607793188, 32.810450256356773 ], [ 35.000472905777379, 32.810479535875963 ], [ 35.000482744562674, 32.810482619452749 ], [ 35.000618005112678, 32.810535133237529 ], [ 35.000709825569615, 32.810590659097386 ], [ 35.000849729710666, 32.810621806501373 ], [ 35.001006261093899, 32.810624858819843 ], [ 35.001264720033369, 32.810599306091014 ], [ 35.001542637367237, 32.810559813553773 ], [ 35.00180857251064, 32.810530934654885 ], [ 35.002065904490216, 32.81053081605436 ], [ 35.002251276803563, 32.810525973126886 ], [ 35.002360831983353, 32.810526149953411 ], [ 35.002471783224564, 32.810519025237703 ], [ 35.002604182195675, 32.810477580561127 ], [ 35.002723996198526, 32.810422049092701 ], [ 35.002748479888496, 32.810410729923277 ], [ 35.002870818284165, 32.810328060574342 ], [ 35.002956450558898, 32.810238568470169 ], [ 35.003008299846748, 32.810160927902992 ], [ 35.003034855816679, 32.810078644407085 ], [ 35.003054854569406, 32.810020072953385 ], [ 35.003051370177047, 32.810000320313506 ], [ 35.003051391125616, 32.809991030222982 ], [ 35.003048409798012, 32.809983995844306 ], [ 35.003015595709883, 32.809955986136671 ], [ 35.002996832885046, 32.809939993318835 ], [ 35.002832362340882, 32.80986146366682 ], [ 35.002763902070292, 32.809822758351224 ], [ 35.002718365060623, 32.809796989517622 ], [ 35.00275574972818, 32.80974286980922 ], [ 35.002837171957744, 32.809625226508977 ], [ 35.002985844855871, 32.809413028194967 ], [ 35.003119485629682, 32.809238585495677 ], [ 35.00314294501603, 32.809184137606579 ], [ 35.003178959474646, 32.809100541077513 ], [ 35.003193347311857, 32.80906738195808 ], [ 35.003300060295075, 32.808858092298223 ], [ 35.003396328486033, 32.808634896118825 ], [ 35.003405979440622, 32.808613701124536 ], [ 35.00341994517359, 32.808582995702523 ], [ 35.003490560889283, 32.808375720003909 ], [ 35.003523562965874, 32.808325191669972 ], [ 35.003617739047833, 32.808180980114258 ], [ 35.003822728637424, 32.807852196667788 ], [ 35.004015739358522, 32.807534655823197 ], [ 35.004237394184592, 32.807254944938641 ], [ 35.004414783832274, 32.807023093278424 ], [ 35.004482400622223, 32.806935241231578 ], [ 35.004769739236416, 32.806639855519094 ], [ 35.005017800347112, 32.8063381686909 ], [ 35.005046602053277, 32.806302695106332 ], [ 35.005109238184659, 32.806225707378097 ], [ 35.005112055068075, 32.806222240347928 ], [ 35.005129475525564, 32.80620084567866 ], [ 35.00514414334144, 32.806182835184423 ], [ 35.005260951662059, 32.806039292233429 ], [ 35.005576744541507, 32.805672900151272 ], [ 35.005604925676778, 32.805641172879554 ], [ 35.005696953103779, 32.805537556753428 ], [ 35.005807618026743, 32.805412850689279 ], [ 35.005966476459818, 32.805226634444097 ], [ 35.006058419339261, 32.805127052981049 ], [ 35.006111430802427, 32.805102881423124 ], [ 35.006069246111913, 32.805061521632894 ], [ 35.005988594881856, 32.804982503936067 ], [ 35.005932988884986, 32.804926950940015 ], [ 35.005804317531762, 32.804833417310043 ], [ 35.005765228358534, 32.804805016934381 ], [ 35.005743879110845, 32.804789497408656 ], [ 35.00576474595745, 32.804722358965698 ], [ 35.00579065398685, 32.804639088227191 ], [ 35.005801047411651, 32.804579318923835 ], [ 35.005806988733347, 32.804544437373622 ], [ 35.005818156796089, 32.804469519066814 ], [ 35.005775354180656, 32.804366303021652 ], [ 35.005685868557769, 32.804278241565562 ], [ 35.005597750837481, 32.804196406596738 ], [ 35.005499238502203, 32.80408858902809 ], [ 35.005453091583867, 32.803997265382954 ], [ 35.005421717025399, 32.803897402725433 ], [ 35.005421204845582, 32.803881928874944 ], [ 35.005418805921813, 32.803815244029181 ], [ 35.00541830701998, 32.803800999205926 ], [ 35.005414676682513, 32.803701898373539 ], [ 35.005428244004527, 32.803654314193466 ], [ 35.005460304062339, 32.803541295639391 ], [ 35.005517627409922, 32.803448417722997 ], [ 35.005678511619983, 32.803319737466602 ], [ 35.00569720622655, 32.803308398596869 ], [ 35.005953566207353, 32.803158312688907 ], [ 35.00599675741298, 32.803131611688634 ], [ 35.006259445414287, 32.802969070179884 ], [ 35.006302854229403, 32.802942374827296 ], [ 35.006358555713859, 32.802908186902386 ], [ 35.006570333736846, 32.802789059140757 ], [ 35.006715926879124, 32.802722799173871 ], [ 35.006724538822944, 32.802718882291828 ], [ 35.00683518307487, 32.802709406990111 ], [ 35.007009164328473, 32.80273339045268 ], [ 35.007208971382418, 32.802787905971222 ], [ 35.007241867836065, 32.802796875505599 ], [ 35.007534875699029, 32.802873986641089 ], [ 35.007750777089086, 32.802919945190446 ], [ 35.007924680392968, 32.802974325110227 ], [ 35.008087211869793, 32.803011821708878 ], [ 35.008261536667689, 32.803022727629205 ], [ 35.008383484466009, 32.803012819621763 ], [ 35.008407412665477, 32.803010601942248 ], [ 35.008507976298027, 32.802979637386485 ], [ 35.008596729880537, 32.802952294415782 ], [ 35.008818926818336, 32.802799894966931 ], [ 35.008910774254367, 32.802729615309218 ], [ 35.009014213711239, 32.802650325024565 ], [ 35.009093939553814, 32.802593744664513 ], [ 35.009286775216452, 32.802456894248643 ], [ 35.009293081479967, 32.802454650744913 ], [ 35.009407412035301, 32.802414251763985 ], [ 35.0094136051246, 32.802412006274537 ], [ 35.009682335881742, 32.802216853642932 ], [ 35.010061911911883, 32.801963889159019 ], [ 35.010415618318831, 32.801766607135747 ], [ 35.010484350444059, 32.80173190194327 ], [ 35.010497895149769, 32.80173958279476 ], [ 35.010532269323214, 32.80173963601505 ], [ 35.010570168888762, 32.801739694682645 ], [ 35.010591004277906, 32.801737206699791 ], [ 35.010618343262131, 32.801733997504876 ], [ 35.010660677900987, 32.801706478429708 ], [ 35.010663000733558, 32.801670232179511 ], [ 35.010660362886547, 32.801655804624474 ], [ 35.010657822529012, 32.801641716256555 ], [ 35.010816978647931, 32.801558657718381 ], [ 35.011135707335811, 32.801399008513641 ], [ 35.011234242077521, 32.801349652209282 ], [ 35.011663166364059, 32.801128864597814 ], [ 35.011860860694995, 32.801031904925296 ], [ 35.012245017427503, 32.80084347764668 ], [ 35.012774080043613, 32.80057423046145 ], [ 35.012819180866465, 32.800550662492505 ], [ 35.012832218409102, 32.80054393236513 ], [ 35.0128602293575, 32.800529367788464 ], [ 35.013352396555476, 32.800278819616949 ], [ 35.013744725092394, 32.800097357629596 ], [ 35.014022984001983, 32.799983898044914 ], [ 35.014476817680389, 32.799840946566199 ], [ 35.014533416527428, 32.799823709967896 ], [ 35.014850746309641, 32.799727093680808 ], [ 35.015166086544447, 32.799638477006852 ], [ 35.015478972179935, 32.799551134433962 ], [ 35.015857910613782, 32.799433851539625 ], [ 35.01590573988944, 32.799418926581794 ], [ 35.016096797285996, 32.799359280278182 ], [ 35.016183957355672, 32.799338036672083 ], [ 35.016392894293773, 32.799285332771234 ], [ 35.016793356384269, 32.799138331591884 ], [ 35.016958323946099, 32.799078247235009 ], [ 35.017565164904759, 32.798872298445033 ], [ 35.01794680170179, 32.798738799886685 ], [ 35.0182330297297, 32.798640032250113 ], [ 35.018416905416267, 32.798566455885741 ], [ 35.018497170440881, 32.798523203619233 ], [ 35.018584501599165, 32.798476529039462 ], [ 35.018699929349872, 32.798416925207199 ], [ 35.018954839870148, 32.798278711787781 ], [ 35.019149605402113, 32.798161162262659 ], [ 35.019193764835109, 32.798125779310304 ], [ 35.019354051215664, 32.798261268434374 ], [ 35.019442296515614, 32.798336335813666 ], [ 35.01951071581648, 32.798395132563371 ], [ 35.01953107336761, 32.798412565295685 ], [ 35.019544607657153, 32.798422319052392 ], [ 35.019500543991327, 32.798460946560311 ], [ 35.019458627131883, 32.798497577267277 ], [ 35.019090584107225, 32.798816504002801 ], [ 35.01881183826314, 32.79902015159545 ], [ 35.018576843670047, 32.799177052089142 ], [ 35.018152424315304, 32.799454767938734 ], [ 35.018120872900255, 32.799480244333679 ], [ 35.017849219112549, 32.799659456306735 ], [ 35.017632380338974, 32.799811346094288 ], [ 35.017528542421275, 32.799894951251744 ], [ 35.01726757142643, 32.800065343099313 ], [ 35.017219679880277, 32.800095661282249 ], [ 35.017115504614992, 32.800186040908187 ], [ 35.016883351204925, 32.800308945904305 ], [ 35.016612622877034, 32.800452348519627 ], [ 35.015333008913707, 32.801226256741487 ], [ 35.015073027959453, 32.801383113754767 ], [ 35.014549784237666, 32.801675369901304 ], [ 35.014035090259142, 32.802115339491259 ], [ 35.013708199039321, 32.802402840927996 ], [ 35.013414362711082, 32.802660456623002 ], [ 35.013127614963039, 32.802900682482978 ], [ 35.012949209104342, 32.803049188199978 ], [ 35.012839676572497, 32.803142266506192 ], [ 35.012354068493082, 32.803554929718317 ], [ 35.011352621336052, 32.804424618431632 ], [ 35.011234278467036, 32.804542196929354 ], [ 35.011193297985457, 32.804583336529184 ], [ 35.010996848298682, 32.804777529162401 ], [ 35.01091693970524, 32.804846655672385 ], [ 35.01055003562454, 32.805162219655678 ], [ 35.010204718334705, 32.805471681811092 ], [ 35.010174009936847, 32.805499770580553 ], [ 35.009893495438099, 32.805756318277282 ], [ 35.009586279853551, 32.806062956059314 ], [ 35.009294712211698, 32.806352216601077 ], [ 35.009018769698912, 32.806663956560278 ], [ 35.008916680171652, 32.806769741501142 ], [ 35.008847364202126, 32.80678036249963 ], [ 35.008770456615729, 32.806794941748215 ], [ 35.008703423700965, 32.806786905722582 ], [ 35.008682620107045, 32.80682401749845 ], [ 35.008541967372253, 32.807036334435743 ], [ 35.008350201090927, 32.807330804569304 ], [ 35.008317397869085, 32.80738700253562 ], [ 35.008302396940728, 32.807412498721682 ], [ 35.008204866312724, 32.807577901941869 ], [ 35.008147688480783, 32.807701788627263 ], [ 35.008111642817703, 32.807780096342356 ], [ 35.008101353531011, 32.807799820045126 ], [ 35.007985427752487, 32.808026149495554 ], [ 35.007888512754199, 32.808205255520747 ], [ 35.007837401059838, 32.808290287763533 ], [ 35.007788644119891, 32.808370731366622 ], [ 35.007683395502156, 32.808501951530779 ], [ 35.007594015020054, 32.808600363253042 ], [ 35.007337504654558, 32.808859185291688 ], [ 35.007077845528343, 32.809092681432524 ], [ 35.006985518533675, 32.809176305736308 ], [ 35.006923036429441, 32.809232197735597 ], [ 35.006916949925312, 32.809235252083532 ], [ 35.00675452624084, 32.809385851476208 ], [ 35.006359886254302, 32.809816328340624 ], [ 35.006019498964186, 32.810199007382934 ], [ 35.005751059516264, 32.810485407950821 ], [ 35.005713503724465, 32.810525932579672 ], [ 35.005433346686473, 32.810847836875716 ], [ 35.005163652668024, 32.811179865130065 ], [ 35.004992693330486, 32.811369574770374 ], [ 35.004900309450321, 32.811471948972077 ], [ 35.004677073965723, 32.811696476617449 ], [ 35.00458840636648, 32.811810757027196 ], [ 35.004582415534088, 32.811815796935939 ] ] ] } },
{ "type": "Feature", "properties": { "OBJECTID_12": 8, "OBJECTID": 672, "Shape_Leng": 1877.5318038800001, "Shape_Area": 164134.94594566672, "OBJECTID_1": 12, "SEMEL_YISH": 4000, "SHEM_YISHU": "חיפה", "SHEM_YIS_1": "HAIFA", "ROVA": 3, "TAT_ROVA": 32, "SchName": "קריית הממשלה ע\"ש רבין", "Shape_Length": 1877.5318038846628, "בזב": null, "מצביעים": null, "כשרים": null, "אמת": null, "אצ": null, "ב": null, "ג": null, "ד": null, "ום": null, "ז": null, "זך": null, "זנ": null, "זץ": null, "ט": null, "י": null, "יז": null, "ינ": null, "יץ": null, "יק": null, "כן": null, "ך": null, "ל": null, "מחל": null, "מרצ": null, "נז": null, "ני": null, "נף": null, "נץ": null, "נק": null, "נר": null, "עם": null, "פה": null, "ף": null, "צ": null, "ץ": null, "ק": null, "קי": null, "קך": null, "קנ": null, "קץ": null, "רז": null, "שס": null, "ת": null, "n_stations": null, "turnout_pct": null, "אמת_pct": null, "אצ_pct": null, "ב_pct": null, "ג_pct": null, "ד_pct": null, "ום_pct": null, "ז_pct": null, "זך_pct": null, "זנ_pct": null, "זץ_pct": null, "ט_pct": null, "י_pct": null, "יז_pct": null, "ינ_pct": null, "יץ_pct": null, "יק_pct": null, "כן_pct": null, "ך_pct": null, "ל_pct": null, "מחל_pct": null, "מרצ_pct": null, "נז_pct": null, "ני_pct": null, "נף_pct": null, "נץ_pct": null, "נק_pct": null, "נר_pct": null, "עם_pct": null, "פה_pct": null, "ף_pct": null, "צ_pct": null, "ץ_pct": null, "ק_pct": null, "קי_pct": null, "קך_pct": null, "קנ_pct": null, "קץ_pct": null, "רז_pct": null, "שס_pct": null, "ת_pct": null }, "geometry": { "type": "Polygon", "coordinates": [ [ [ 35.003874247805136, 32.815389784454801 ], [ 35.003824752558003, 32.81551034684 ], [ 35.003741898198321, 32.815646194397758 ], [ 35.00369945886527, 32.815715911797781 ], [ 35.003624904510438, 32.815819393779016 ], [ 35.003583123046418, 32.815879025884101 ], [ 35.003397261248999, 32.816144256491803 ], [ 35.003371976340716, 32.816185888413919 ], [ 35.003179139137309, 32.816457804334988 ], [ 35.002869517382628, 32.816766852968506 ], [ 35.002839351046454, 32.816797099393334 ], [ 35.002615561611968, 32.816970312461073 ], [ 35.002419884540039, 32.817087756760976 ], [ 35.002060989021388, 32.817316578026983 ], [ 35.00196966638525, 32.817373859944496 ], [ 35.001819527030911, 32.81747054607235 ], [ 35.001469543597572, 32.817691982577195 ], [ 35.001199283657478, 32.817862963606771 ], [ 35.000532520456176, 32.818280968890562 ], [ 34.999909768390239, 32.817577816292484 ], [ 34.999954789505104, 32.817545331597003 ], [ 35.000009442367869, 32.817505932220342 ], [ 35.000177868172756, 32.81740422502785 ], [ 35.000155545896881, 32.817357114081133 ], [ 35.000107619986679, 32.817255870770119 ], [ 35.000089034533843, 32.817165674139567 ], [ 35.000108869521128, 32.81712981743852 ], [ 35.000119810070515, 32.817109991796713 ], [ 35.000106235646641, 32.817117005534705 ], [ 35.0000121468873, 32.817166083343814 ], [ 34.999926975205781, 32.817052153686177 ], [ 34.999828562814095, 32.816943697233988 ], [ 34.999739513687999, 32.816841661616195 ], [ 34.999731750364901, 32.816831012588629 ], [ 34.999648831634254, 32.816716991742794 ], [ 34.999574869853504, 32.816608667945751 ], [ 34.999505606925084, 32.816494671145584 ], [ 34.999485826284513, 32.816460288885089 ], [ 34.999439449758476, 32.816382390797834 ], [ 34.999373875607425, 32.816291578808254 ], [ 34.999323208660343, 32.816221611228926 ], [ 34.999252775780839, 32.816152787947935 ], [ 34.999290258694259, 32.816109111975571 ], [ 34.999421948768024, 32.815955596680638 ], [ 34.99944261301723, 32.81593155718479 ], [ 34.999637032374366, 32.815715463333845 ], [ 34.999712043178164, 32.815643549052574 ], [ 34.99983126278979, 32.81552922022199 ], [ 34.999980392771747, 32.815365010815917 ], [ 35.000038934710815, 32.815262479597976 ], [ 35.000230984950385, 32.815141605743605 ], [ 35.00037451641149, 32.815039853130315 ], [ 35.000596765701992, 32.814841307612674 ], [ 35.000627461126427, 32.814816020074069 ], [ 35.000800022827249, 32.814674200707337 ], [ 35.000987336679565, 32.814526359231976 ], [ 35.001186238366834, 32.814397017328538 ], [ 35.001427623017001, 32.81423113624993 ], [ 35.001503541291129, 32.814183011644708 ], [ 35.001526219999676, 32.814168627657672 ], [ 35.001587924672023, 32.814129409410114 ], [ 35.001734289485107, 32.813997828273024 ], [ 35.001823262042961, 32.813912663315186 ], [ 35.001872340183844, 32.813865678071103 ], [ 35.001876947236035, 32.813860726225073 ], [ 35.002015659689512, 32.813715323882988 ], [ 35.002141764157372, 32.813577479725957 ], [ 35.002309540149476, 32.813372615117167 ], [ 35.002413783424373, 32.813218413885465 ], [ 35.002526250904111, 32.813016797792301 ], [ 35.002588854623397, 32.812913746196507 ], [ 35.002687173972717, 32.812873867760437 ], [ 35.002969351169604, 32.812750429734017 ], [ 35.00300698156078, 32.81273318682198 ], [ 35.003301137719113, 32.812598217552953 ], [ 35.00335629484929, 32.812572341944275 ], [ 35.003614971494578, 32.812452197364792 ], [ 35.003636348607934, 32.812442674622893 ], [ 35.003791650290687, 32.812372410421339 ], [ 35.003946430465398, 32.812250388134913 ], [ 35.004223220277467, 32.812049762010453 ], [ 35.004427128025469, 32.811929071005039 ], [ 35.00445620474698, 32.811911888832483 ], [ 35.004570003885199, 32.811825251194499 ], [ 35.004582415534088, 32.811815796935939 ], [ 35.004553168936397, 32.811905560479559 ], [ 35.004540382095151, 32.811944762723421 ], [ 35.004540143723716, 32.812051252942808 ], [ 35.004559068438994, 32.812127384059274 ], [ 35.004608486423123, 32.812236656791193 ], [ 35.004641487965188, 32.812330860402774 ], [ 35.004644563052786, 32.81233950891761 ], [ 35.004647107438338, 32.812346731914076 ], [ 35.004659227395088, 32.812463874581567 ], [ 35.00465661039366, 32.812491017613283 ], [ 35.004642403051697, 32.812638693711108 ], [ 35.004639883786503, 32.812665101117936 ], [ 35.004579425804614, 32.812910264546112 ], [ 35.004545085946134, 32.813037978419281 ], [ 35.004506753497559, 32.813180481749583 ], [ 35.004488116639692, 32.813250874942959 ], [ 35.004458938367328, 32.813361368421617 ], [ 35.004437835772151, 32.813440872859147 ], [ 35.00430837448949, 32.813887535816455 ], [ 35.004173578039548, 32.814380454013126 ], [ 35.00404383762443, 32.814854175007646 ], [ 35.00395527450295, 32.815158901113641 ], [ 35.003897871677069, 32.815328235030044 ], [ 35.003889925935695, 32.81535157428381 ], [ 35.003874247805136, 32.815389784454801 ] ] ] } },
{ "type": "Feature", "properties": { "OBJECTID_12": 9, "OBJECTID": 673, "Shape_Leng": 3537.69388334, "Shape_Area": 272473.74677360075, "OBJECTID_1": 13, "SEMEL_YISH": 4000, "SHEM_YISHU": "חיפה", "SHEM_YIS_1": "HAIFA", "ROVA": 3, "TAT_ROVA": 32, "SchName": "שער פלמר, תחנת רכבת השמונה", "Shape_Length": 3537.6938833396275, "בזב": null, "מצביעים": null, "כשרים": null, "אמת": null, "אצ": null, "ב": null, "ג": null, "ד": null, "ום": null, "ז": null, "זך": null, "זנ": null, "זץ": null, "ט": null, "י": null, "יז": null, "ינ": null, "יץ": null, "יק": null, "כן": null, "ך": null, "ל": null, "מחל": null, "מרצ": null, "נז": null, "ני": null, "נף": null, "נץ": null, "נק": null, "נר": null, "עם": null, "פה": null, "ף": null, "צ": null, "ץ": null, "ק": null, "קי": null, "קך": null, "קנ": null, "קץ": null, "רז": null, "שס": null, "ת": null, "n_stations": null, "turnout_pct": null, "אמת_pct": null, "אצ_pct": null, "ב_pct": null, "ג_pct": null, "ד_pct": null, "ום_pct": null, "ז_pct": null, "זך_pct": null, "זנ_pct": null, "זץ_pct": null, "ט_pct": null, "י_pct": null, "יז_pct": null, "ינ_pct": null, "יץ_pct": null, "יק_pct": null, "כן_pct": null, "ך_pct": null, "ל_pct": null, "מחל_pct": null, "מרצ_pct": null, "נז_pct": null, "ני_pct": null, "נף_pct": null, "נץ_pct": null, "נק_pct": null, "נר_pct": null, "עם_pct": null, "פה_pct": null, "ף_pct": null, "צ_pct": null, "ץ_pct": null, "ק_pct": null, "קי_pct": null, "קך_pct": null, "קנ_pct": null, "קץ_pct": null, "רז_pct": null, "שס_pct": null, "ת_pct": null }, "geometry": { "type": "Polygon", "coordinates": [ [ [ 34.995599184473747, 32.821958679087075 ], [ 34.995478025805049, 32.822032231522755 ], [ 34.995148353221225, 32.822258277215852 ], [ 34.995106977744435, 32.822285434555361 ], [ 34.994709309414546, 32.822546628641582 ], [ 34.994398847708929, 32.822740513306776 ], [ 34.993905216691488, 32.823027677448444 ], [ 34.993874453920952, 32.822985341910048 ], [ 34.993685735977301, 32.822725244161134 ], [ 34.993537844294643, 32.822535103917851 ], [ 34.993438315925744, 32.822491558674095 ], [ 34.993479256113773, 32.822473065486172 ], [ 34.993522774026474, 32.822453744367841 ], [ 34.993705257014149, 32.822372537124281 ], [ 34.994187519344045, 32.822143422528555 ], [ 34.994633386400658, 32.821909724011348 ], [ 34.994832067885746, 32.821799599832019 ], [ 34.99486532229291, 32.821780449514684 ], [ 34.995061510175603, 32.821635961922659 ], [ 34.99544620515357, 32.821296672240472 ], [ 34.995566173587228, 32.821191013188503 ], [ 34.995587250107626, 32.821172474445731 ], [ 34.995818870734162, 32.820944101064136 ], [ 34.995784640346713, 32.820922323230647 ], [ 34.995722163984105, 32.820882450993736 ], [ 34.99541958799049, 32.82062667167073 ], [ 34.995164580730098, 32.820397579979485 ], [ 34.995053884835151, 32.820291269673135 ], [ 34.994987995178747, 32.820200443197251 ], [ 34.994955948173946, 32.820155845222757 ], [ 34.994835461052077, 32.819986038494079 ], [ 34.994746014535359, 32.819836568040863 ], [ 34.994679356974203, 32.81975196988477 ], [ 34.994517563306758, 32.819531865019449 ], [ 34.994512719011034, 32.819526148301101 ], [ 34.994354734599689, 32.819339443681024 ], [ 34.994158010255205, 32.81912442657417 ], [ 34.99411698024192, 32.819086571457326 ], [ 34.99396907887148, 32.818951609607019 ], [ 34.993768407161923, 32.818781931218787 ], [ 34.993782491334798, 32.818786841170308 ], [ 34.993930064947932, 32.818838656984902 ], [ 34.993959923403018, 32.818849079314553 ], [ 34.994153703942224, 32.818908006608353 ], [ 34.994361241855529, 32.818934779887606 ], [ 34.994481671362507, 32.818940115195467 ], [ 34.994620704044813, 32.818945935111046 ], [ 34.994894299936632, 32.818944148955389 ], [ 34.995115851549734, 32.818911787278537 ], [ 34.995324595870144, 32.818874981033233 ], [ 34.99539468136453, 32.818863294037548 ], [ 34.995820524935063, 32.818776623292379 ], [ 34.996020420934997, 32.818731338784211 ], [ 34.996070114942214, 32.818720324392025 ], [ 34.996094140228998, 32.818715043497967 ], [ 34.996409960123422, 32.818651636973911 ], [ 34.996530999850755, 32.818627312943612 ], [ 34.996874027900219, 32.818570443487545 ], [ 34.997250923391469, 32.818501734040396 ], [ 34.99760694210029, 32.818454982992883 ], [ 34.997633888648828, 32.818437355280601 ], [ 34.997648223876809, 32.818427995069165 ], [ 34.997830247559897, 32.818309362648051 ], [ 34.997889225121568, 32.818250309091432 ], [ 34.997976578302136, 32.81801548088206 ], [ 34.998080955448664, 32.817768762120416 ], [ 34.998112290882951, 32.817697851659204 ], [ 34.998213950138705, 32.81746754897047 ], [ 34.998225112584336, 32.817443855611764 ], [ 34.998255469685233, 32.817380788202392 ], [ 34.99827575804823, 32.81733853234563 ], [ 34.998313850996873, 32.817258610643464 ], [ 34.998395964421206, 32.817119524842269 ], [ 34.99847783835579, 32.816993416614729 ], [ 34.998604793313319, 32.816859281657564 ], [ 34.99861399825685, 32.816849011209165 ], [ 34.998792143931254, 32.816651297260151 ], [ 34.998838390001524, 32.816602953341842 ], [ 34.99900065961225, 32.816435237497217 ], [ 34.999226669681946, 32.816182905804006 ], [ 34.999240581820196, 32.816167374446231 ], [ 34.999252775780839, 32.816152787947935 ], [ 34.999323208660343, 32.816221611228926 ], [ 34.999373875607425, 32.816291578808254 ], [ 34.999439449758476, 32.816382390797834 ], [ 34.999485826284513, 32.816460288885089 ], [ 34.999505606925084, 32.816494671145584 ], [ 34.999574869853504, 32.816608667945751 ], [ 34.999648831634254, 32.816716991742794 ], [ 34.999731750364901, 32.816831012588629 ], [ 34.999739513687999, 32.816841661616195 ], [ 34.999828562814095, 32.816943697233988 ], [ 34.999926975205781, 32.817052153686177 ], [ 35.0000121468873, 32.817166083343814 ], [ 35.000106235646641, 32.817117005534705 ], [ 35.000119810070515, 32.817109991796713 ], [ 35.000108869521128, 32.81712981743852 ], [ 35.000089034533843, 32.817165674139567 ], [ 35.000107619986679, 32.817255870770119 ], [ 35.000155545896881, 32.817357114081133 ], [ 35.000177868172756, 32.81740422502785 ], [ 35.000009442367869, 32.817505932220342 ], [ 34.999954789505104, 32.817545331597003 ], [ 34.999909768390239, 32.817577816292484 ], [ 35.000532520456176, 32.818280968890562 ], [ 35.001199283657478, 32.817862963606771 ], [ 35.001469543597572, 32.817691982577195 ], [ 35.001819527030911, 32.81747054607235 ], [ 35.00196966638525, 32.817373859944496 ], [ 35.002060989021388, 32.817316578026983 ], [ 35.002419884540039, 32.817087756760976 ], [ 35.002615561611968, 32.816970312461073 ], [ 35.002839351046454, 32.816797099393334 ], [ 35.002869517382628, 32.816766852968506 ], [ 35.003179139137309, 32.816457804334988 ], [ 35.003371976340716, 32.816185888413919 ], [ 35.003397261248999, 32.816144256491803 ], [ 35.003583123046418, 32.815879025884101 ], [ 35.003624904510438, 32.815819393779016 ], [ 35.00369945886527, 32.815715911797781 ], [ 35.003741898198321, 32.815646194397758 ], [ 35.003824752558003, 32.81551034684 ], [ 35.003874247805136, 32.815389784454801 ], [ 35.003879983767057, 32.815400882630392 ], [ 35.003917096700725, 32.815473259439393 ], [ 35.003971574673535, 32.815603636417649 ], [ 35.003976026416026, 32.81561410495614 ], [ 35.00389168523818, 32.815897099785609 ], [ 35.003761414002078, 32.816275606430317 ], [ 35.003561048722126, 32.816721610125576 ], [ 35.003544545871222, 32.816747465767065 ], [ 35.003254982351699, 32.817206412930567 ], [ 35.003218862476906, 32.817263799769435 ], [ 35.003005178113177, 32.817555593889956 ], [ 35.002978611492097, 32.817591891966622 ], [ 35.002688169473338, 32.8179177513925 ], [ 35.001829129242083, 32.818787570893761 ], [ 35.001128726219299, 32.819534843595221 ], [ 35.001120706464341, 32.819543307358913 ], [ 35.000490303351036, 32.820214125743533 ], [ 35.000214261600618, 32.82049310853639 ], [ 34.999806503940832, 32.82083509116503 ], [ 34.999507687785211, 32.821080938628072 ], [ 34.999489286324867, 32.82109425892444 ], [ 34.999233414175166, 32.821279494105426 ], [ 34.998983297234659, 32.821428858173135 ], [ 34.998669816155932, 32.821590647497054 ], [ 34.99817747800487, 32.821839508912198 ], [ 34.998087239887091, 32.821886517681158 ], [ 34.998024370577298, 32.821919323010889 ], [ 34.99798888077877, 32.821937478624442 ], [ 34.99797315328064, 32.82194556969911 ], [ 34.997964276995695, 32.821950149169488 ], [ 34.997943748994295, 32.821960675902339 ], [ 34.997925038292649, 32.821970391403681 ], [ 34.99769494153383, 32.822089739798415 ], [ 34.997605574695783, 32.822136123883347 ], [ 34.996867118477695, 32.822510281410992 ], [ 34.996750757261864, 32.822570467367918 ], [ 34.996534759698314, 32.822326414762848 ], [ 34.996469553657249, 32.8223740373951 ], [ 34.996427207561531, 32.822404964423484 ], [ 34.996351188724788, 32.822331250349563 ], [ 34.996195487145528, 32.822193569540673 ], [ 34.995986116842623, 32.821993137204316 ], [ 34.995951692608145, 32.82196089228713 ], [ 34.995816755708383, 32.821849129468461 ], [ 34.995599184473747, 32.821958679087075 ] ] ] } },
{ "type": "Feature", "properties": { "OBJECTID_12": 10, "OBJECTID": 674, "Shape_Leng": 3547.7342852199999, "Shape_Area": 387512.01563419349, "OBJECTID_1": 14, "SEMEL_YISH": 4000, "SHEM_YISHU": "חיפה", "SHEM_YIS_1": "HAIFA", "ROVA": 3, "TAT_ROVA": 33, "SchName": "ואדי ניסנאס", "Shape_Length": 3547.7342852206853, "בזב": 6068.0, "מצביעים": 2468.0, "כשרים": 2432.0, "אמת": 78.0, "אצ": 3.0, "ב": 1.0, "ג": 5.0, "ד": 421.0, "ום": 1118.0, "ז": 0.0, "זך": 1.0, "זנ": 0.0, "זץ": 1.0, "ט": 15.0, "י": 4.0, "יז": 7.0, "ינ": 1.0, "יץ": 1.0, "יק": 0.0, "כן": 57.0, "ך": 3.0, "ל": 86.0, "מחל": 168.0, "מרצ": 114.0, "נז": 0.0, "ני": 0.0, "נף": 2.0, "נץ": 1.0, "נק": 1.0, "נר": 0.0, "עם": 111.0, "פה": 210.0, "ף": 1.0, "צ": 1.0, "ץ": 3.0, "ק": 0.0, "קי": 1.0, "קך": 1.0, "קנ": 3.0, "קץ": 7.0, "רז": 0.0, "שס": 4.0, "ת": 2.0, "n_stations": 11.0, "turnout_pct": 40.672379696769937, "אמת_pct": 3.2072368421052633, "אצ_pct": 0.12335526315789473, "ב_pct": 0.041118421052631575, "ג_pct": 0.20559210526315788, "ד_pct": 17.310855263157894, "ום_pct": 45.97039473684211, "ז_pct": 0.0, "זך_pct": 0.041118421052631575, "זנ_pct": 0.0, "זץ_pct": 0.041118421052631575, "ט_pct": 0.61677631578947367, "י_pct": 0.1644736842105263, "יז_pct": 0.28782894736842102, "ינ_pct": 0.041118421052631575, "יץ_pct": 0.041118421052631575, "יק_pct": 0.0, "כן_pct": 2.34375, "ך_pct": 0.12335526315789473, "ל_pct": 3.5361842105263155, "מחל_pct": 6.9078947368421062, "מרצ_pct": 4.6875, "נז_pct": 0.0, "ני_pct": 0.0, "נף_pct": 0.08223684210526315, "נץ_pct": 0.041118421052631575, "נק_pct": 0.041118421052631575, "נר_pct": 0.0, "עם_pct": 4.5641447368421053, "פה_pct": 8.6348684210526319, "ף_pct": 0.041118421052631575, "צ_pct": 0.041118421052631575, "ץ_pct": 0.12335526315789473, "ק_pct": 0.0, "קי_pct": 0.041118421052631575, "קך_pct": 0.041118421052631575, "קנ_pct": 0.12335526315789473, "קץ_pct": 0.28782894736842102, "רז_pct": 0.0, "שס_pct": 0.1644736842105263, "ת_pct": 0.08223684210526315 }, "geometry": { "type": "Polygon", "coordinates": [ [ [ 34.993969078869341, 32.818951610508691 ], [ 34.99411698024192, 32.819086571457326 ], [ 34.994158010255205, 32.81912442657417 ], [ 34.994354734599689, 32.819339443681024 ], [ 34.994512720076784, 32.819526149204577 ], [ 34.994517563306758, 32.819531865019449 ], [ 34.994679358042063, 32.819751969886568 ], [ 34.994746014535359, 32.819836568040863 ], [ 34.994835461049959, 32.819986039395765 ], [ 34.994955948173946, 32.820155845222757 ], [ 34.994987995176622, 32.820200444098916 ], [ 34.995053885903033, 32.820291269674939 ], [ 34.995164580730098, 32.820397579979485 ], [ 34.995419587988366, 32.820626672572409 ], [ 34.995722163984105, 32.820882450993736 ], [ 34.995784640346713, 32.820922323230647 ], [ 34.995818870732052, 32.820944101965843 ], [ 34.995587250107626, 32.821172474445731 ], [ 34.995566173585118, 32.821191014090182 ], [ 34.99544620515357, 32.821296672240472 ], [ 34.995061511241374, 32.821635962826115 ], [ 34.99486532229291, 32.821780449514684 ], [ 34.994832067885746, 32.821799599832019 ], [ 34.994633387468554, 32.821909724013167 ], [ 34.994187519344045, 32.822143422528555 ], [ 34.993705257014149, 32.822372537124281 ], [ 34.993522774026474, 32.822453744367841 ], [ 34.993479256111655, 32.822473066387836 ], [ 34.993438315923619, 32.822491559575795 ], [ 34.993415608678625, 32.822481332220498 ], [ 34.99333945184636, 32.822389327130558 ], [ 34.993190407703146, 32.822197558781099 ], [ 34.993140980851557, 32.822141660819803 ], [ 34.992933724124782, 32.821905784262036 ], [ 34.992782928785616, 32.821730872244082 ], [ 34.992761412123407, 32.821705947443959 ], [ 34.992748764500163, 32.821686810249616 ], [ 34.992727461243753, 32.821654762459254 ], [ 34.992619682277102, 32.821492102984479 ], [ 34.992467718784027, 32.821266423494698 ], [ 34.992304590187118, 32.821025480938893 ], [ 34.992240007179483, 32.820924562637593 ], [ 34.992160878848672, 32.820786289703683 ], [ 34.992039221311934, 32.820577080812917 ], [ 34.99202177102358, 32.820548819315739 ], [ 34.991890068900368, 32.820337239823857 ], [ 34.991716268476203, 32.820049037043795 ], [ 34.99153466235768, 32.81976469620146 ], [ 34.991498161820161, 32.819710356032587 ], [ 34.991463785277013, 32.819659168165181 ], [ 34.991397066721198, 32.819559874230649 ], [ 34.991208626516382, 32.819236025464107 ], [ 34.991083923631024, 32.819041949786005 ], [ 34.99097877736191, 32.818849074105636 ], [ 34.990961862940836, 32.818820283174574 ], [ 34.990922106270219, 32.818751609431878 ], [ 34.990848816186457, 32.818625143292692 ], [ 34.990682685874589, 32.818349213274544 ], [ 34.990621302174574, 32.81825163942424 ], [ 34.990568317953276, 32.818167599824612 ], [ 34.990509945838944, 32.818108354677399 ], [ 34.99030280753756, 32.817784472541561 ], [ 34.99028344947471, 32.817755134518826 ], [ 34.990197677749897, 32.817618084241154 ], [ 34.990093124465687, 32.817451024175284 ], [ 34.989948674160097, 32.817222018122493 ], [ 34.989902422786372, 32.817147780311096 ], [ 34.989886875196511, 32.817122823752136 ], [ 34.989862839372599, 32.817083196579397 ], [ 34.98983422295931, 32.817038063046915 ], [ 34.989768974248335, 32.816947230385686 ], [ 34.989817085809889, 32.816926308892448 ], [ 34.989926104677018, 32.816878724169356 ], [ 34.989959471155061, 32.816864155914743 ], [ 34.990359979164829, 32.816688418429329 ], [ 34.990462193076674, 32.8166435627395 ], [ 34.990675359735299, 32.81654582655861 ], [ 34.990897610074285, 32.816443138994693 ], [ 34.991262561423298, 32.816277487383445 ], [ 34.991641193916017, 32.816109423387623 ], [ 34.991678166916444, 32.816093077257676 ], [ 34.991729589995806, 32.816070353664074 ], [ 34.991750009892982, 32.816061910659123 ], [ 34.992066533460232, 32.815918177464113 ], [ 34.992073816891349, 32.815911531736901 ], [ 34.992125710516589, 32.815864176408056 ], [ 34.99213793682501, 32.815796934663943 ], [ 34.992139666373724, 32.815788090213097 ], [ 34.992143002708403, 32.815734007087727 ], [ 34.992147902650743, 32.815648351228589 ], [ 34.992136704460066, 32.815506855261333 ], [ 34.992113827411636, 32.815429637208688 ], [ 34.992141950663012, 32.815410296749199 ], [ 34.992207938646494, 32.815364961617703 ], [ 34.992260967570125, 32.815293538434787 ], [ 34.992364448913349, 32.81514378249166 ], [ 34.992446551369468, 32.815024981360366 ], [ 34.992585531058573, 32.814820076627264 ], [ 34.992699643930692, 32.814745340974255 ], [ 34.992764785442958, 32.814702703771957 ], [ 34.992933648714555, 32.814635277567916 ], [ 34.993045990430588, 32.814590395372868 ], [ 34.993102528612141, 32.814567937725108 ], [ 34.993244094407672, 32.814490364293427 ], [ 34.993262472577229, 32.81448083737002 ], [ 34.993394358165169, 32.814344184922632 ], [ 34.993539284933078, 32.81415443571786 ], [ 34.99373522185892, 32.813884263848962 ], [ 34.993775832212222, 32.813822829673583 ], [ 34.993914611494574, 32.813612970992921 ], [ 34.994025402652703, 32.813402432139199 ], [ 34.994103079395472, 32.813337642720249 ], [ 34.994110778095518, 32.813331340210809 ], [ 34.994120945915448, 32.813323063538817 ], [ 34.9942125317951, 32.813289944943271 ], [ 34.99425720385041, 32.813273701133994 ], [ 34.994518559635601, 32.813200920446882 ], [ 34.994605323114456, 32.813179605624619 ], [ 34.994655864922201, 32.813343715020125 ], [ 34.994715517546524, 32.813495924712051 ], [ 34.994758900399482, 32.813594894770446 ], [ 34.994807494142016, 32.813705719944828 ], [ 34.994827198888871, 32.813761399853405 ], [ 34.994855862859339, 32.813842408810423 ], [ 34.994872624250768, 32.813890134481888 ], [ 34.994932507669418, 32.814036220163878 ], [ 34.99495145628515, 32.814082914342201 ], [ 34.994959578529482, 32.814102718230238 ], [ 34.995030744895161, 32.814244155585314 ], [ 34.995048116124615, 32.814278695930447 ], [ 34.995126291351099, 32.814458616467803 ], [ 34.995130755589649, 32.814466475849194 ], [ 34.995199685225877, 32.814579300531889 ], [ 34.995288056321378, 32.814703675839837 ], [ 34.995366987320146, 32.814814742604469 ], [ 34.995499636348825, 32.814943907517225 ], [ 34.99572663629889, 32.815222726217534 ], [ 34.995826747532725, 32.815337404088602 ], [ 34.995881167137973, 32.8153998953062 ], [ 34.995986387680112, 32.815516208205864 ], [ 34.996013635820013, 32.815553946015719 ], [ 34.996072715868742, 32.815634653637396 ], [ 34.996083787756334, 32.815649912427851 ], [ 34.996214030306085, 32.815843987047195 ], [ 34.996338373526676, 32.816006510601248 ], [ 34.996407107964991, 32.816115363230146 ], [ 34.996435923827022, 32.816164192535055 ], [ 34.996459755838089, 32.816204449302717 ], [ 34.996437610647305, 32.816221182153207 ], [ 34.996389257069175, 32.816257888979351 ], [ 34.996434652832242, 32.816299074249578 ], [ 34.996492092572595, 32.816349945622271 ], [ 34.996617629257329, 32.816457177430735 ], [ 34.996743706629353, 32.816566218799302 ], [ 34.996866999589948, 32.816675176075499 ], [ 34.996964759106319, 32.816746293882325 ], [ 34.997074236250491, 32.816779208375635 ], [ 34.997175439943497, 32.816839693581677 ], [ 34.997259901614051, 32.81693172819233 ], [ 34.997365389924148, 32.817077788913501 ], [ 34.99737747164788, 32.817069423174864 ], [ 34.997545853947365, 32.816935349678218 ], [ 34.997612838982405, 32.816882080283406 ], [ 34.997641710525457, 32.816859311601583 ], [ 34.997614139530789, 32.816823108294592 ], [ 34.997479466144725, 32.816646163547027 ], [ 34.997511925293374, 32.816601397781817 ], [ 34.997806516980035, 32.816194581794271 ], [ 34.998202897636283, 32.815642513571305 ], [ 34.998198437854484, 32.815632582223309 ], [ 34.998254083990808, 32.815581823938565 ], [ 34.998643527333002, 32.815994161901273 ], [ 34.998658329828437, 32.816009796288242 ], [ 34.998677725584493, 32.816030298331192 ], [ 34.998793702320647, 32.816118401837407 ], [ 34.998909773055253, 32.816206591952032 ], [ 34.999068810762701, 32.816007218670144 ], [ 34.999225909394674, 32.815810281974372 ], [ 34.99923401960082, 32.815816289701722 ], [ 34.999394230442213, 32.815934996366074 ], [ 34.999421948768024, 32.815955596680638 ], [ 34.999290259762098, 32.816109111977326 ], [ 34.999252776848664, 32.816152787949683 ], [ 34.999240582885953, 32.816167375349679 ], [ 34.999226669679871, 32.816182906705691 ], [ 34.999000659610182, 32.816435238398903 ], [ 34.998838390001524, 32.816602953341842 ], [ 34.998792143929172, 32.816651298161851 ], [ 34.99861399825685, 32.816849011209165 ], [ 34.998604793311252, 32.816859282559257 ], [ 34.99847783835579, 32.816993416614729 ], [ 34.998395964419132, 32.817119525743969 ], [ 34.998313850994805, 32.817258611545178 ], [ 34.99827575804823, 32.81733853234563 ], [ 34.998255469685233, 32.817380788202392 ], [ 34.998225112582247, 32.817443856513449 ], [ 34.998213950138705, 32.81746754897047 ], [ 34.998112290882951, 32.817697851659204 ], [ 34.998080956514414, 32.817768763023857 ], [ 34.997976578302136, 32.81801548088206 ], [ 34.997889225119479, 32.818250309993111 ], [ 34.997830247557815, 32.818309363549744 ], [ 34.997648223874734, 32.81842799597085 ], [ 34.997633888648828, 32.818437355280601 ], [ 34.997606942098209, 32.818454983894568 ], [ 34.997250923391469, 32.818501734040396 ], [ 34.996874027898109, 32.818570444389231 ], [ 34.996530999850755, 32.818627312943612 ], [ 34.996409961189158, 32.81865163787738 ], [ 34.996094141294755, 32.818715044401443 ], [ 34.996070114942214, 32.818720324392025 ], [ 34.996020420932879, 32.818731339685897 ], [ 34.995820524935063, 32.818776623292379 ], [ 34.99539468136453, 32.818863294037548 ], [ 34.995324595868027, 32.818874981934933 ], [ 34.995115851547624, 32.818911788180216 ], [ 34.994894301004486, 32.818944148957179 ], [ 34.994620704042688, 32.818945936012732 ], [ 34.994481671360383, 32.818940116097153 ], [ 34.994361241855529, 32.818934779887606 ], [ 34.994153703942224, 32.818908006608353 ], [ 34.993959923400894, 32.818849080216275 ], [ 34.993930064947932, 32.818838656984902 ], [ 34.993782491334798, 32.818786841170308 ], [ 34.993768407159791, 32.81878193212048 ], [ 34.993969078869341, 32.818951610508691 ] ] ] } },
{ "type": "Feature", "properties": { "OBJECTID_12": 11, "OBJECTID": 677, "Shape_Leng": 2729.8545723299999, "Shape_Area": 391937.88170285412, "OBJECTID_1": 17, "SEMEL_YISH": 4000, "SHEM_YISHU": "חיפה", "SHEM_YIS_1": "HAIFA", "ROVA": 3, "TAT_ROVA": 33, "SchName": "מושבה גרמנית", "Shape_Length": 2729.8545723276229, "בזב": 4321.0, "מצביעים": 1816.0, "כשרים": 1801.0, "אמת": 47.0, "אצ": 3.0, "ב": 1.0, "ג": 3.0, "ד": 362.0, "ום": 695.0, "ז": 0.0, "זך": 0.0, "זנ": 0.0, "זץ": 0.0, "ט": 26.0, "י": 2.0, "יז": 1.0, "ינ": 2.0, "יץ": 0.0, "יק": 0.0, "כן": 55.0, "ך": 1.0, "ל": 71.0, "מחל": 131.0, "מרצ": 113.0, "נז": 1.0, "ני": 1.0, "נף": 1.0, "נץ": 1.0, "נק": 1.0, "נר": 0.0, "עם": 67.0, "פה": 189.0, "ף": 0.0, "צ": 6.0, "ץ": 3.0, "ק": 1.0, "קי": 0.0, "קך": 1.0, "קנ": 0.0, "קץ": 6.0, "רז": 0.0, "שס": 9.0, "ת": 1.0, "n_stations": 7.0, "turnout_pct": 42.027308493404306, "אמת_pct": 2.6096612992781787, "אצ_pct": 0.16657412548584119, "ב_pct": 0.055524708495280406, "ג_pct": 0.16657412548584119, "ד_pct": 20.099944475291505, "ום_pct": 38.589672404219876, "ז_pct": 0.0, "זך_pct": 0.0, "זנ_pct": 0.0, "זץ_pct": 0.0, "ט_pct": 1.4436424208772902, "י_pct": 0.11104941699056081, "יז_pct": 0.055524708495280406, "ינ_pct": 0.11104941699056081, "יץ_pct": 0.0, "יק_pct": 0.0, "כן_pct": 3.0538589672404219, "ך_pct": 0.055524708495280406, "ל_pct": 3.9422543031649084, "מחל_pct": 7.273736812881733, "מרצ_pct": 6.2742920599666849, "נז_pct": 0.055524708495280406, "ני_pct": 0.055524708495280406, "נף_pct": 0.055524708495280406, "נץ_pct": 0.055524708495280406, "נק_pct": 0.055524708495280406, "נר_pct": 0.0, "עם_pct": 3.720155469183787, "פה_pct": 10.494169905607995, "ף_pct": 0.0, "צ_pct": 0.33314825097168238, "ץ_pct": 0.16657412548584119, "ק_pct": 0.055524708495280406, "קי_pct": 0.0, "קך_pct": 0.055524708495280406, "קנ_pct": 0.0, "קץ_pct": 0.33314825097168238, "רז_pct": 0.0, "שס_pct": 0.4997223764575236, "ת_pct": 0.055524708495280406 }, "geometry": { "type": "Polygon", "coordinates": [ [ [ 34.991134055826294, 32.825459899544896 ], [ 34.991103230581508, 32.825436309344134 ], [ 34.990915537448544, 32.8252923440728 ], [ 34.990801091745958, 32.825142469422303 ], [ 34.990799602579955, 32.825135523878288 ], [ 34.990738775772343, 32.825116491823543 ], [ 34.990528691759863, 32.824948779647272 ], [ 34.990395792348863, 32.824833581796128 ], [ 34.990300113207212, 32.82474270740218 ], [ 34.990115170422655, 32.824774498288825 ], [ 34.989997592371928, 32.824821088298343 ], [ 34.989862775053119, 32.824885239698439 ], [ 34.989604230701723, 32.825103904885992 ], [ 34.989179081083527, 32.825458169478168 ], [ 34.989053768472104, 32.825562822155923 ], [ 34.989033046056448, 32.825523029251791 ], [ 34.988925367987108, 32.825316804494371 ], [ 34.98876592839062, 32.825003276998828 ], [ 34.988725443339483, 32.824919171672285 ], [ 34.988657871834469, 32.824778750671371 ], [ 34.988505744568016, 32.824488866882724 ], [ 34.988402345585172, 32.824292077986662 ], [ 34.98833267907488, 32.824159450988333 ], [ 34.988183906440945, 32.823859294224263 ], [ 34.988167317246848, 32.823827163644857 ], [ 34.988140324159147, 32.823776176105611 ], [ 34.988007536274708, 32.823525362799273 ], [ 34.987956977550141, 32.823424661342372 ], [ 34.987939866787769, 32.823390571360925 ], [ 34.987889469789351, 32.823290178532247 ], [ 34.987725158201279, 32.822964746120611 ], [ 34.987681346593781, 32.822888025820319 ], [ 34.987652526192619, 32.82283775816078 ], [ 34.987586916400716, 32.822723304073655 ], [ 34.987499893192421, 32.822556531119879 ], [ 34.987450966504944, 32.822462763556892 ], [ 34.987394319959982, 32.822351024553249 ], [ 34.987364746358907, 32.82229224627897 ], [ 34.987291011760476, 32.82214571027329 ], [ 34.987145830374814, 32.821865942007555 ], [ 34.986992544643208, 32.821570365502403 ], [ 34.986954706342026, 32.821500956284218 ], [ 34.986946617008265, 32.821486072477704 ], [ 34.986866783857536, 32.821339141493702 ], [ 34.986701297169233, 32.821020371801239 ], [ 34.98662156553759, 32.820868932382403 ], [ 34.98653249261811, 32.82069943836035 ], [ 34.986438310651266, 32.820525833591766 ], [ 34.986413106740692, 32.820479395090416 ], [ 34.986383543166788, 32.820424896906324 ], [ 34.986378556248681, 32.820415682875826 ], [ 34.986341142636107, 32.82034636437033 ], [ 34.986257605951927, 32.820190259951715 ], [ 34.986256624794507, 32.820188421500958 ], [ 34.986245338117712, 32.820167565597075 ], [ 34.986130545507152, 32.819955384662322 ], [ 34.986103983859749, 32.819906648928757 ], [ 34.986017112522724, 32.819747261786965 ], [ 34.985946540882914, 32.819610799623227 ], [ 34.985914301086126, 32.819519945946205 ], [ 34.985884237117034, 32.819414486885762 ], [ 34.98591574397151, 32.819406873006656 ], [ 34.985989797595948, 32.819389333618126 ], [ 34.986214581461788, 32.819345254250734 ], [ 34.986226130349593, 32.819342671200204 ], [ 34.986261060928172, 32.819334976638302 ], [ 34.986196584358147, 32.819282926964789 ], [ 34.985951667841213, 32.819085397751884 ], [ 34.985828721892176, 32.818985358927456 ], [ 34.985745449375997, 32.818917592216593 ], [ 34.985749643509699, 32.818553316081285 ], [ 34.985768034498243, 32.818545326769559 ], [ 34.985884133997828, 32.818494763442651 ], [ 34.986192056046541, 32.818379794083334 ], [ 34.98647047689532, 32.818282268095643 ], [ 34.986957377819344, 32.818123596800639 ], [ 34.987327785829173, 32.81800594692529 ], [ 34.987391770912026, 32.817984209910513 ], [ 34.987653208439362, 32.817895413559363 ], [ 34.987880576217044, 32.817805098808563 ], [ 34.987919204612311, 32.817788349997343 ], [ 34.987931130056403, 32.817783184098438 ], [ 34.988132624509092, 32.81769678977949 ], [ 34.988443298269033, 32.817549087368761 ], [ 34.988629373533932, 32.817467369761864 ], [ 34.988848446726067, 32.817371156322331 ], [ 34.989156966059028, 32.817225838797611 ], [ 34.989483992876274, 32.817071809493889 ], [ 34.989490834408237, 32.817068753689213 ], [ 34.989500991816485, 32.817064269889016 ], [ 34.98950946442249, 32.817060569469717 ], [ 34.989768974248335, 32.816947230385686 ], [ 34.989834222961491, 32.817038062145237 ], [ 34.989862839372599, 32.817083196579397 ], [ 34.989886875198685, 32.817122822850443 ], [ 34.989902421720707, 32.81714777940757 ], [ 34.989948674162271, 32.8172220172208 ], [ 34.990093124467855, 32.817451023273584 ], [ 34.990197677752064, 32.817618083339475 ], [ 34.990283449476863, 32.817755133617133 ], [ 34.99030280753756, 32.817784472541561 ], [ 34.990509945838944, 32.818108354677399 ], [ 34.990568317955415, 32.818167598922919 ], [ 34.990621302176734, 32.818251638522554 ], [ 34.990682685876735, 32.818349212372851 ], [ 34.99084881618861, 32.818625142390999 ], [ 34.990922106270219, 32.818751609431878 ], [ 34.990961862942996, 32.818820282272881 ], [ 34.990978777364063, 32.818849073203943 ], [ 34.991083923633163, 32.819041948884333 ], [ 34.991208625448522, 32.819236025462288 ], [ 34.991397066721198, 32.819559874230649 ], [ 34.991463785277013, 32.819659168165181 ], [ 34.991498161820161, 32.819710356032587 ], [ 34.991534661289798, 32.819764696199648 ], [ 34.991716268476203, 32.820049037043795 ], [ 34.991890068902507, 32.820337238922164 ], [ 34.992021771025733, 32.820548818414046 ], [ 34.99203922131408, 32.820577079911217 ], [ 34.992160878850811, 32.820786288801983 ], [ 34.992240007179483, 32.820924562637593 ], [ 34.992304590189271, 32.821025480037214 ], [ 34.992467718784027, 32.821266423494698 ], [ 34.992619682279241, 32.821492102082807 ], [ 34.992727460177996, 32.821654761555749 ], [ 34.992748764502288, 32.821686809347938 ], [ 34.992761412123407, 32.821705947443959 ], [ 34.99278292771772, 32.821730872242277 ], [ 34.992933724124782, 32.821905784262036 ], [ 34.993140980851557, 32.822141660819803 ], [ 34.993190407705278, 32.822197557879434 ], [ 34.993339451848492, 32.822389326228887 ], [ 34.993415608678625, 32.822481332220498 ], [ 34.993438315925744, 32.822491558674095 ], [ 34.993537844294643, 32.822535103917851 ], [ 34.993685735977301, 32.822725244161134 ], [ 34.993874453920952, 32.822985341910048 ], [ 34.993905216691488, 32.823027677448444 ], [ 34.993872494278222, 32.823047374823588 ], [ 34.993207975183786, 32.823437944728731 ], [ 34.992886494978798, 32.823633531942171 ], [ 34.99278915682482, 32.823698185351141 ], [ 34.992718088363901, 32.823765060686242 ], [ 34.992520304034208, 32.823947318091577 ], [ 34.992236456798054, 32.824216808407698 ], [ 34.992034187797152, 32.824396172923613 ], [ 34.991911721780568, 32.82456855195457 ], [ 34.991757887576895, 32.824766206919399 ], [ 34.991722665742387, 32.824801762889386 ], [ 34.991628458059658, 32.824896730964916 ], [ 34.991634981446879, 32.824894302984454 ], [ 34.991536383692527, 32.825042830150153 ], [ 34.991406371770843, 32.825238087905717 ], [ 34.991201927566458, 32.825390669888257 ], [ 34.991134055826294, 32.825459899544896 ] ] ] } },
{ "type": "Feature", "properties": { "OBJECTID_12": 12, "OBJECTID": 678, "Shape_Leng": 2486.2514612800001, "Shape_Area": 296397.01673086325, "OBJECTID_1": 18, "SEMEL_YISH": 4000, "SHEM_YISHU": "חיפה", "SHEM_YIS_1": "HAIFA", "ROVA": 4, "TAT_ROVA": 41, "SchName": "קריית אליהו", "Shape_Length": 2486.2514612816085, "בזב": 5496.0, "מצביעים": 2501.0, "כשרים": 2464.0, "אמת": 48.0, "אצ": 4.0, "ב": 4.0, "ג": 14.0, "ד": 265.0, "ום": 530.0, "ז": 1.0, "זך": 0.0, "זנ": 0.0, "זץ": 0.0, "ט": 77.0, "י": 0.0, "יז": 8.0, "ינ": 0.0, "יץ": 0.0, "יק": 0.0, "כן": 94.0, "ך": 3.0, "ל": 418.0, "מחל": 436.0, "מרצ": 102.0, "נז": 1.0, "ני": 1.0, "נף": 0.0, "נץ": 0.0, "נק": 1.0, "נר": 1.0, "עם": 34.0, "פה": 364.0, "ף": 1.0, "צ": 6.0, "ץ": 1.0, "ק": 2.0, "קי": 0.0, "קך": 4.0, "קנ": 0.0, "קץ": 7.0, "רז": 0.0, "שס": 34.0, "ת": 3.0, "n_stations": 9.0, "turnout_pct": 45.505822416302763, "אמת_pct": 1.948051948051948, "אצ_pct": 0.16233766233766234, "ב_pct": 0.16233766233766234, "ג_pct": 0.56818181818181823, "ד_pct": 10.754870129870129, "ום_pct": 21.509740259740258, "ז_pct": 0.040584415584415584, "זך_pct": 0.0, "זנ_pct": 0.0, "זץ_pct": 0.0, "ט_pct": 3.125, "י_pct": 0.0, "יז_pct": 0.32467532467532467, "ינ_pct": 0.0, "יץ_pct": 0.0, "יק_pct": 0.0, "כן_pct": 3.8149350649350646, "ך_pct": 0.12175324675324675, "ל_pct": 16.964285714285715, "מחל_pct": 17.694805194805195, "מרצ_pct": 4.1396103896103895, "נז_pct": 0.040584415584415584, "ני_pct": 0.040584415584415584, "נף_pct": 0.0, "נץ_pct": 0.0, "נק_pct": 0.040584415584415584, "נר_pct": 0.040584415584415584, "עם_pct": 1.3798701298701299, "פה_pct": 14.772727272727273, "ף_pct": 0.040584415584415584, "צ_pct": 0.2435064935064935, "ץ_pct": 0.040584415584415584, "ק_pct": 0.081168831168831168, "קי_pct": 0.0, "קך_pct": 0.16233766233766234, "קנ_pct": 0.0, "קץ_pct": 0.28409090909090912, "רז_pct": 0.0, "שס_pct": 1.3798701298701299, "ת_pct": 0.12175324675324675 }, "geometry": { "type": "Polygon", "coordinates": [ [ [ 34.989053768472104, 32.825562822155923 ], [ 34.988824025572498, 32.825756836189242 ], [ 34.988622888781073, 32.825904902169597 ], [ 34.988271869042016, 32.82616326515857 ], [ 34.988124662573426, 32.826271841105736 ], [ 34.987686548246934, 32.82659578140359 ], [ 34.987675958842921, 32.826603521197484 ], [ 34.987275068854963, 32.82690082818484 ], [ 34.987020104097923, 32.827090462484676 ], [ 34.986901574529206, 32.827170615056154 ], [ 34.986831362110379, 32.827218090461464 ], [ 34.9867485054599, 32.827274113487881 ], [ 34.986569377482077, 32.827375965888564 ], [ 34.986363321592457, 32.827466393626757 ], [ 34.986206150883355, 32.827515102173848 ], [ 34.985982560610942, 32.82758233705065 ], [ 34.985892115241704, 32.827607374174313 ], [ 34.98567713513421, 32.827666923115714 ], [ 34.985473124200553, 32.827720663260791 ], [ 34.985304092380296, 32.827753005925757 ], [ 34.985261245453678, 32.827760861270939 ], [ 34.98503312441585, 32.827803845529161 ], [ 34.984946464827296, 32.827823975303012 ], [ 34.984788742471387, 32.827859765315765 ], [ 34.984594578903817, 32.827906762246627 ], [ 34.984427848862445, 32.827959938567005 ], [ 34.984366490969357, 32.827980217895977 ], [ 34.984176229393519, 32.828049672167246 ], [ 34.984004629889604, 32.828124926204509 ], [ 34.983947114907302, 32.828150167770794 ], [ 34.98391454900883, 32.828101417452032 ], [ 34.983844211996413, 32.8279961530991 ], [ 34.98379166694447, 32.827868657382822 ], [ 34.983721774503422, 32.827673583797704 ], [ 34.983674463839968, 32.827499919999113 ], [ 34.983660411964408, 32.827434136904024 ], [ 34.98364363632821, 32.827355595525255 ], [ 34.983614740553435, 32.827205782264897 ], [ 34.983606666767898, 32.82706248615645 ], [ 34.983609301877614, 32.826911666310913 ], [ 34.983610525357456, 32.826841041029681 ], [ 34.983620853459172, 32.826665835061711 ], [ 34.983629793159082, 32.826607187888719 ], [ 34.983646930928735, 32.826457260130432 ], [ 34.983660326271504, 32.826395514494351 ], [ 34.983683337374295, 32.826288883534268 ], [ 34.983768064473402, 32.825926826474422 ], [ 34.983774305405319, 32.825905286219182 ], [ 34.983864579062036, 32.825593189681584 ], [ 34.983951984417416, 32.825311024069215 ], [ 34.984027472656116, 32.825102596427875 ], [ 34.984051127539715, 32.825049787397639 ], [ 34.984066994707717, 32.825014405115468 ], [ 34.984115529501082, 32.824906098550336 ], [ 34.984131845713286, 32.824870055209772 ], [ 34.984143764290735, 32.824845644027242 ], [ 34.984272676048811, 32.824581762581296 ], [ 34.984282644400778, 32.824567353993523 ], [ 34.984297467114857, 32.82452887614874 ], [ 34.984413670165047, 32.824226656739405 ], [ 34.984434887510773, 32.824150045976737 ], [ 34.9844501041526, 32.82408686974636 ], [ 34.984469388645984, 32.824017563766866 ], [ 34.984496411147909, 32.823929238531257 ], [ 34.984495270737078, 32.823916617394282 ], [ 34.984508283346599, 32.823792664363303 ], [ 34.984536114657352, 32.823593164115202 ], [ 34.984550474674052, 32.823223488812594 ], [ 34.984550177257731, 32.82321200167631 ], [ 34.984546380544913, 32.823065156784679 ], [ 34.984546339713241, 32.823063524656149 ], [ 34.98454512422073, 32.823011588850356 ], [ 34.984524442819925, 32.822781081753369 ], [ 34.984488211577116, 32.822575350086723 ], [ 34.984453274040682, 32.82242235865909 ], [ 34.98444045567495, 32.822366157309339 ], [ 34.984408207023804, 32.822251826896483 ], [ 34.984381916428873, 32.822158658764927 ], [ 34.984346381305926, 32.822059769390762 ], [ 34.984312017215508, 32.821964126340902 ], [ 34.984232618172129, 32.821777438992228 ], [ 34.98414712443207, 32.821603094005681 ], [ 34.984126513109345, 32.821568438291564 ], [ 34.984038491205695, 32.821420397359738 ], [ 34.983923086275624, 32.821231915174224 ], [ 34.983880128296853, 32.821170967381811 ], [ 34.983828480530924, 32.821097666451806 ], [ 34.983720304145166, 32.820966100605403 ], [ 34.983700880502205, 32.820942290625538 ], [ 34.983605231642301, 32.820825052060044 ], [ 34.983565476358095, 32.820763794214038 ], [ 34.983515112577408, 32.820686219606145 ], [ 34.983431503745535, 32.820555953803073 ], [ 34.983358538206666, 32.820435811063909 ], [ 34.983300584956183, 32.820338143249138 ], [ 34.983342392687881, 32.820316040934365 ], [ 34.983417348038294, 32.820276403360943 ], [ 34.983595260249849, 32.820192877312856 ], [ 34.983619409489272, 32.820181544192181 ], [ 34.983871123857547, 32.820087849688726 ], [ 34.984328593828081, 32.819919589766059 ], [ 34.984748418913654, 32.819769833313238 ], [ 34.984763602170801, 32.819764522852523 ], [ 34.985235688874539, 32.819599365411669 ], [ 34.985320869413222, 32.819570750610929 ], [ 34.985400382062871, 32.819545013046614 ], [ 34.985470805822843, 32.819521973622777 ], [ 34.98558395937755, 32.819490605106161 ], [ 34.985666696391391, 32.819467666441362 ], [ 34.985884237117034, 32.819414486885762 ], [ 34.985914301086126, 32.819519945946205 ], [ 34.985946540882914, 32.819610799623227 ], [ 34.986017112522724, 32.819747261786965 ], [ 34.986103983859749, 32.819906648928757 ], [ 34.986130545507152, 32.819955384662322 ], [ 34.986245338117712, 32.820167565597075 ], [ 34.986256624794507, 32.820188421500958 ], [ 34.986257605951927, 32.820190259951715 ], [ 34.986341142636107, 32.82034636437033 ], [ 34.986378556248681, 32.820415682875826 ], [ 34.986383543166788, 32.820424896906324 ], [ 34.986413106740692, 32.820479395090416 ], [ 34.986438310651266, 32.820525833591766 ], [ 34.98653249261811, 32.82069943836035 ], [ 34.98662156553759, 32.820868932382403 ], [ 34.986701297169233, 32.821020371801239 ], [ 34.986866783857536, 32.821339141493702 ], [ 34.986946617008265, 32.821486072477704 ], [ 34.986954706342026, 32.821500956284218 ], [ 34.986992544643208, 32.821570365502403 ], [ 34.987145830374814, 32.821865942007555 ], [ 34.987291011760476, 32.82214571027329 ], [ 34.987364746358907, 32.82229224627897 ], [ 34.987394319959982, 32.822351024553249 ], [ 34.987450966504944, 32.822462763556892 ], [ 34.987499893192421, 32.822556531119879 ], [ 34.987586916400716, 32.822723304073655 ], [ 34.987652526192619, 32.82283775816078 ], [ 34.987681346593781, 32.822888025820319 ], [ 34.987725158201279, 32.822964746120611 ], [ 34.987889469789351, 32.823290178532247 ], [ 34.987939866787769, 32.823390571360925 ], [ 34.987956977550141, 32.823424661342372 ], [ 34.988007536274708, 32.823525362799273 ], [ 34.988140324159147, 32.823776176105611 ], [ 34.988167317246848, 32.823827163644857 ], [ 34.988183906440945, 32.823859294224263 ], [ 34.98833267907488, 32.824159450988333 ], [ 34.988402345585172, 32.824292077986662 ], [ 34.988505744568016, 32.824488866882724 ], [ 34.988657871834469, 32.824778750671371 ], [ 34.988725443339483, 32.824919171672285 ], [ 34.98876592839062, 32.825003276998828 ], [ 34.988925367987108, 32.825316804494371 ], [ 34.989033046056448, 32.825523029251791 ], [ 34.989053768472104, 32.825562822155923 ] ] ] } },
{ "type": "Feature", "properties": { "OBJECTID_12": 13, "OBJECTID": 679, "Shape_Leng": 5067.2328656899999, "Shape_Area": 991955.12491746666, "OBJECTID_1": 19, "SEMEL_YISH": 4000, "SHEM_YISHU": "חיפה", "SHEM_YIS_1": "HAIFA", "ROVA": 4, "TAT_ROVA": 41, "SchName": "קריית אליעזר", "Shape_Length": 5067.2328656850459, "בזב": 9864.0, "מצביעים": 4676.0, "כשרים": 4609.0, "אמת": 142.0, "אצ": 20.0, "ב": 23.0, "ג": 12.0, "ד": 247.0, "ום": 485.0, "ז": 0.0, "זך": 1.0, "זנ": 1.0, "זץ": 2.0, "ט": 242.0, "י": 1.0, "יז": 19.0, "ינ": 0.0, "יץ": 2.0, "יק": 0.0, "כן": 293.0, "ך": 5.0, "ל": 824.0, "מחל": 1091.0, "מרצ": 131.0, "נז": 2.0, "ני": 3.0, "נף": 3.0, "נץ": 2.0, "נק": 2.0, "נר": 0.0, "עם": 53.0, "פה": 859.0, "ף": 4.0, "צ": 13.0, "ץ": 1.0, "ק": 3.0, "קי": 1.0, "קך": 1.0, "קנ": 1.0, "קץ": 14.0, "רז": 7.0, "שס": 94.0, "ת": 5.0, "n_stations": 17.0, "turnout_pct": 47.404703974047038, "אמת_pct": 3.0809286179214581, "אצ_pct": 0.43393360815795184, "ב_pct": 0.49902364938164462, "ג_pct": 0.2603601648947711, "ד_pct": 5.3590800607507054, "ום_pct": 10.522889997830331, "ז_pct": 0.0, "זך_pct": 0.021696680407897594, "זנ_pct": 0.021696680407897594, "זץ_pct": 0.043393360815795187, "ט_pct": 5.2505966587112169, "י_pct": 0.021696680407897594, "יז_pct": 0.41223692775005422, "ינ_pct": 0.0, "יץ_pct": 0.043393360815795187, "יק_pct": 0.0, "כן_pct": 6.3571273595139948, "ך_pct": 0.10848340203948796, "ל_pct": 17.878064656107615, "מחל_pct": 23.671078325016275, "מרצ_pct": 2.8422651334345845, "נז_pct": 0.043393360815795187, "ני_pct": 0.065090041223692774, "נף_pct": 0.065090041223692774, "נץ_pct": 0.043393360815795187, "נק_pct": 0.043393360815795187, "נר_pct": 0.0, "עם_pct": 1.1499240616185724, "פה_pct": 18.637448470384033, "ף_pct": 0.086786721631590374, "צ_pct": 0.28205684530266867, "ץ_pct": 0.021696680407897594, "ק_pct": 0.065090041223692774, "קי_pct": 0.021696680407897594, "קך_pct": 0.021696680407897594, "קנ_pct": 0.021696680407897594, "קץ_pct": 0.3037535257105663, "רז_pct": 0.15187676285528315, "שס_pct": 2.0394879583423737, "ת_pct": 0.10848340203948796 }, "geometry": { "type": "Polygon", "coordinates": [ [ [ 34.981398094553796, 32.828913894365385 ], [ 34.981305746016972, 32.828939599235241 ], [ 34.981031773877319, 32.82901495341418 ], [ 34.980530182970227, 32.829152906449032 ], [ 34.980433632768758, 32.829180200949466 ], [ 34.980076708525502, 32.829281126128848 ], [ 34.979676780481007, 32.829386916141907 ], [ 34.979630106125057, 32.829399259399949 ], [ 34.979529867101007, 32.829425489798709 ], [ 34.979175574028147, 32.829525764304378 ], [ 34.979127268318372, 32.829540378495551 ], [ 34.97898831024046, 32.829581777293896 ], [ 34.978609873732303, 32.829685963318433 ], [ 34.978353921314444, 32.829755923172364 ], [ 34.978242094818064, 32.829786811369495 ], [ 34.977867526628749, 32.829890295207761 ], [ 34.977794644944161, 32.829910366501707 ], [ 34.977748175809211, 32.829923275686994 ], [ 34.977737888059636, 32.829926128031858 ], [ 34.97748973846921, 32.829993846022532 ], [ 34.97721746843235, 32.830049166623127 ], [ 34.977110002742108, 32.830062496844732 ], [ 34.976917701334955, 32.830086938510597 ], [ 34.976836238584511, 32.830097123776774 ], [ 34.976459598740391, 32.830144181028786 ], [ 34.976293148220655, 32.830164710397803 ], [ 34.976165633399326, 32.830180713742308 ], [ 34.975996359302741, 32.830201944490788 ], [ 34.975425764903164, 32.830273578028589 ], [ 34.975085809718301, 32.830316323255197 ], [ 34.974982521689505, 32.830327049817697 ], [ 34.974771952495153, 32.830348847019465 ], [ 34.974739694541654, 32.830352217857005 ], [ 34.974724351848465, 32.830353810939911 ], [ 34.974663944618698, 32.830360100262503 ], [ 34.974357976196181, 32.830395602215027 ], [ 34.974047511702167, 32.830435067979934 ], [ 34.973833772522987, 32.830453436765637 ], [ 34.97375888698442, 32.830459872104932 ], [ 34.973431595844993, 32.830482353609526 ], [ 34.97317939845567, 32.830495503474822 ], [ 34.97264206260099, 32.830505147840327 ], [ 34.972453668836572, 32.83050705309936 ], [ 34.972043434548567, 32.830511341695804 ], [ 34.971389491095778, 32.830512369458454 ], [ 34.970821722550433, 32.830521512936585 ], [ 34.970173192919788, 32.83053833299337 ], [ 34.969993329968027, 32.830541965521547 ], [ 34.969950056720016, 32.830545218916299 ], [ 34.969844327571963, 32.830548990064216 ], [ 34.969585310952063, 32.830555808095717 ], [ 34.96938098563497, 32.830562185475145 ], [ 34.969323740128701, 32.830563250172005 ], [ 34.969101283580763, 32.830559407581646 ], [ 34.968848194374587, 32.830551627894742 ], [ 34.968670806581102, 32.83054732472467 ], [ 34.96865585774713, 32.830546932289479 ], [ 34.96863097346332, 32.830546075705143 ], [ 34.968630093194228, 32.830476649530567 ], [ 34.968623381088072, 32.829944277038578 ], [ 34.968563193192708, 32.828755559157969 ], [ 34.968575367383011, 32.828755850797329 ], [ 34.968583906405271, 32.828756054435331 ], [ 34.968593196362136, 32.828757415450937 ], [ 34.968729418335904, 32.828777970787478 ], [ 34.969787877161437, 32.828484916095483 ], [ 34.97012692397432, 32.828391057840477 ], [ 34.970411633412191, 32.828188982940681 ], [ 34.970485681175496, 32.828136466377593 ], [ 34.970502201167754, 32.828066158388779 ], [ 34.970504580008068, 32.828056608550249 ], [ 34.97054788915073, 32.827872113979566 ], [ 34.97062078931836, 32.827562069541273 ], [ 34.970626244908232, 32.827559461228496 ], [ 34.970693005538898, 32.827512970431641 ], [ 34.97089247917112, 32.827358982748535 ], [ 34.970928586977799, 32.827331227618465 ], [ 34.971003657585506, 32.827273522531335 ], [ 34.971329758399172, 32.827009843599583 ], [ 34.971609517803081, 32.826779263355107 ], [ 34.971859749481368, 32.826615709605129 ], [ 34.972230339204721, 32.826405047226181 ], [ 34.972560031119201, 32.826235506128185 ], [ 34.972752519898776, 32.826136133975851 ], [ 34.973062607008039, 32.825986215669026 ], [ 34.973362253673919, 32.825870629834256 ], [ 34.973642812097061, 32.825784412143577 ], [ 34.973877500444296, 32.825717753537866 ], [ 34.974327136241484, 32.825582788305553 ], [ 34.974618104811157, 32.825476833366899 ], [ 34.974932751774716, 32.825338193477677 ], [ 34.97503466625674, 32.825283739747881 ], [ 34.975193048594832, 32.825199449681726 ], [ 34.975558227190874, 32.824972982503041 ], [ 34.975814401764374, 32.824811774218709 ], [ 34.976256028692553, 32.824506550425042 ], [ 34.976399495008145, 32.824405912872741 ], [ 34.976565532292817, 32.824289533080218 ], [ 34.976787984891246, 32.824123128986358 ], [ 34.977007303365902, 32.823922360857935 ], [ 34.977250851086239, 32.823688360388203 ], [ 34.97756875879098, 32.823318167890285 ], [ 34.977761899383296, 32.823102952803602 ], [ 34.977781336932601, 32.823081311396606 ], [ 34.977860040846529, 32.822996783476469 ], [ 34.978025485852505, 32.822819091215557 ], [ 34.978256167562286, 32.822559197820731 ], [ 34.978495045359686, 32.822311031714577 ], [ 34.978520003555289, 32.822285192871433 ], [ 34.97877879169188, 32.822015152896888 ], [ 34.978859428321172, 32.821923187075932 ], [ 34.978961387982082, 32.821806921215298 ], [ 34.979113775477302, 32.821600975683189 ], [ 34.979161673489656, 32.821532089881018 ], [ 34.979230803417082, 32.821432664174488 ], [ 34.979249021451693, 32.821405649879111 ], [ 34.97930293579001, 32.821330820086487 ], [ 34.979382990001547, 32.82121780384049 ], [ 34.979467380827309, 32.821122111368133 ], [ 34.979643039439942, 32.820939928608148 ], [ 34.979659459419651, 32.820922898129979 ], [ 34.97991708110046, 32.820674667292785 ], [ 34.979949672794731, 32.820643276618299 ], [ 34.980059477617026, 32.820542653776144 ], [ 34.980137080430033, 32.820471294280246 ], [ 34.98018257452231, 32.820429531983947 ], [ 34.980394151456601, 32.820245693847951 ], [ 34.980517862546797, 32.820145375000337 ], [ 34.980616739787358, 32.820065128324984 ], [ 34.980840954287288, 32.819907733305264 ], [ 34.98086468123882, 32.819891155737587 ], [ 34.981099186057172, 32.819727311706906 ], [ 34.981287131416366, 32.819597441066257 ], [ 34.981497629093418, 32.819457513178619 ], [ 34.981566413308407, 32.819409328526227 ], [ 34.981690194778629, 32.81932260790402 ], [ 34.981813587688819, 32.819258857904074 ], [ 34.981860843938136, 32.81923445022877 ], [ 34.981970735072359, 32.819190192235475 ], [ 34.982029319296174, 32.819166583681529 ], [ 34.982240576803953, 32.819104922516104 ], [ 34.982301828881894, 32.819093146929227 ], [ 34.982478612766243, 32.819059178197044 ], [ 34.982831703166489, 32.818996685341233 ], [ 34.983165580952218, 32.818940743477235 ], [ 34.983317887123938, 32.818915220607074 ], [ 34.983809313098227, 32.81883041975366 ], [ 34.984096472312366, 32.818782510084397 ], [ 34.984188389655827, 32.818762513628165 ], [ 34.984302049548553, 32.818737794410474 ], [ 34.984418708881876, 32.818713554648433 ], [ 34.984458551738911, 32.818705338124722 ], [ 34.984552894093603, 32.81868574961738 ], [ 34.984687169011458, 32.818670923518049 ], [ 34.984752059764702, 32.818673022903432 ], [ 34.984775467487076, 32.818673787124162 ], [ 34.984847666682491, 32.818710614325973 ], [ 34.98490550000367, 32.818819102416654 ], [ 34.984913682685644, 32.818834438270009 ], [ 34.984932696683984, 32.818870187523117 ], [ 34.985209016455649, 32.818764082900358 ], [ 34.985541090439796, 32.818644111580177 ], [ 34.985685326177148, 32.81858132111963 ], [ 34.985749643507503, 32.818553316982985 ], [ 34.985745449375997, 32.818917592216593 ], [ 34.985828721892176, 32.818985358927456 ], [ 34.985951667841213, 32.819085397751884 ], [ 34.986196584358147, 32.819282926964789 ], [ 34.986261060928172, 32.819334976638302 ], [ 34.986226131415243, 32.819342672103758 ], [ 34.986214581461788, 32.819345254250734 ], [ 34.98598979866383, 32.819389333619995 ], [ 34.985915743969308, 32.819406873908363 ], [ 34.985884238184894, 32.819414486887645 ], [ 34.985666696389188, 32.819467667343055 ], [ 34.98558395937534, 32.819490606007854 ], [ 34.985470805820633, 32.819521974524456 ], [ 34.985400383128543, 32.819545013950176 ], [ 34.985320870478873, 32.81957075151449 ], [ 34.985235688872329, 32.819599366313376 ], [ 34.984763602168584, 32.819764523754202 ], [ 34.984748418913654, 32.819769833313238 ], [ 34.984328593828081, 32.819919589766059 ], [ 34.983871123857547, 32.820087849688726 ], [ 34.983619409489272, 32.820181544192181 ], [ 34.983595260249849, 32.820192877312856 ], [ 34.98341734803607, 32.820276404262614 ], [ 34.983342393753517, 32.82031604183792 ], [ 34.983300584953945, 32.82033814415081 ], [ 34.983358538206666, 32.820435811063909 ], [ 34.983431503743297, 32.820555954704766 ], [ 34.983515112577408, 32.820686219606145 ], [ 34.983565476358095, 32.820763794214038 ], [ 34.983605231640077, 32.820825052961716 ], [ 34.983700880499974, 32.820942291527224 ], [ 34.983720304142956, 32.820966101507075 ], [ 34.983828480530924, 32.821097666451806 ], [ 34.983880128296853, 32.821170967381811 ], [ 34.9839230862734, 32.821231916075902 ], [ 34.984038491205695, 32.821420397359738 ], [ 34.984126513109345, 32.821568438291564 ], [ 34.984147125499952, 32.821603094007585 ], [ 34.984232618169898, 32.821777439893893 ], [ 34.984312017215508, 32.821964126340902 ], [ 34.984346381305926, 32.822059769390762 ], [ 34.984381916428873, 32.822158658764927 ], [ 34.984408207021588, 32.822251827798162 ], [ 34.98444045567495, 32.822366157309339 ], [ 34.984453275108585, 32.822422358660972 ], [ 34.984488211577116, 32.822575350086723 ], [ 34.984524442819925, 32.822781081753369 ], [ 34.984545124218506, 32.823011589752056 ], [ 34.984546339711017, 32.823063525557856 ], [ 34.984546380542703, 32.823065157686379 ], [ 34.984550177255521, 32.823212002577989 ], [ 34.984550475741941, 32.82322348881447 ], [ 34.984536115723046, 32.823593165018757 ], [ 34.984508283344375, 32.823792665264989 ], [ 34.984495271805002, 32.823916617396137 ], [ 34.984496411145692, 32.823929239432935 ], [ 34.98446938864376, 32.824017564668551 ], [ 34.984450104150369, 32.824086870648046 ], [ 34.984434888576473, 32.824150046880291 ], [ 34.984413670165047, 32.824226656739405 ], [ 34.984297467112619, 32.824528877050419 ], [ 34.984282645466486, 32.824567354897077 ], [ 34.984272676048811, 32.824581762581296 ], [ 34.984143764290735, 32.824845644027242 ], [ 34.984131845713286, 32.824870055209772 ], [ 34.984115530566783, 32.824906099453912 ], [ 34.984066994705486, 32.825014406017146 ], [ 34.984051127539715, 32.825049787397639 ], [ 34.984027472653899, 32.825102597329554 ], [ 34.983951984415199, 32.825311024970908 ], [ 34.983864579062036, 32.825593189681584 ], [ 34.983774305403074, 32.825905287120847 ], [ 34.983768064473402, 32.825926826474422 ], [ 34.983683337374295, 32.826288883534268 ], [ 34.983660326271504, 32.826395514494351 ], [ 34.983646930928735, 32.826457260130432 ], [ 34.983629793159082, 32.826607187888719 ], [ 34.983620854524901, 32.826665835965265 ], [ 34.983610525357456, 32.826841041029681 ], [ 34.983609301877614, 32.826911666310913 ], [ 34.983606666765667, 32.827062487058143 ], [ 34.983614740551204, 32.82720578316659 ], [ 34.98364363632821, 32.827355595525255 ], [ 34.983660411964408, 32.827434136904024 ], [ 34.983674463839968, 32.827499919999113 ], [ 34.983721774503422, 32.827673583797704 ], [ 34.98379166694447, 32.827868657382822 ], [ 34.983844211996413, 32.8279961530991 ], [ 34.98391454900883, 32.828101417452032 ], [ 34.983947114907302, 32.828150167770794 ], [ 34.983943479869815, 32.828151759160193 ], [ 34.983723767434661, 32.828247881492842 ], [ 34.983314302523759, 32.828377901925919 ], [ 34.982969092947869, 32.828480978645757 ], [ 34.9828811880462, 32.828507561769811 ], [ 34.982861791834431, 32.828513431696393 ], [ 34.982427590216446, 32.828627084882115 ], [ 34.982136438090436, 32.828710253902848 ], [ 34.981935004141548, 32.828767777221394 ], [ 34.981398094553796, 32.828913894365385 ] ] ] } },
{ "type": "Feature", "properties": { "OBJECTID_12": 14, "OBJECTID": 682, "Shape_Leng": 6893.5069279400004, "Shape_Area": 1053883.047627162, "OBJECTID_1": 22, "SEMEL_YISH": 4000, "SHEM_YISHU": "חיפה", "SHEM_YIS_1": "HAIFA", "ROVA": 4, "TAT_ROVA": 41, "SchName": "בת גלים", "Shape_Length": 6893.5069279361487, "בזב": 4940.0, "מצביעים": 2038.0, "כשרים": 2023.0, "אמת": 206.0, "אצ": 7.0, "ב": 11.0, "ג": 10.0, "ד": 25.0, "ום": 46.0, "ז": 0.0, "זך": 0.0, "זנ": 0.0, "זץ": 0.0, "ט": 102.0, "י": 2.0, "יז": 6.0, "ינ": 0.0, "יץ": 0.0, "יק": 0.0, "כן": 164.0, "ך": 0.0, "ל": 242.0, "מחל": 438.0, "מרצ": 154.0, "נז": 1.0, "ני": 0.0, "נף": 0.0, "נץ": 1.0, "נק": 1.0, "נר": 0.0, "עם": 9.0, "פה": 528.0, "ף": 1.0, "צ": 1.0, "ץ": 2.0, "ק": 0.0, "קי": 2.0, "קך": 0.0, "קנ": 0.0, "קץ": 21.0, "רז": 2.0, "שס": 41.0, "ת": 0.0, "n_stations": 8.0, "turnout_pct": 41.255060728744944, "אמת_pct": 10.182896688087, "אצ_pct": 0.34602076124567477, "ב_pct": 0.54374691052891744, "ג_pct": 0.49431537320810681, "ד_pct": 1.2357884330202669, "ום_pct": 2.2738507167572912, "ז_pct": 0.0, "זך_pct": 0.0, "זנ_pct": 0.0, "זץ_pct": 0.0, "ט_pct": 5.0420168067226889, "י_pct": 0.098863074641621349, "יז_pct": 0.29658922392486409, "ינ_pct": 0.0, "יץ_pct": 0.0, "יק_pct": 0.0, "כן_pct": 8.1067721206129519, "ך_pct": 0.0, "ל_pct": 11.962432031636185, "מחל_pct": 21.651013346515079, "מרצ_pct": 7.6124567474048446, "נז_pct": 0.049431537320810674, "ני_pct": 0.0, "נף_pct": 0.0, "נץ_pct": 0.049431537320810674, "נק_pct": 0.049431537320810674, "נר_pct": 0.0, "עם_pct": 0.44488383588729608, "פה_pct": 26.099851705388037, "ף_pct": 0.049431537320810674, "צ_pct": 0.049431537320810674, "ץ_pct": 0.098863074641621349, "ק_pct": 0.0, "קי_pct": 0.098863074641621349, "קך_pct": 0.0, "קנ_pct": 0.0, "קץ_pct": 1.0380622837370241, "רז_pct": 0.098863074641621349, "שס_pct": 2.026693030153238, "ת_pct": 0.0 }, "geometry": { "type": "Polygon", "coordinates": [ [ [ 34.980025147862854, 32.83673235394928 ], [ 34.979850235912188, 32.836604114348773 ], [ 34.980248650443009, 32.836052539927039 ], [ 34.980003848244138, 32.835904451843668 ], [ 34.979617246353662, 32.836347278037415 ], [ 34.979465739425692, 32.836268108246848 ], [ 34.979829060020911, 32.835736204574943 ], [ 34.978906315183259, 32.835287644242484 ], [ 34.978426086104889, 32.835262542586236 ], [ 34.977888881237106, 32.835333147437225 ], [ 34.97780312859858, 32.835715083835375 ], [ 34.978169404112698, 32.836255624196092 ], [ 34.977999419812669, 32.836359578868411 ], [ 34.977773590405128, 32.836239691254271 ], [ 34.977520959357328, 32.835571428071361 ], [ 34.977635383804667, 32.835003004620511 ], [ 34.976929896498767, 32.834639927967324 ], [ 34.97696702053419, 32.834346377287495 ], [ 34.976808255760922, 32.834240762634082 ], [ 34.976659524165754, 32.834186345791494 ], [ 34.976657685563765, 32.834185285668845 ], [ 34.976656562216675, 32.834184356690571 ], [ 34.97665519305496, 32.834182655420868 ], [ 34.976654340994614, 32.834180888367257 ], [ 34.976654019630068, 32.83417958754977 ], [ 34.976653997104869, 32.834177533465699 ], [ 34.976654725425107, 32.83417505695494 ], [ 34.976668662226835, 32.834147903662384 ], [ 34.976366430577464, 32.833946850655011 ], [ 34.974757600394959, 32.833204534828276 ], [ 34.972273045232086, 32.832388429701155 ], [ 34.970325496121561, 32.831525942081882 ], [ 34.969732338445716, 32.831429591614068 ], [ 34.969103076296982, 32.831417709061647 ], [ 34.968659307105789, 32.831519558202459 ], [ 34.968660413867845, 32.831326234938373 ], [ 34.968661024779124, 32.831220329314647 ], [ 34.968661848936577, 32.831066052175139 ], [ 34.968659805458771, 32.830952614262337 ], [ 34.968655909143507, 32.830766769169585 ], [ 34.968655916311711, 32.830644412015559 ], [ 34.96865585774713, 32.830546932289479 ], [ 34.968670806581102, 32.83054732472467 ], [ 34.968848194374587, 32.830551627894742 ], [ 34.969101283580763, 32.830559407581646 ], [ 34.969323740128701, 32.830563250172005 ], [ 34.96938098563497, 32.830562185475145 ], [ 34.969585310952063, 32.830555808095717 ], [ 34.969844327571963, 32.830548990064216 ], [ 34.969950056720016, 32.830545218916299 ], [ 34.969993329968027, 32.830541965521547 ], [ 34.970173192919788, 32.83053833299337 ], [ 34.970821722550433, 32.830521512936585 ], [ 34.971389491095778, 32.830512369458454 ], [ 34.972043434548567, 32.830511341695804 ], [ 34.972453668836572, 32.83050705309936 ], [ 34.97264206260099, 32.830505147840327 ], [ 34.97317939845567, 32.830495503474822 ], [ 34.973431595844993, 32.830482353609526 ], [ 34.97375888698442, 32.830459872104932 ], [ 34.973833772522987, 32.830453436765637 ], [ 34.974047511702167, 32.830435067979934 ], [ 34.974357976196181, 32.830395602215027 ], [ 34.974663944618698, 32.830360100262503 ], [ 34.974724351848465, 32.830353810939911 ], [ 34.974739694541654, 32.830352217857005 ], [ 34.974771952495153, 32.830348847019465 ], [ 34.974982521689505, 32.830327049817697 ], [ 34.975085809718301, 32.830316323255197 ], [ 34.975425764903164, 32.830273578028589 ], [ 34.975996359302741, 32.830201944490788 ], [ 34.976165633399326, 32.830180713742308 ], [ 34.976293148220655, 32.830164710397803 ], [ 34.976459598740391, 32.830144181028786 ], [ 34.976836238584511, 32.830097123776774 ], [ 34.976917701334955, 32.830086938510597 ], [ 34.977110002742108, 32.830062496844732 ], [ 34.97721746843235, 32.830049166623127 ], [ 34.97748973846921, 32.829993846022532 ], [ 34.977737888059636, 32.829926128031858 ], [ 34.977748175809211, 32.829923275686994 ], [ 34.977794644944161, 32.829910366501707 ], [ 34.977867526628749, 32.829890295207761 ], [ 34.978242094818064, 32.829786811369495 ], [ 34.978353921314444, 32.829755923172364 ], [ 34.978609873732303, 32.829685963318433 ], [ 34.97898831024046, 32.829581777293896 ], [ 34.979127268318372, 32.829540378495551 ], [ 34.979175574028147, 32.829525764304378 ], [ 34.979529867101007, 32.829425489798709 ], [ 34.979630106125057, 32.829399259399949 ], [ 34.979676780481007, 32.829386916141907 ], [ 34.980076708525502, 32.829281126128848 ], [ 34.980433632768758, 32.829180200949466 ], [ 34.980530182970227, 32.829152906449032 ], [ 34.981031773877319, 32.82901495341418 ], [ 34.981305746016972, 32.828939599235241 ], [ 34.981398094553796, 32.828913894365385 ], [ 34.981935004141548, 32.828767777221394 ], [ 34.982136438090436, 32.828710253902848 ], [ 34.982427590216446, 32.828627084882115 ], [ 34.982861791834431, 32.828513431696393 ], [ 34.9828811880462, 32.828507561769811 ], [ 34.982969092947869, 32.828480978645757 ], [ 34.983314302523759, 32.828377901925919 ], [ 34.983723767434661, 32.828247881492842 ], [ 34.983943479869815, 32.828151759160193 ], [ 34.983947114907302, 32.828150167770794 ], [ 34.984004629889604, 32.828124926204509 ], [ 34.984176229393519, 32.828049672167246 ], [ 34.984366490969357, 32.827980217895977 ], [ 34.984427848862445, 32.827959938567005 ], [ 34.9845945789016, 32.827906763148327 ], [ 34.984788742471387, 32.827859765315765 ], [ 34.984946464825072, 32.827823976204726 ], [ 34.98503312441585, 32.827803845529161 ], [ 34.985261245453678, 32.827760861270939 ], [ 34.98530409237808, 32.827753006827429 ], [ 34.985473124200553, 32.827720663260791 ], [ 34.985677135131994, 32.827666924017393 ], [ 34.985892115239508, 32.827607375075999 ], [ 34.98598256060874, 32.827582337952322 ], [ 34.986206151949098, 32.827515103077374 ], [ 34.986363321592457, 32.827466393626757 ], [ 34.986569377479874, 32.827375966790264 ], [ 34.9867485054599, 32.827274113487881 ], [ 34.986831362108184, 32.82721809136315 ], [ 34.986901574529206, 32.827170615056154 ], [ 34.987020104097923, 32.827090462484676 ], [ 34.987275068852774, 32.826900829086519 ], [ 34.987675958842921, 32.826603521197484 ], [ 34.987686548246934, 32.82659578140359 ], [ 34.988124662573426, 32.826271841105736 ], [ 34.988271869042016, 32.82616326515857 ], [ 34.988622889849012, 32.82590490217143 ], [ 34.988824025572498, 32.825756836189242 ], [ 34.989053768472104, 32.825562822155923 ], [ 34.989179081083527, 32.825458169478168 ], [ 34.989604230701723, 32.825103904885992 ], [ 34.989862776121036, 32.824885239700258 ], [ 34.989997592371928, 32.824821088298343 ], [ 34.990115170420466, 32.824774499190482 ], [ 34.990300114272991, 32.824742708305699 ], [ 34.990395792348863, 32.824833581796128 ], [ 34.990528691759863, 32.824948779647272 ], [ 34.990738775772343, 32.825116491823543 ], [ 34.990799602579955, 32.825135523878288 ], [ 34.990801091745958, 32.825142469422303 ], [ 34.990915538514315, 32.825292344976283 ], [ 34.991103230581508, 32.825436309344134 ], [ 34.991134056894232, 32.825459899546701 ], [ 34.990951519282575, 32.825646050429285 ], [ 34.990666561885462, 32.82597351377111 ], [ 34.99038334904678, 32.82636976563527 ], [ 34.990018718638986, 32.827005380292348 ], [ 34.98985446828452, 32.827271183524488 ], [ 34.989676237293942, 32.827487275912247 ], [ 34.989537239730517, 32.827644219711743 ], [ 34.989152918956151, 32.828380137753328 ], [ 34.988916102360342, 32.828885847867404 ], [ 34.988900320000482, 32.82891846000382 ], [ 34.988750808260129, 32.829226312940634 ], [ 34.988715246389674, 32.829227236312661 ], [ 34.988603101626737, 32.829229843669744 ], [ 34.987657528760778, 32.829312508755656 ], [ 34.985941001401052, 32.82998687812897 ], [ 34.985905723514072, 32.830000792716547 ], [ 34.986055678062279, 32.830391124548882 ], [ 34.986079232999728, 32.830452577789742 ], [ 34.985923342052821, 32.830483684526023 ], [ 34.985546679032105, 32.830558854857046 ], [ 34.985506406296579, 32.830566914053151 ], [ 34.985514585400999, 32.830583313826722 ], [ 34.98540782645032, 32.830610913502639 ], [ 34.985363363268839, 32.830622278121979 ], [ 34.985397911604537, 32.830688165388047 ], [ 34.985488659127824, 32.830855585406553 ], [ 34.98558440191664, 32.831032207696282 ], [ 34.985639766826488, 32.83114394603377 ], [ 34.985723973908236, 32.831124346214459 ], [ 34.985802300342286, 32.831149274031574 ], [ 34.985847664759092, 32.831203459921404 ], [ 34.985852982857693, 32.831215907087206 ], [ 34.985879843101912, 32.831277901731248 ], [ 34.985880159238548, 32.831283132071803 ], [ 34.985881289221965, 32.831301434698013 ], [ 34.985882723251962, 32.831326415753985 ], [ 34.985856245735214, 32.831368029301863 ], [ 34.985943328356747, 32.831390184299984 ], [ 34.986149519347371, 32.831410828360816 ], [ 34.986430281001319, 32.831417541044409 ], [ 34.986674810078291, 32.831437080605994 ], [ 34.986956825796483, 32.831498970363761 ], [ 34.987167610461384, 32.831559670088922 ], [ 34.98724790501354, 32.831610028010132 ], [ 34.987258469118999, 32.831616453729843 ], [ 34.987282947710092, 32.831609549590866 ], [ 34.987296723354426, 32.831605872959088 ], [ 34.987302816806164, 32.83160525595332 ], [ 34.987361566364349, 32.831600759229985 ], [ 34.987475135895316, 32.831590590303122 ], [ 34.987660688288535, 32.83157476792325 ], [ 34.987818347065662, 32.831561248607827 ], [ 34.987871767434541, 32.831556648648004 ], [ 34.988070116946368, 32.831541572754688 ], [ 34.988339270749769, 32.83154086545234 ], [ 34.98838239094956, 32.831540764949835 ], [ 34.988404197774699, 32.831540708806955 ], [ 34.988672866190925, 32.8315154758467 ], [ 34.988945328497934, 32.831466170170302 ], [ 34.989548184946308, 32.831258646041633 ], [ 34.989595705534882, 32.83126107198963 ], [ 34.989665442082753, 32.831264710031839 ], [ 34.989730486276606, 32.831268150633299 ], [ 34.989768000432385, 32.831255145902887 ], [ 34.989925188244953, 32.831257689396644 ], [ 34.989685281915214, 32.831349715517085 ], [ 34.989229982120939, 32.831524366037932 ], [ 34.989115754970925, 32.83204884186334 ], [ 34.988578104843299, 32.83231052888398 ], [ 34.988434384164336, 32.833360187923262 ], [ 34.988179197467467, 32.833717601845301 ], [ 34.987613444063278, 32.833931333026904 ], [ 34.987267200309439, 32.834263796307248 ], [ 34.986937226607203, 32.834555142885897 ], [ 34.986490198099951, 32.834809092041688 ], [ 34.986478807299406, 32.834877744706688 ], [ 34.986394833675966, 32.835384315995277 ], [ 34.985970309759736, 32.835646188598275 ], [ 34.985598059905321, 32.835524394933614 ], [ 34.985574649546592, 32.83548981037405 ], [ 34.985546548060668, 32.835454447566484 ], [ 34.98551878063877, 32.835412661717825 ], [ 34.985517739969673, 32.835411945761706 ], [ 34.985516475389666, 32.835411074323865 ], [ 34.98551529183581, 32.835410262539021 ], [ 34.985514133884308, 32.835409463422565 ], [ 34.985512534497175, 32.835408362370607 ], [ 34.985511069459314, 32.835407353525653 ], [ 34.985509489266285, 32.83540626513085 ], [ 34.98550836543069, 32.835405491321247 ], [ 34.985507052313309, 32.835404378146251 ], [ 34.985496125280022, 32.835395123956346 ], [ 34.985487261718326, 32.835387619040816 ], [ 34.985471430805561, 32.83538680688298 ], [ 34.985450772884967, 32.835385742823632 ], [ 34.985429560583938, 32.835385137651407 ], [ 34.985403967865885, 32.835385092874048 ], [ 34.98537932261933, 32.835385441081613 ], [ 34.985356200121409, 32.835385912775394 ], [ 34.985343444716761, 32.835386175384684 ], [ 34.985323959351923, 32.835384312658455 ], [ 34.985308330900914, 32.835382822765681 ], [ 34.985292696055403, 32.835381327449618 ], [ 34.985287202774749, 32.835382735285073 ], [ 34.985278129257196, 32.835385054769766 ], [ 34.985262081195266, 32.835389161810028 ], [ 34.985248061592806, 32.835392745814758 ], [ 34.985239056943271, 32.835395725452173 ], [ 34.985231885872672, 32.835399252918684 ], [ 34.985223335327419, 32.835403463251318 ], [ 34.985212693140852, 32.835408697843661 ], [ 34.985200964484548, 32.835414469741202 ], [ 34.985182735402006, 32.835424675569719 ], [ 34.98516997804073, 32.835431816226937 ], [ 34.985158606786918, 32.835438182056606 ], [ 34.985154266435913, 32.835444167065958 ], [ 34.985149900366793, 32.835450186294239 ], [ 34.985143660958308, 32.835458797296042 ], [ 34.985138685275828, 32.835466018306541 ], [ 34.985137436259969, 32.835471851837205 ], [ 34.985135830703214, 32.83547934565086 ], [ 34.985133304577559, 32.835491144309216 ], [ 34.985131372752633, 32.835500148778735 ], [ 34.98512992491294, 32.835506917912156 ], [ 34.985129453548964, 32.835517053852399 ], [ 34.985128858093844, 32.835529876602685 ], [ 34.985131096066191, 32.835537106643571 ], [ 34.985135760583404, 32.835552194629727 ], [ 34.985140136665251, 32.835566438131295 ], [ 34.985144397677622, 32.835580567818546 ], [ 34.985148866310695, 32.835595397578459 ], [ 34.985157623244788, 32.835602826589195 ], [ 34.985164881612356, 32.835608983399005 ], [ 34.985167705075789, 32.835613529240646 ], [ 34.985171486001597, 32.835619618644195 ], [ 34.985175892884691, 32.835627416939268 ], [ 34.985180465490274, 32.835639056711294 ], [ 34.985185492336214, 32.835651873078625 ], [ 34.985191195742544, 32.835663192026836 ], [ 34.985197442929177, 32.835674890635673 ], [ 34.985206827768543, 32.835680632784445 ], [ 34.98521907071072, 32.835688127407131 ], [ 34.985236876316129, 32.835699022112593 ], [ 34.985249244781407, 32.835702378208609 ], [ 34.98526010402788, 32.835705318688277 ], [ 34.98527262832954, 32.835708716532423 ], [ 34.985279281697132, 32.835711595545597 ], [ 34.985288331502083, 32.83571633442569 ], [ 34.985299629732019, 32.835722316159156 ], [ 34.98530968797801, 32.835727848484247 ], [ 34.985321411436807, 32.835734644281786 ], [ 34.985335327198619, 32.835737701914191 ], [ 34.985347135751852, 32.835740292389907 ], [ 34.985352453603674, 32.835743351202566 ], [ 34.985364893935333, 32.835750501711985 ], [ 34.985386942088738, 32.835762197305201 ], [ 34.985402565398537, 32.835770159488838 ], [ 34.985416320094785, 32.835777920029976 ], [ 34.985431310265952, 32.835808854284558 ], [ 34.985429540852095, 32.835812620240731 ], [ 34.985274377310638, 32.835838492196011 ], [ 34.985273837071752, 32.835838410098354 ], [ 34.98526157390048, 32.835836531152516 ], [ 34.985247950531182, 32.835834442435775 ], [ 34.985235930701407, 32.83583263604848 ], [ 34.985224058193445, 32.835830858771992 ], [ 34.985211581368056, 32.835828997480839 ], [ 34.985208061557259, 32.835827912898999 ], [ 34.985200266294775, 32.835825520596586 ], [ 34.985192020657259, 32.83582298684172 ], [ 34.985184575466569, 32.835820697943788 ], [ 34.98518339286305, 32.835815152300633 ], [ 34.985182028689621, 32.835808737113148 ], [ 34.985176009106866, 32.835808726569688 ], [ 34.985163367555899, 32.835808704426768 ], [ 34.985149493464419, 32.835808680123428 ], [ 34.985134346246156, 32.835808653588224 ], [ 34.985128727992752, 32.835807880918352 ], [ 34.985118172690875, 32.835806425136674 ], [ 34.985106071362573, 32.835804753847164 ], [ 34.985094416323896, 32.835803148259934 ], [ 34.985086332856362, 32.835803294596133 ], [ 34.985068112991499, 32.835803632360452 ], [ 34.985040292943644, 32.835804142651156 ], [ 34.985032397203064, 32.835803522878898 ], [ 34.985012609798325, 32.835801969755067 ], [ 34.984997777249013, 32.835800807629248 ], [ 34.984983606565329, 32.835803255213449 ], [ 34.984969916716075, 32.83580561888045 ], [ 34.984960389813224, 32.835807263085066 ], [ 34.984946786152697, 32.835811060583033 ], [ 34.984936234976274, 32.835814006829267 ], [ 34.984928092126111, 32.83581571477302 ], [ 34.984910314231705, 32.835818740316697 ], [ 34.984894840039807, 32.835821376762524 ], [ 34.984887918329399, 32.835823378991869 ], [ 34.984877184190395, 32.83582688936832 ], [ 34.984865708226884, 32.835830638291398 ], [ 34.984854270739206, 32.835834376460681 ], [ 34.984837133614469, 32.835839163210963 ], [ 34.984824451250653, 32.835842702625904 ], [ 34.984809170933758, 32.835846412408792 ], [ 34.984796318583918, 32.835849583634356 ], [ 34.984783330822943, 32.835853093655281 ], [ 34.984778889258159, 32.835855053342691 ], [ 34.984769914599873, 32.83586057575593 ], [ 34.984761286502575, 32.835865891388728 ], [ 34.984752824607853, 32.835868772757628 ], [ 34.98474018733944, 32.835873080480461 ], [ 34.984738992174307, 32.835878719336833 ], [ 34.984737319331018, 32.835886629606073 ], [ 34.984730377148018, 32.835890869777877 ], [ 34.984724128120057, 32.835894683766249 ], [ 34.984715540780662, 32.835899927332378 ], [ 34.984708036365539, 32.835901739174695 ], [ 34.984695942944512, 32.835904661053 ], [ 34.984684905406141, 32.835907325097878 ], [ 34.984676428756543, 32.835910123480495 ], [ 34.984667700527751, 32.835913592275993 ], [ 34.984656196880742, 32.835918165273071 ], [ 34.984642383831236, 32.835923704429455 ], [ 34.984629802394522, 32.835928755229197 ], [ 34.984618508673456, 32.835933956165569 ], [ 34.984606724308399, 32.835939753156062 ], [ 34.984601287878306, 32.835939743609018 ], [ 34.984591423267652, 32.835939726284948 ], [ 34.984578471960944, 32.835939703538905 ], [ 34.984565834664181, 32.835939681343049 ], [ 34.984555289824591, 32.835940045136645 ], [ 34.984544125423369, 32.835941309528017 ], [ 34.984537655920739, 32.835944436034247 ], [ 34.984531319012781, 32.835947499654971 ], [ 34.984522353672091, 32.835951831839893 ], [ 34.984519004155018, 32.835952724035749 ], [ 34.984514179735619, 32.835954010382601 ], [ 34.984507846218065, 32.835955698033764 ], [ 34.984503333727808, 32.835957828907276 ], [ 34.984497289991076, 32.835960680243211 ], [ 34.984495959013422, 32.835964214321095 ], [ 34.984493316407345, 32.835971232016298 ], [ 34.984490227267187, 32.835973084063809 ], [ 34.984481932193198, 32.835977608581089 ], [ 34.98447103176435, 32.835981838176586 ], [ 34.984458430733461, 32.83598703139112 ], [ 34.984449535226368, 32.835990761366546 ], [ 34.984447344049329, 32.835997491314259 ], [ 34.984445551105182, 32.836002984847219 ], [ 34.984441645544138, 32.836004139356383 ], [ 34.984432233291308, 32.836006921651133 ], [ 34.984423131002586, 32.83600961251787 ], [ 34.984420773420439, 32.836011923906398 ], [ 34.984416689951011, 32.836015923826196 ], [ 34.984412835001685, 32.836022540843146 ], [ 34.984410140219602, 32.836025592825472 ], [ 34.984400071301117, 32.836031326086726 ], [ 34.98439143776217, 32.836036234121678 ], [ 34.984377770346072, 32.836039874551886 ], [ 34.984362424950312, 32.836043966480872 ], [ 34.98435012652358, 32.836045984474886 ], [ 34.984333036947838, 32.836048787528078 ], [ 34.984322217327453, 32.836050561057277 ], [ 34.984324834102537, 32.836058349020469 ], [ 34.984323294937575, 32.836061412049752 ], [ 34.984319533960452, 32.836068898455231 ], [ 34.984313289417784, 32.836069150767273 ], [ 34.984306356971658, 32.836069430723306 ], [ 34.984301684678535, 32.836067929313366 ], [ 34.984294803254016, 32.836065711685563 ], [ 34.984285727606796, 32.836062795899515 ], [ 34.984280283328154, 32.836064232630633 ], [ 34.984273201691877, 32.836066106505015 ], [ 34.984269324754393, 32.836069509866419 ], [ 34.98426328778023, 32.836074808381291 ], [ 34.984258672267757, 32.83607886326471 ], [ 34.984256343374582, 32.83608253083775 ], [ 34.984253381872001, 32.836087190957088 ], [ 34.984248491434897, 32.836090121854539 ], [ 34.984241656361931, 32.836094223327621 ], [ 34.984236338062452, 32.836097411354466 ], [ 34.984227293047653, 32.836098527962207 ], [ 34.984219089613191, 32.836098802070808 ], [ 34.984214093006763, 32.836098012419761 ], [ 34.984203222180412, 32.836096296320001 ], [ 34.98419577425414, 32.836095982052981 ], [ 34.984188786987566, 32.836095969759455 ], [ 34.984183848684118, 32.836100117847586 ], [ 34.984178221114171, 32.836104845409139 ], [ 34.984171640990823, 32.836110371992362 ], [ 34.984164356616382, 32.836116490646027 ], [ 34.984160229307129, 32.836118340858491 ], [ 34.984152785157086, 32.836121687444617 ], [ 34.984141972885112, 32.836126535723615 ], [ 34.984129421915107, 32.836132201476872 ], [ 34.984115239177363, 32.83613863439755 ], [ 34.984099071867341, 32.836145972723905 ], [ 34.984081656565827, 32.836151777786895 ], [ 34.98406609341086, 32.836156669994061 ], [ 34.984052992776114, 32.836158282590802 ], [ 34.98403521899214, 32.836160469448139 ], [ 34.984026806616164, 32.836162308504775 ], [ 34.984016475318001, 32.836165283914276 ], [ 34.984000504878651, 32.836169883249546 ], [ 34.983990889693835, 32.836172652529989 ], [ 34.983969528229096, 32.836175285706751 ], [ 34.983947812161524, 32.836177920058688 ], [ 34.983924495803329, 32.83618068503749 ], [ 34.983911028748118, 32.836182756834226 ], [ 34.983897148813398, 32.83618507316092 ], [ 34.983882570069959, 32.836187507277572 ], [ 34.983876145469196, 32.836189735748313 ], [ 34.98385510997074, 32.836197034808087 ], [ 34.983838755363067, 32.836204084230815 ], [ 34.983821557508698, 32.836213510815391 ], [ 34.983804218465536, 32.836223018300579 ], [ 34.983786466583865, 32.836232752280736 ], [ 34.983773728848199, 32.836232729827756 ], [ 34.983768343216333, 32.836234630106986 ], [ 34.983759609466965, 32.836237712907028 ], [ 34.983749498836616, 32.836241283796809 ], [ 34.98374629792773, 32.836244268147546 ], [ 34.983738005513167, 32.836252009838852 ], [ 34.983734548639767, 32.836258297518896 ], [ 34.983726614061617, 32.836271637512745 ], [ 34.983716261713823, 32.836287429438173 ], [ 34.983705548369265, 32.836288537656337 ], [ 34.983685677174719, 32.836290598136074 ], [ 34.983675983663041, 32.836289618039864 ], [ 34.983664026398102, 32.836288413938838 ], [ 34.983655091586179, 32.836295916446247 ], [ 34.983645551992225, 32.836301794849831 ], [ 34.98363595464113, 32.836307705611553 ], [ 34.983627411650886, 32.836308797814091 ], [ 34.98360281902815, 32.836311944600183 ], [ 34.983593812448156, 32.836316507477228 ], [ 34.983578158388731, 32.836324445361484 ], [ 34.983560209373699, 32.83633354417389 ], [ 34.983553911342298, 32.836334685416901 ], [ 34.983530894761209, 32.836338864696231 ], [ 34.983507876602914, 32.836339366889305 ], [ 34.983490183230494, 32.836337528680623 ], [ 34.983471029120295, 32.836335536407567 ], [ 34.983451808459201, 32.836348338892861 ], [ 34.98343402137295, 32.836360186314622 ], [ 34.983415313493701, 32.836360869224229 ], [ 34.983394599594327, 32.836361626133851 ], [ 34.983377961822789, 32.836362233344786 ], [ 34.983364231725076, 32.836368719277068 ], [ 34.983352905095664, 32.836372493571758 ], [ 34.98333695990658, 32.83637463306475 ], [ 34.983323719967309, 32.836376411249333 ], [ 34.983306351300179, 32.836377152412723 ], [ 34.983290020570081, 32.836377123563381 ], [ 34.983270894217306, 32.836384613448153 ], [ 34.983265583510757, 32.836384717677703 ], [ 34.983243701940658, 32.83638514969536 ], [ 34.983221205119534, 32.836385598655689 ], [ 34.983208643366083, 32.836385237421851 ], [ 34.983181714966356, 32.836384455855701 ], [ 34.983163863887512, 32.836391942568 ], [ 34.983143084674367, 32.836394913863565 ], [ 34.983119260392783, 32.836398314385086 ], [ 34.983108763437151, 32.836398295826037 ], [ 34.983089839438435, 32.836398262365442 ], [ 34.983074668624702, 32.836398235538979 ], [ 34.98306191221085, 32.836405731245776 ], [ 34.983056573358887, 32.836406847109359 ], [ 34.983040420018078, 32.836410223310835 ], [ 34.983016516743398, 32.836415324254553 ], [ 34.982986708093883, 32.836421718586095 ], [ 34.98296230965029, 32.836425788917026 ], [ 34.982936433717079, 32.836430428298335 ], [ 34.982908853603853, 32.83643660113286 ], [ 34.982890986132645, 32.836441213199315 ], [ 34.982873958706413, 32.83644646694772 ], [ 34.982860911007499, 32.836451682653902 ], [ 34.982707711761243, 32.836451411387728 ], [ 34.982577208938615, 32.836451180161653 ], [ 34.982418682782544, 32.83649872637509 ], [ 34.982401616329874, 32.83649990436529 ], [ 34.982384808065959, 32.836502054829566 ], [ 34.982367494498362, 32.836502960067328 ], [ 34.982348646059442, 32.836503456820509 ], [ 34.98233623544558, 32.836505018163621 ], [ 34.982320653817133, 32.836508687432968 ], [ 34.98230135312545, 32.836513228343755 ], [ 34.982275812889903, 32.8365194299056 ], [ 34.98224805963239, 32.836525620320714 ], [ 34.982219773482555, 32.836531349923376 ], [ 34.982200257332387, 32.836537484618425 ], [ 34.982178977479172, 32.836544173421416 ], [ 34.982156897705842, 32.836545261325064 ], [ 34.982136926558894, 32.836546248373764 ], [ 34.982127876427995, 32.836547675000702 ], [ 34.982110769855112, 32.836550374927342 ], [ 34.982089773980789, 32.836553682893822 ], [ 34.982068063336598, 32.836554082548687 ], [ 34.982047331101022, 32.836554460494156 ], [ 34.982026188330863, 32.83655413980118 ], [ 34.981997693735138, 32.836552646471617 ], [ 34.981972575944383, 32.836551330457233 ], [ 34.981960646757599, 32.836552568011392 ], [ 34.981935955078569, 32.836555126393662 ], [ 34.981933634627481, 32.836555365724571 ], [ 34.981908423524423, 32.83655720363204 ], [ 34.981884801503966, 32.836558268908931 ], [ 34.981870169667928, 32.836557963371725 ], [ 34.981850267163558, 32.836555408670819 ], [ 34.981829694710605, 32.836558526188952 ], [ 34.98180914934651, 32.836561916061285 ], [ 34.981785269762803, 32.836566039383065 ], [ 34.981749612927729, 32.836558452281622 ], [ 34.981737282939868, 32.83655765850272 ], [ 34.981718291392376, 32.836556432684468 ], [ 34.981697975652608, 32.836555119748596 ], [ 34.981677747430339, 32.836557255015599 ], [ 34.981653356901404, 32.836559828304956 ], [ 34.981622133142544, 32.836563136023557 ], [ 34.981589603769642, 32.836566614533957 ], [ 34.981573388220141, 32.836568351168395 ], [ 34.981548877935488, 32.836570974718654 ], [ 34.981539886936922, 32.836570958709402 ], [ 34.981523329742828, 32.836570929226198 ], [ 34.981504401437242, 32.836570895518129 ], [ 34.981477789448697, 32.836570848121859 ], [ 34.981435800103256, 32.83657049741069 ], [ 34.981417444909063, 32.836570214041473 ], [ 34.981383744229142, 32.836569695938927 ], [ 34.981370791631015, 32.836569299560054 ], [ 34.981355270086077, 32.836568568584426 ], [ 34.981347604371777, 32.836568203265266 ], [ 34.981290301202925, 32.836565208517534 ], [ 34.981248246227572, 32.836562915393031 ], [ 34.981237740711514, 32.8365637496575 ], [ 34.981168857700723, 32.836569211865829 ], [ 34.981100089220178, 32.83656049251033 ], [ 34.981060599029824, 32.836559345434189 ], [ 34.981030049277635, 32.836548548219234 ], [ 34.98099866301137, 32.836542530247172 ], [ 34.980964462564899, 32.836536011315587 ], [ 34.980949627814837, 32.836575779877258 ], [ 34.980946183343093, 32.836574475298661 ], [ 34.980717335146437, 32.836487877876309 ], [ 34.980504803750044, 32.83638831411492 ], [ 34.980025147862854, 32.83673235394928 ] ] ] } },
{ "type": "Feature", "properties": { "OBJECTID_12": 15, "OBJECTID": 685, "Shape_Leng": 3585.5972448699999, "Shape_Area": 452448.67902740726, "OBJECTID_1": 25, "SEMEL_YISH": 4000, "SHEM_YISHU": "חיפה", "SHEM_YIS_1": "HAIFA", "ROVA": 4, "TAT_ROVA": 42, "SchName": "עין הים", "Shape_Length": 3585.5972448666253, "בזב": 1220.0, "מצביעים": 693.0, "כשרים": 684.0, "אמת": 19.0, "אצ": 2.0, "ב": 1.0, "ג": 1.0, "ד": 133.0, "ום": 263.0, "ז": 0.0, "זך": 0.0, "זנ": 0.0, "זץ": 0.0, "ט": 7.0, "י": 0.0, "יז": 0.0, "ינ": 0.0, "יץ": 1.0, "יק": 0.0, "כן": 16.0, "ך": 1.0, "ל": 25.0, "מחל": 62.0, "מרצ": 54.0, "נז": 0.0, "ני": 0.0, "נף": 0.0, "נץ": 0.0, "נק": 0.0, "נר": 0.0, "עם": 24.0, "פה": 50.0, "ף": 0.0, "צ": 0.0, "ץ": 0.0, "ק": 0.0, "קי": 0.0, "קך": 0.0, "קנ": 0.0, "קץ": 0.0, "רז": 0.0, "שס": 25.0, "ת": 0.0, "n_stations": 2.0, "turnout_pct": 56.803278688524593, "אמת_pct": 2.7777777777777777, "אצ_pct": 0.29239766081871343, "ב_pct": 0.14619883040935672, "ג_pct": 0.14619883040935672, "ד_pct": 19.444444444444446, "ום_pct": 38.450292397660817, "ז_pct": 0.0, "זך_pct": 0.0, "זנ_pct": 0.0, "זץ_pct": 0.0, "ט_pct": 1.0233918128654971, "י_pct": 0.0, "יז_pct": 0.0, "ינ_pct": 0.0, "יץ_pct": 0.14619883040935672, "יק_pct": 0.0, "כן_pct": 2.3391812865497075, "ך_pct": 0.14619883040935672, "ל_pct": 3.6549707602339181, "מחל_pct": 9.064327485380117, "מרצ_pct": 7.8947368421052628, "נז_pct": 0.0, "ני_pct": 0.0, "נף_pct": 0.0, "נץ_pct": 0.0, "נק_pct": 0.0, "נר_pct": 0.0, "עם_pct": 3.5087719298245612, "פה_pct": 7.3099415204678362, "ף_pct": 0.0, "צ_pct": 0.0, "ץ_pct": 0.0, "ק_pct": 0.0, "קי_pct": 0.0, "קך_pct": 0.0, "קנ_pct": 0.0, "קץ_pct": 0.0, "רז_pct": 0.0, "שס_pct": 3.6549707602339181, "ת_pct": 0.0 }, "geometry": { "type": "Polygon", "coordinates": [ [ [ 34.968659307108169, 32.831519557300751 ], [ 34.968645228577905, 32.8315227885806 ], [ 34.968149412318887, 32.831593430561362 ], [ 34.967668976560169, 32.831592522835884 ], [ 34.967244662173975, 32.831572550643976 ], [ 34.966821242348367, 32.831590916646618 ], [ 34.965640734272071, 32.831351974812179 ], [ 34.965096407737427, 32.831155374712893 ], [ 34.964534040938254, 32.830966640965251 ], [ 34.963066832332458, 32.830176535984201 ], [ 34.961996283462994, 32.829519052525598 ], [ 34.960920333785388, 32.828342518263128 ], [ 34.959627972569017, 32.827044384648516 ], [ 34.958641475847358, 32.826183590678539 ], [ 34.957625059087754, 32.825895303420971 ], [ 34.957197424871339, 32.82585729119878 ], [ 34.957432465637368, 32.825142945758543 ], [ 34.957395253219623, 32.825117169726013 ], [ 34.957342978443627, 32.825099576529084 ], [ 34.957290162676081, 32.825081442131385 ], [ 34.957306979091491, 32.825063441569526 ], [ 34.95744532993983, 32.824930710213927 ], [ 34.95758713112761, 32.82505389173172 ], [ 34.957599702387881, 32.825064099277874 ], [ 34.957687698601845, 32.824986642821642 ], [ 34.957756323431937, 32.824926188233789 ], [ 34.95776441665226, 32.824932603458244 ], [ 34.958092962550168, 32.824646056429849 ], [ 34.958172183986235, 32.824577055521544 ], [ 34.958177612360785, 32.824581666610584 ], [ 34.958300677161326, 32.824528262683906 ], [ 34.958500671967904, 32.824459406064641 ], [ 34.958573496530818, 32.824462338917051 ], [ 34.958812729117312, 32.824452718591502 ], [ 34.958991614170948, 32.824455133369803 ], [ 34.959043511034679, 32.824455957349862 ], [ 34.959068260220484, 32.824387207964968 ], [ 34.959093875978148, 32.824315937349454 ], [ 34.959205804201112, 32.824004978688372 ], [ 34.959242564718465, 32.824026563158121 ], [ 34.960006730516319, 32.824475336093393 ], [ 34.960133427266591, 32.824541678009943 ], [ 34.960286891014185, 32.824621989552135 ], [ 34.960622684840281, 32.824797717460562 ], [ 34.9609301356884, 32.824943406417376 ], [ 34.961064235782871, 32.825006954834848 ], [ 34.961618664286554, 32.825259785318266 ], [ 34.961928910456912, 32.825059404903556 ], [ 34.96198664125842, 32.824997929620878 ], [ 34.962001745857904, 32.824981904315599 ], [ 34.962187657240484, 32.824791015246511 ], [ 34.962503407870152, 32.824604796930814 ], [ 34.962528217121346, 32.824590148255218 ], [ 34.962813379133685, 32.824475988857778 ], [ 34.963106275263932, 32.824358722972192 ], [ 34.963496147223729, 32.824262643372386 ], [ 34.964135908557232, 32.824104979221005 ], [ 34.964553310555679, 32.824046992280117 ], [ 34.964714407874979, 32.824024675672867 ], [ 34.965019759854528, 32.823970969303687 ], [ 34.965323409739739, 32.823834942016191 ], [ 34.965502290112767, 32.823754943994231 ], [ 34.965904266186769, 32.823633619172668 ], [ 34.966433691899852, 32.823609117029292 ], [ 34.966298510482197, 32.823681628935773 ], [ 34.966268569046051, 32.823697717613555 ], [ 34.966248245346407, 32.823708576755664 ], [ 34.966210149436471, 32.823740606181524 ], [ 34.966137902556895, 32.823801417411623 ], [ 34.965865195710904, 32.823946332270417 ], [ 34.965832654141465, 32.82397584563271 ], [ 34.965745295930454, 32.82405494472787 ], [ 34.965726354364932, 32.824086423520008 ], [ 34.965689513662582, 32.8241477185665 ], [ 34.965658725953418, 32.82419941495273 ], [ 34.965577195958303, 32.824335235817536 ], [ 34.965497713323089, 32.824467718876619 ], [ 34.965490643011819, 32.824479522908014 ], [ 34.965476750068547, 32.824521507846491 ], [ 34.965453487977378, 32.824591884387587 ], [ 34.965439704863869, 32.824633519675743 ], [ 34.965430524648198, 32.824713391718085 ], [ 34.965419258034899, 32.82481147477678 ], [ 34.965413745277587, 32.825017281769597 ], [ 34.965413342488901, 32.825032102948967 ], [ 34.965407992655706, 32.825232092554081 ], [ 34.965404785951876, 32.825352004627099 ], [ 34.96550598635217, 32.826204747366582 ], [ 34.965688889554045, 32.82637723301449 ], [ 34.965771771394671, 32.826455381630211 ], [ 34.965806283902793, 32.826487913589901 ], [ 34.965793351413623, 32.826490956481692 ], [ 34.965784827694762, 32.826484714079399 ], [ 34.965644390454933, 32.826844140395778 ], [ 34.965636441913773, 32.826864400586963 ], [ 34.965625573330094, 32.8268923357844 ], [ 34.965689960219137, 32.827852934552254 ], [ 34.965774797252095, 32.828238391942897 ], [ 34.966051151611374, 32.828451347042495 ], [ 34.966117771499441, 32.828502691535775 ], [ 34.966201848455434, 32.828530089734741 ], [ 34.966380908201025, 32.828585875113689 ], [ 34.966725484914548, 32.828687980524371 ], [ 34.96783892858025, 32.828740131580965 ], [ 34.968118076118103, 32.828746068943914 ], [ 34.968563193195102, 32.82875555825629 ], [ 34.968623381088072, 32.829944277038578 ], [ 34.968630093196602, 32.830476648628867 ], [ 34.96863097346332, 32.830546075705143 ], [ 34.968655857749518, 32.830546931387808 ], [ 34.968655916311711, 32.830644412015559 ], [ 34.968655909143507, 32.830766769169585 ], [ 34.968659804390782, 32.830952614260333 ], [ 34.968661848938957, 32.831066051273474 ], [ 34.968661024781511, 32.831220328412968 ], [ 34.968660413867845, 32.831326234938373 ], [ 34.968659307108169, 32.831519557300751 ] ] ] } },
{ "type": "Feature", "properties": { "OBJECTID_12": 16, "OBJECTID": 686, "Shape_Leng": 4667.0840401900005, "Shape_Area": 814294.80502165377, "OBJECTID_1": 26, "SEMEL_YISH": 4000, "SHEM_YISHU": "חיפה", "SHEM_YIS_1": "HAIFA", "ROVA": 4, "TAT_ROVA": 42, "SchName": "קריית שפרינצק", "Shape_Length": 4667.0840401897585, "בזב": 8628.0, "מצביעים": 4425.0, "כשרים": 4387.0, "אמת": 119.0, "אצ": 12.0, "ב": 10.0, "ג": 20.0, "ד": 61.0, "ום": 141.0, "ז": 0.0, "זך": 0.0, "זנ": 0.0, "זץ": 0.0, "ט": 280.0, "י": 4.0, "יז": 16.0, "ינ": 0.0, "יץ": 0.0, "יק": 0.0, "כן": 355.0, "ך": 2.0, "ל": 652.0, "מחל": 1288.0, "מרצ": 95.0, "נז": 1.0, "ני": 2.0, "נף": 0.0, "נץ": 2.0, "נק": 0.0, "נר": 0.0, "עם": 20.0, "פה": 1032.0, "ף": 3.0, "צ": 7.0, "ץ": 2.0, "ק": 3.0, "קי": 0.0, "קך": 2.0, "קנ": 2.0, "קץ": 26.0, "רז": 5.0, "שס": 223.0, "ת": 2.0, "n_stations": 14.0, "turnout_pct": 51.286509040333797, "אמת_pct": 2.7125598358787326, "אצ_pct": 0.27353544563483018, "ב_pct": 0.22794620469569182, "ג_pct": 0.45589240939138365, "ד_pct": 1.3904718486437202, "ום_pct": 3.214041486209255, "ז_pct": 0.0, "זך_pct": 0.0, "זנ_pct": 0.0, "זץ_pct": 0.0, "ט_pct": 6.3824937314793706, "י_pct": 0.091178481878276735, "יז_pct": 0.36471392751310694, "ינ_pct": 0.0, "יץ_pct": 0.0, "יק_pct": 0.0, "כן_pct": 8.0920902666970598, "ך_pct": 0.045589240939138367, "ל_pct": 14.862092546159106, "מחל_pct": 29.359471164805107, "מרצ_pct": 2.1654889446090722, "נז_pct": 0.022794620469569184, "ני_pct": 0.045589240939138367, "נף_pct": 0.0, "נץ_pct": 0.045589240939138367, "נק_pct": 0.0, "נר_pct": 0.0, "עם_pct": 0.45589240939138365, "פה_pct": 23.524048324595395, "ף_pct": 0.068383861408707544, "צ_pct": 0.15956234328698427, "ץ_pct": 0.045589240939138367, "ק_pct": 0.068383861408707544, "קי_pct": 0.0, "קך_pct": 0.045589240939138367, "קנ_pct": 0.045589240939138367, "קץ_pct": 0.59266013220879876, "רז_pct": 0.11397310234784591, "שס_pct": 5.0832003647139272, "ת_pct": 0.045589240939138367 }, "geometry": { "type": "Polygon", "coordinates": [ [ [ 34.964714408942896, 32.824024675674913 ], [ 34.964553310555679, 32.824046992280117 ], [ 34.964135908554788, 32.824104980122698 ], [ 34.963496147221306, 32.824262644274057 ], [ 34.96310627632942, 32.824358723875953 ], [ 34.962813379131241, 32.824475989759485 ], [ 34.962528217121346, 32.824590148255218 ], [ 34.9625034078677, 32.824604797832507 ], [ 34.962187658308409, 32.824791015248579 ], [ 34.96200174692337, 32.824981905219332 ], [ 34.96198664125842, 32.824997929620878 ], [ 34.961928910456912, 32.825059404903556 ], [ 34.961618664284089, 32.825259786219952 ], [ 34.961064235782871, 32.825006954834848 ], [ 34.9609301356884, 32.824943406417376 ], [ 34.960622684840281, 32.824797717460562 ], [ 34.960286891014185, 32.824621989552135 ], [ 34.960133427266591, 32.824541678009943 ], [ 34.960006730513832, 32.824475336995093 ], [ 34.959242564715993, 32.824026564059814 ], [ 34.959205804198646, 32.824004979590043 ], [ 34.959093877043593, 32.824315938253228 ], [ 34.959068260220484, 32.824387207964968 ], [ 34.959043511032206, 32.824455958251541 ], [ 34.958991614170948, 32.824455133369803 ], [ 34.95881273018275, 32.824452719495277 ], [ 34.958573496528324, 32.82446233981873 ], [ 34.958500671965403, 32.824459406966298 ], [ 34.958300677158824, 32.824528263585599 ], [ 34.958177613428717, 32.824581666612687 ], [ 34.958172183986235, 32.824577055521544 ], [ 34.958146183841642, 32.824554736292797 ], [ 34.95801949916698, 32.824446643339847 ], [ 34.957908699626671, 32.824352288997524 ], [ 34.957622406961761, 32.824078423324636 ], [ 34.957601954211512, 32.824055215032871 ], [ 34.957413534397382, 32.823839071289612 ], [ 34.957224818214506, 32.823576029877813 ], [ 34.957068626990988, 32.823325508357343 ], [ 34.95694887246492, 32.8231116563801 ], [ 34.956825524028446, 32.822845412701454 ], [ 34.956742581025743, 32.822637860367237 ], [ 34.956679462914799, 32.822449560375496 ], [ 34.956610744294345, 32.82219920048869 ], [ 34.956551698900881, 32.822003507425116 ], [ 34.956529911029683, 32.821926826195806 ], [ 34.956563456191709, 32.82191976566633 ], [ 34.956716366750385, 32.821887245036784 ], [ 34.956859165862816, 32.821841811887381 ], [ 34.956935417917109, 32.821801750950819 ], [ 34.956914831966081, 32.82175211739991 ], [ 34.956903485096575, 32.821724950543178 ], [ 34.956723248157054, 32.821330830401799 ], [ 34.956755946723874, 32.821286263319053 ], [ 34.957176265875816, 32.820712559858258 ], [ 34.957223328048002, 32.820648333546082 ], [ 34.957307248130221, 32.82045717173559 ], [ 34.957373435967689, 32.820306446261505 ], [ 34.957432205109981, 32.820332074585863 ], [ 34.957688693615573, 32.820006291682361 ], [ 34.95770290347982, 32.819988253452337 ], [ 34.957886065710582, 32.819711216966965 ], [ 34.957973020307236, 32.819579691123565 ], [ 34.957991560729816, 32.819552583182116 ], [ 34.958138625000778, 32.819337542087361 ], [ 34.958190909268694, 32.819261100570202 ], [ 34.958120190310339, 32.819228055244572 ], [ 34.958192186174024, 32.819066073224825 ], [ 34.958256755748238, 32.818924272582578 ], [ 34.958263047342484, 32.818925909795404 ], [ 34.95863015499252, 32.818974595440814 ], [ 34.958644997777206, 32.818856864027033 ], [ 34.958725321668055, 32.818564521048764 ], [ 34.958778664515265, 32.818403396540319 ], [ 34.958844200371409, 32.818261514516514 ], [ 34.95892391595202, 32.818124704305852 ], [ 34.958977220614543, 32.818038607354367 ], [ 34.959091809655355, 32.817881570174841 ], [ 34.959130868745461, 32.817828961017575 ], [ 34.9592225687473, 32.817705463174512 ], [ 34.959340498983863, 32.817536086374425 ], [ 34.959391114079253, 32.817456207429295 ], [ 34.959427365615127, 32.817398478300568 ], [ 34.959623162719481, 32.817105002616259 ], [ 34.959645198168339, 32.817070905945911 ], [ 34.959669502735714, 32.817033311546794 ], [ 34.959788738939594, 32.816848878646638 ], [ 34.959873103730601, 32.816690075662528 ], [ 34.959889434779498, 32.816651239347188 ], [ 34.959932082712385, 32.816548012501393 ], [ 34.959952005972703, 32.816499789393696 ], [ 34.960020595541394, 32.816305322545389 ], [ 34.960026686757914, 32.816288043643389 ], [ 34.960071811132877, 32.816032868913318 ], [ 34.960092300785107, 32.815918080579131 ], [ 34.960106513651603, 32.815838435052108 ], [ 34.960129678498696, 32.815690332706481 ], [ 34.960147502013172, 32.815608584263273 ], [ 34.960170537801048, 32.815502145107835 ], [ 34.960220762451456, 32.815258242338494 ], [ 34.96026769892066, 32.815059282341537 ], [ 34.960280276187127, 32.815005975546832 ], [ 34.960354843252851, 32.814760861405084 ], [ 34.960434535918004, 32.814514770747664 ], [ 34.960555883632402, 32.814224746092464 ], [ 34.960632593732704, 32.814053040664504 ], [ 34.96065754552302, 32.813985998132509 ], [ 34.960725310565223, 32.814004708448195 ], [ 34.960838515978246, 32.814034767430627 ], [ 34.96097499181927, 32.814070020203353 ], [ 34.961253015466845, 32.814157934153613 ], [ 34.961467948714173, 32.814244552891502 ], [ 34.961708885749488, 32.814385323038152 ], [ 34.961900502516471, 32.814524920585995 ], [ 34.962070765856446, 32.814699907496824 ], [ 34.962167124096922, 32.814842737625767 ], [ 34.962268275725044, 32.815029393643862 ], [ 34.962337637944984, 32.815205362610726 ], [ 34.962410400272681, 32.815385307343419 ], [ 34.962440118683581, 32.815491309673121 ], [ 34.962454188773528, 32.815541560960639 ], [ 34.962485934740343, 32.815644142579174 ], [ 34.962535531637066, 32.815785722473066 ], [ 34.96257221229218, 32.815885511148799 ], [ 34.96262860358712, 32.815956680388034 ], [ 34.962676447937504, 32.815999511039564 ], [ 34.962735669616066, 32.816051566274901 ], [ 34.962847893696889, 32.816130586879837 ], [ 34.962959639105172, 32.81619004521373 ], [ 34.963068124116816, 32.816231899795433 ], [ 34.963208237540321, 32.816265355569719 ], [ 34.96332095933419, 32.816283698431725 ], [ 34.963485186408917, 32.816284014554782 ], [ 34.963498222076886, 32.816281787218301 ], [ 34.963605369783892, 32.816266120003235 ], [ 34.963724486945402, 32.816244439798346 ], [ 34.963797161167371, 32.816221496236587 ], [ 34.963939809519509, 32.816145669518924 ], [ 34.964088071325641, 32.816053531031898 ], [ 34.964226341017117, 32.815938829162619 ], [ 34.964334334965145, 32.815883852896036 ], [ 34.96434608558522, 32.815882162217122 ], [ 34.964377457600555, 32.815877648996576 ], [ 34.964473206006758, 32.815863832892191 ], [ 34.964545351760748, 32.815879215088465 ], [ 34.964627259845564, 32.81591597335369 ], [ 34.964693298011973, 32.815979759075653 ], [ 34.964752754312862, 32.816068956196531 ], [ 34.964798167624195, 32.816172115222095 ], [ 34.964839257361298, 32.816250218831371 ], [ 34.964847463465105, 32.816265799493848 ], [ 34.964920069508906, 32.816350965893427 ], [ 34.96497405392801, 32.816408604133663 ], [ 34.964982672672228, 32.816414472579105 ], [ 34.965332584116005, 32.81687772224668 ], [ 34.965490557637196, 32.817086842400812 ], [ 34.965501872877603, 32.817085091271828 ], [ 34.965542803051434, 32.81707874573312 ], [ 34.966388429985415, 32.816947091945082 ], [ 34.966857533252316, 32.816874042550147 ], [ 34.967004167402663, 32.816851204972771 ], [ 34.967935224447167, 32.816706206195278 ], [ 34.969729165503146, 32.81642680099398 ], [ 34.969736205559769, 32.816425641993327 ], [ 34.969764613545777, 32.816425871967304 ], [ 34.969772521630304, 32.816425976956609 ], [ 34.969412734649126, 32.817492182803647 ], [ 34.969219442382922, 32.817791168054704 ], [ 34.968732241981371, 32.818544760124141 ], [ 34.968654667759019, 32.818664756928733 ], [ 34.968627548903179, 32.818706623581029 ], [ 34.968623903401514, 32.818712219811381 ], [ 34.968613925222989, 32.818727621705456 ], [ 34.968224007618588, 32.818942972909539 ], [ 34.968214816981693, 32.818948050114102 ], [ 34.968028264109847, 32.819051123563426 ], [ 34.966963381117061, 32.819639437001122 ], [ 34.966595346952637, 32.819842758181743 ], [ 34.966116235693335, 32.820107441423495 ], [ 34.965971989888743, 32.820187141173477 ], [ 34.965878440921394, 32.820304148248169 ], [ 34.965696088817957, 32.82053223270659 ], [ 34.965558656080212, 32.820704126401118 ], [ 34.965298678267409, 32.821029285816351 ], [ 34.96522684856113, 32.821608492542907 ], [ 34.965181457973344, 32.821973770004178 ], [ 34.965171088029862, 32.822056884063244 ], [ 34.965159749454344, 32.822064712494999 ], [ 34.965145090126484, 32.822074776176777 ], [ 34.965093205586378, 32.822110472234662 ], [ 34.965128934840315, 32.822126601404335 ], [ 34.965223648139798, 32.822169159949325 ], [ 34.965438500946938, 32.822252976435344 ], [ 34.96567186312496, 32.822321589315969 ], [ 34.965898648774122, 32.822380090321886 ], [ 34.966059915993114, 32.822410869118421 ], [ 34.96622004186095, 32.822434798113719 ], [ 34.966323445584734, 32.822464930863667 ], [ 34.96644140581509, 32.822480305311274 ], [ 34.966581766606367, 32.822502030416864 ], [ 34.966747455159798, 32.822524881869128 ], [ 34.966916850608797, 32.82255451361808 ], [ 34.967081812695866, 32.822603247118835 ], [ 34.967226129534843, 32.822710100195081 ], [ 34.967294166771183, 32.822784526402117 ], [ 34.96732032881085, 32.822828581953338 ], [ 34.967339672490105, 32.822860899031056 ], [ 34.967352216527637, 32.822881661618439 ], [ 34.967395974385724, 32.82297524775484 ], [ 34.967452467845256, 32.823093117005676 ], [ 34.967524877114187, 32.823208763928541 ], [ 34.967619306596788, 32.823326156650928 ], [ 34.967718154597883, 32.823420481646195 ], [ 34.967847738159563, 32.823519369480152 ], [ 34.968039778972411, 32.823632443261609 ], [ 34.968002511691985, 32.823631292669106 ], [ 34.967454070025831, 32.823614294105681 ], [ 34.967440087737494, 32.823613908767584 ], [ 34.967285786417705, 32.823609108155658 ], [ 34.967162049586669, 32.823608873721945 ], [ 34.966466591126604, 32.823607553820032 ], [ 34.96643369296536, 32.823609117933017 ], [ 34.965904267254679, 32.823633619174693 ], [ 34.965502290110358, 32.823754944895946 ], [ 34.965323410807656, 32.823834942018223 ], [ 34.965019760922452, 32.823970969305734 ], [ 34.964714408942896, 32.824024675674913 ] ] ] } },
{ "type": "Feature", "properties": { "OBJECTID_12": 17, "OBJECTID": 688, "Shape_Leng": 4179.6628561400003, "Shape_Area": 609502.6547828475, "OBJECTID_1": 28, "SEMEL_YISH": 4000, "SHEM_YISHU": "חיפה", "SHEM_YIS_1": "HAIFA", "ROVA": 4, "TAT_ROVA": 42, "SchName": "שער העלייה", "Shape_Length": 4179.6628561416701, "בזב": 3894.0, "מצביעים": 1997.0, "כשרים": 1972.0, "אמת": 41.0, "אצ": 6.0, "ב": 7.0, "ג": 3.0, "ד": 7.0, "ום": 8.0, "ז": 0.0, "זך": 0.0, "זנ": 0.0, "זץ": 0.0, "ט": 116.0, "י": 1.0, "יז": 4.0, "ינ": 1.0, "יץ": 0.0, "יק": 0.0, "כן": 143.0, "ך": 0.0, "ל": 420.0, "מחל": 689.0, "מרצ": 27.0, "נז": 0.0, "ני": 5.0, "נף": 0.0, "נץ": 3.0, "נק": 1.0, "נר": 0.0, "עם": 2.0, "פה": 376.0, "ף": 0.0, "צ": 5.0, "ץ": 1.0, "ק": 2.0, "קי": 0.0, "קך": 0.0, "קנ": 2.0, "קץ": 7.0, "רז": 2.0, "שס": 91.0, "ת": 2.0, "n_stations": 7.0, "turnout_pct": 51.284026707755523, "אמת_pct": 2.079107505070994, "אצ_pct": 0.3042596348884381, "ב_pct": 0.35496957403651114, "ג_pct": 0.15212981744421905, "ד_pct": 0.35496957403651114, "ום_pct": 0.40567951318458417, "ז_pct": 0.0, "זך_pct": 0.0, "זנ_pct": 0.0, "זץ_pct": 0.0, "ט_pct": 5.8823529411764701, "י_pct": 0.050709939148073022, "יז_pct": 0.20283975659229209, "ינ_pct": 0.050709939148073022, "יץ_pct": 0.0, "יק_pct": 0.0, "כן_pct": 7.2515212981744419, "ך_pct": 0.0, "ל_pct": 21.298174442190671, "מחל_pct": 34.939148073022317, "מרצ_pct": 1.3691683569979716, "נז_pct": 0.0, "ני_pct": 0.25354969574036512, "נף_pct": 0.0, "נץ_pct": 0.15212981744421905, "נק_pct": 0.050709939148073022, "נר_pct": 0.0, "עם_pct": 0.10141987829614604, "פה_pct": 19.066937119675455, "ף_pct": 0.0, "צ_pct": 0.25354969574036512, "ץ_pct": 0.050709939148073022, "ק_pct": 0.10141987829614604, "קי_pct": 0.0, "קך_pct": 0.0, "קנ_pct": 0.10141987829614604, "קץ_pct": 0.35496957403651114, "רז_pct": 0.10141987829614604, "שס_pct": 4.6146044624746452, "ת_pct": 0.10141987829614604 }, "geometry": { "type": "Polygon", "coordinates": [ [ [ 34.957197424871339, 32.82585729119878 ], [ 34.95696376185537, 32.825836520835672 ], [ 34.956821255799206, 32.825985361984891 ], [ 34.956936885256049, 32.826062073574484 ], [ 34.956938256079923, 32.826063380124801 ], [ 34.956939280240981, 32.826064920428593 ], [ 34.956940030922034, 32.826066876771456 ], [ 34.956940219095664, 32.826068339680837 ], [ 34.956940135992383, 32.82606980926748 ], [ 34.956939527077481, 32.826071801695186 ], [ 34.956938284871221, 32.826073793772665 ], [ 34.956745561576824, 32.826276032674187 ], [ 34.956744371326465, 32.826277002338657 ], [ 34.956742939013367, 32.826277841681197 ], [ 34.95674103178083, 32.826278566471487 ], [ 34.956738993031713, 32.826278963688928 ], [ 34.956737420824197, 32.82627903091003 ], [ 34.956735269516848, 32.826278811150367 ], [ 34.956722985054888, 32.826275676924475 ], [ 34.95672070961237, 32.82627477884985 ], [ 34.956567823723553, 32.826179192218348 ], [ 34.956479633781676, 32.826261410196963 ], [ 34.956477390562725, 32.826262752875479 ], [ 34.956475301805654, 32.826263467383647 ], [ 34.956473757861531, 32.826263740242204 ], [ 34.956472016926639, 32.826263804420698 ], [ 34.956470285176621, 32.826263637785338 ], [ 34.956468770765156, 32.826263275012522 ], [ 34.956466747182198, 32.826262441451966 ], [ 34.956279806069013, 32.826141409917014 ], [ 34.955957303507482, 32.826106725243214 ], [ 34.955477629195371, 32.825843159397522 ], [ 34.95496948795364, 32.825675329389234 ], [ 34.954602892126452, 32.825436213801723 ], [ 34.954316086885285, 32.825060317249864 ], [ 34.954104681164914, 32.824700342226528 ], [ 34.954048247906485, 32.824301230715747 ], [ 34.954153134033454, 32.823909774268841 ], [ 34.954374740424846, 32.823484728565639 ], [ 34.95435918651782, 32.823084018910734 ], [ 34.954069203990805, 32.822657951717304 ], [ 34.953848110087755, 32.822300780855414 ], [ 34.953726062693228, 32.821911112742917 ], [ 34.95376741058962, 32.821092350798082 ], [ 34.953685266404996, 32.820161757536297 ], [ 34.953801708061619, 32.81892160900501 ], [ 34.954032336457708, 32.817299595168699 ], [ 34.954009031036222, 32.815558160819002 ], [ 34.95415640241437, 32.813339739014395 ], [ 34.954669532348419, 32.811694613834874 ], [ 34.954738635146292, 32.811496934449387 ], [ 34.955424230296209, 32.811621756279067 ], [ 34.955428467893178, 32.811631854613289 ], [ 34.955473747576377, 32.811670272766534 ], [ 34.955570941633873, 32.811695975664087 ], [ 34.95558104679111, 32.811699134527821 ], [ 34.955585132771894, 32.811700424850351 ], [ 34.955612012902606, 32.811708864879982 ], [ 34.955630799420412, 32.811714581049159 ], [ 34.955664181316486, 32.811725293619858 ], [ 34.95571176632631, 32.811779483212625 ], [ 34.955717312852649, 32.811857127908091 ], [ 34.955697323321004, 32.811942117540745 ], [ 34.955681220109476, 32.812009985490505 ], [ 34.955702659312735, 32.812131763393587 ], [ 34.955726463065204, 32.812175179239254 ], [ 34.955781671917485, 32.812250215679413 ], [ 34.955794968894907, 32.812268275874594 ], [ 34.955807747750846, 32.81228182478813 ], [ 34.955889091010086, 32.812367112077318 ], [ 34.955984667778488, 32.812475498183979 ], [ 34.956031812497187, 32.812536556749798 ], [ 34.956062662985417, 32.812576461803083 ], [ 34.956078525742932, 32.812593446832409 ], [ 34.956133352281569, 32.812653338479315 ], [ 34.956203814596975, 32.812695139842234 ], [ 34.956372919585156, 32.812746774770872 ], [ 34.956494151021609, 32.812767843895514 ], [ 34.956691431077353, 32.812785187017965 ], [ 34.956866634530705, 32.812832246450576 ], [ 34.957235281226147, 32.812936662717874 ], [ 34.957712482990409, 32.813081874172184 ], [ 34.957854274636347, 32.813127239741036 ], [ 34.957868444517828, 32.813099680450378 ], [ 34.957932198481721, 32.813056982925907 ], [ 34.957980372799895, 32.813050841663198 ], [ 34.958041962739848, 32.813059439648576 ], [ 34.958082102196236, 32.813102354286954 ], [ 34.958095112443274, 32.813146378725847 ], [ 34.958082577325875, 32.81319874042623 ], [ 34.958446189323134, 32.813305407367821 ], [ 34.95857604128885, 32.813345852490357 ], [ 34.958912309260299, 32.813450592481814 ], [ 34.959152269218535, 32.813527320428776 ], [ 34.959171340386071, 32.813533423449144 ], [ 34.959211564112245, 32.81354631703779 ], [ 34.959332547264978, 32.813584958662673 ], [ 34.959520015307724, 32.813640548535879 ], [ 34.95969615275478, 32.813692785142891 ], [ 34.959889735674196, 32.813755318602986 ], [ 34.960055898511797, 32.813808994158052 ], [ 34.960349071046068, 32.813903701447472 ], [ 34.960413415148842, 32.813920693856893 ], [ 34.960564289319116, 32.813960479073685 ], [ 34.960657544457682, 32.813985997228755 ], [ 34.960632593732704, 32.814053040664504 ], [ 34.960555882564606, 32.814224746090403 ], [ 34.960434535920463, 32.814514769845978 ], [ 34.960354843255303, 32.814760860503405 ], [ 34.960280276187127, 32.815005975546832 ], [ 34.96026769892066, 32.815059282341537 ], [ 34.960220762451456, 32.815258242338494 ], [ 34.960170537803513, 32.815502144206157 ], [ 34.960147502015637, 32.81560858336158 ], [ 34.960129678498696, 32.815690332706481 ], [ 34.960106513651603, 32.815838435052108 ], [ 34.960092300787586, 32.815918079677452 ], [ 34.960071811132877, 32.816032868913318 ], [ 34.960026686760372, 32.816288042741675 ], [ 34.96002059554386, 32.816305321643696 ], [ 34.959952005975175, 32.816499788492003 ], [ 34.959932082712385, 32.816548012501393 ], [ 34.959889434779498, 32.816651239347188 ], [ 34.959873103733067, 32.816690074760828 ], [ 34.959788737871776, 32.816848878644549 ], [ 34.959669502735714, 32.817033311546794 ], [ 34.959645198168339, 32.817070905945911 ], [ 34.959623161654122, 32.81710500171247 ], [ 34.959427365617607, 32.817398477398889 ], [ 34.959391114079253, 32.817456207429295 ], [ 34.959340497918518, 32.817536085470657 ], [ 34.959222568749773, 32.817705462272826 ], [ 34.959130868747941, 32.817828960115868 ], [ 34.959091809655355, 32.817881570174841 ], [ 34.958977220614543, 32.818038607354367 ], [ 34.958923915954493, 32.818124703404159 ], [ 34.958844199306043, 32.818261513612732 ], [ 34.958778664517752, 32.818403395638654 ], [ 34.958725321670542, 32.818564520147085 ], [ 34.958644997779672, 32.818856863125347 ], [ 34.958630153924659, 32.818974595438732 ], [ 34.958263047342484, 32.818925909795404 ], [ 34.958256755750732, 32.818924271680885 ], [ 34.958192186176511, 32.819066072323146 ], [ 34.958120190312826, 32.819228054342872 ], [ 34.958190908200834, 32.819261100568092 ], [ 34.958138623935405, 32.819337541183586 ], [ 34.957991560729816, 32.819552583182116 ], [ 34.957973020307236, 32.819579691123565 ], [ 34.957886064645216, 32.819711216063183 ], [ 34.957702903482307, 32.819988252550672 ], [ 34.957688693615573, 32.820006291682361 ], [ 34.957432205109981, 32.820332074585863 ], [ 34.957373435970183, 32.820306445359826 ], [ 34.957307248132722, 32.820457170833912 ], [ 34.957223326982628, 32.8206483326423 ], [ 34.957176265878317, 32.820712558956579 ], [ 34.956755946726368, 32.821286262417367 ], [ 34.956723247091666, 32.82133082949801 ], [ 34.956903485099069, 32.821724949641485 ], [ 34.956914831966081, 32.82175211739991 ], [ 34.956935417917109, 32.821801750950819 ], [ 34.956859165865311, 32.82184181098571 ], [ 34.956716366750385, 32.821887245036784 ], [ 34.956563456191709, 32.82191976566633 ], [ 34.956529911029683, 32.821926826195806 ], [ 34.956551697835494, 32.822003506521312 ], [ 34.956610744296839, 32.822199199587025 ], [ 34.956679462914799, 32.822449560375496 ], [ 34.956742581025743, 32.822637860367237 ], [ 34.956825524028446, 32.822845412701454 ], [ 34.956948871399504, 32.82311165547631 ], [ 34.95706862699349, 32.823325507455671 ], [ 34.957224817149083, 32.823576028974017 ], [ 34.957413534397382, 32.823839071289612 ], [ 34.957601954213992, 32.824055214131207 ], [ 34.957622406961761, 32.824078423324636 ], [ 34.957908699626671, 32.824352288997524 ], [ 34.958019499169474, 32.824446642438154 ], [ 34.958146183844121, 32.824554735391111 ], [ 34.958172183986235, 32.824577055521544 ], [ 34.958092962550168, 32.824646056429849 ], [ 34.95776441665226, 32.824932603458244 ], [ 34.957756323431937, 32.824926188233789 ], [ 34.957687698601845, 32.824986642821642 ], [ 34.957599702387881, 32.825064099277874 ], [ 34.95758713112761, 32.82505389173172 ], [ 34.95744532993983, 32.824930710213927 ], [ 34.957306979091491, 32.825063441569526 ], [ 34.957290162676081, 32.825081442131385 ], [ 34.957342978443627, 32.825099576529084 ], [ 34.957395253219623, 32.825117169726013 ], [ 34.957432465637368, 32.825142945758543 ], [ 34.957197424871339, 32.82585729119878 ] ] ] } },
{ "type": "Feature", "properties": { "OBJECTID_12": 18, "OBJECTID": 689, "Shape_Leng": 2011.8259460199999, "Shape_Area": 222965.78544268294, "OBJECTID_1": 29, "SEMEL_YISH": 4000, "SHEM_YISHU": "חיפה", "SHEM_YIS_1": "HAIFA", "ROVA": 4, "TAT_ROVA": 42, "SchName": "רמת חביב (ר. הנשיא), רח' שונית", "Shape_Length": 2011.825946017377, "בזב": 1842.0, "מצביעים": 1361.0, "כשרים": 1357.0, "אמת": 37.0, "אצ": 1.0, "ב": 6.0, "ג": 2.0, "ד": 47.0, "ום": 94.0, "ז": 0.0, "זך": 0.0, "זנ": 0.0, "זץ": 0.0, "ט": 78.0, "י": 0.0, "יז": 1.0, "ינ": 0.0, "יץ": 0.0, "יק": 1.0, "כן": 171.0, "ך": 0.0, "ל": 146.0, "מחל": 351.0, "מרצ": 35.0, "נז": 0.0, "ני": 0.0, "נף": 0.0, "נץ": 2.0, "נק": 0.0, "נר": 0.0, "עם": 16.0, "פה": 329.0, "ף": 0.0, "צ": 1.0, "ץ": 0.0, "ק": 0.0, "קי": 0.0, "קך": 0.0, "קנ": 0.0, "קץ": 8.0, "רז": 0.0, "שס": 29.0, "ת": 2.0, "n_stations": 3.0, "turnout_pct": 73.887079261672099, "אמת_pct": 2.726602800294768, "אצ_pct": 0.07369196757553427, "ב_pct": 0.44215180545320559, "ג_pct": 0.14738393515106854, "ד_pct": 3.4635224760501107, "ום_pct": 6.9270449521002213, "ז_pct": 0.0, "זך_pct": 0.0, "זנ_pct": 0.0, "זץ_pct": 0.0, "ט_pct": 5.7479734708916732, "י_pct": 0.0, "יז_pct": 0.07369196757553427, "ינ_pct": 0.0, "יץ_pct": 0.0, "יק_pct": 0.07369196757553427, "כן_pct": 12.601326455416359, "ך_pct": 0.0, "ל_pct": 10.759027266028003, "מחל_pct": 25.865880619012525, "מרצ_pct": 2.5792188651436994, "נז_pct": 0.0, "ני_pct": 0.0, "נף_pct": 0.0, "נץ_pct": 0.14738393515106854, "נק_pct": 0.0, "נר_pct": 0.0, "עם_pct": 1.1790714812085483, "פה_pct": 24.244657332350776, "ף_pct": 0.0, "צ_pct": 0.07369196757553427, "ץ_pct": 0.0, "ק_pct": 0.0, "קי_pct": 0.0, "קך_pct": 0.0, "קנ_pct": 0.0, "קץ_pct": 0.58953574060427416, "רז_pct": 0.0, "שס_pct": 2.1370670596904935, "ת_pct": 0.14738393515106854 }, "geometry": { "type": "Polygon", "coordinates": [ [ [ 34.964346084519818, 32.815882161313375 ], [ 34.964334334965145, 32.815883852896036 ], [ 34.96422634101954, 32.815938828260947 ], [ 34.964088071328071, 32.816053530130212 ], [ 34.963939809521939, 32.816145668617253 ], [ 34.963797161169815, 32.816221495334901 ], [ 34.963724486947832, 32.816244438896661 ], [ 34.963605369783892, 32.816266120003235 ], [ 34.963498222079316, 32.816281786316623 ], [ 34.963485185341092, 32.816284014552721 ], [ 34.96332095933419, 32.816283698431725 ], [ 34.963208237540321, 32.816265355569719 ], [ 34.963068124116816, 32.816231899795433 ], [ 34.962959639105172, 32.81619004521373 ], [ 34.962847893699333, 32.816130585978165 ], [ 34.962735669618496, 32.816051565373208 ], [ 34.962676447937504, 32.815999511039564 ], [ 34.962628603589557, 32.815956679486355 ], [ 34.96257221229218, 32.815885511148799 ], [ 34.962535531639496, 32.81578572157138 ], [ 34.962485934742794, 32.815644141677495 ], [ 34.962454187705717, 32.815541560958586 ], [ 34.962440118686018, 32.815491308771421 ], [ 34.962410400275118, 32.815385306441726 ], [ 34.962337637944984, 32.815205362610726 ], [ 34.962268275727489, 32.815029392742183 ], [ 34.962167124096922, 32.814842737625767 ], [ 34.962070765856446, 32.814699907496824 ], [ 34.96190050144866, 32.814524920583928 ], [ 34.961708884684143, 32.814385322134399 ], [ 34.961467948714173, 32.814244552891502 ], [ 34.96125301546931, 32.81415793325192 ], [ 34.960974991821722, 32.814070019301674 ], [ 34.960838515978246, 32.814034767430627 ], [ 34.960865925254097, 32.813969450060711 ], [ 34.960876674035021, 32.813943507719472 ], [ 34.960951256543744, 32.81376620025916 ], [ 34.960894602142716, 32.813752558431162 ], [ 34.960823208680118, 32.813657207453502 ], [ 34.960776509423219, 32.813552790208455 ], [ 34.960750834178675, 32.813495298111469 ], [ 34.960682204051579, 32.813323844414725 ], [ 34.96060144461471, 32.813143978640177 ], [ 34.960583797644162, 32.813074613360172 ], [ 34.960583484967124, 32.813053039826414 ], [ 34.960581820031962, 32.812939347945203 ], [ 34.960578552533001, 32.812765765417133 ], [ 34.96054023874246, 32.812562269602616 ], [ 34.960477646483902, 32.81233275780945 ], [ 34.960389577540312, 32.812094180333574 ], [ 34.960307471378123, 32.811893934426251 ], [ 34.960276384178002, 32.811823616852486 ], [ 34.960199021845042, 32.811648645465368 ], [ 34.960152486628651, 32.811525111552264 ], [ 34.960149635060908, 32.811512845712578 ], [ 34.960128108087105, 32.811420203774347 ], [ 34.960172402625517, 32.811190991344084 ], [ 34.960176592214808, 32.81118252543429 ], [ 34.960234680642422, 32.811063156694409 ], [ 34.96026070660367, 32.811027935137183 ], [ 34.960343683154164, 32.810915672396021 ], [ 34.96041602367972, 32.810817801484802 ], [ 34.960463928127218, 32.810753602523917 ], [ 34.960511823139342, 32.810692832652499 ], [ 34.960589686589316, 32.810606780926364 ], [ 34.96074249875813, 32.810403116107565 ], [ 34.960927342457182, 32.810162815498828 ], [ 34.96101438958668, 32.810064333524487 ], [ 34.961205817176165, 32.809847764244189 ], [ 34.96147388017642, 32.80955125704854 ], [ 34.961492310257853, 32.809528222158697 ], [ 34.961628432037855, 32.809614686836419 ], [ 34.961749646107293, 32.809683090476675 ], [ 34.961907164415479, 32.80975327481994 ], [ 34.962118937882522, 32.809854051004862 ], [ 34.962293069646066, 32.809940497430588 ], [ 34.962395367634571, 32.809978033278099 ], [ 34.962406893104678, 32.809981924706065 ], [ 34.962517784870172, 32.81004020691865 ], [ 34.962528437373884, 32.810045905439445 ], [ 34.962528213878279, 32.810051941823183 ], [ 34.962668586388709, 32.810126453561111 ], [ 34.962862786583948, 32.810229500180277 ], [ 34.962989022047537, 32.810297083652131 ], [ 34.96451618810088, 32.811114719222672 ], [ 34.964815520620107, 32.810981478836659 ], [ 34.964813761463645, 32.810998793329937 ], [ 34.964819017103522, 32.810992391468382 ], [ 34.964826517986232, 32.810983304161162 ], [ 34.965110679533232, 32.810851384767247 ], [ 34.965216197114621, 32.810802355000853 ], [ 34.964984600816038, 32.812234876311535 ], [ 34.964929787230204, 32.812572912400228 ], [ 34.964790462299028, 32.813434027385931 ], [ 34.964582474456215, 32.81457985612677 ], [ 34.96455006698794, 32.814758509814226 ], [ 34.96451234464417, 32.814966260742899 ], [ 34.964365914603832, 32.815772733343792 ], [ 34.964358439391184, 32.815814201231127 ], [ 34.964346084519818, 32.815882161313375 ] ] ] } },
{ "type": "Feature", "properties": { "OBJECTID_12": 19, "OBJECTID": 690, "Shape_Leng": 3980.1154384400002, "Shape_Area": 585022.26849194395, "OBJECTID_1": 30, "SEMEL_YISH": 4000, "SHEM_YISHU": "חיפה", "SHEM_YIS_1": "HAIFA", "ROVA": 4, "TAT_ROVA": 42, "SchName": "נוה דוד", "Shape_Length": 3980.115438440037, "בזב": 5643.0, "מצביעים": 2608.0, "כשרים": 2579.0, "אמת": 51.0, "אצ": 6.0, "ב": 13.0, "ג": 18.0, "ד": 11.0, "ום": 20.0, "ז": 0.0, "זך": 0.0, "זנ": 0.0, "זץ": 0.0, "ט": 250.0, "י": 1.0, "יז": 12.0, "ינ": 1.0, "יץ": 0.0, "יק": 0.0, "כן": 180.0, "ך": 0.0, "ל": 365.0, "מחל": 1061.0, "מרצ": 26.0, "נז": 1.0, "ני": 2.0, "נף": 1.0, "נץ": 0.0, "נק": 0.0, "נר": 0.0, "עם": 5.0, "פה": 375.0, "ף": 3.0, "צ": 5.0, "ץ": 1.0, "ק": 0.0, "קי": 0.0, "קך": 3.0, "קנ": 1.0, "קץ": 8.0, "רז": 1.0, "שס": 158.0, "ת": 0.0, "n_stations": 9.0, "turnout_pct": 46.216551479709373, "אמת_pct": 1.9775106630476929, "אצ_pct": 0.23264831329972857, "ב_pct": 0.50407134548274524, "ג_pct": 0.69794493989918571, "ד_pct": 0.4265219077161691, "ום_pct": 0.7754943776657619, "ז_pct": 0.0, "זך_pct": 0.0, "זנ_pct": 0.0, "זץ_pct": 0.0, "ט_pct": 9.6936797208220238, "י_pct": 0.038774718883288095, "יז_pct": 0.46529662659945714, "ינ_pct": 0.038774718883288095, "יץ_pct": 0.0, "יק_pct": 0.0, "כן_pct": 6.979449398991858, "ך_pct": 0.0, "ל_pct": 14.152772392400156, "מחל_pct": 41.139976735168673, "מרצ_pct": 1.0081426909654905, "נז_pct": 0.038774718883288095, "ני_pct": 0.07754943776657619, "נף_pct": 0.038774718883288095, "נץ_pct": 0.0, "נק_pct": 0.0, "נר_pct": 0.0, "עם_pct": 0.19387359441644048, "פה_pct": 14.540519581233035, "ף_pct": 0.11632415664986429, "צ_pct": 0.19387359441644048, "ץ_pct": 0.038774718883288095, "ק_pct": 0.0, "קי_pct": 0.0, "קך_pct": 0.11632415664986429, "קנ_pct": 0.038774718883288095, "קץ_pct": 0.31019775106630476, "רז_pct": 0.038774718883288095, "שס_pct": 6.1264055835595199, "ת_pct": 0.0 }, "geometry": { "type": "Polygon", "coordinates": [ [ [ 34.965216197114621, 32.810802355000853 ], [ 34.965110679533232, 32.810851384767247 ], [ 34.964826517986232, 32.810983304161162 ], [ 34.964819017103522, 32.810992391468382 ], [ 34.964813761463645, 32.810998793329937 ], [ 34.964815520620107, 32.810981478836659 ], [ 34.96451618810088, 32.811114719222672 ], [ 34.962989022047537, 32.810297083652131 ], [ 34.962862786583948, 32.810229500180277 ], [ 34.962668586388709, 32.810126453561111 ], [ 34.962528213878279, 32.810051941823183 ], [ 34.962528437373884, 32.810045905439445 ], [ 34.962517784870172, 32.81004020691865 ], [ 34.962406893104678, 32.809981924706065 ], [ 34.962395367634571, 32.809978033278099 ], [ 34.962293069646066, 32.809940497430588 ], [ 34.962118937882522, 32.809854051004862 ], [ 34.961907164415479, 32.80975327481994 ], [ 34.961749646107293, 32.809683090476675 ], [ 34.961628432037855, 32.809614686836419 ], [ 34.961492310257853, 32.809528222158697 ], [ 34.96147388017642, 32.80955125704854 ], [ 34.961205817176165, 32.809847764244189 ], [ 34.96101438958668, 32.810064333524487 ], [ 34.960927342457182, 32.810162815498828 ], [ 34.96074249875813, 32.810403116107565 ], [ 34.960589686589316, 32.810606780926364 ], [ 34.960511823139342, 32.810692832652499 ], [ 34.960463928127218, 32.810753602523917 ], [ 34.96041602367972, 32.810817801484802 ], [ 34.960343683154164, 32.810915672396021 ], [ 34.96026070660367, 32.811027935137183 ], [ 34.960234680642422, 32.811063156694409 ], [ 34.960176592214808, 32.81118252543429 ], [ 34.960172402625517, 32.811190991344084 ], [ 34.960128108087105, 32.811420203774347 ], [ 34.960149635060908, 32.811512845712578 ], [ 34.960152486628651, 32.811525111552264 ], [ 34.960199021845042, 32.811648645465368 ], [ 34.960276384178002, 32.811823616852486 ], [ 34.960307471378123, 32.811893934426251 ], [ 34.960389577540312, 32.812094180333574 ], [ 34.960477646483902, 32.81233275780945 ], [ 34.96054023874246, 32.812562269602616 ], [ 34.960578552533001, 32.812765765417133 ], [ 34.960581820031962, 32.812939347945203 ], [ 34.960583484967124, 32.813053039826414 ], [ 34.960583797644162, 32.813074613360172 ], [ 34.96060144461471, 32.813143978640177 ], [ 34.960682204051579, 32.813323844414725 ], [ 34.960750834178675, 32.813495298111469 ], [ 34.960776509423219, 32.813552790208455 ], [ 34.960823208680118, 32.813657207453502 ], [ 34.960894602142716, 32.813752558431162 ], [ 34.960951256543744, 32.81376620025916 ], [ 34.960876674035021, 32.813943507719472 ], [ 34.960865925254097, 32.813969450060711 ], [ 34.960838515978246, 32.814034767430627 ], [ 34.960725310565223, 32.814004708448195 ], [ 34.960657544457682, 32.813985997228755 ], [ 34.960564289319116, 32.813960479073685 ], [ 34.960413415148842, 32.813920693856893 ], [ 34.960349071046068, 32.813903701447472 ], [ 34.960055898511797, 32.813808994158052 ], [ 34.959889735674196, 32.813755318602986 ], [ 34.95969615275478, 32.813692785142891 ], [ 34.959520015307724, 32.813640548535879 ], [ 34.959332547264978, 32.813584958662673 ], [ 34.959211564112245, 32.81354631703779 ], [ 34.959171340386071, 32.813533423449144 ], [ 34.959152269218535, 32.813527320428776 ], [ 34.958912309260299, 32.813450592481814 ], [ 34.95857604128885, 32.813345852490357 ], [ 34.958446189323134, 32.813305407367821 ], [ 34.958082577325875, 32.81319874042623 ], [ 34.958095112443274, 32.813146378725847 ], [ 34.958082102196236, 32.813102354286954 ], [ 34.958041962739848, 32.813059439648576 ], [ 34.957980372799895, 32.813050841663198 ], [ 34.957932198481721, 32.813056982925907 ], [ 34.957868444517828, 32.813099680450378 ], [ 34.957854274636347, 32.813127239741036 ], [ 34.957712482990409, 32.813081874172184 ], [ 34.957235281226147, 32.812936662717874 ], [ 34.956866634530705, 32.812832246450576 ], [ 34.956691431077353, 32.812785187017965 ], [ 34.956494151021609, 32.812767843895514 ], [ 34.956372919585156, 32.812746774770872 ], [ 34.956203814596975, 32.812695139842234 ], [ 34.956133352281569, 32.812653338479315 ], [ 34.956078525742932, 32.812593446832409 ], [ 34.956062662985417, 32.812576461803083 ], [ 34.956031812497187, 32.812536556749798 ], [ 34.955984667778488, 32.812475498183979 ], [ 34.955889091010086, 32.812367112077318 ], [ 34.955807747750846, 32.81228182478813 ], [ 34.955794968894907, 32.812268275874594 ], [ 34.955781671917485, 32.812250215679413 ], [ 34.955726463065204, 32.812175179239254 ], [ 34.955702659312735, 32.812131763393587 ], [ 34.955681220109476, 32.812009985490505 ], [ 34.955697323321004, 32.811942117540745 ], [ 34.955717312852649, 32.811857127908091 ], [ 34.95571176632631, 32.811779483212625 ], [ 34.955664181316486, 32.811725293619858 ], [ 34.955630799420412, 32.811714581049159 ], [ 34.955612012902606, 32.811708864879982 ], [ 34.955585132771894, 32.811700424850351 ], [ 34.95558104679111, 32.811699134527821 ], [ 34.955570941633873, 32.811695975664087 ], [ 34.955473747576377, 32.811670272766534 ], [ 34.955428467893178, 32.811631854613289 ], [ 34.955424230296209, 32.811621756279067 ], [ 34.954738635146292, 32.811496934449387 ], [ 34.95501128245165, 32.810716970626437 ], [ 34.955551691026372, 32.809453414872635 ], [ 34.955876961934997, 32.808037847430811 ], [ 34.955839681483262, 32.807784130667905 ], [ 34.956149031009637, 32.807859805569947 ], [ 34.956408602122892, 32.807932904187915 ], [ 34.956450746550971, 32.807944797987865 ], [ 34.956679164860795, 32.808009088859222 ], [ 34.956686906225805, 32.807988188566711 ], [ 34.956764375268108, 32.807853086453974 ], [ 34.956884402278476, 32.807694988756509 ], [ 34.956949708147953, 32.8075530087293 ], [ 34.956957678987912, 32.807529404702407 ], [ 34.957009145923713, 32.80737622444633 ], [ 34.95709900731844, 32.807078294093458 ], [ 34.957224630031497, 32.806672789547385 ], [ 34.957286994286477, 32.806436213471883 ], [ 34.957352390558796, 32.806184949388282 ], [ 34.957358888580977, 32.806153318280032 ], [ 34.957400886186946, 32.805947809367353 ], [ 34.957412243176506, 32.805894989995323 ], [ 34.957587672179677, 32.805934119411624 ], [ 34.957919306321415, 32.806007447095645 ], [ 34.958017504726996, 32.805672935498357 ], [ 34.958053267976041, 32.805556227003166 ], [ 34.958276078756761, 32.805598954435126 ], [ 34.958647442933867, 32.80567290380008 ], [ 34.958757026362292, 32.80569356014454 ], [ 34.959016675692773, 32.805742517969229 ], [ 34.959451432336458, 32.80582560065735 ], [ 34.959460606974339, 32.805827600520075 ], [ 34.959764101992739, 32.805883720825868 ], [ 34.959785445292461, 32.805887665038732 ], [ 34.959965142316577, 32.80592975791167 ], [ 34.960084874025469, 32.805988596961633 ], [ 34.960169306595745, 32.806080560089583 ], [ 34.960226655969095, 32.806188878415526 ], [ 34.960254529614353, 32.806300562966008 ], [ 34.960261315200675, 32.806437545703929 ], [ 34.961085606619982, 32.806628484403944 ], [ 34.961458579656906, 32.806704156203452 ], [ 34.96146977167313, 32.806706427635177 ], [ 34.96163325362361, 32.806739483275663 ], [ 34.961988827083289, 32.806809231722639 ], [ 34.962013892409523, 32.806743283706602 ], [ 34.962353491840375, 32.805847571719895 ], [ 34.962674933766358, 32.805472903537584 ], [ 34.963174024346152, 32.805258090470332 ], [ 34.963673320540416, 32.805283392467913 ], [ 34.964100016919801, 32.805305054615658 ], [ 34.964595638092753, 32.805380660234995 ], [ 34.964844312447916, 32.80550376346676 ], [ 34.964988614995768, 32.805575211708081 ], [ 34.965264423172272, 32.805711773220828 ], [ 34.965735598659961, 32.805713310548633 ], [ 34.965832762982586, 32.805713666122358 ], [ 34.965861261974617, 32.805713720415099 ], [ 34.965739050025114, 32.806728712013296 ], [ 34.965586757665214, 32.807993516123545 ], [ 34.96555333400822, 32.80827114148677 ], [ 34.965342247535453, 32.810023532721175 ], [ 34.965296105630543, 32.810309016214262 ], [ 34.965227698306506, 32.810731684466106 ], [ 34.965219226033611, 32.810784141236596 ], [ 34.965217492293064, 32.810794788688249 ], [ 34.965216197114621, 32.810802355000853 ] ] ] } },
{ "type": "Feature", "properties": { "OBJECTID_12": 20, "OBJECTID": 691, "Shape_Leng": 6707.1392267700003, "Shape_Area": 715702.1663333968, "OBJECTID_1": 31, "SEMEL_YISH": 4000, "SHEM_YISHU": "חיפה", "SHEM_YIS_1": "HAIFA", "ROVA": 4, "TAT_ROVA": 43, "SchName": "חוף הכרמל", "Shape_Length": 6707.1392267683595, "בזב": null, "מצביעים": null, "כשרים": null, "אמת": null, "אצ": null, "ב": null, "ג": null, "ד": null, "ום": null, "ז": null, "זך": null, "זנ": null, "זץ": null, "ט": null, "י": null, "יז": null, "ינ": null, "יץ": null, "יק": null, "כן": null, "ך": null, "ל": null, "מחל": null, "מרצ": null, "נז": null, "ני": null, "נף": null, "נץ": null, "נק": null, "נר": null, "עם": null, "פה": null, "ף": null, "צ": null, "ץ": null, "ק": null, "קי": null, "קך": null, "קנ": null, "קץ": null, "רז": null, "שס": null, "ת": null, "n_stations": null, "turnout_pct": null, "אמת_pct": null, "אצ_pct": null, "ב_pct": null, "ג_pct": null, "ד_pct": null, "ום_pct": null, "ז_pct": null, "זך_pct": null, "זנ_pct": null, "זץ_pct": null, "ט_pct": null, "י_pct": null, "יז_pct": null, "ינ_pct": null, "יץ_pct": null, "יק_pct": null, "כן_pct": null, "ך_pct": null, "ל_pct": null, "מחל_pct": null, "מרצ_pct": null, "נז_pct": null, "ני_pct": null, "נף_pct": null, "נץ_pct": null, "נק_pct": null, "נר_pct": null, "עם_pct": null, "פה_pct": null, "ף_pct": null, "צ_pct": null, "ץ_pct": null, "ק_pct": null, "קי_pct": null, "קך_pct": null, "קנ_pct": null, "קץ_pct": null, "רז_pct": null, "שס_pct": null, "ת_pct": null }, "geometry": { "type": "Polygon", "coordinates": [ [ [ 34.958053267976041, 32.805556227003166 ], [ 34.958017504726996, 32.805672935498357 ], [ 34.957919306321415, 32.806007447095645 ], [ 34.957587672179677, 32.805934119411624 ], [ 34.957412243176506, 32.805894989995323 ], [ 34.957400886186946, 32.805947809367353 ], [ 34.957358888580977, 32.806153318280032 ], [ 34.957352390558796, 32.806184949388282 ], [ 34.957286994286477, 32.806436213471883 ], [ 34.957224630031497, 32.806672789547385 ], [ 34.95709900731844, 32.807078294093458 ], [ 34.957009145923713, 32.80737622444633 ], [ 34.956957678987912, 32.807529404702407 ], [ 34.956949708147953, 32.8075530087293 ], [ 34.956884402278476, 32.807694988756509 ], [ 34.956764375268108, 32.807853086453974 ], [ 34.956686906225805, 32.807988188566711 ], [ 34.956679164860795, 32.808009088859222 ], [ 34.956450746550971, 32.807944797987865 ], [ 34.956408602122892, 32.807932904187915 ], [ 34.956149031009637, 32.807859805569947 ], [ 34.955839681483262, 32.807784130667905 ], [ 34.955819640835813, 32.807647746296496 ], [ 34.9558616104759, 32.807079768302913 ], [ 34.955620466993977, 32.806681981200512 ], [ 34.95513751250212, 32.80626060938112 ], [ 34.954451403625526, 32.806236131394179 ], [ 34.954463484370258, 32.806747864822405 ], [ 34.954046475178615, 32.806723930463413 ], [ 34.954187950986324, 32.804281752636065 ], [ 34.954631987474443, 32.804180638935826 ], [ 34.954574999961352, 32.805350468905274 ], [ 34.955274632565043, 32.805306213786103 ], [ 34.955846623446824, 32.804969216455547 ], [ 34.956186599400624, 32.80461203501941 ], [ 34.956137035057822, 32.803480874732202 ], [ 34.956361075141267, 32.802823085205304 ], [ 34.956112081322651, 32.800937489232496 ], [ 34.955492864839933, 32.796319609012357 ], [ 34.955371191664121, 32.793111025660224 ], [ 34.954762777221404, 32.788481329391821 ], [ 34.954378389916286, 32.784520429434998 ], [ 34.954362917733384, 32.784314578873158 ], [ 34.95436042207448, 32.784281369925942 ], [ 34.954357776120453, 32.784246176952493 ], [ 34.95445952996284, 32.784255894698163 ], [ 34.954564060582761, 32.78426587758733 ], [ 34.954668592294063, 32.784275860391496 ], [ 34.954773124029309, 32.78428584310852 ], [ 34.954877654723553, 32.784295824834601 ], [ 34.954982186506669, 32.784305807377372 ], [ 34.955086718313702, 32.784315789832995 ], [ 34.955191249079746, 32.784325771297667 ], [ 34.955295407428089, 32.784335717670182 ], [ 34.955295780934641, 32.784335753579022 ], [ 34.955295760314591, 32.784335492046857 ], [ 34.955295478379583, 32.784332091199495 ], [ 34.955399358280687, 32.784342371460212 ], [ 34.955503239273725, 32.784352651637036 ], [ 34.955607120291219, 32.78436293172777 ], [ 34.955711001333192, 32.784373211732472 ], [ 34.955814882399622, 32.784383491651127 ], [ 34.955918763490537, 32.784393771483749 ], [ 34.956022644605916, 32.784404051230283 ], [ 34.956032288485353, 32.784405005408715 ], [ 34.9560348225368, 32.784408104144077 ], [ 34.9560350256817, 32.784408369644794 ], [ 34.95608695584572, 32.784481421418313 ], [ 34.956097048541501, 32.784496420359858 ], [ 34.95623971914695, 32.784708411736403 ], [ 34.956256516515587, 32.78473342372952 ], [ 34.956263906938155, 32.785185815329946 ], [ 34.956278497320405, 32.78607852167503 ], [ 34.956282619822446, 32.78628771910244 ], [ 34.95628803815584, 32.786565011364345 ], [ 34.956308709010216, 32.787618945987838 ], [ 34.956295552912252, 32.788049745314005 ], [ 34.956292614330536, 32.7881469456185 ], [ 34.956280177060691, 32.788551777570241 ], [ 34.956274846964419, 32.788587562422364 ], [ 34.956216321649158, 32.788979148231206 ], [ 34.956190005140208, 32.78915609751342 ], [ 34.956184242978644, 32.789195215962387 ], [ 34.956174595487248, 32.789205752061129 ], [ 34.956160142290699, 32.789221593212986 ], [ 34.956192186178221, 32.78921677855832 ], [ 34.956167972089496, 32.789476514619253 ], [ 34.956165604077192, 32.789793274640786 ], [ 34.956190418345457, 32.790045804129214 ], [ 34.956269142190592, 32.790256136594024 ], [ 34.956307238954871, 32.790338719657726 ], [ 34.956312757228488, 32.790350543665426 ], [ 34.956315092247948, 32.790355414726491 ], [ 34.956388955381307, 32.790513357244507 ], [ 34.956389787927435, 32.790519939446952 ], [ 34.956587265908652, 32.790871631623418 ], [ 34.956604372065904, 32.790912007200482 ], [ 34.956688123629988, 32.791109606603442 ], [ 34.956742784722763, 32.791380228814418 ], [ 34.956770173122116, 32.791782077205099 ], [ 34.95677821829009, 32.791885240432521 ], [ 34.956771162923339, 32.791886399585444 ], [ 34.956778726664957, 32.79189363349056 ], [ 34.956783064145021, 32.792059640964354 ], [ 34.956783538035161, 32.79208317517547 ], [ 34.956794108393467, 32.792082557674625 ], [ 34.95681421782497, 32.792335619569876 ], [ 34.956822591918893, 32.792475760943944 ], [ 34.956846449005496, 32.792878953004411 ], [ 34.95684125516064, 32.793058200096446 ], [ 34.956841173218017, 32.793087775445883 ], [ 34.956840407258454, 32.793364229214745 ], [ 34.956840153179584, 32.793455931728523 ], [ 34.95682325003407, 32.793545889918803 ], [ 34.956804729192093, 32.793644050307684 ], [ 34.956807570834272, 32.793579400075863 ], [ 34.956785303766388, 32.793677994884582 ], [ 34.956693190607623, 32.793942111377021 ], [ 34.956630173347477, 32.794146575292231 ], [ 34.956606245166299, 32.794224253824702 ], [ 34.956590961189171, 32.794273006938063 ], [ 34.956552299947688, 32.794395915845833 ], [ 34.956546809045577, 32.794488421305935 ], [ 34.956557816691507, 32.794558869759136 ], [ 34.956571363741752, 32.794602892834135 ], [ 34.956598546316911, 32.794655974236164 ], [ 34.956623045957478, 32.794677932025188 ], [ 34.95667201731068, 32.794726542644632 ], [ 34.956742603348488, 32.794758774370443 ], [ 34.956845704165907, 32.79480460923795 ], [ 34.95700878270835, 32.794822965319348 ], [ 34.957220721822587, 32.794815532753105 ], [ 34.957220856028755, 32.794767022880158 ], [ 34.957346721336933, 32.794763301978385 ], [ 34.957349687425918, 32.794811813458928 ], [ 34.957424849688906, 32.794809180882339 ], [ 34.957460620694874, 32.794808077414231 ], [ 34.957644258024331, 32.794803482756947 ], [ 34.957882130934486, 32.794797446390774 ], [ 34.958068323396553, 32.794792680310927 ], [ 34.958245349814099, 32.794788246697479 ], [ 34.95913653783748, 32.794753300739728 ], [ 34.959696187196357, 32.794741496757204 ], [ 34.960084696240443, 32.794735500668793 ], [ 34.960312723991294, 32.794737554808087 ], [ 34.960635779961464, 32.794737106483851 ], [ 34.960720217899713, 32.794741240050989 ], [ 34.960709059102804, 32.794759440638536 ], [ 34.960695750768018, 32.794941818073056 ], [ 34.960698496155672, 32.795109091835954 ], [ 34.960704201425287, 32.795285558695753 ], [ 34.96075613545478, 32.795503779983875 ], [ 34.960804528805056, 32.79564869129289 ], [ 34.960897510629913, 32.7958838467733 ], [ 34.96101464296585, 32.796150705719128 ], [ 34.961142563672468, 32.796458075081567 ], [ 34.961281390035857, 32.796755898519628 ], [ 34.961441981057909, 32.797139428361362 ], [ 34.961510061257151, 32.797310889102931 ], [ 34.96154462418626, 32.797397156978882 ], [ 34.961596220598871, 32.797582099358046 ], [ 34.961648389016901, 32.79783242449782 ], [ 34.961672633049247, 32.79806239660072 ], [ 34.961678895838894, 32.798269799662037 ], [ 34.961648637405631, 32.798564502255552 ], [ 34.961594653144935, 32.798786492394676 ], [ 34.961524567571544, 32.798963797699784 ], [ 34.961358948550263, 32.79932866602757 ], [ 34.961228643781034, 32.799583141860765 ], [ 34.960941020816918, 32.800131264151098 ], [ 34.960935129537461, 32.800139904427965 ], [ 34.960716545410094, 32.80046804483991 ], [ 34.960711500098647, 32.800476523545662 ], [ 34.960615816876398, 32.800642075418743 ], [ 34.960269194270253, 32.801175555838284 ], [ 34.960217196323477, 32.801251020701727 ], [ 34.960067141514244, 32.80146992286835 ], [ 34.959985990685411, 32.801587623675729 ], [ 34.959790035521877, 32.801873436068298 ], [ 34.959779641587609, 32.801888746319534 ], [ 34.959443129504095, 32.802390689386925 ], [ 34.959073815212406, 32.802936025144213 ], [ 34.959004116627185, 32.803048340274565 ], [ 34.958984139742284, 32.803080477970354 ], [ 34.958944801413857, 32.803143792453831 ], [ 34.95887124430358, 32.803261409099058 ], [ 34.958747865108947, 32.803478752377956 ], [ 34.958647888828303, 32.803687560965621 ], [ 34.958579828230185, 32.803859921754579 ], [ 34.958494921108269, 32.804140991537231 ], [ 34.958420704291804, 32.804377447649955 ], [ 34.958337231437177, 32.804643296871333 ], [ 34.958112847822889, 32.805360325665269 ], [ 34.958073624221988, 32.805489455377113 ], [ 34.958053267976041, 32.805556227003166 ] ] ] } },
{ "type": "Feature", "properties": { "OBJECTID_12": 21, "OBJECTID": 692, "Shape_Leng": 4534.6791859599998, "Shape_Area": 645577.14262252941, "OBJECTID_1": 32, "SEMEL_YISH": 4000, "SHEM_YISHU": "חיפה", "SHEM_YIS_1": "HAIFA", "ROVA": 4, "TAT_ROVA": 43, "SchName": "מת\"ם", "Shape_Length": 4534.679185955476, "בזב": null, "מצביעים": null, "כשרים": null, "אמת": null, "אצ": null, "ב": null, "ג": null, "ד": null, "ום": null, "ז": null, "זך": null, "זנ": null, "זץ": null, "ט": null, "י": null, "יז": null, "ינ": null, "יץ": null, "יק": null, "כן": null, "ך": null, "ל": null, "מחל": null, "מרצ": null, "נז": null, "ני": null, "נף": null, "נץ": null, "נק": null, "נר": null, "עם": null, "פה": null, "ף": null, "צ": null, "ץ": null, "ק": null, "קי": null, "קך": null, "קנ": null, "קץ": null, "רז": null, "שס": null, "ת": null, "n_stations": null, "turnout_pct": null, "אמת_pct": null, "אצ_pct": null, "ב_pct": null, "ג_pct": null, "ד_pct": null, "ום_pct": null, "ז_pct": null, "זך_pct": null, "זנ_pct": null, "זץ_pct": null, "ט_pct": null, "י_pct": null, "יז_pct": null, "ינ_pct": null, "יץ_pct": null, "יק_pct": null, "כן_pct": null, "ך_pct": null, "ל_pct": null, "מחל_pct": null, "מרצ_pct": null, "נז_pct": null, "ני_pct": null, "נף_pct": null, "נץ_pct": null, "נק_pct": null, "נר_pct": null, "עם_pct": null, "פה_pct": null, "ף_pct": null, "צ_pct": null, "ץ_pct": null, "ק_pct": null, "קי_pct": null, "קך_pct": null, "קנ_pct": null, "קץ_pct": null, "רז_pct": null, "שס_pct": null, "ת_pct": null }, "geometry": { "type": "Polygon", "coordinates": [ [ [ 34.962100121406479, 32.792508983196399 ], [ 34.962069111520378, 32.7928407460874 ], [ 34.962050162862383, 32.793375508692478 ], [ 34.962053344639422, 32.793891728388239 ], [ 34.962092403432045, 32.79480305248314 ], [ 34.962092694192236, 32.79540439072359 ], [ 34.962071586683976, 32.79606538132726 ], [ 34.962028882077583, 32.796574212809219 ], [ 34.962028408934941, 32.796612457162347 ], [ 34.96202587473141, 32.796815411414869 ], [ 34.96202896635711, 32.797094856260124 ], [ 34.962026422995812, 32.797281503380184 ], [ 34.962024431915431, 32.797387356358804 ], [ 34.962023641263968, 32.797678776248787 ], [ 34.961997915666679, 32.797952031071269 ], [ 34.961955419101827, 32.798193690589216 ], [ 34.961882990768501, 32.798482091730399 ], [ 34.961802122862643, 32.79873730863747 ], [ 34.961643125653879, 32.799062135237662 ], [ 34.961438629620126, 32.799393112157006 ], [ 34.961254046955069, 32.799665514726954 ], [ 34.960941020816918, 32.800131264151098 ], [ 34.961228643781034, 32.799583141860765 ], [ 34.961358948550263, 32.79932866602757 ], [ 34.961524567571544, 32.798963797699784 ], [ 34.961594653144935, 32.798786492394676 ], [ 34.961648637405631, 32.798564502255552 ], [ 34.961678895838894, 32.798269799662037 ], [ 34.961672633049247, 32.79806239660072 ], [ 34.961648389016901, 32.79783242449782 ], [ 34.961596220598871, 32.797582099358046 ], [ 34.96154462418626, 32.797397156978882 ], [ 34.961510061257151, 32.797310889102931 ], [ 34.961441981057909, 32.797139428361362 ], [ 34.961281390035857, 32.796755898519628 ], [ 34.961142563672468, 32.796458075081567 ], [ 34.96101464296585, 32.796150705719128 ], [ 34.960897510629913, 32.7958838467733 ], [ 34.960804528805056, 32.79564869129289 ], [ 34.96075613545478, 32.795503779983875 ], [ 34.960704201425287, 32.795285558695753 ], [ 34.960698496155672, 32.795109091835954 ], [ 34.960695750768018, 32.794941818073056 ], [ 34.960709059102804, 32.794759440638536 ], [ 34.960720217899713, 32.794741240050989 ], [ 34.960635779961464, 32.794737106483851 ], [ 34.960312723991294, 32.794737554808087 ], [ 34.960084696240443, 32.794735500668793 ], [ 34.959696187196357, 32.794741496757204 ], [ 34.95913653783748, 32.794753300739728 ], [ 34.958245349814099, 32.794788246697479 ], [ 34.958068323396553, 32.794792680310927 ], [ 34.957882130934486, 32.794797446390774 ], [ 34.957644258024331, 32.794803482756947 ], [ 34.957460620694874, 32.794808077414231 ], [ 34.957424849688906, 32.794809180882339 ], [ 34.957349687425918, 32.794811813458928 ], [ 34.957346721336933, 32.794763301978385 ], [ 34.957220856028755, 32.794767022880158 ], [ 34.957220721822587, 32.794815532753105 ], [ 34.95700878270835, 32.794822965319348 ], [ 34.956845704165907, 32.79480460923795 ], [ 34.956742603348488, 32.794758774370443 ], [ 34.95667201731068, 32.794726542644632 ], [ 34.956623045957478, 32.794677932025188 ], [ 34.956598546316911, 32.794655974236164 ], [ 34.956571363741752, 32.794602892834135 ], [ 34.956557816691507, 32.794558869759136 ], [ 34.956546809045577, 32.794488421305935 ], [ 34.956552299947688, 32.794395915845833 ], [ 34.956590961189171, 32.794273006938063 ], [ 34.956606245166299, 32.794224253824702 ], [ 34.956630173347477, 32.794146575292231 ], [ 34.956693190607623, 32.793942111377021 ], [ 34.956785303766388, 32.793677994884582 ], [ 34.956807570834272, 32.793579400075863 ], [ 34.956804729192093, 32.793644050307684 ], [ 34.95682325003407, 32.793545889918803 ], [ 34.956840153179584, 32.793455931728523 ], [ 34.956840407258454, 32.793364229214745 ], [ 34.956841173218017, 32.793087775445883 ], [ 34.95684125516064, 32.793058200096446 ], [ 34.956846449005496, 32.792878953004411 ], [ 34.956822591918893, 32.792475760943944 ], [ 34.95681421782497, 32.792335619569876 ], [ 34.956794108393467, 32.792082557674625 ], [ 34.956783538035161, 32.79208317517547 ], [ 34.956783064145021, 32.792059640964354 ], [ 34.956778726664957, 32.79189363349056 ], [ 34.956771162923339, 32.791886399585444 ], [ 34.95677821829009, 32.791885240432521 ], [ 34.956770173122116, 32.791782077205099 ], [ 34.956742784722763, 32.791380228814418 ], [ 34.956688123629988, 32.791109606603442 ], [ 34.956604372065904, 32.790912007200482 ], [ 34.956587265908652, 32.790871631623418 ], [ 34.956389787927435, 32.790519939446952 ], [ 34.956388955381307, 32.790513357244507 ], [ 34.956315092247948, 32.790355414726491 ], [ 34.956312757228488, 32.790350543665426 ], [ 34.956307238954871, 32.790338719657726 ], [ 34.956269142190592, 32.790256136594024 ], [ 34.956190418345457, 32.790045804129214 ], [ 34.956165604077192, 32.789793274640786 ], [ 34.956167972089496, 32.789476514619253 ], [ 34.956192186178221, 32.78921677855832 ], [ 34.956160142290699, 32.789221593212986 ], [ 34.956174595487248, 32.789205752061129 ], [ 34.956184242978644, 32.789195215962387 ], [ 34.956190005140208, 32.78915609751342 ], [ 34.956216321649158, 32.788979148231206 ], [ 34.956274846964419, 32.788587562422364 ], [ 34.956280177060691, 32.788551777570241 ], [ 34.956292614330536, 32.7881469456185 ], [ 34.956295552912252, 32.788049745314005 ], [ 34.956308709010216, 32.787618945987838 ], [ 34.95628803815584, 32.786565011364345 ], [ 34.956282619822446, 32.78628771910244 ], [ 34.956278497320405, 32.78607852167503 ], [ 34.956263906938155, 32.785185815329946 ], [ 34.956256516515587, 32.78473342372952 ], [ 34.95623971914695, 32.784708411736403 ], [ 34.956097048541501, 32.784496420359858 ], [ 34.95608695584572, 32.784481421418313 ], [ 34.9560350256817, 32.784408369644794 ], [ 34.9560348225368, 32.784408104144077 ], [ 34.956032288485353, 32.784405005408715 ], [ 34.956126525745759, 32.784414330890797 ], [ 34.956230406910066, 32.784424610465216 ], [ 34.956334289166278, 32.784434889955733 ], [ 34.956383886089576, 32.784440256762508 ], [ 34.956402921525196, 32.784442316949736 ], [ 34.956403123211878, 32.784442338989706 ], [ 34.956498491036953, 32.784451643888055 ], [ 34.95659386101724, 32.78446094871812 ], [ 34.956689229952943, 32.78447025257185 ], [ 34.956784599973915, 32.784479557256851 ], [ 34.956861135112739, 32.784486847235534 ], [ 34.956937670264359, 32.784494137167513 ], [ 34.957014206496218, 32.784501427054892 ], [ 34.957056637590199, 32.784506065301713 ], [ 34.957100827312225, 32.784510896361837 ], [ 34.957187449214437, 32.784520365611058 ], [ 34.957247640469461, 32.784526965762211 ], [ 34.957307832801014, 32.784533565886562 ], [ 34.957393574352025, 32.784541399387834 ], [ 34.957479315918455, 32.78454923283045 ], [ 34.95756505643287, 32.784557066212372 ], [ 34.957650798030137, 32.784564899537749 ], [ 34.957736540710272, 32.784572732806595 ], [ 34.957822378677633, 32.784581242474637 ], [ 34.957908218796632, 32.784589752088095 ], [ 34.957994057864902, 32.78459826164071 ], [ 34.958079898017374, 32.784606771136644 ], [ 34.958165738186558, 32.784615280573831 ], [ 34.958271264862425, 32.784625913351981 ], [ 34.958376792628961, 32.784636546945094 ], [ 34.958482319356222, 32.784647179545622 ], [ 34.95858784717413, 32.784657812961129 ], [ 34.958636331265446, 32.784662697893438 ], [ 34.958636608724497, 32.784662726390316 ], [ 34.958693375017745, 32.784668446287867 ], [ 34.958798902889527, 32.784679078624073 ], [ 34.958904429719553, 32.784689710869422 ], [ 34.959009958710169, 32.784700343030124 ], [ 34.959095429246275, 32.784709414665045 ], [ 34.959180900867572, 32.784718486243747 ], [ 34.959266371439135, 32.784727557762139 ], [ 34.959351843095895, 32.78473662922439 ], [ 34.959352443897828, 32.784736692616598 ], [ 34.959437315835366, 32.784745701532124 ], [ 34.959523386674114, 32.784754661337423 ], [ 34.959609458597967, 32.784763621085744 ], [ 34.959695531606904, 32.784772580777094 ], [ 34.959781603568501, 32.78478153950558 ], [ 34.959867676612731, 32.784790499078746 ], [ 34.95996881858629, 32.784800748566624 ], [ 34.960069960581095, 32.784810998874583 ], [ 34.960171103669545, 32.784821248201382 ], [ 34.960272245711842, 32.784831498346236 ], [ 34.960373388847749, 32.784841747509901 ], [ 34.960474530937496, 32.784851997491565 ], [ 34.960575675188338, 32.78486224649415 ], [ 34.960610349882579, 32.784866336440302 ], [ 34.960676963704351, 32.784873228772796 ], [ 34.960743578604074, 32.78488012107195 ], [ 34.960845356578112, 32.784890519869087 ], [ 34.960947136713713, 32.784900917686066 ], [ 34.961048916871079, 32.784911316322145 ], [ 34.961150697052659, 32.784921714875573 ], [ 34.961252477260913, 32.78493211244475 ], [ 34.961354257490953, 32.784942510832991 ], [ 34.961456037747645, 32.784952908236946 ], [ 34.961557818026122, 32.784963306459979 ], [ 34.961659598331252, 32.784973703698711 ], [ 34.961761379725615, 32.784984101758596 ], [ 34.961858533480481, 32.784993802783141 ], [ 34.96195568832438, 32.785003503734487 ], [ 34.962052843189859, 32.785013204610564 ], [ 34.962149998076903, 32.78502290541136 ], [ 34.962247152985547, 32.785032606136873 ], [ 34.962344307915757, 32.785042306787155 ], [ 34.962441462865094, 32.785052008263818 ], [ 34.962538618905924, 32.785061708765589 ], [ 34.962631248167959, 32.785072093857387 ], [ 34.962723877451964, 32.785082478880717 ], [ 34.962758432291999, 32.785086353398263 ], [ 34.962747298967983, 32.785155747910615 ], [ 34.962745131099354, 32.785166751605338 ], [ 34.962732053119815, 32.78522578009953 ], [ 34.962725364146301, 32.785291415906499 ], [ 34.962732728787934, 32.785292511246254 ], [ 34.962679821240712, 32.785830088191155 ], [ 34.962612539998425, 32.78658963697378 ], [ 34.962558641640143, 32.787065174428953 ], [ 34.962526120392887, 32.787326060809981 ], [ 34.962512779174467, 32.787521615049194 ], [ 34.962477899375934, 32.787864189357606 ], [ 34.962402257489529, 32.788516056746936 ], [ 34.962353750347376, 32.788968536361303 ], [ 34.962299652403132, 32.789355515146234 ], [ 34.962266100133675, 32.789642911848418 ], [ 34.962232433969227, 32.789932468764121 ], [ 34.962210781616136, 32.790200686879253 ], [ 34.962214370903055, 32.790295899974517 ], [ 34.962219013880059, 32.79043009348873 ], [ 34.962195894449515, 32.790652672260897 ], [ 34.962183849047641, 32.790765900695312 ], [ 34.962173665436936, 32.791332779812457 ], [ 34.962173952701299, 32.791775777527391 ], [ 34.962162994002504, 32.791882260673873 ], [ 34.962114631337485, 32.792353918325077 ], [ 34.962102213967974, 32.792486086054645 ], [ 34.962100997345594, 32.79249933136947 ], [ 34.962100121406479, 32.792508983196399 ] ] ] } },
{ "type": "Feature", "properties": { "OBJECTID_12": 22, "OBJECTID": 693, "Shape_Leng": 7625.6777091900003, "Shape_Area": 1975729.2709896064, "OBJECTID_1": 33, "SEMEL_YISH": 4000, "SHEM_YISHU": "חיפה", "SHEM_YIS_1": "HAIFA", "ROVA": 4, "TAT_ROVA": 43, "SchName": "מרכז הקונגרסים, נאות פרס, יצחק נבון", "Shape_Length": 7625.6777091852446, "בזב": 3068.0, "מצביעים": 2372.0, "כשרים": 2361.0, "אמת": 104.0, "אצ": 16.0, "ב": 10.0, "ג": 2.0, "ד": 41.0, "ום": 79.0, "ז": 0.0, "זך": 0.0, "זנ": 0.0, "זץ": 0.0, "ט": 122.0, "י": 1.0, "יז": 10.0, "ינ": 0.0, "יץ": 0.0, "יק": 0.0, "כן": 331.0, "ך": 1.0, "ל": 148.0, "מחל": 610.0, "מרצ": 57.0, "נז": 0.0, "ני": 1.0, "נף": 0.0, "נץ": 0.0, "נק": 0.0, "נר": 0.0, "עם": 19.0, "פה": 772.0, "ף": 1.0, "צ": 0.0, "ץ": 0.0, "ק": 1.0, "קי": 0.0, "קך": 0.0, "קנ": 0.0, "קץ": 6.0, "רז": 0.0, "שס": 29.0, "ת": 0.0, "n_stations": 5.0, "turnout_pct": 77.314211212516298, "אמת_pct": 4.4049131723845827, "אצ_pct": 0.67767894959762809, "ב_pct": 0.42354934349851753, "ג_pct": 0.084709868699703511, "ד_pct": 1.736552308343922, "ום_pct": 3.3460398136382885, "ז_pct": 0.0, "זך_pct": 0.0, "זנ_pct": 0.0, "זץ_pct": 0.0, "ט_pct": 5.1673019906819144, "י_pct": 0.042354934349851756, "יז_pct": 0.42354934349851753, "ינ_pct": 0.0, "יץ_pct": 0.0, "יק_pct": 0.0, "כן_pct": 14.019483269800931, "ך_pct": 0.042354934349851756, "ל_pct": 6.2685302837780608, "מחל_pct": 25.836509953409571, "מרצ_pct": 2.4142312579415499, "נז_pct": 0.0, "ני_pct": 0.042354934349851756, "נף_pct": 0.0, "נץ_pct": 0.0, "נק_pct": 0.0, "נר_pct": 0.0, "עם_pct": 0.80474375264718345, "פה_pct": 32.69800931808556, "ף_pct": 0.042354934349851756, "צ_pct": 0.0, "ץ_pct": 0.0, "ק_pct": 0.042354934349851756, "קי_pct": 0.0, "קך_pct": 0.0, "קנ_pct": 0.0, "קץ_pct": 0.25412960609911056, "רז_pct": 0.0, "שס_pct": 1.228293096145701, "ת_pct": 0.0 }, "geometry": { "type": "Polygon", "coordinates": [ [ [ 34.969000134927015, 32.792595117660909 ], [ 34.968974083776772, 32.792502261058274 ], [ 34.968324456097065, 32.792505725260995 ], [ 34.96726169737471, 32.792511381949915 ], [ 34.967093149913062, 32.792511845380986 ], [ 34.967008900735571, 32.792512077057992 ], [ 34.964343435654705, 32.792519342546399 ], [ 34.964343989818794, 32.792510957866334 ], [ 34.962100121406479, 32.792508983196399 ], [ 34.962100997345594, 32.79249933136947 ], [ 34.962102213967974, 32.792486086054645 ], [ 34.962114631337485, 32.792353918325077 ], [ 34.962162995070031, 32.791882260675948 ], [ 34.962173952701299, 32.791775777527391 ], [ 34.962173665434484, 32.791332780714136 ], [ 34.962183849047641, 32.790765900695312 ], [ 34.962195894447063, 32.790652673162583 ], [ 34.962219013880059, 32.79043009348873 ], [ 34.962214370903055, 32.790295899974517 ], [ 34.962210781616136, 32.790200686879253 ], [ 34.962232433966797, 32.789932469665814 ], [ 34.962266100131231, 32.789642912750118 ], [ 34.962299653468186, 32.789355516050001 ], [ 34.962353750347376, 32.788968536361303 ], [ 34.962402257487092, 32.788516057648629 ], [ 34.962477899375934, 32.787864189357606 ], [ 34.962512779174467, 32.787521615049194 ], [ 34.96252612039045, 32.78732606171166 ], [ 34.962558641640143, 32.787065174428953 ], [ 34.962612539998425, 32.78658963697378 ], [ 34.962679821240712, 32.785830088191155 ], [ 34.962732728785504, 32.785292512147954 ], [ 34.962725364146301, 32.785291415906499 ], [ 34.962732053119815, 32.78522578009953 ], [ 34.962745131099354, 32.785166751605338 ], [ 34.962747300035431, 32.785155747912683 ], [ 34.962758433359461, 32.785086353400317 ], [ 34.962816508892843, 32.785092863839772 ], [ 34.96289757262528, 32.785101952335118 ], [ 34.962909138218343, 32.785103249628008 ], [ 34.962909156082041, 32.785102959317051 ], [ 34.962914286474181, 32.785015178501425 ], [ 34.962919436854207, 32.784927107377456 ], [ 34.962924585088615, 32.784839036247881 ], [ 34.962929733312308, 32.784750965116814 ], [ 34.962934883660182, 32.784662893988362 ], [ 34.962940031857578, 32.784574824657646 ], [ 34.962945180049118, 32.784486753522074 ], [ 34.962950330364848, 32.784398682389138 ], [ 34.962955478534973, 32.784310611250575 ], [ 34.962960628829251, 32.784222540114612 ], [ 34.96296577697796, 32.784134468973051 ], [ 34.962970925115926, 32.784046397830004 ], [ 34.962976075373213, 32.783958328492936 ], [ 34.962981223489756, 32.783870257346862 ], [ 34.962986371595598, 32.783782186199325 ], [ 34.962991521825572, 32.783694115054395 ], [ 34.962996669909984, 32.783606043903845 ], [ 34.963001820118549, 32.783517972755895 ], [ 34.963006968181531, 32.783429901602346 ], [ 34.963012116233784, 32.783341830447291 ], [ 34.963017266405338, 32.783253761098273 ], [ 34.963022414436175, 32.783165689940226 ], [ 34.963028331463555, 32.783078240627979 ], [ 34.963034248473903, 32.782990793117534 ], [ 34.963040163337276, 32.782903345601461 ], [ 34.963046080328247, 32.782815896284554 ], [ 34.963051997302188, 32.782728448769447 ], [ 34.96305791426888, 32.782640999449427 ], [ 34.963063831218562, 32.782553551931258 ], [ 34.963069748160976, 32.782466102608119 ], [ 34.963075662951532, 32.782378655082695 ], [ 34.963081579864813, 32.782291207559837 ], [ 34.963087496770804, 32.782203758232036 ], [ 34.963093413659813, 32.782116310706066 ], [ 34.963097561968965, 32.782033948933737 ], [ 34.963101712399926, 32.781951588967615 ], [ 34.963105860687918, 32.781869228996143 ], [ 34.963110008972649, 32.781786867220042 ], [ 34.963114157244348, 32.781704507246047 ], [ 34.963118305512801, 32.781622145467438 ], [ 34.963122453768236, 32.781539785490935 ], [ 34.963126604155207, 32.781457423713903 ], [ 34.963130752394363, 32.781375063734906 ], [ 34.963134900625356, 32.781292703754623 ], [ 34.963139048853087, 32.781210341969739 ], [ 34.963144997739604, 32.781120485161544 ], [ 34.963150944473888, 32.781030630150994 ], [ 34.963156893335302, 32.780940773339537 ], [ 34.963162842184182, 32.780850916526475 ], [ 34.963168791020493, 32.780761059711772 ], [ 34.963174737709451, 32.780671202891334 ], [ 34.96318068652068, 32.780581346073369 ], [ 34.963186635319353, 32.780491489253812 ], [ 34.963192584105464, 32.780401632432572 ], [ 34.963198530739369, 32.780311777409025 ], [ 34.963204479500398, 32.78022192058453 ], [ 34.963210428248871, 32.780132063758472 ], [ 34.963216376984796, 32.780042206930723 ], [ 34.963222325708166, 32.779952350101368 ], [ 34.963228274418995, 32.7798624932704 ], [ 34.963232444496072, 32.779779094556545 ], [ 34.963236616699653, 32.779695695845518 ], [ 34.963240788894929, 32.77961229713322 ], [ 34.963244961081926, 32.779528898419635 ], [ 34.963249133260611, 32.77944549970475 ], [ 34.963253305431017, 32.779362100988578 ], [ 34.963257477593103, 32.779278702271142 ], [ 34.963261649746926, 32.779195303552406 ], [ 34.963265819757666, 32.779111904828262 ], [ 34.96326999189489, 32.779028506106961 ], [ 34.963274164023815, 32.778945107384381 ], [ 34.963278336144455, 32.778861708660479 ], [ 34.96328302643149, 32.778780105305032 ], [ 34.963287718849081, 32.778698500149034 ], [ 34.963292409118004, 32.778616896791029 ], [ 34.96329710151263, 32.778535293435851 ], [ 34.963302757908465, 32.778451648694492 ], [ 34.963308414293202, 32.778368003951698 ], [ 34.963314070671693, 32.778284357404118 ], [ 34.963319727034239, 32.778200712658503 ], [ 34.963325449699006, 32.778111475728174 ], [ 34.963331174491387, 32.778022236997003 ], [ 34.963336899271738, 32.777932998264255 ], [ 34.963342621900502, 32.777843761329159 ], [ 34.96334735351526, 32.777767371636614 ], [ 34.963352085116689, 32.777690983746332 ], [ 34.96335681671443, 32.777614594051521 ], [ 34.963361548298813, 32.77753820615893 ], [ 34.963366279879551, 32.777461816461823 ], [ 34.963371011446895, 32.77738542856693 ], [ 34.963376668451772, 32.777300710790762 ], [ 34.963382323310682, 32.77721599300903 ], [ 34.963387978153477, 32.777131277029241 ], [ 34.963393635124618, 32.777046559248724 ], [ 34.963399289949805, 32.776961841462644 ], [ 34.963404944763745, 32.776877123675114 ], [ 34.963410601696282, 32.776792407693613 ], [ 34.96341625648774, 32.776707689903191 ], [ 34.96342191126795, 32.776622972111305 ], [ 34.963425734968972, 32.776544400355675 ], [ 34.963429558667691, 32.77646582679553 ], [ 34.963433382359234, 32.77638725323424 ], [ 34.963437206038741, 32.776308681475228 ], [ 34.963441029715931, 32.776230107911687 ], [ 34.963444853385958, 32.776151534347001 ], [ 34.963448431292917, 32.776083356852482 ], [ 34.963452009194107, 32.776015179357081 ], [ 34.963455587094337, 32.77594700005745 ], [ 34.963459164983924, 32.775878822560315 ], [ 34.963464803898752, 32.775798371545704 ], [ 34.963470444932788, 32.775717922337236 ], [ 34.963476083826386, 32.775637471319953 ], [ 34.963481722709354, 32.775557020301342 ], [ 34.963484606812933, 32.775494379676495 ], [ 34.963487493046863, 32.775431739055044 ], [ 34.963490377141795, 32.775369098428754 ], [ 34.963496027917081, 32.775286598777427 ], [ 34.96350168081127, 32.775204100932179 ], [ 34.963507333699368, 32.775121601282152 ], [ 34.963511153737144, 32.775047503709267 ], [ 34.963514973773037, 32.774973404331988 ], [ 34.963518793802209, 32.774899304953649 ], [ 34.963518971999861, 32.7748347439179 ], [ 34.963519148062275, 32.774770182877361 ], [ 34.963519324124142, 32.774705621836176 ], [ 34.963515219218991, 32.774620025029584 ], [ 34.963511114326032, 32.774534426418363 ], [ 34.963507007305736, 32.774448827801791 ], [ 34.96350483859743, 32.774403625253541 ], [ 34.963502900287928, 32.774363230987319 ], [ 34.963513714209583, 32.774347477522689 ], [ 34.963556211216179, 32.774285567674276 ], [ 34.963609519916908, 32.774207904333018 ], [ 34.963662828524697, 32.774130240967686 ], [ 34.963691203912866, 32.774090000527956 ], [ 34.963719579275391, 32.774049760081397 ], [ 34.963765552947585, 32.773983236550201 ], [ 34.963811526556007, 32.773916711197693 ], [ 34.963857500090953, 32.773850187630686 ], [ 34.96390347569676, 32.77378366224648 ], [ 34.963949449094471, 32.773717138643697 ], [ 34.964026777390792, 32.773715220346787 ], [ 34.96410410781872, 32.773713302006286 ], [ 34.964181438243656, 32.773711383618021 ], [ 34.964175829183517, 32.773750822037272 ], [ 34.964253462368632, 32.773749843751787 ], [ 34.964331097687001, 32.77374886542227 ], [ 34.964333409827397, 32.773748745418835 ], [ 34.964419507811421, 32.773744234177187 ], [ 34.964424499306475, 32.773743973229706 ], [ 34.964432269868986, 32.773695280330557 ], [ 34.964433490056422, 32.773687634487125 ], [ 34.964442478660168, 32.773631295739236 ], [ 34.96449435753194, 32.773612729997581 ], [ 34.964543433041129, 32.773595168766178 ], [ 34.964546236382283, 32.773594164234261 ], [ 34.964553416176578, 32.773563549188928 ], [ 34.964556169345592, 32.77355180356458 ], [ 34.964557108455814, 32.773551852250591 ], [ 34.964560984426065, 32.773552050830112 ], [ 34.96463433967034, 32.773555830480618 ], [ 34.964712510002435, 32.773559857347877 ], [ 34.964787507516455, 32.773553012668046 ], [ 34.96486250501929, 32.773546167943238 ], [ 34.964927989054843, 32.773524742607748 ], [ 34.964962098390522, 32.773461779287949 ], [ 34.965027644858544, 32.773417000106292 ], [ 34.965085383872221, 32.773398129721684 ], [ 34.96514312286169, 32.773379259310254 ], [ 34.965232912399919, 32.773348773104118 ], [ 34.965322701877291, 32.773318286833174 ], [ 34.965412491293762, 32.773287800497478 ], [ 34.965502280649368, 32.773257314096988 ], [ 34.965504453543801, 32.773242992101999 ], [ 34.965504664331043, 32.77324159667927 ], [ 34.965599955625045, 32.773206711408342 ], [ 34.965695248979699, 32.77317182606847 ], [ 34.965796892899952, 32.773159294962554 ], [ 34.965898536797042, 32.773146761970658 ], [ 34.966000178531566, 32.773134228892047 ], [ 34.966101822372714, 32.773121695734886 ], [ 34.96620346618591, 32.773109162495125 ], [ 34.966301146797385, 32.773097119376871 ], [ 34.966305109971124, 32.773096629172734 ], [ 34.96631535536298, 32.77306005783705 ], [ 34.966317462821188, 32.773005321707302 ], [ 34.966317515556902, 32.773003954837016 ], [ 34.966319673613228, 32.772947851832349 ], [ 34.966323652584776, 32.772947839556274 ], [ 34.966402826395957, 32.772947609468382 ], [ 34.966485979178564, 32.772947367049213 ], [ 34.966569131956319, 32.77294712637827 ], [ 34.966652284738743, 32.772946883848732 ], [ 34.966742504296946, 32.77294780703641 ], [ 34.966832725996809, 32.772948728359829 ], [ 34.966922947694187, 32.772949651421634 ], [ 34.967025328091815, 32.77295303203406 ], [ 34.967127710637101, 32.772956410763555 ], [ 34.967230093185883, 32.772959791212728 ], [ 34.967319362072701, 32.772956984575764 ], [ 34.967408633088908, 32.772954177879178 ], [ 34.967423416591245, 32.772953713517346 ], [ 34.967427722488743, 32.772953577390588 ], [ 34.967497904099929, 32.772951371118978 ], [ 34.967592134719766, 32.77294823102536 ], [ 34.967686365333449, 32.772945090860816 ], [ 34.96778059594098, 32.772941950625373 ], [ 34.967789698780798, 32.772941646813514 ], [ 34.967793332231153, 32.772941525634764 ], [ 34.967874826542349, 32.772938810319033 ], [ 34.96795318054231, 32.772936199030561 ], [ 34.967957347697961, 32.772936059016985 ], [ 34.967969057137552, 32.772935669941759 ], [ 34.968067783786012, 32.77293555504847 ], [ 34.96816651042996, 32.772935441880769 ], [ 34.968265237078924, 32.772935326831863 ], [ 34.968355101051813, 32.772936722480019 ], [ 34.968444965027906, 32.772938118063713 ], [ 34.96853482900724, 32.772939513582976 ], [ 34.968624692989785, 32.772940909037771 ], [ 34.968714556975542, 32.772942304428149 ], [ 34.96881296114757, 32.772937387713377 ], [ 34.968911363169902, 32.772932472720619 ], [ 34.969009767321289, 32.772927555851147 ], [ 34.969040441622468, 32.772926024691806 ], [ 34.969048599093966, 32.77292561621919 ], [ 34.969108171457599, 32.772922640707698 ], [ 34.969206575588309, 32.772917723683555 ], [ 34.969304979703956, 32.772912808385414 ], [ 34.969403383814011, 32.772907891206557 ], [ 34.96939715284114, 32.772827482528939 ], [ 34.969397142556694, 32.772827334631572 ], [ 34.969396942262613, 32.77282476081637 ], [ 34.969484734567516, 32.77281840980892 ], [ 34.969485123712161, 32.772821414988606 ], [ 34.969571721733935, 32.772817891201896 ], [ 34.969658317614652, 32.772814367351309 ], [ 34.969744915623536, 32.772810843444816 ], [ 34.969831513625969, 32.772807319478446 ], [ 34.969918109487367, 32.772803795448191 ], [ 34.969922095159212, 32.772803667653307 ], [ 34.970007277989794, 32.77280092178529 ], [ 34.970096446486878, 32.772798048058917 ], [ 34.970185614983372, 32.772795172465649 ], [ 34.970274781335192, 32.772792298608287 ], [ 34.970380631958683, 32.772798364606743 ], [ 34.970486480457801, 32.772804432315219 ], [ 34.97059232897184, 32.772810499934309 ], [ 34.970698177505525, 32.772816565660669 ], [ 34.970701890022241, 32.772816408477176 ], [ 34.970772553788919, 32.772813418598126 ], [ 34.970846927932726, 32.772810271487423 ], [ 34.970921304210911, 32.772807122533138 ], [ 34.971002343636236, 32.772802772265408 ], [ 34.971083383058684, 32.772798420141832 ], [ 34.971083632751615, 32.772798442247542 ], [ 34.971174671692914, 32.772806815382765 ], [ 34.971265960340006, 32.772815212360598 ], [ 34.971353845103998, 32.772823294560425 ], [ 34.971357249009323, 32.772823607468624 ], [ 34.971357294484726, 32.772823358685187 ], [ 34.971372428303525, 32.772736778958539 ], [ 34.97138760329851, 32.772649950437327 ], [ 34.971402780398087, 32.772563121916896 ], [ 34.971406472825372, 32.772541996641529 ], [ 34.971417974516321, 32.772476304245352 ], [ 34.971425467145217, 32.772476251453 ], [ 34.971513069389793, 32.772475483772872 ], [ 34.971608147218006, 32.772474650572732 ], [ 34.971703225044912, 32.772473817300501 ], [ 34.971798302870489, 32.772472983956071 ], [ 34.971893376425555, 32.772472150531556 ], [ 34.971988053018229, 32.77247128744424 ], [ 34.972082725335632, 32.772470426080844 ], [ 34.972177397651677, 32.772469564645888 ], [ 34.972272069966337, 32.772468703139403 ], [ 34.972333078503588, 32.772478071166361 ], [ 34.972342108590404, 32.772479456666773 ], [ 34.972347118667564, 32.772480225174363 ], [ 34.972412149366171, 32.772490210158985 ], [ 34.972409945806639, 32.772494570286433 ], [ 34.972409469477839, 32.772495512578232 ], [ 34.97237817973437, 32.772557437205094 ], [ 34.97237577447985, 32.772562197311295 ], [ 34.97233940167397, 32.772634182652503 ], [ 34.972303026674638, 32.772706167978107 ], [ 34.972266651611726, 32.772778155095452 ], [ 34.972322040166276, 32.77280222658635 ], [ 34.972323954898222, 32.772803057889924 ], [ 34.972382637006071, 32.772809929296329 ], [ 34.972427885761675, 32.772815228493435 ], [ 34.972441321257719, 32.772816800679223 ], [ 34.972441639857372, 32.772816592075685 ], [ 34.972504216121926, 32.772775495009739 ], [ 34.972567110928111, 32.772734189308117 ], [ 34.972589465125694, 32.772668958716586 ], [ 34.972611817155801, 32.772603728116337 ], [ 34.972634171292277, 32.772538495711792 ], [ 34.972656523256589, 32.772473265101922 ], [ 34.972746270821709, 32.772441168401073 ], [ 34.972836020457329, 32.772409071639444 ], [ 34.972925767894274, 32.77237697480912 ], [ 34.97292692568746, 32.77238242499449 ], [ 34.972927189296186, 32.772383668018414 ], [ 34.9729391595761, 32.772439984808223 ], [ 34.9729494821269, 32.77243932760647 ], [ 34.972953698679866, 32.772439059477065 ], [ 34.972953959147965, 32.772439041924329 ], [ 34.973033490590566, 32.772392816407503 ], [ 34.973043775673574, 32.772386837319907 ], [ 34.973043470745289, 32.772389188379584 ], [ 34.973035777895674, 32.772448478708917 ], [ 34.973008222890449, 32.772867265521732 ], [ 34.972999568597167, 32.772998628414008 ], [ 34.972946290525847, 32.773292199674778 ], [ 34.972415085631411, 32.776173315497672 ], [ 34.972375571566324, 32.776388298445539 ], [ 34.972344286708825, 32.77655883402516 ], [ 34.97228841631852, 32.776860895798123 ], [ 34.972260271144947, 32.777013403257001 ], [ 34.972150061630217, 32.777611749614145 ], [ 34.97211444784449, 32.777804830271627 ], [ 34.972088518522021, 32.77784291667718 ], [ 34.972075448871053, 32.777862105757727 ], [ 34.972050685247957, 32.777898486506437 ], [ 34.972021658971101, 32.777941264984463 ], [ 34.972008799231176, 32.777960171314824 ], [ 34.972008049200227, 32.778248712321755 ], [ 34.972007759268195, 32.77836024964779 ], [ 34.971918474784211, 32.778666667477673 ], [ 34.971816160913981, 32.779017501970309 ], [ 34.971793865086063, 32.779093920690073 ], [ 34.971742280463793, 32.779271108921414 ], [ 34.971707678379857, 32.779402147471473 ], [ 34.971669940546384, 32.779545353062936 ], [ 34.971616259299417, 32.779748681070693 ], [ 34.971411967300952, 32.780524112175272 ], [ 34.971396768224317, 32.780581981717638 ], [ 34.971388103320848, 32.7806301972456 ], [ 34.971316615309682, 32.781026360824434 ], [ 34.97125037332075, 32.781169069575029 ], [ 34.971228491160488, 32.781216634710376 ], [ 34.971223029153656, 32.781228526911114 ], [ 34.971131446351059, 32.781426099812279 ], [ 34.971056744482382, 32.781604391593412 ], [ 34.9712866645866, 32.781582740777573 ], [ 34.971795383903789, 32.781444122158213 ], [ 34.972185492180898, 32.781301700117005 ], [ 34.973181961767459, 32.780938526558792 ], [ 34.973232246641771, 32.781212045626951 ], [ 34.973274436037393, 32.781203382448119 ], [ 34.973409955892244, 32.78117558069642 ], [ 34.974221089276504, 32.781130102693801 ], [ 34.974727183724106, 32.781319052974595 ], [ 34.974862525841885, 32.781369509203635 ], [ 34.975409643473192, 32.781387732899162 ], [ 34.976042344144254, 32.781364269814702 ], [ 34.976259049545668, 32.781356190544997 ], [ 34.976594084765154, 32.781326865812026 ], [ 34.976976302858844, 32.781293654788215 ], [ 34.977957719402447, 32.781279485329414 ], [ 34.978302145593815, 32.781327529389465 ], [ 34.978768871640547, 32.781392656342256 ], [ 34.979625610730125, 32.781847213383848 ], [ 34.979413135315617, 32.78197757225854 ], [ 34.97907953480793, 32.782112959015016 ], [ 34.978842114779575, 32.782186490529469 ], [ 34.978621704855556, 32.782233807529778 ], [ 34.978178188844616, 32.782278337345602 ], [ 34.977537236033342, 32.782219920586392 ], [ 34.97650396939688, 32.782062971606884 ], [ 34.976170833243231, 32.782014649221402 ], [ 34.975775461630377, 32.782006772403555 ], [ 34.97516798281876, 32.782113019770946 ], [ 34.974639315342181, 32.782321996348351 ], [ 34.974232553800853, 32.78258662008686 ], [ 34.974130715897047, 32.782650848169425 ], [ 34.973820622076673, 32.782975930085392 ], [ 34.973463408476583, 32.783501327705025 ], [ 34.973182455654445, 32.784023285315044 ], [ 34.973101343868763, 32.784262903256987 ], [ 34.973074647818763, 32.7847567009984 ], [ 34.973094255861284, 32.785365101147974 ], [ 34.973134016887229, 32.786370761644022 ], [ 34.973082114672103, 32.786782206071059 ], [ 34.972843895432064, 32.787157517927135 ], [ 34.972589163115444, 32.787364605823292 ], [ 34.972398429975343, 32.787483595452215 ], [ 34.972418220636158, 32.787634312328962 ], [ 34.972424705804301, 32.787684004052046 ], [ 34.972421280835306, 32.78769076401786 ], [ 34.972416231284257, 32.787700761661632 ], [ 34.972410875758044, 32.78771184077079 ], [ 34.971979586281428, 32.788580636286106 ], [ 34.971818722295019, 32.788904848142657 ], [ 34.971625189339093, 32.790119991086335 ], [ 34.971573024575271, 32.790447564038338 ], [ 34.971401734821711, 32.791521703038228 ], [ 34.971267078173703, 32.792366239603133 ], [ 34.97125265024679, 32.792453411861267 ], [ 34.971246576042518, 32.792490184214309 ], [ 34.969462851363282, 32.792499671260884 ], [ 34.969000134927015, 32.792595117660909 ] ] ] } },
{ "type": "Feature", "properties": { "OBJECTID_12": 23, "OBJECTID": 694, "Shape_Leng": 5425.2755658899996, "Shape_Area": 1199298.6523499885, "OBJECTID_1": 34, "SEMEL_YISH": 4000, "SHEM_YISHU": "חיפה", "SHEM_YIS_1": "HAIFA", "ROVA": 4, "TAT_ROVA": 43, "SchName": "בתי עלמין", "Shape_Length": 5425.275565886428, "בזב": null, "מצביעים": null, "כשרים": null, "אמת": null, "אצ": null, "ב": null, "ג": null, "ד": null, "ום": null, "ז": null, "זך": null, "זנ": null, "זץ": null, "ט": null, "י": null, "יז": null, "ינ": null, "יץ": null, "יק": null, "כן": null, "ך": null, "ל": null, "מחל": null, "מרצ": null, "נז": null, "ני": null, "נף": null, "נץ": null, "נק": null, "נר": null, "עם": null, "פה": null, "ף": null, "צ": null, "ץ": null, "ק": null, "קי": null, "קך": null, "קנ": null, "קץ": null, "רז": null, "שס": null, "ת": null, "n_stations": null, "turnout_pct": null, "אמת_pct": null, "אצ_pct": null, "ב_pct": null, "ג_pct": null, "ד_pct": null, "ום_pct": null, "ז_pct": null, "זך_pct": null, "זנ_pct": null, "זץ_pct": null, "ט_pct": null, "י_pct": null, "יז_pct": null, "ינ_pct": null, "יץ_pct": null, "יק_pct": null, "כן_pct": null, "ך_pct": null, "ל_pct": null, "מחל_pct": null, "מרצ_pct": null, "נז_pct": null, "ני_pct": null, "נף_pct": null, "נץ_pct": null, "נק_pct": null, "נר_pct": null, "עם_pct": null, "פה_pct": null, "ף_pct": null, "צ_pct": null, "ץ_pct": null, "ק_pct": null, "קי_pct": null, "קך_pct": null, "קנ_pct": null, "קץ_pct": null, "רז_pct": null, "שס_pct": null, "ת_pct": null }, "geometry": { "type": "Polygon", "coordinates": [ [ [ 34.969462851365655, 32.792499670359206 ], [ 34.971246576044869, 32.792490183312609 ], [ 34.971144628908085, 32.793104314128122 ], [ 34.971233849043635, 32.79356272053159 ], [ 34.972379307781729, 32.793539420056554 ], [ 34.972831931284965, 32.79333666362632 ], [ 34.972834313371017, 32.79336741485416 ], [ 34.972912055378792, 32.794386653516348 ], [ 34.97291938888187, 32.794482517001512 ], [ 34.972618733939179, 32.794696379852368 ], [ 34.97252687904512, 32.794761763780009 ], [ 34.971983928942713, 32.794913511317361 ], [ 34.971753155457733, 32.795021820657887 ], [ 34.970974829630244, 32.795387180034488 ], [ 34.970957799000971, 32.795395169747572 ], [ 34.970283923591268, 32.79601508776458 ], [ 34.969990902456587, 32.796284594714329 ], [ 34.969233612261597, 32.797683420938732 ], [ 34.969181089800209, 32.798326662450044 ], [ 34.969171277458393, 32.798447038837232 ], [ 34.969154234664508, 32.798682748780557 ], [ 34.969050727013801, 32.800114754750055 ], [ 34.96904618720108, 32.800178052192024 ], [ 34.969829459385636, 32.801825375037836 ], [ 34.969953806067714, 32.80208696859026 ], [ 34.970275308042169, 32.802763253472421 ], [ 34.970288052917475, 32.802789684234156 ], [ 34.970304826849031, 32.802824796797658 ], [ 34.970210719452915, 32.802841028916987 ], [ 34.970037038643241, 32.802871090086434 ], [ 34.969682839684872, 32.802932290834093 ], [ 34.969620032326489, 32.802943076346565 ], [ 34.96955188400262, 32.802954849983436 ], [ 34.969128900005359, 32.803105904428492 ], [ 34.968570559951857, 32.803086009733775 ], [ 34.968375305381386, 32.803079059522346 ], [ 34.967802404606402, 32.803154346246068 ], [ 34.967665401514417, 32.803192759956595 ], [ 34.967601427049331, 32.803210687250171 ], [ 34.967248940110274, 32.803309563311423 ], [ 34.966898166133873, 32.803407992583374 ], [ 34.966706769388381, 32.803553164194554 ], [ 34.966263103998472, 32.803889734096472 ], [ 34.965970971091288, 32.804456161557574 ], [ 34.965961309960427, 32.804474815379947 ], [ 34.965944848743156, 32.804681808686013 ], [ 34.965866396197413, 32.805671082923027 ], [ 34.965861261974617, 32.805713720415099 ], [ 34.965832762982586, 32.805713666122358 ], [ 34.965735598659961, 32.805713310548633 ], [ 34.965264423172272, 32.805711773220828 ], [ 34.964988614995768, 32.805575211708081 ], [ 34.964844312447916, 32.80550376346676 ], [ 34.964595638092753, 32.805380660234995 ], [ 34.964100016919801, 32.805305054615658 ], [ 34.963673320540416, 32.805283392467913 ], [ 34.963174024346152, 32.805258090470332 ], [ 34.962674933766358, 32.805472903537584 ], [ 34.962353491840375, 32.805847571719895 ], [ 34.962013892409523, 32.806743283706602 ], [ 34.961988827083289, 32.806809231722639 ], [ 34.96163325362361, 32.806739483275663 ], [ 34.96146977167313, 32.806706427635177 ], [ 34.961458579656906, 32.806704156203452 ], [ 34.961085606619982, 32.806628484403944 ], [ 34.960261315200675, 32.806437545703929 ], [ 34.960254529614353, 32.806300562966008 ], [ 34.960226655969095, 32.806188878415526 ], [ 34.960169306595745, 32.806080560089583 ], [ 34.960084874025469, 32.805988596961633 ], [ 34.959965142316577, 32.80592975791167 ], [ 34.959785445292461, 32.805887665038732 ], [ 34.959764101992739, 32.805883720825868 ], [ 34.959460606974339, 32.805827600520075 ], [ 34.959451432336458, 32.80582560065735 ], [ 34.959016675692773, 32.805742517969229 ], [ 34.958757026362292, 32.80569356014454 ], [ 34.958647442933867, 32.80567290380008 ], [ 34.958276078756761, 32.805598954435126 ], [ 34.958053267976041, 32.805556227003166 ], [ 34.958073624221988, 32.805489455377113 ], [ 34.958112847822889, 32.805360325665269 ], [ 34.958337231437177, 32.804643296871333 ], [ 34.958420704291804, 32.804377447649955 ], [ 34.958494921108269, 32.804140991537231 ], [ 34.958579828230185, 32.803859921754579 ], [ 34.958647888828303, 32.803687560965621 ], [ 34.958747865108947, 32.803478752377956 ], [ 34.95887124430358, 32.803261409099058 ], [ 34.958944801413857, 32.803143792453831 ], [ 34.958984139742284, 32.803080477970354 ], [ 34.959004116627185, 32.803048340274565 ], [ 34.959073815212406, 32.802936025144213 ], [ 34.959443129504095, 32.802390689386925 ], [ 34.959779641587609, 32.801888746319534 ], [ 34.959790035521877, 32.801873436068298 ], [ 34.959985990685411, 32.801587623675729 ], [ 34.960067141514244, 32.80146992286835 ], [ 34.960217196323477, 32.801251020701727 ], [ 34.960269194270253, 32.801175555838284 ], [ 34.960615816876398, 32.800642075418743 ], [ 34.960711500098647, 32.800476523545662 ], [ 34.960716545410094, 32.80046804483991 ], [ 34.960935129537461, 32.800139904427965 ], [ 34.960941020816918, 32.800131264151098 ], [ 34.961254046955069, 32.799665514726954 ], [ 34.961438629620126, 32.799393112157006 ], [ 34.961643125653879, 32.799062135237662 ], [ 34.961802122862643, 32.79873730863747 ], [ 34.961882990768501, 32.798482091730399 ], [ 34.961955419101827, 32.798193690589216 ], [ 34.961997915666679, 32.797952031071269 ], [ 34.962023641263968, 32.797678776248787 ], [ 34.962024431915431, 32.797387356358804 ], [ 34.962026422995812, 32.797281503380184 ], [ 34.96202896635711, 32.797094856260124 ], [ 34.96202587473141, 32.796815411414869 ], [ 34.962028408934941, 32.796612457162347 ], [ 34.962028882077583, 32.796574212809219 ], [ 34.962071586683976, 32.79606538132726 ], [ 34.962092694192236, 32.79540439072359 ], [ 34.962092403432045, 32.79480305248314 ], [ 34.962053344639422, 32.793891728388239 ], [ 34.962050162862383, 32.793375508692478 ], [ 34.962069111520378, 32.7928407460874 ], [ 34.962100121406479, 32.792508983196399 ], [ 34.964343989821209, 32.792510956964641 ], [ 34.964343435654705, 32.792519342546399 ], [ 34.967008899668031, 32.792512077055967 ], [ 34.967093149913062, 32.792511845380986 ], [ 34.96726169737471, 32.792511381949915 ], [ 34.968324455031919, 32.792505724357305 ], [ 34.968974083776772, 32.792502261058274 ], [ 34.969000134927015, 32.792595117660909 ], [ 34.969462851365655, 32.792499670359206 ] ] ] } },
{ "type": "Feature", "properties": { "OBJECTID_12": 24, "OBJECTID": 696, "Shape_Leng": 4225.7806311200002, "Shape_Area": 964656.84860493848, "OBJECTID_1": 36, "SEMEL_YISH": 4000, "SHEM_YISHU": "חיפה", "SHEM_YIS_1": "HAIFA", "ROVA": 5, "TAT_ROVA": 51, "SchName": "כרמליה", "Shape_Length": 4225.7806311221657, "בזב": 8294.0, "מצביעים": 5138.0, "כשרים": 5122.0, "אמת": 402.0, "אצ": 17.0, "ב": 51.0, "ג": 10.0, "ד": 123.0, "ום": 265.0, "ז": 0.0, "זך": 0.0, "זנ": 0.0, "זץ": 0.0, "ט": 128.0, "י": 3.0, "יז": 12.0, "ינ": 0.0, "יץ": 2.0, "יק": 0.0, "כן": 638.0, "ך": 0.0, "ל": 179.0, "מחל": 626.0, "מרצ": 514.0, "נז": 0.0, "ני": 1.0, "נף": 0.0, "נץ": 0.0, "נק": 1.0, "נר": 2.0, "עם": 40.0, "פה": 2027.0, "ף": 1.0, "צ": 3.0, "ץ": 1.0, "ק": 8.0, "קי": 1.0, "קך": 2.0, "קנ": 1.0, "קץ": 44.0, "רז": 0.0, "שס": 20.0, "ת": 0.0, "n_stations": 13.0, "turnout_pct": 61.948396431155054, "אמת_pct": 7.8484966809839909, "אצ_pct": 0.33190160093713394, "ב_pct": 0.99570480281140172, "ג_pct": 0.19523623584537289, "ד_pct": 2.4014057008980867, "ום_pct": 5.1737602499023811, "ז_pct": 0.0, "זך_pct": 0.0, "זנ_pct": 0.0, "זץ_pct": 0.0, "ט_pct": 2.4990238188207732, "י_pct": 0.058570870753611864, "יז_pct": 0.23428348301444746, "ינ_pct": 0.0, "יץ_pct": 0.039047247169074581, "יק_pct": 0.0, "כן_pct": 12.45607184693479, "ך_pct": 0.0, "ל_pct": 3.4947286216321745, "מחל_pct": 12.221788363920345, "מרצ_pct": 10.035142522452167, "נז_pct": 0.0, "ני_pct": 0.01952362358453729, "נף_pct": 0.0, "נץ_pct": 0.0, "נק_pct": 0.01952362358453729, "נר_pct": 0.039047247169074581, "עם_pct": 0.78094494338149156, "פה_pct": 39.574385005857089, "ף_pct": 0.01952362358453729, "צ_pct": 0.058570870753611864, "ץ_pct": 0.01952362358453729, "ק_pct": 0.15618898867629832, "קי_pct": 0.01952362358453729, "קך_pct": 0.039047247169074581, "קנ_pct": 0.01952362358453729, "קץ_pct": 0.85903943771964075, "רז_pct": 0.0, "שס_pct": 0.39047247169074578, "ת_pct": 0.0 }, "geometry": { "type": "Polygon", "coordinates": [ [ [ 34.972572526216311, 32.801805322388169 ], [ 34.971708445241909, 32.802185501387036 ], [ 34.971698559650783, 32.80221054372997 ], [ 34.971637191797477, 32.802364896646708 ], [ 34.971627197974733, 32.802389666471193 ], [ 34.971619139537914, 32.802410038736291 ], [ 34.971486015961958, 32.80244720238386 ], [ 34.970973270056653, 32.802622891714122 ], [ 34.970807547858165, 32.802679662463049 ], [ 34.970524246661235, 32.802776695789483 ], [ 34.970398582477117, 32.802819747628533 ], [ 34.97038257887656, 32.802815384193664 ], [ 34.970373936944135, 32.802813023645967 ], [ 34.970288052917475, 32.802789684234156 ], [ 34.970275308042169, 32.802763253472421 ], [ 34.969953806067714, 32.80208696859026 ], [ 34.969829459385636, 32.801825375037836 ], [ 34.96904618720108, 32.800178052192024 ], [ 34.969050727013801, 32.800114754750055 ], [ 34.969154234664508, 32.798682748780557 ], [ 34.969171277458393, 32.798447038837232 ], [ 34.969181089800209, 32.798326662450044 ], [ 34.969233612261597, 32.797683420938732 ], [ 34.969990902456587, 32.796284594714329 ], [ 34.970283923591268, 32.79601508776458 ], [ 34.970957799000971, 32.795395169747572 ], [ 34.970974829630244, 32.795387180034488 ], [ 34.971753155457733, 32.795021820657887 ], [ 34.971983928942713, 32.794913511317361 ], [ 34.97252687904512, 32.794761763780009 ], [ 34.972618733939179, 32.794696379852368 ], [ 34.97291938888187, 32.794482517001512 ], [ 34.972912055378792, 32.794386653516348 ], [ 34.972834313371017, 32.79336741485416 ], [ 34.972841913443183, 32.793357062143457 ], [ 34.97286146990011, 32.793347625114144 ], [ 34.973755074471235, 32.792912318070087 ], [ 34.973879441952278, 32.79291398343404 ], [ 34.9740081844404, 32.792915579176949 ], [ 34.974465538967962, 32.792742657117216 ], [ 34.975097393451648, 32.792588649494199 ], [ 34.975722821505677, 32.792436222937326 ], [ 34.975881998247395, 32.792351309784529 ], [ 34.977211538830211, 32.792597356991948 ], [ 34.978587361088906, 32.793325265256414 ], [ 34.980558332014361, 32.794929841188093 ], [ 34.980702260674121, 32.795046958634941 ], [ 34.981247961539793, 32.795491202505715 ], [ 34.981776551332096, 32.795559658375794 ], [ 34.982786279555491, 32.795690423701267 ], [ 34.982845533375666, 32.795695709664578 ], [ 34.982911510457868, 32.795701583671928 ], [ 34.982988438522199, 32.795708442718272 ], [ 34.983145122053891, 32.795722428958598 ], [ 34.983413408086754, 32.795809643679391 ], [ 34.983411565583403, 32.795905399295258 ], [ 34.983400299483272, 32.795973100145751 ], [ 34.983389893390829, 32.796034941509532 ], [ 34.983353369039321, 32.79608500395026 ], [ 34.983311673443794, 32.796149221941491 ], [ 34.983189057978578, 32.796215461076358 ], [ 34.983086623400496, 32.796240168623612 ], [ 34.983049872049619, 32.796249033136085 ], [ 34.982949884841638, 32.796274819714377 ], [ 34.983068405895658, 32.796306587572367 ], [ 34.983207134491899, 32.796332717559743 ], [ 34.983407550889346, 32.796365706332935 ], [ 34.983674245511935, 32.79640396298538 ], [ 34.983826584667739, 32.796445435130842 ], [ 34.983913642469126, 32.796473179323577 ], [ 34.984001604412917, 32.796519598200184 ], [ 34.984041496022506, 32.796577640922422 ], [ 34.984061466731127, 32.796619514598568 ], [ 34.984070696911488, 32.796639094862719 ], [ 34.984046561522028, 32.796688110790555 ], [ 34.984030625314986, 32.796725846539118 ], [ 34.983938307804834, 32.796944446411139 ], [ 34.983798757491449, 32.796995964141466 ], [ 34.983607040184822, 32.797072811174296 ], [ 34.983339680128012, 32.797171521204241 ], [ 34.983125934468134, 32.797262486085728 ], [ 34.983115236620741, 32.797265260627221 ], [ 34.982764466974849, 32.797338488964861 ], [ 34.982549424386157, 32.797395010417553 ], [ 34.982429988324562, 32.797426358021639 ], [ 34.982092126849366, 32.797503928259523 ], [ 34.982069465710723, 32.797509132274755 ], [ 34.981810398624731, 32.797576298118798 ], [ 34.981661179686533, 32.797610380983627 ], [ 34.981639591027324, 32.797615750936366 ], [ 34.981615877782389, 32.797621567050442 ], [ 34.981602529865519, 32.797622701077948 ], [ 34.98165355067048, 32.797758060126206 ], [ 34.981694465500617, 32.79787291472875 ], [ 34.981740160140156, 32.79800104441447 ], [ 34.981826695003285, 32.798236452482861 ], [ 34.981829560627425, 32.798244106632012 ], [ 34.981900897397956, 32.798449922040064 ], [ 34.981915105964298, 32.798486927488682 ], [ 34.981977157135653, 32.79864850916276 ], [ 34.982043234324934, 32.798825185066057 ], [ 34.982049701560314, 32.798842509040405 ], [ 34.982058396652697, 32.798867234453141 ], [ 34.981670740999839, 32.799338663535238 ], [ 34.98153827780979, 32.799401769046298 ], [ 34.981411452875037, 32.799462191101242 ], [ 34.97951864668358, 32.800363888875502 ], [ 34.978643439418036, 32.800780806529112 ], [ 34.977519697961554, 32.801316100147176 ], [ 34.977503652925371, 32.801312885399703 ], [ 34.977193158228872, 32.801250506960557 ], [ 34.976766217008866, 32.801164886025752 ], [ 34.975464514629905, 32.801213141286368 ], [ 34.975046278523131, 32.80122864431587 ], [ 34.973395744848816, 32.801289819081397 ], [ 34.972929321919786, 32.801607254073602 ], [ 34.972642118280056, 32.80177443932201 ], [ 34.972589099342315, 32.801797960098689 ], [ 34.972572526216311, 32.801805322388169 ] ] ] } },
{ "type": "Feature", "properties": { "OBJECTID_12": 25, "OBJECTID": 697, "Shape_Leng": 3684.9885016600001, "Shape_Area": 626509.10519887204, "OBJECTID_1": 37, "SEMEL_YISH": 4000, "SHEM_YISHU": "חיפה", "SHEM_YIS_1": "HAIFA", "ROVA": 5, "TAT_ROVA": 51, "SchName": "שמבור", "Shape_Length": 3684.9885016551016, "בזב": null, "מצביעים": null, "כשרים": null, "אמת": null, "אצ": null, "ב": null, "ג": null, "ד": null, "ום": null, "ז": null, "זך": null, "זנ": null, "זץ": null, "ט": null, "י": null, "יז": null, "ינ": null, "יץ": null, "יק": null, "כן": null, "ך": null, "ל": null, "מחל": null, "מרצ": null, "נז": null, "ני": null, "נף": null, "נץ": null, "נק": null, "נר": null, "עם": null, "פה": null, "ף": null, "צ": null, "ץ": null, "ק": null, "קי": null, "קך": null, "קנ": null, "קץ": null, "רז": null, "שס": null, "ת": null, "n_stations": null, "turnout_pct": null, "אמת_pct": null, "אצ_pct": null, "ב_pct": null, "ג_pct": null, "ד_pct": null, "ום_pct": null, "ז_pct": null, "זך_pct": null, "זנ_pct": null, "זץ_pct": null, "ט_pct": null, "י_pct": null, "יז_pct": null, "ינ_pct": null, "יץ_pct": null, "יק_pct": null, "כן_pct": null, "ך_pct": null, "ל_pct": null, "מחל_pct": null, "מרצ_pct": null, "נז_pct": null, "ני_pct": null, "נף_pct": null, "נץ_pct": null, "נק_pct": null, "נר_pct": null, "עם_pct": null, "פה_pct": null, "ף_pct": null, "צ_pct": null, "ץ_pct": null, "ק_pct": null, "קי_pct": null, "קך_pct": null, "קנ_pct": null, "קץ_pct": null, "רז_pct": null, "שס_pct": null, "ת_pct": null }, "geometry": { "type": "Polygon", "coordinates": [ [ [ 34.987951293683111, 32.795848860987206 ], [ 34.987734083429046, 32.795876259341014 ], [ 34.987355945959919, 32.795965231950774 ], [ 34.987183793831363, 32.79600449525811 ], [ 34.986995435075073, 32.796047467712491 ], [ 34.986700926706604, 32.79611459029563 ], [ 34.986612254234984, 32.796132372599921 ], [ 34.986388932260049, 32.796177166069043 ], [ 34.986096705132702, 32.796241389551533 ], [ 34.985796085987033, 32.796274770631221 ], [ 34.985412107758648, 32.796299977486719 ], [ 34.984995675598249, 32.796329096465641 ], [ 34.984908740011207, 32.796335827655454 ], [ 34.984704376798042, 32.796351666429651 ], [ 34.984467896801881, 32.79636026919642 ], [ 34.984459063268297, 32.796390737208192 ], [ 34.984406187443582, 32.79653211631144 ], [ 34.984393256556103, 32.796539128602404 ], [ 34.984295122664797, 32.796592249813784 ], [ 34.984248112653702, 32.79660505958654 ], [ 34.984196015591387, 32.79660442066826 ], [ 34.984149861960077, 32.796575581824627 ], [ 34.984114097405694, 32.796534936440672 ], [ 34.984102120834741, 32.79658398097974 ], [ 34.984070696911488, 32.796639094862719 ], [ 34.984061466731127, 32.796619514598568 ], [ 34.984041496022506, 32.796577640922422 ], [ 34.984001604412917, 32.796519598200184 ], [ 34.983913642469126, 32.796473179323577 ], [ 34.983826584667739, 32.796445435130842 ], [ 34.983674245511935, 32.79640396298538 ], [ 34.983407550889346, 32.796365706332935 ], [ 34.983207134491899, 32.796332717559743 ], [ 34.983068405895658, 32.796306587572367 ], [ 34.982949884841638, 32.796274819714377 ], [ 34.983049872049619, 32.796249033136085 ], [ 34.983086623400496, 32.796240168623612 ], [ 34.983189057978578, 32.796215461076358 ], [ 34.983311673443794, 32.796149221941491 ], [ 34.983353369039321, 32.79608500395026 ], [ 34.983389893390829, 32.796034941509532 ], [ 34.983400299483272, 32.795973100145751 ], [ 34.983411565583403, 32.795905399295258 ], [ 34.983413408086754, 32.795809643679391 ], [ 34.983145122053891, 32.795722428958598 ], [ 34.982988438522199, 32.795708442718272 ], [ 34.982911510457868, 32.795701583671928 ], [ 34.982845533375666, 32.795695709664578 ], [ 34.982786279555491, 32.795690423701267 ], [ 34.981776551332096, 32.795559658375794 ], [ 34.981247961539793, 32.795491202505715 ], [ 34.980702260674121, 32.795046958634941 ], [ 34.980558332014361, 32.794929841188093 ], [ 34.978587361088906, 32.793325265256414 ], [ 34.977211538830211, 32.792597356991948 ], [ 34.975881998247395, 32.792351309784529 ], [ 34.975975113486498, 32.792301699875068 ], [ 34.979291197897624, 32.790532539430423 ], [ 34.981166718130844, 32.78955188259684 ], [ 34.982521970084981, 32.789102085021121 ], [ 34.98268877920291, 32.789046713441287 ], [ 34.983132876016697, 32.788899294571671 ], [ 34.983182719463642, 32.788861506967947 ], [ 34.983361755540209, 32.788726028869455 ], [ 34.984184185196987, 32.788669592401341 ], [ 34.985097770965197, 32.788748385701929 ], [ 34.985371020857869, 32.788887538023722 ], [ 34.985439906198685, 32.788922645084831 ], [ 34.985572912272467, 32.789086791931481 ], [ 34.985576126427205, 32.789090757785885 ], [ 34.985608915048694, 32.789131227176426 ], [ 34.985690437665035, 32.789231820041451 ], [ 34.986171950649513, 32.789597671846522 ], [ 34.986461965059661, 32.789608452509704 ], [ 34.986544589250009, 32.789611571838066 ], [ 34.986668089033223, 32.789616210295101 ], [ 34.98665787966933, 32.789773800491794 ], [ 34.986655778702811, 32.789806261419059 ], [ 34.986655583101886, 32.789840972679229 ], [ 34.986686861945955, 32.789841571675431 ], [ 34.986752006479655, 32.789873783385445 ], [ 34.986763871882275, 32.78991105026418 ], [ 34.986768214931764, 32.789924036789394 ], [ 34.986766166057755, 32.789935123159843 ], [ 34.98675469476651, 32.789995514899502 ], [ 34.986752228823839, 32.790001643033058 ], [ 34.986730211277255, 32.790056434959403 ], [ 34.986811898746829, 32.790178748269497 ], [ 34.986923671577877, 32.790394808750357 ], [ 34.987092364614107, 32.79069104459645 ], [ 34.987239438751764, 32.791016451280989 ], [ 34.98739466938413, 32.791314816597691 ], [ 34.98745727415934, 32.791431599679733 ], [ 34.987475306627424, 32.791478337732812 ], [ 34.98781530006616, 32.791569101786784 ], [ 34.988068049052657, 32.791633282916401 ], [ 34.98828362911371, 32.791672224124724 ], [ 34.988285302292539, 32.791672520963871 ], [ 34.988546094009806, 32.79171976767821 ], [ 34.988809893071902, 32.791761339259338 ], [ 34.989127884410053, 32.791813736298728 ], [ 34.989386132021373, 32.791854754305611 ], [ 34.989587196722667, 32.791884404353254 ], [ 34.989602198061561, 32.791887394849482 ], [ 34.98976089704388, 32.791919061178078 ], [ 34.989815403696802, 32.791937188445054 ], [ 34.989859116309759, 32.791962055391657 ], [ 34.98989376884596, 32.791989544259742 ], [ 34.989896824724134, 32.791991971442023 ], [ 34.989940596822308, 32.792040556606544 ], [ 34.989967880571569, 32.792104803894816 ], [ 34.989967727136218, 32.79220966607005 ], [ 34.989936905122256, 32.792437804847523 ], [ 34.989935452002797, 32.792448558659771 ], [ 34.989922111479075, 32.792536816106285 ], [ 34.989899320823014, 32.792686514080124 ], [ 34.989897808769143, 32.792696466185156 ], [ 34.989890328098291, 32.792747753412939 ], [ 34.989881748198684, 32.792806896112843 ], [ 34.989854431332986, 32.79284796653797 ], [ 34.989812677167009, 32.79289514283456 ], [ 34.989787749791695, 32.792919169924531 ], [ 34.989596685477949, 32.792951759598466 ], [ 34.989322826702711, 32.792963643712966 ], [ 34.989186389565276, 32.792967091856909 ], [ 34.988485710595668, 32.792984745706811 ], [ 34.988161303503581, 32.793019797502879 ], [ 34.987969607867186, 32.793096294260202 ], [ 34.987781534107036, 32.793214626535665 ], [ 34.987708297524215, 32.793301867607831 ], [ 34.987304357800909, 32.793513707081694 ], [ 34.987289604573462, 32.793521439675871 ], [ 34.987290406145164, 32.793586090662032 ], [ 34.987290508929128, 32.793593876058978 ], [ 34.987291476280745, 32.793672020268069 ], [ 34.987348509061185, 32.79388230649603 ], [ 34.98743022191713, 32.794040783588216 ], [ 34.987558306565163, 32.794263637947495 ], [ 34.987778819745593, 32.794554809243564 ], [ 34.987922813837272, 32.794781656378063 ], [ 34.988038927749436, 32.794972832896207 ], [ 34.988050749772007, 32.795121092544953 ], [ 34.988040068731806, 32.795295196411573 ], [ 34.988017680395387, 32.795413823226511 ], [ 34.988001897518764, 32.795497469452137 ], [ 34.987966785097747, 32.795713264136282 ], [ 34.987957452149885, 32.795774568532345 ], [ 34.987956265400946, 32.795782773689787 ], [ 34.987949532750086, 32.795827027959795 ], [ 34.987951293683111, 32.795848860987206 ] ] ] } },
{ "type": "Feature", "properties": { "OBJECTID_12": 26, "OBJECTID": 698, "Shape_Leng": 2810.39492784, "Shape_Area": 397225.63206471282, "OBJECTID_1": 38, "SEMEL_YISH": 4000, "SHEM_YISHU": "חיפה", "SHEM_YIS_1": "HAIFA", "ROVA": 5, "TAT_ROVA": 51, "SchName": "נעמ\"ת", "Shape_Length": 2810.3949278438231, "בזב": null, "מצביעים": null, "כשרים": null, "אמת": null, "אצ": null, "ב": null, "ג": null, "ד": null, "ום": null, "ז": null, "זך": null, "זנ": null, "זץ": null, "ט": null, "י": null, "יז": null, "ינ": null, "יץ": null, "יק": null, "כן": null, "ך": null, "ל": null, "מחל": null, "מרצ": null, "נז": null, "ני": null, "נף": null, "נץ": null, "נק": null, "נר": null, "עם": null, "פה": null, "ף": null, "צ": null, "ץ": null, "ק": null, "קי": null, "קך": null, "קנ": null, "קץ": null, "רז": null, "שס": null, "ת": null, "n_stations": null, "turnout_pct": null, "אמת_pct": null, "אצ_pct": null, "ב_pct": null, "ג_pct": null, "ד_pct": null, "ום_pct": null, "ז_pct": null, "זך_pct": null, "זנ_pct": null, "זץ_pct": null, "ט_pct": null, "י_pct": null, "יז_pct": null, "ינ_pct": null, "יץ_pct": null, "יק_pct": null, "כן_pct": null, "ך_pct": null, "ל_pct": null, "מחל_pct": null, "מרצ_pct": null, "נז_pct": null, "ני_pct": null, "נף_pct": null, "נץ_pct": null, "נק_pct": null, "נר_pct": null, "עם_pct": null, "פה_pct": null, "ף_pct": null, "צ_pct": null, "ץ_pct": null, "ק_pct": null, "קי_pct": null, "קך_pct": null, "קנ_pct": null, "קץ_pct": null, "רז_pct": null, "שס_pct": null, "ת_pct": null }, "geometry": { "type": "Polygon", "coordinates": [ [ [ 34.993222649611241, 32.798813069229681 ], [ 34.992822542803061, 32.798951724333783 ], [ 34.991977945041661, 32.79924440771515 ], [ 34.991953702669363, 32.799252840698067 ], [ 34.991982784301491, 32.799684974730376 ], [ 34.991987312933382, 32.799752432609658 ], [ 34.991980053059187, 32.799752420295526 ], [ 34.991805175502456, 32.799752123542646 ], [ 34.991539552286959, 32.799750512758237 ], [ 34.991295077621409, 32.799746748091444 ], [ 34.991014303893039, 32.799738335094176 ], [ 34.990805220738814, 32.799732129377979 ], [ 34.990730762941816, 32.799729911336001 ], [ 34.990516594854249, 32.799726760412632 ], [ 34.990335782866687, 32.799710671856182 ], [ 34.990224473221424, 32.799690370193481 ], [ 34.99022407274397, 32.799680176778168 ], [ 34.990223676245954, 32.799671885940533 ], [ 34.990211653608704, 32.79965364488082 ], [ 34.990182420356696, 32.799642694319694 ], [ 34.99017087716885, 32.799643566347484 ], [ 34.990154004547577, 32.79964480706581 ], [ 34.990134675970339, 32.799653337369357 ], [ 34.990123001026461, 32.799667298133521 ], [ 34.990002435075489, 32.799636338662069 ], [ 34.989822248924639, 32.799578502079804 ], [ 34.98960465829213, 32.799491929074584 ], [ 34.98940705861947, 32.799396376695299 ], [ 34.989174402121748, 32.799273614703544 ], [ 34.988910789357512, 32.799144671114199 ], [ 34.988657445252706, 32.799012402085943 ], [ 34.988435008880472, 32.798899405422631 ], [ 34.988259975035724, 32.798791435065823 ], [ 34.988069365918541, 32.798672079841459 ], [ 34.987932507356895, 32.798580592980286 ], [ 34.987800748884212, 32.798499756564418 ], [ 34.987666862106543, 32.798414402453673 ], [ 34.987648843757071, 32.798404357072727 ], [ 34.987527081724501, 32.798335900774681 ], [ 34.987283405281886, 32.798225015814047 ], [ 34.987123836920595, 32.798144921251968 ], [ 34.987004029457076, 32.798084767013336 ], [ 34.986851581870084, 32.797994875853426 ], [ 34.986658514866726, 32.79787840593368 ], [ 34.986488723241841, 32.79776765327324 ], [ 34.986354646412259, 32.79767670873435 ], [ 34.986329680420525, 32.797658769371992 ], [ 34.986273644270618, 32.797619673581814 ], [ 34.986234165875068, 32.797564323847602 ], [ 34.986221314355213, 32.79749162413642 ], [ 34.9862228389986, 32.797481527835743 ], [ 34.986228383315208, 32.797440336455566 ], [ 34.986235906459221, 32.79742077381534 ], [ 34.986247186121673, 32.797391310821773 ], [ 34.986272163314581, 32.797346908998342 ], [ 34.986318866969846, 32.797285577855249 ], [ 34.986398443529573, 32.797225386853647 ], [ 34.98648066713222, 32.797177656388612 ], [ 34.986691516016386, 32.797086682538939 ], [ 34.98702044417383, 32.796943511473934 ], [ 34.98703714841983, 32.796936248478488 ], [ 34.987208659621665, 32.796868919086819 ], [ 34.987341456596504, 32.796785200826605 ], [ 34.987496195384274, 32.796636064749542 ], [ 34.987685073724052, 32.796404838838164 ], [ 34.987796346308819, 32.796262364604296 ], [ 34.987823227296126, 32.796227527303884 ], [ 34.987892526471313, 32.796138650045222 ], [ 34.987925413400035, 32.796046193211509 ], [ 34.987933832455852, 32.796009599936454 ], [ 34.987946988300266, 32.795951011738801 ], [ 34.987947226090924, 32.79594451815796 ], [ 34.987951293683111, 32.795848860987206 ], [ 34.987949532750086, 32.795827027959795 ], [ 34.987956265400946, 32.795782773689787 ], [ 34.987957452149885, 32.795774568532345 ], [ 34.987966785097747, 32.795713264136282 ], [ 34.988001897518764, 32.795497469452137 ], [ 34.988017680395387, 32.795413823226511 ], [ 34.988040068731806, 32.795295196411573 ], [ 34.988050749772007, 32.795121092544953 ], [ 34.988038927749436, 32.794972832896207 ], [ 34.987922813837272, 32.794781656378063 ], [ 34.987778819745593, 32.794554809243564 ], [ 34.987558306565163, 32.794263637947495 ], [ 34.98743022191713, 32.794040783588216 ], [ 34.987348509061185, 32.79388230649603 ], [ 34.987291476280745, 32.793672020268069 ], [ 34.987290508929128, 32.793593876058978 ], [ 34.987290406145164, 32.793586090662032 ], [ 34.987305254338494, 32.793586290427257 ], [ 34.987503487139172, 32.793588531947179 ], [ 34.987549928937668, 32.793589064114606 ], [ 34.987851290273021, 32.793592554812534 ], [ 34.988074754510031, 32.79363903644424 ], [ 34.988778104838126, 32.793785312819267 ], [ 34.989537722062948, 32.793943244200236 ], [ 34.990048700673029, 32.793928084063097 ], [ 34.990537777561215, 32.793913578747492 ], [ 34.990676786191017, 32.793909487911193 ], [ 34.99067944794016, 32.793958003547296 ], [ 34.990680171635105, 32.793971440010807 ], [ 34.990688473530618, 32.794028351919032 ], [ 34.990704594689738, 32.794067239697767 ], [ 34.99073183107722, 32.794106242918872 ], [ 34.990759073102801, 32.794142898134474 ], [ 34.990808087858106, 32.794180127886811 ], [ 34.990870686858749, 32.794211793889936 ], [ 34.990949491502839, 32.794243488383749 ], [ 34.991041021280594, 32.79424938993337 ], [ 34.99109359732779, 32.79425275624223 ], [ 34.991313518974223, 32.794249783523668 ], [ 34.991434275279325, 32.794243714036746 ], [ 34.991452112203845, 32.794242812015156 ], [ 34.991726512712006, 32.794229123494738 ], [ 34.992242840136242, 32.794206287378024 ], [ 34.992479651775383, 32.79419199160909 ], [ 34.992653559789275, 32.794196788810765 ], [ 34.9927860438371, 32.794195388781077 ], [ 34.992789590713883, 32.794183491521864 ], [ 34.992813739616821, 32.794127809484309 ], [ 34.992843514331483, 32.794088904831874 ], [ 34.992903470880769, 32.794063669416481 ], [ 34.992976828089262, 32.794057570687848 ], [ 34.993058360057091, 32.794070698990573 ], [ 34.993101840847743, 32.794100068368166 ], [ 34.993131610404191, 32.794150875802686 ], [ 34.993140008888226, 32.794210046455071 ], [ 34.993137626764444, 32.794226010521982 ], [ 34.99313523909575, 32.794241610295437 ], [ 34.993129162255705, 32.794283251057259 ], [ 34.993093882897696, 32.794350278415394 ], [ 34.993067574747236, 32.794371518493818 ], [ 34.993047783859083, 32.794387441459961 ], [ 34.993036886165527, 32.794389677302057 ], [ 34.993048377897743, 32.794406648527335 ], [ 34.993067509592521, 32.794435171611042 ], [ 34.993105288517995, 32.794491240418324 ], [ 34.993476511908852, 32.795042289408244 ], [ 34.993613921011622, 32.795246262812647 ], [ 34.994444628002839, 32.795777683281273 ], [ 34.995195678882389, 32.796028330372977 ], [ 34.995250565552865, 32.796046651573533 ], [ 34.99589456504463, 32.796261602472896 ], [ 34.995971043171238, 32.796287160223045 ], [ 34.995980747116, 32.796287358514491 ], [ 34.996435625612818, 32.797724148086274 ], [ 34.996455550089443, 32.797787114819059 ], [ 34.99599285255541, 32.797879491451283 ], [ 34.995489769914691, 32.797979917849958 ], [ 34.995394135923526, 32.798060457075408 ], [ 34.99520470075683, 32.798126149195916 ], [ 34.993321479214053, 32.798778787581732 ], [ 34.993222649611241, 32.798813069229681 ] ] ] } },
{ "type": "Feature", "properties": { "OBJECTID_12": 27, "OBJECTID": 699, "Shape_Leng": 2308.0344092800001, "Shape_Area": 339251.08999036276, "OBJECTID_1": 39, "SEMEL_YISH": 4000, "SHEM_YISHU": "חיפה", "SHEM_YIS_1": "HAIFA", "ROVA": 5, "TAT_ROVA": 51, "SchName": "ורדיה", "Shape_Length": 2308.0344092828054, "בזב": 2507.0, "מצביעים": 1842.0, "כשרים": 1839.0, "אמת": 92.0, "אצ": 11.0, "ב": 9.0, "ג": 3.0, "ד": 4.0, "ום": 7.0, "ז": 0.0, "זך": 0.0, "זנ": 0.0, "זץ": 0.0, "ט": 80.0, "י": 0.0, "יז": 5.0, "ינ": 0.0, "יץ": 0.0, "יק": 0.0, "כן": 319.0, "ך": 0.0, "ל": 48.0, "מחל": 426.0, "מרצ": 73.0, "נז": 0.0, "ני": 0.0, "נף": 0.0, "נץ": 0.0, "נק": 0.0, "נר": 0.0, "עם": 2.0, "פה": 731.0, "ף": 2.0, "צ": 3.0, "ץ": 0.0, "ק": 0.0, "קי": 0.0, "קך": 0.0, "קנ": 1.0, "קץ": 4.0, "רז": 0.0, "שס": 19.0, "ת": 0.0, "n_stations": 4.0, "turnout_pct": 73.474272038292781, "אמת_pct": 5.0027188689505167, "אצ_pct": 0.59815116911364874, "ב_pct": 0.48939641109298526, "ג_pct": 0.16313213703099511, "ד_pct": 0.21750951604132679, "ום_pct": 0.38064165307232195, "ז_pct": 0.0, "זך_pct": 0.0, "זנ_pct": 0.0, "זץ_pct": 0.0, "ט_pct": 4.3501903208265364, "י_pct": 0.0, "יז_pct": 0.27188689505165853, "ינ_pct": 0.0, "יץ_pct": 0.0, "יק_pct": 0.0, "כן_pct": 17.346383904295813, "ך_pct": 0.0, "ל_pct": 2.6101141924959217, "מחל_pct": 23.164763458401303, "מרצ_pct": 3.9695486677542142, "נז_pct": 0.0, "ני_pct": 0.0, "נף_pct": 0.0, "נץ_pct": 0.0, "נק_pct": 0.0, "נר_pct": 0.0, "עם_pct": 0.10875475802066339, "פה_pct": 39.749864056552475, "ף_pct": 0.10875475802066339, "צ_pct": 0.16313213703099511, "ץ_pct": 0.0, "ק_pct": 0.0, "קי_pct": 0.0, "קך_pct": 0.0, "קנ_pct": 0.054377379010331697, "קץ_pct": 0.21750951604132679, "רז_pct": 0.0, "שס_pct": 1.0331702011963024, "ת_pct": 0.0 }, "geometry": { "type": "Polygon", "coordinates": [ [ [ 35.00222162287244, 32.794432518507698 ], [ 35.001436990380554, 32.794554155631879 ], [ 35.001305959774236, 32.794574413461547 ], [ 35.001295290668537, 32.794571507134343 ], [ 35.001297519242925, 32.794579717059676 ], [ 35.001253920238412, 32.794595883140452 ], [ 35.001130991974115, 32.794618674161633 ], [ 35.000966536566814, 32.794641756488936 ], [ 35.00072624634813, 32.794676895370202 ], [ 35.000405527758716, 32.794733270239497 ], [ 35.000244154667079, 32.79476168474315 ], [ 35.000192673017089, 32.79477151763524 ], [ 34.999874488674081, 32.794837002376561 ], [ 34.999617088452268, 32.794889419186127 ], [ 34.999605861412775, 32.794897520576072 ], [ 34.999584055542961, 32.794913171675041 ], [ 34.999570010926, 32.794923240457095 ], [ 34.999364720887918, 32.795070518036738 ], [ 34.99894693430619, 32.795370371322399 ], [ 34.998655002628595, 32.795670601334486 ], [ 34.998331717498878, 32.79600307229812 ], [ 34.997649057826393, 32.796255409496382 ], [ 34.997157830890536, 32.79631221306434 ], [ 34.997048449192924, 32.796310129441203 ], [ 34.99691400155028, 32.796307569581472 ], [ 34.996503103399995, 32.796299857659321 ], [ 34.996012904365287, 32.796288135183708 ], [ 34.995980747116, 32.796287358514491 ], [ 34.995971043171238, 32.796287160223045 ], [ 34.99589456504463, 32.796261602472896 ], [ 34.995250565552865, 32.796046651573533 ], [ 34.995195678882389, 32.796028330372977 ], [ 34.994444628002839, 32.795777683281273 ], [ 34.993613921011622, 32.795246262812647 ], [ 34.993476511908852, 32.795042289408244 ], [ 34.993105288517995, 32.794491240418324 ], [ 34.993067509592521, 32.794435171611042 ], [ 34.993048377897743, 32.794406648527335 ], [ 34.993036886165527, 32.794389677302057 ], [ 34.993047783859083, 32.794387441459961 ], [ 34.993067574747236, 32.794371518493818 ], [ 34.993093882897696, 32.794350278415394 ], [ 34.993129162255705, 32.794283251057259 ], [ 34.99313523909575, 32.794241610295437 ], [ 34.993137626764444, 32.794226010521982 ], [ 34.993140008888226, 32.794210046455071 ], [ 34.993131610404191, 32.794150875802686 ], [ 34.993101840847743, 32.794100068368166 ], [ 34.993058360057091, 32.794070698990573 ], [ 34.992976828089262, 32.794057570687848 ], [ 34.992976768687953, 32.794036204966382 ], [ 34.992976546346178, 32.79399030930675 ], [ 34.992990155056134, 32.793927395893611 ], [ 34.993011736642508, 32.793830045842476 ], [ 34.993093108332722, 32.793636857411919 ], [ 34.993217841958838, 32.793442664521173 ], [ 34.993358751288696, 32.79326085105388 ], [ 34.993469502339238, 32.793155629669791 ], [ 34.993540649726377, 32.793088122468774 ], [ 34.993725231823596, 32.792948669712544 ], [ 34.993967152935141, 32.792810400474394 ], [ 34.994186677298991, 32.792699769754229 ], [ 34.99434355730066, 32.792626435842713 ], [ 34.994455788013852, 32.792573980450591 ], [ 34.994516919655943, 32.792544600236226 ], [ 34.994729713088759, 32.79244206981322 ], [ 34.994770647303021, 32.792422398458889 ], [ 34.995072134255274, 32.792281419778952 ], [ 34.995449730279248, 32.79209495429361 ], [ 34.995718625088358, 32.791966366645433 ], [ 34.99602246342041, 32.791821973962684 ], [ 34.996375684153598, 32.791649518904002 ], [ 34.9965952248061, 32.791536722595168 ], [ 34.99685855787078, 32.791408037591502 ], [ 34.997027975025546, 32.791328161243946 ], [ 34.99722543668004, 32.791235068044109 ], [ 34.997262409115599, 32.791220521756507 ], [ 34.997488732021026, 32.791125587719904 ], [ 34.997619182817743, 32.79108188976916 ], [ 34.997817478068541, 32.791060854061421 ], [ 34.99805149531543, 32.791032233238688 ], [ 34.99814049682761, 32.791021351221204 ], [ 34.998224735692432, 32.79101526101671 ], [ 34.998480341565305, 32.790997650344679 ], [ 34.998795463242317, 32.790997610788679 ], [ 34.999107943262125, 32.791038720317616 ], [ 34.999406779926801, 32.791119188215468 ], [ 34.999697709593164, 32.791203065307521 ], [ 34.999985891117205, 32.791313452446687 ], [ 35.000246989033492, 32.791418667748459 ], [ 35.000486013104677, 32.791512645729298 ], [ 35.000520455318785, 32.791527935014173 ], [ 35.000711570497927, 32.79161327569107 ], [ 35.00095896989864, 32.791728108138805 ], [ 35.001192874000459, 32.791865991643824 ], [ 35.00123843158206, 32.791878510727607 ], [ 35.001252198658264, 32.791882226395828 ], [ 35.001290821118381, 32.791892574655229 ], [ 35.001355920776511, 32.791900069588721 ], [ 35.001380700867571, 32.791938435349394 ], [ 35.001387748021031, 32.791984340278439 ], [ 35.001387308766056, 32.791990196968939 ], [ 35.001391712011433, 32.792024656020146 ], [ 35.001329534310557, 32.792140146947389 ], [ 35.001261959903104, 32.792281514009169 ], [ 35.001253589256415, 32.792298903120596 ], [ 35.001242662232819, 32.792413311226021 ], [ 35.001252580521594, 32.792555706545841 ], [ 35.001253816271898, 32.792575634176437 ], [ 35.001303050161248, 32.792711511790081 ], [ 35.001390068260996, 32.79284916204648 ], [ 35.001512535554667, 32.792972802348437 ], [ 35.001667608922446, 32.793135268136261 ], [ 35.001814456421108, 32.79329672405251 ], [ 35.001942573864582, 32.793482332036653 ], [ 35.002023789780779, 32.793635826937411 ], [ 35.002096166269894, 32.793776249179338 ], [ 35.002173504584803, 32.793949409058264 ], [ 35.002184431895351, 32.794120754770532 ], [ 35.002189694232264, 32.794290905604157 ], [ 35.002207662650555, 32.794370549633946 ], [ 35.00222162287244, 32.794432518507698 ] ] ] } },
{ "type": "Feature", "properties": { "OBJECTID_12": 28, "OBJECTID": 700, "Shape_Leng": 2376.7615539899998, "Shape_Area": 181854.16801450233, "OBJECTID_1": 40, "SEMEL_YISH": 4000, "SHEM_YISHU": "חיפה", "SHEM_YIS_1": "HAIFA", "ROVA": 5, "TAT_ROVA": 52, "SchName": "רמת הדר", "Shape_Length": 2376.7615539855765, "בזב": null, "מצביעים": null, "כשרים": null, "אמת": null, "אצ": null, "ב": null, "ג": null, "ד": null, "ום": null, "ז": null, "זך": null, "זנ": null, "זץ": null, "ט": null, "י": null, "יז": null, "ינ": null, "יץ": null, "יק": null, "כן": null, "ך": null, "ל": null, "מחל": null, "מרצ": null, "נז": null, "ני": null, "נף": null, "נץ": null, "נק": null, "נר": null, "עם": null, "פה": null, "ף": null, "צ": null, "ץ": null, "ק": null, "קי": null, "קך": null, "קנ": null, "קץ": null, "רז": null, "שס": null, "ת": null, "n_stations": null, "turnout_pct": null, "אמת_pct": null, "אצ_pct": null, "ב_pct": null, "ג_pct": null, "ד_pct": null, "ום_pct": null, "ז_pct": null, "זך_pct": null, "זנ_pct": null, "זץ_pct": null, "ט_pct": null, "י_pct": null, "יז_pct": null, "ינ_pct": null, "יץ_pct": null, "יק_pct": null, "כן_pct": null, "ך_pct": null, "ל_pct": null, "מחל_pct": null, "מרצ_pct": null, "נז_pct": null, "ני_pct": null, "נף_pct": null, "נץ_pct": null, "נק_pct": null, "נר_pct": null, "עם_pct": null, "פה_pct": null, "ף_pct": null, "צ_pct": null, "ץ_pct": null, "ק_pct": null, "קי_pct": null, "קך_pct": null, "קנ_pct": null, "קץ_pct": null, "רז_pct": null, "שס_pct": null, "ת_pct": null }, "geometry": { "type": "Polygon", "coordinates": [ [ [ 34.994794459614511, 32.802110931055971 ], [ 34.994576641633117, 32.802159176502514 ], [ 34.994351090028523, 32.802185308124209 ], [ 34.994139041777622, 32.802193429072595 ], [ 34.993814915107585, 32.802187742079923 ], [ 34.99364161960191, 32.802152030272204 ], [ 34.993522045703216, 32.802100507361871 ], [ 34.993597403767531, 32.802059616266497 ], [ 34.99371778481418, 32.801994355105563 ], [ 34.994122269000862, 32.801742555749335 ], [ 34.99445923805883, 32.801531084600597 ], [ 34.994555741471167, 32.801470520985561 ], [ 34.994719769928516, 32.801361572860372 ], [ 34.995045817455072, 32.801145017020851 ], [ 34.995360596648297, 32.800944374414897 ], [ 34.995445453579997, 32.800889008757501 ], [ 34.995583755035206, 32.800798758230343 ], [ 34.995844790065362, 32.800617686164244 ], [ 34.995893375553443, 32.80058510777085 ], [ 34.99617499346617, 32.800396240782483 ], [ 34.996293138788928, 32.800274713204693 ], [ 34.99632975478572, 32.800207232776458 ], [ 34.996337422408388, 32.800193090748188 ], [ 34.996342793911587, 32.800182914154746 ], [ 34.996337741227812, 32.800149719871747 ], [ 34.996327330653848, 32.800081443555207 ], [ 34.996269501500826, 32.799970354526849 ], [ 34.996227984989567, 32.799920146911084 ], [ 34.99602235907053, 32.799737744201416 ], [ 34.996000656796092, 32.799752145988386 ], [ 34.995952031013772, 32.799727170232146 ], [ 34.995937923151772, 32.799719920585162 ], [ 34.995758801330844, 32.799627942703985 ], [ 34.995655366802126, 32.799619828227399 ], [ 34.995458747419264, 32.799604359113999 ], [ 34.993858880574713, 32.799038213777287 ], [ 34.993222649611241, 32.798813069229681 ], [ 34.993321479214053, 32.798778787581732 ], [ 34.99520470075683, 32.798126149195916 ], [ 34.995394135923526, 32.798060457075408 ], [ 34.995489769914691, 32.797979917849958 ], [ 34.99599285255541, 32.797879491451283 ], [ 34.996455550089443, 32.797787114819059 ], [ 34.997034471174238, 32.797671577832517 ], [ 34.997318401682172, 32.797614875810815 ], [ 34.99766175883498, 32.797546292269814 ], [ 34.99813450258479, 32.797451945887694 ], [ 34.998295896345283, 32.797419744346399 ], [ 34.99886689507273, 32.79730571780923 ], [ 34.998875964831939, 32.79731015639927 ], [ 34.998985287803244, 32.797308618035579 ], [ 34.999088818407039, 32.79727389950331 ], [ 34.999108594887581, 32.797265452402932 ], [ 34.999250780422756, 32.797317528231822 ], [ 34.999445464961674, 32.797381507414578 ], [ 34.999645430746988, 32.797475972149535 ], [ 34.99989033396966, 32.797620643178661 ], [ 35.0000752885136, 32.797738709770151 ], [ 35.000213302830062, 32.797828759708523 ], [ 35.000232951733139, 32.797841574141096 ], [ 35.000391811669402, 32.797939488165085 ], [ 35.000484981333123, 32.797996893793453 ], [ 35.00078756118981, 32.798176105234937 ], [ 35.000999066744505, 32.798309993246619 ], [ 35.001083073905782, 32.798363144688764 ], [ 35.001101839145001, 32.798374985525058 ], [ 35.001109410121956, 32.798380861523441 ], [ 35.000467501765669, 32.799014340866322 ], [ 35.000453902709893, 32.799027752138308 ], [ 35.0003802970366, 32.799100401552387 ], [ 35.000338880585169, 32.799141089680425 ], [ 35.000332675126387, 32.799145946004131 ], [ 35.000335213853297, 32.799155331351585 ], [ 35.000275432404592, 32.79934350284347 ], [ 35.000222491301571, 32.799522672133818 ], [ 35.000196269227942, 32.799594129996279 ], [ 35.000155880285483, 32.799704525983344 ], [ 35.000062804912332, 32.799837646115883 ], [ 35.000053061982783, 32.799851516283773 ], [ 34.999931747196101, 32.799954379023056 ], [ 34.999763369528011, 32.800100629933652 ], [ 34.9995947030826, 32.800184932964015 ], [ 34.999397502985765, 32.800250921670617 ], [ 34.999341586195683, 32.800269639427569 ], [ 34.999097389901422, 32.800328389455331 ], [ 34.998764381249131, 32.80037987163459 ], [ 34.998729779508544, 32.800385223162955 ], [ 34.998673517129632, 32.800389795203493 ], [ 34.998430352777405, 32.800409523078827 ], [ 34.998165223671215, 32.800426043058657 ], [ 34.998021475612113, 32.800442127779753 ], [ 34.997928778338888, 32.800451532920505 ], [ 34.997704147723461, 32.800496259607179 ], [ 34.997455774195139, 32.8005623816887 ], [ 34.997233994363356, 32.800668496753808 ], [ 34.997078545076924, 32.800757875836354 ], [ 34.99701750622944, 32.800792586406708 ], [ 34.996919852466192, 32.800866806155838 ], [ 34.99688265513759, 32.800895067579916 ], [ 34.996867871004895, 32.800907659559492 ], [ 34.996802632138547, 32.800963377003278 ], [ 34.996726558539123, 32.80102834674377 ], [ 34.996574819184403, 32.801177415260597 ], [ 34.996457726378566, 32.80127619964469 ], [ 34.996429435699071, 32.801300069150628 ], [ 34.996403461408768, 32.801318150026297 ], [ 34.996302618564066, 32.801387780686618 ], [ 34.996065641119479, 32.801504601247672 ], [ 34.995931110931814, 32.801578445971721 ], [ 34.995763650212695, 32.801670375933845 ], [ 34.995402016632816, 32.801856248262922 ], [ 34.995230887524166, 32.801940391583685 ], [ 34.99505933910158, 32.802024735045059 ], [ 34.994877369838399, 32.802085472568422 ], [ 34.994813901088598, 32.802106651704094 ], [ 34.994794459614511, 32.802110931055971 ] ] ] } },
{ "type": "Feature", "properties": { "OBJECTID_12": 29, "OBJECTID": 701, "Shape_Leng": 3381.21397024, "Shape_Area": 257343.69441945123, "OBJECTID_1": 41, "SEMEL_YISH": 4000, "SHEM_YISHU": "חיפה", "SHEM_YIS_1": "HAIFA", "ROVA": 5, "TAT_ROVA": 52, "SchName": "כרמל מרכזי- שד' קיש", "Shape_Length": 3381.2139702421782, "בזב": 2083.0, "מצביעים": 1214.0, "כשרים": 1212.0, "אמת": 89.0, "אצ": 3.0, "ב": 14.0, "ג": 3.0, "ד": 27.0, "ום": 71.0, "ז": 0.0, "זך": 0.0, "זנ": 0.0, "זץ": 0.0, "ט": 46.0, "י": 1.0, "יז": 0.0, "ינ": 0.0, "יץ": 0.0, "יק": 0.0, "כן": 129.0, "ך": 0.0, "ל": 55.0, "מחל": 190.0, "מרצ": 119.0, "נז": 0.0, "ני": 0.0, "נף": 0.0, "נץ": 0.0, "נק": 0.0, "נר": 0.0, "עם": 13.0, "פה": 428.0, "ף": 0.0, "צ": 0.0, "ץ": 0.0, "ק": 0.0, "קי": 0.0, "קך": 0.0, "קנ": 0.0, "קץ": 6.0, "רז": 0.0, "שס": 17.0, "ת": 1.0, "n_stations": 3.0, "turnout_pct": 58.281325012001915, "אמת_pct": 7.3432343234323429, "אצ_pct": 0.24752475247524752, "ב_pct": 1.1551155115511551, "ג_pct": 0.24752475247524752, "ד_pct": 2.2277227722772275, "ום_pct": 5.8580858085808583, "ז_pct": 0.0, "זך_pct": 0.0, "זנ_pct": 0.0, "זץ_pct": 0.0, "ט_pct": 3.7953795379537953, "י_pct": 0.082508250825082508, "יז_pct": 0.0, "ינ_pct": 0.0, "יץ_pct": 0.0, "יק_pct": 0.0, "כן_pct": 10.643564356435643, "ך_pct": 0.0, "ל_pct": 4.5379537953795381, "מחל_pct": 15.676567656765677, "מרצ_pct": 9.8184818481848186, "נז_pct": 0.0, "ני_pct": 0.0, "נף_pct": 0.0, "נץ_pct": 0.0, "נק_pct": 0.0, "נר_pct": 0.0, "עם_pct": 1.0726072607260726, "פה_pct": 35.313531353135311, "ף_pct": 0.0, "צ_pct": 0.0, "ץ_pct": 0.0, "ק_pct": 0.0, "קי_pct": 0.0, "קך_pct": 0.0, "קנ_pct": 0.0, "קץ_pct": 0.49504950495049505, "רז_pct": 0.0, "שס_pct": 1.4026402640264026, "ת_pct": 0.082508250825082508 }, "geometry": { "type": "Polygon", "coordinates": [ [ [ 34.992224776682285, 32.804373369489973 ], [ 34.992170702240529, 32.804436403489397 ], [ 34.992101988188949, 32.804511750493553 ], [ 34.991980064397261, 32.80464284266229 ], [ 34.99185634988654, 32.804764445872941 ], [ 34.991819204522805, 32.804804059055535 ], [ 34.991787090152123, 32.804838267914 ], [ 34.99165473447168, 32.804951262225309 ], [ 34.99161591097517, 32.804984411874372 ], [ 34.991468722339441, 32.805141325621349 ], [ 34.991430945234242, 32.805179764510555 ], [ 34.991378721516703, 32.805232788921558 ], [ 34.991310321683066, 32.80530209648299 ], [ 34.991306252386856, 32.805306247257967 ], [ 34.99120608339598, 32.805408049956007 ], [ 34.990974179533971, 32.805628476464683 ], [ 34.990732516892741, 32.805871608507125 ], [ 34.990713349196689, 32.805893127126893 ], [ 34.990563581637147, 32.806061852946776 ], [ 34.990323540020057, 32.806283439226171 ], [ 34.990301513495091, 32.80630377979297 ], [ 34.990128050386225, 32.806463351165526 ], [ 34.989935226507662, 32.80664173808983 ], [ 34.989650244324473, 32.806895905329924 ], [ 34.989639473558739, 32.806905516920516 ], [ 34.98941023802459, 32.807126669997338 ], [ 34.989371808576301, 32.807181670295648 ], [ 34.98930758802183, 32.80727355865281 ], [ 34.989194553486037, 32.807394101792461 ], [ 34.988888684043047, 32.807644785995542 ], [ 34.988729234789808, 32.807755404147372 ], [ 34.988615630231237, 32.807834217307324 ], [ 34.988458251650144, 32.80796693281502 ], [ 34.988196609477349, 32.808205975887887 ], [ 34.988005946942323, 32.808411955250818 ], [ 34.987893127038234, 32.80848669165259 ], [ 34.987858294196272, 32.808493758384415 ], [ 34.987840566421994, 32.808497335391039 ], [ 34.987846287073552, 32.808558653060963 ], [ 34.98785128737606, 32.808613214916917 ], [ 34.987574413039688, 32.808922385476208 ], [ 34.986722173564104, 32.809873993143853 ], [ 34.986673242073941, 32.809928542414802 ], [ 34.986516495896041, 32.809840083493079 ], [ 34.986098513510115, 32.809604107928656 ], [ 34.986104324372469, 32.809590064306285 ], [ 34.986111402731176, 32.809572930995444 ], [ 34.986144054251803, 32.809538096987481 ], [ 34.986330321280896, 32.809339504919897 ], [ 34.986367966792479, 32.809268248532689 ], [ 34.986417743864081, 32.809174290643064 ], [ 34.986513444589413, 32.809032164975967 ], [ 34.986559747726602, 32.808963270693468 ], [ 34.986679829241965, 32.808761405196961 ], [ 34.986676087738076, 32.808717671187878 ], [ 34.986669218973063, 32.808641910890579 ], [ 34.986594648221597, 32.808571812684256 ], [ 34.986641061042683, 32.808499849200501 ], [ 34.986695717549487, 32.808415279964365 ], [ 34.986771036334375, 32.808267798664197 ], [ 34.986829551662318, 32.808134900923733 ], [ 34.986861867814582, 32.808063397065375 ], [ 34.986912532477575, 32.807951284950086 ], [ 34.98701465801993, 32.807755978365755 ], [ 34.987110779306548, 32.807570757507555 ], [ 34.987167296540306, 32.807488972996644 ], [ 34.987175386340802, 32.807477266849411 ], [ 34.987208817204255, 32.807428814757834 ], [ 34.98734171148368, 32.807266740783682 ], [ 34.987570331119827, 32.80704117215857 ], [ 34.987861850817197, 32.806722747523047 ], [ 34.988170288153349, 32.806376671281669 ], [ 34.988390856292604, 32.806122324158515 ], [ 34.988518536047977, 32.805952305913323 ], [ 34.988736420252046, 32.805744750416608 ], [ 34.988798503127846, 32.805680123092742 ], [ 34.988849021161315, 32.805627631532907 ], [ 34.989083437325348, 32.805384129990131 ], [ 34.98944967513151, 32.805024087092931 ], [ 34.989763565735714, 32.804706527653536 ], [ 34.989807259435935, 32.804662311446528 ], [ 34.990005712050213, 32.804454715873611 ], [ 34.990020662549114, 32.804439293688048 ], [ 34.99003354621528, 32.80442600497171 ], [ 34.990107194987452, 32.80429934776825 ], [ 34.990143287571648, 32.804209242161917 ], [ 34.990150337528725, 32.804158492587916 ], [ 34.990167404781566, 32.804034625738844 ], [ 34.990197466904604, 32.80383234294856 ], [ 34.990203785565619, 32.803736130621786 ], [ 34.990207770906771, 32.80367393152634 ], [ 34.99021960959783, 32.803635088859657 ], [ 34.990242530738946, 32.803560642909169 ], [ 34.990348127011146, 32.803383467888743 ], [ 34.990514177245856, 32.803145878093368 ], [ 34.990539791857657, 32.80310616804983 ], [ 34.990698929657057, 32.802859365326896 ], [ 34.990830317817739, 32.802657251610796 ], [ 34.990917892125744, 32.802508078043253 ], [ 34.99091405065203, 32.802505849725343 ], [ 34.990898602719476, 32.802496865078957 ], [ 34.990891546632149, 32.802492797238159 ], [ 34.990875654205333, 32.802448230164138 ], [ 34.990871301741294, 32.802393574798593 ], [ 34.990888370828557, 32.802356363121987 ], [ 34.990917974222882, 32.80229951682773 ], [ 34.99092472322544, 32.80224533754545 ], [ 34.990935938800149, 32.80215474202722 ], [ 34.990948110014394, 32.80202121226592 ], [ 34.990947192567205, 32.80190787071696 ], [ 34.990937016408132, 32.801835178794434 ], [ 34.990907372219624, 32.801774264044703 ], [ 34.990898304304537, 32.801770371309111 ], [ 34.990938938261984, 32.801743565647499 ], [ 34.991080635746819, 32.801650035634339 ], [ 34.991312050681266, 32.801488671470246 ], [ 34.991332493602258, 32.801472772452719 ], [ 34.991612832165195, 32.801254736648723 ], [ 34.991682697927459, 32.80120328035585 ], [ 34.99176770381613, 32.801140666945095 ], [ 34.991894154095064, 32.801034752416427 ], [ 34.991917187577201, 32.801002420750528 ], [ 34.991927445676573, 32.800987999358256 ], [ 34.991955750779461, 32.800948203403983 ], [ 34.991979107369048, 32.800864836494284 ], [ 34.991984056450917, 32.800834977235603 ], [ 34.991549535118317, 32.800270060508055 ], [ 34.991943898049435, 32.800257707032479 ], [ 34.991978308154877, 32.800220400177196 ], [ 34.99197833126874, 32.80021337422982 ], [ 34.991978338095649, 32.800211401338622 ], [ 34.991978530761983, 32.800166299015196 ], [ 34.991980053059187, 32.799752420295526 ], [ 34.991987312933382, 32.799752432609658 ], [ 34.991982784301491, 32.799684974730376 ], [ 34.991953702669363, 32.799252840698067 ], [ 34.991977945041661, 32.79924440771515 ], [ 34.992822542803061, 32.798951724333783 ], [ 34.993222649611241, 32.798813069229681 ], [ 34.993858880574713, 32.799038213777287 ], [ 34.995458747419264, 32.799604359113999 ], [ 34.995655366802126, 32.799619828227399 ], [ 34.995758801330844, 32.799627942703985 ], [ 34.995937923151772, 32.799719920585162 ], [ 34.995952031013772, 32.799727170232146 ], [ 34.996000656796092, 32.799752145988386 ], [ 34.99602235907053, 32.799737744201416 ], [ 34.996227984989567, 32.799920146911084 ], [ 34.996269501500826, 32.799970354526849 ], [ 34.996327330653848, 32.800081443555207 ], [ 34.996337741227812, 32.800149719871747 ], [ 34.996342793911587, 32.800182914154746 ], [ 34.996337422408388, 32.800193090748188 ], [ 34.99632975478572, 32.800207232776458 ], [ 34.996293138788928, 32.800274713204693 ], [ 34.99617499346617, 32.800396240782483 ], [ 34.995893375553443, 32.80058510777085 ], [ 34.995844790065362, 32.800617686164244 ], [ 34.995583755035206, 32.800798758230343 ], [ 34.995445453579997, 32.800889008757501 ], [ 34.995360596648297, 32.800944374414897 ], [ 34.995045817455072, 32.801145017020851 ], [ 34.994719769928516, 32.801361572860372 ], [ 34.994555741471167, 32.801470520985561 ], [ 34.99445923805883, 32.801531084600597 ], [ 34.994122269000862, 32.801742555749335 ], [ 34.99371778481418, 32.801994355105563 ], [ 34.993597403767531, 32.802059616266497 ], [ 34.993522045703216, 32.802100507361871 ], [ 34.993390657280102, 32.802171883095184 ], [ 34.993007500700521, 32.802388183989834 ], [ 34.992864726706593, 32.802493915150542 ], [ 34.992852610941988, 32.80250288635645 ], [ 34.992767557660912, 32.802626727098819 ], [ 34.99275234379548, 32.802693245353545 ], [ 34.992739731179924, 32.802747867471673 ], [ 34.992727844388945, 32.802897171176056 ], [ 34.992713341700593, 32.802981630688031 ], [ 34.992703485296396, 32.80303914648001 ], [ 34.992677266611942, 32.803109800211125 ], [ 34.992645892961036, 32.80319404633974 ], [ 34.99254694581829, 32.803361232997439 ], [ 34.992459710170124, 32.803455766636375 ], [ 34.992342918785035, 32.80358630972448 ], [ 34.992303922642783, 32.803634970206858 ], [ 34.992253174832591, 32.803698326378758 ], [ 34.99218662877108, 32.803802450098438 ], [ 34.992160909722394, 32.803858924552763 ], [ 34.992153143241794, 32.803875616131521 ], [ 34.992136582611316, 32.804014353919058 ], [ 34.992173630342783, 32.80424029049972 ], [ 34.992210975209062, 32.804337643619952 ], [ 34.992224776682285, 32.804373369489973 ] ] ] } },
{ "type": "Feature", "properties": { "OBJECTID_12": 30, "OBJECTID": 702, "Shape_Leng": 4476.4216327200002, "Shape_Area": 679056.31837758468, "OBJECTID_1": 42, "SEMEL_YISH": 4000, "SHEM_YISHU": "חיפה", "SHEM_YIS_1": "HAIFA", "ROVA": 5, "TAT_ROVA": 52, "SchName": "מרכז הכרמל", "Shape_Length": 4476.4216327164504, "בזב": 6821.0, "מצביעים": 3940.0, "כשרים": 3924.0, "אמת": 322.0, "אצ": 23.0, "ב": 28.0, "ג": 13.0, "ד": 29.0, "ום": 73.0, "ז": 0.0, "זך": 0.0, "זנ": 0.0, "זץ": 0.0, "ט": 130.0, "י": 0.0, "יז": 15.0, "ינ": 1.0, "יץ": 0.0, "יק": 1.0, "כן": 488.0, "ך": 0.0, "ל": 219.0, "מחל": 626.0, "מרצ": 360.0, "נז": 0.0, "ני": 2.0, "נף": 0.0, "נץ": 0.0, "נק": 0.0, "נר": 0.0, "עם": 8.0, "פה": 1520.0, "ף": 2.0, "צ": 4.0, "ץ": 0.0, "ק": 2.0, "קי": 0.0, "קך": 2.0, "קנ": 1.0, "קץ": 26.0, "רז": 2.0, "שס": 27.0, "ת": 0.0, "n_stations": 11.0, "turnout_pct": 57.762791379563119, "אמת_pct": 8.2059123343527016, "אצ_pct": 0.58613659531090723, "ב_pct": 0.7135575942915392, "ג_pct": 0.33129459734964323, "ד_pct": 0.73904179408766568, "ום_pct": 1.8603465851172274, "ז_pct": 0.0, "זך_pct": 0.0, "זנ_pct": 0.0, "זץ_pct": 0.0, "ט_pct": 3.3129459734964324, "י_pct": 0.0, "יז_pct": 0.38226299694189603, "ינ_pct": 0.025484199796126403, "יץ_pct": 0.0, "יק_pct": 0.025484199796126403, "כן_pct": 12.436289500509684, "ך_pct": 0.0, "ל_pct": 5.5810397553516822, "מחל_pct": 15.953109072375128, "מרצ_pct": 9.1743119266055047, "נז_pct": 0.0, "ני_pct": 0.050968399592252807, "נף_pct": 0.0, "נץ_pct": 0.0, "נק_pct": 0.0, "נר_pct": 0.0, "עם_pct": 0.20387359836901123, "פה_pct": 38.735983690112128, "ף_pct": 0.050968399592252807, "צ_pct": 0.10193679918450561, "ץ_pct": 0.0, "ק_pct": 0.050968399592252807, "קי_pct": 0.0, "קך_pct": 0.050968399592252807, "קנ_pct": 0.025484199796126403, "קץ_pct": 0.66258919469928645, "רז_pct": 0.050968399592252807, "שס_pct": 0.68807339449541294, "ת_pct": 0.0 }, "geometry": { "type": "Polygon", "coordinates": [ [ [ 34.985972056063602, 32.806648683389206 ], [ 34.985912766192605, 32.806660759996156 ], [ 34.985627849976609, 32.806756047389534 ], [ 34.985207399012225, 32.806896663014747 ], [ 34.984910635641981, 32.806997316536254 ], [ 34.984430826966559, 32.807391420699638 ], [ 34.984094532126569, 32.807667643223795 ], [ 34.984048871131826, 32.807693892257866 ], [ 34.984070914523272, 32.807631079574044 ], [ 34.984133610735881, 32.807453019329003 ], [ 34.984224805769294, 32.807193777611616 ], [ 34.985111633340857, 32.805129479718772 ], [ 34.985175045317263, 32.804981868442596 ], [ 34.985181165367813, 32.804947061242387 ], [ 34.985183599384705, 32.804933275034074 ], [ 34.985227686284382, 32.804895129504544 ], [ 34.985367207653205, 32.804774359416371 ], [ 34.985347221894131, 32.804735461552546 ], [ 34.985260628115967, 32.804568232014113 ], [ 34.985220350352812, 32.804490879343184 ], [ 34.985203347928646, 32.804458037026997 ], [ 34.985194303454676, 32.804441974691912 ], [ 34.985138102759073, 32.804460986748595 ], [ 34.984882564568032, 32.804564231766868 ], [ 34.984666063654039, 32.804639323626958 ], [ 34.984655372161406, 32.804642646534226 ], [ 34.984650701601801, 32.8046341624379 ], [ 34.984629348504832, 32.804590479488184 ], [ 34.984570389343823, 32.80446954753122 ], [ 34.984508754380698, 32.804352221218799 ], [ 34.984423444816386, 32.804178495761732 ], [ 34.984343472209808, 32.804047963434769 ], [ 34.984322568593136, 32.804040366916503 ], [ 34.984160681882443, 32.803662895683011 ], [ 34.984062584314913, 32.803434054112238 ], [ 34.984068367534022, 32.803431180678011 ], [ 34.984054912772464, 32.803428543901227 ], [ 34.983699179204272, 32.803550720633744 ], [ 34.983650829768735, 32.803460289515208 ], [ 34.983509218432388, 32.803213787804857 ], [ 34.983442791934678, 32.803093846608782 ], [ 34.983429186267088, 32.803069375935756 ], [ 34.983418330208067, 32.803049512347819 ], [ 34.983402406443425, 32.803020374031512 ], [ 34.983360410701906, 32.802943558732125 ], [ 34.983130656587882, 32.802556507556524 ], [ 34.983083639625868, 32.802483748113893 ], [ 34.982957077681398, 32.802285157589822 ], [ 34.982794755242544, 32.802000837521092 ], [ 34.98275808414337, 32.801934227763617 ], [ 34.982726520295515, 32.801877275138501 ], [ 34.982686179776742, 32.801741408928073 ], [ 34.982634331519243, 32.801555932876063 ], [ 34.982554969199185, 32.801307192241318 ], [ 34.98255179347543, 32.801295369040957 ], [ 34.982551014616767, 32.80129257782631 ], [ 34.982502697885963, 32.801119453930426 ], [ 34.982467663288283, 32.801006319674229 ], [ 34.982433217686292, 32.800895078200149 ], [ 34.982422969562869, 32.800763957625634 ], [ 34.98243384406144, 32.800770185952054 ], [ 34.98244280435997, 32.800771653557781 ], [ 34.982454557403599, 32.800773207264776 ], [ 34.98246780551856, 32.800769456261115 ], [ 34.982481801491161, 32.80076550099556 ], [ 34.982509195128848, 32.800740569061219 ], [ 34.982517346218955, 32.800723097892153 ], [ 34.982521853835699, 32.800713632702411 ], [ 34.982521903092376, 32.800693802778824 ], [ 34.982521920795385, 32.800686675836488 ], [ 34.982505959495846, 32.800663477677553 ], [ 34.982492851978833, 32.80065533561671 ], [ 34.982479206937043, 32.800647825589756 ], [ 34.982468537505618, 32.800646726454843 ], [ 34.982481054954569, 32.800593278300347 ], [ 34.982458594780141, 32.800480339439957 ], [ 34.982456702027413, 32.800469526601212 ], [ 34.982438484310606, 32.800365343470276 ], [ 34.982407691424626, 32.800253653999839 ], [ 34.982368021227686, 32.800105448284945 ], [ 34.982318765989412, 32.799950349252747 ], [ 34.9822786038619, 32.799784552420384 ], [ 34.98224845785866, 32.799628416035418 ], [ 34.982227804234107, 32.799481300778375 ], [ 34.982212620823667, 32.799404730994127 ], [ 34.982205236798862, 32.799367941475147 ], [ 34.982172628375743, 32.799212960269415 ], [ 34.98213091262339, 32.79907023672267 ], [ 34.982093280059509, 32.79896593610443 ], [ 34.982058396652697, 32.798867234453141 ], [ 34.982049701560314, 32.798842509040405 ], [ 34.982043234324934, 32.798825185066057 ], [ 34.981977157135653, 32.79864850916276 ], [ 34.981915105964298, 32.798486927488682 ], [ 34.981900898465547, 32.798449922041954 ], [ 34.981829560627425, 32.798244106632012 ], [ 34.98182669500104, 32.798236453384561 ], [ 34.981740160140156, 32.79800104441447 ], [ 34.981694465498364, 32.797872915630442 ], [ 34.981653550668234, 32.797758061027913 ], [ 34.981602529863274, 32.797622701979634 ], [ 34.981615877780136, 32.797621567952127 ], [ 34.981639591027324, 32.797615750936366 ], [ 34.981661180754138, 32.797610380985532 ], [ 34.981810399690097, 32.797576299022424 ], [ 34.982069465710723, 32.797509132274755 ], [ 34.982092126849366, 32.797503928259523 ], [ 34.982429988324562, 32.797426358021639 ], [ 34.982549424386157, 32.797395010417553 ], [ 34.982764466974849, 32.797338488964861 ], [ 34.983115236620741, 32.797265260627221 ], [ 34.983125934468134, 32.797262486085728 ], [ 34.983339680125766, 32.797171522105934 ], [ 34.983607040184822, 32.797072811174296 ], [ 34.983798757491449, 32.796995964141466 ], [ 34.983938308870187, 32.796944447314708 ], [ 34.984030625314986, 32.796725846539118 ], [ 34.984046561519811, 32.796688111692241 ], [ 34.984070696911488, 32.796639094862719 ], [ 34.984102121902332, 32.79658398098163 ], [ 34.984114097403477, 32.796534937342336 ], [ 34.984149861960077, 32.796575581824627 ], [ 34.984196015589177, 32.796604421569953 ], [ 34.984248112653702, 32.79660505958654 ], [ 34.984295122664797, 32.796592249813784 ], [ 34.984393256556103, 32.796539128602404 ], [ 34.984406187443582, 32.79653211631144 ], [ 34.984459063268297, 32.796390737208192 ], [ 34.984467896799657, 32.796360270098127 ], [ 34.984704376798042, 32.796351666429651 ], [ 34.98490874000899, 32.796335828557147 ], [ 34.984995675596018, 32.796329097367312 ], [ 34.985412107756439, 32.796299978388426 ], [ 34.985796085987033, 32.796274770631221 ], [ 34.986096705132702, 32.796241389551533 ], [ 34.986388933327646, 32.796177166070898 ], [ 34.986612254234984, 32.796132372599921 ], [ 34.986700926706604, 32.79611459029563 ], [ 34.986995435075073, 32.796047467712491 ], [ 34.987183793831363, 32.79600449525811 ], [ 34.987355945957731, 32.795965232852453 ], [ 34.987734083429046, 32.795876259341014 ], [ 34.98795129475068, 32.795848860989054 ], [ 34.987947226090924, 32.79594451815796 ], [ 34.987946988300266, 32.795951011738801 ], [ 34.98793383245367, 32.796009600838154 ], [ 34.987925414467618, 32.796046193213371 ], [ 34.987892526471313, 32.796138650045222 ], [ 34.987823227296126, 32.796227527303884 ], [ 34.987796346306638, 32.796262365505996 ], [ 34.987685073724052, 32.796404838838164 ], [ 34.987496195384274, 32.796636064749542 ], [ 34.987341456594301, 32.796785201728298 ], [ 34.987208659621665, 32.796868919086819 ], [ 34.98703714841983, 32.796936248478488 ], [ 34.987020444171627, 32.796943512375606 ], [ 34.986691516014183, 32.797086683440618 ], [ 34.98648066713222, 32.797177656388612 ], [ 34.986398443527371, 32.797225387755326 ], [ 34.986318866969846, 32.797285577855249 ], [ 34.986272163314581, 32.797346908998342 ], [ 34.986247186119478, 32.79739131172348 ], [ 34.986235906459221, 32.79742077381534 ], [ 34.986228383315208, 32.797440336455566 ], [ 34.986222840063981, 32.797481528739269 ], [ 34.98622131435301, 32.797491625038099 ], [ 34.986234165875068, 32.797564323847602 ], [ 34.986273645338223, 32.797619673583682 ], [ 34.986329680420525, 32.797658769371992 ], [ 34.986354646410049, 32.797676709636043 ], [ 34.986488723241841, 32.79776765327324 ], [ 34.986658514866726, 32.79787840593368 ], [ 34.986851581870084, 32.797994875853426 ], [ 34.987004029457076, 32.798084767013336 ], [ 34.9871238379882, 32.798144921253829 ], [ 34.987283405281886, 32.798225015814047 ], [ 34.987527081724501, 32.798335900774681 ], [ 34.987648843757071, 32.798404357072727 ], [ 34.987666862106543, 32.798414402453673 ], [ 34.987800749949635, 32.798499757467937 ], [ 34.987932507356895, 32.798580592980286 ], [ 34.988069365916353, 32.798672080743152 ], [ 34.988259976103343, 32.79879143506767 ], [ 34.988435009945903, 32.798899406326143 ], [ 34.988657445252706, 32.799012402085943 ], [ 34.988910789357512, 32.799144671114199 ], [ 34.989174402119581, 32.799273615605237 ], [ 34.98940705861947, 32.799396376695299 ], [ 34.98960465829213, 32.799491929074584 ], [ 34.989822248924639, 32.799578502079804 ], [ 34.990002435075489, 32.799636338662069 ], [ 34.990123001026461, 32.799667298133521 ], [ 34.990134675968179, 32.799653338271028 ], [ 34.990154005615203, 32.799644807067629 ], [ 34.99017087716885, 32.799643566347484 ], [ 34.99018242035455, 32.79964269522138 ], [ 34.990211653608704, 32.79965364488082 ], [ 34.990223676243794, 32.799671886842233 ], [ 34.99022407274181, 32.799680177679861 ], [ 34.990224473219264, 32.799690371095174 ], [ 34.990335782864527, 32.799710672757875 ], [ 34.990516594852096, 32.799726761314339 ], [ 34.990730762941816, 32.799729911336001 ], [ 34.990805220736654, 32.799732130279672 ], [ 34.991014303893039, 32.799738335094176 ], [ 34.991295077621409, 32.799746748091444 ], [ 34.991539552286959, 32.799750512758237 ], [ 34.991805175502456, 32.799752123542646 ], [ 34.991980053059187, 32.799752420295526 ], [ 34.991978530759837, 32.800166299916881 ], [ 34.991978338093489, 32.800211402240294 ], [ 34.991978331266594, 32.800213375131506 ], [ 34.991978308152724, 32.800220401078874 ], [ 34.991943899117075, 32.800257707034291 ], [ 34.991549535116157, 32.800270061409741 ], [ 34.991984057518572, 32.800834977237422 ], [ 34.991979107369048, 32.800864836494284 ], [ 34.991955751847101, 32.800948203405795 ], [ 34.991927445676573, 32.800987999358256 ], [ 34.991917187575055, 32.801002421652235 ], [ 34.991894154092911, 32.801034753318113 ], [ 34.991767703813977, 32.801140667846767 ], [ 34.99168269792532, 32.801203281257543 ], [ 34.991612832163057, 32.801254737550423 ], [ 34.991332493600119, 32.801472773354391 ], [ 34.991312050681266, 32.801488671470246 ], [ 34.991080635746819, 32.801650035634339 ], [ 34.990938939327485, 32.801743566551032 ], [ 34.990898304304537, 32.801770371309111 ], [ 34.990907372219624, 32.801774264044703 ], [ 34.990937016408132, 32.801835178794434 ], [ 34.990947192567205, 32.80190787071696 ], [ 34.990948111079888, 32.802021213169425 ], [ 34.990935938800149, 32.80215474202722 ], [ 34.99092472322544, 32.80224533754545 ], [ 34.990917974220721, 32.802299517729423 ], [ 34.99088837082639, 32.80235636402368 ], [ 34.990871301741294, 32.802393574798593 ], [ 34.990875655273001, 32.802448230165986 ], [ 34.990891546632149, 32.802492797238159 ], [ 34.990898602719476, 32.802496865078957 ], [ 34.990914051717539, 32.802505850628854 ], [ 34.990917892123605, 32.802508078944946 ], [ 34.990830317817739, 32.802657251610796 ], [ 34.990698929657057, 32.802859365326896 ], [ 34.990539791857657, 32.80310616804983 ], [ 34.990514177245856, 32.803145878093368 ], [ 34.990348127011146, 32.803383467888743 ], [ 34.990242531806615, 32.803560642911002 ], [ 34.99021960959783, 32.803635088859657 ], [ 34.990207771974447, 32.803673931528174 ], [ 34.990203785565619, 32.803736130621786 ], [ 34.990197466904604, 32.80383234294856 ], [ 34.990167404781566, 32.804034625738844 ], [ 34.990150338596415, 32.804158492589728 ], [ 34.990143287571648, 32.804209242161917 ], [ 34.990107194987452, 32.80429934776825 ], [ 34.990033547282962, 32.804426004973536 ], [ 34.990020662549114, 32.804439293688048 ], [ 34.990005712050213, 32.804454715873611 ], [ 34.989807259435935, 32.804662311446528 ], [ 34.989763565735714, 32.804706527653536 ], [ 34.989449675129343, 32.805024087994632 ], [ 34.989083437325348, 32.805384129990131 ], [ 34.98884902115914, 32.805627632434607 ], [ 34.988798503127846, 32.805680123092742 ], [ 34.988736420252046, 32.805744750416608 ], [ 34.98851853604581, 32.805952306815001 ], [ 34.988390856292604, 32.806122324158515 ], [ 34.988170288153349, 32.806376671281669 ], [ 34.987861851882734, 32.806722748426573 ], [ 34.987570331119827, 32.80704117215857 ], [ 34.987341711481491, 32.807266741685353 ], [ 34.987208817202067, 32.807428815659527 ], [ 34.987175386340802, 32.807477266849411 ], [ 34.987149458893278, 32.807467122926866 ], [ 34.986846412428946, 32.807348116357964 ], [ 34.986785192339362, 32.807324028599567 ], [ 34.986822782502855, 32.807279370039936 ], [ 34.986831987615311, 32.80726567131164 ], [ 34.986907424748914, 32.807153274909687 ], [ 34.986947643730559, 32.80708572333053 ], [ 34.987019679161307, 32.80691967032125 ], [ 34.987116543069085, 32.806692152383484 ], [ 34.987158860727533, 32.80658952136784 ], [ 34.987145634039827, 32.806587700447643 ], [ 34.987049892353099, 32.806573552673115 ], [ 34.98696897757106, 32.806561791199798 ], [ 34.986804273388913, 32.806591892091781 ], [ 34.986650057707195, 32.806648520729546 ], [ 34.986636060635917, 32.806655250055854 ], [ 34.986625749769978, 32.806660041745189 ], [ 34.98652862699111, 32.80670519901112 ], [ 34.986391292391765, 32.806764101910446 ], [ 34.986246728793496, 32.806845011363812 ], [ 34.986066612374501, 32.806973825027868 ], [ 34.985986989113876, 32.807047705998656 ], [ 34.985985543859975, 32.807030937431705 ], [ 34.985982226934439, 32.806991888417187 ], [ 34.986019427528269, 32.806929374128181 ], [ 34.986077315752745, 32.806832090617853 ], [ 34.986122028919411, 32.806757241634976 ], [ 34.986135238379411, 32.806724174395796 ], [ 34.986137703805859, 32.806717592740377 ], [ 34.986127918570844, 32.806704768061287 ], [ 34.986081509100565, 32.806644551561739 ], [ 34.986069664572341, 32.806641643694746 ], [ 34.986040960140961, 32.806634648816221 ], [ 34.985972056063602, 32.806648683389206 ] ] ] } },
{ "type": "Feature", "properties": { "OBJECTID_12": 31, "OBJECTID": 704, "Shape_Leng": 3285.4348253399999, "Shape_Area": 524444.05912408559, "OBJECTID_1": 44, "SEMEL_YISH": 4000, "SHEM_YISHU": "חיפה", "SHEM_YIS_1": "HAIFA", "ROVA": 5, "TAT_ROVA": 52, "SchName": "כבירים", "Shape_Length": 3285.4348253377666, "בזב": 1022.0, "מצביעים": 611.0, "כשרים": 608.0, "אמת": 68.0, "אצ": 0.0, "ב": 0.0, "ג": 2.0, "ד": 7.0, "ום": 11.0, "ז": 0.0, "זך": 0.0, "זנ": 0.0, "זץ": 0.0, "ט": 6.0, "י": 0.0, "יז": 1.0, "ינ": 0.0, "יץ": 0.0, "יק": 0.0, "כן": 65.0, "ך": 0.0, "ל": 25.0, "מחל": 67.0, "מרצ": 69.0, "נז": 0.0, "ני": 0.0, "נף": 0.0, "נץ": 0.0, "נק": 1.0, "נר": 0.0, "עם": 4.0, "פה": 278.0, "ף": 0.0, "צ": 0.0, "ץ": 0.0, "ק": 0.0, "קי": 0.0, "קך": 0.0, "קנ": 0.0, "קץ": 3.0, "רז": 0.0, "שס": 1.0, "ת": 0.0, "n_stations": 2.0, "turnout_pct": 59.784735812133071, "אמת_pct": 11.184210526315789, "אצ_pct": 0.0, "ב_pct": 0.0, "ג_pct": 0.3289473684210526, "ד_pct": 1.1513157894736841, "ום_pct": 1.8092105263157896, "ז_pct": 0.0, "זך_pct": 0.0, "זנ_pct": 0.0, "זץ_pct": 0.0, "ט_pct": 0.98684210526315785, "י_pct": 0.0, "יז_pct": 0.1644736842105263, "ינ_pct": 0.0, "יץ_pct": 0.0, "יק_pct": 0.0, "כן_pct": 10.690789473684211, "ך_pct": 0.0, "ל_pct": 4.1118421052631584, "מחל_pct": 11.019736842105262, "מרצ_pct": 11.348684210526317, "נז_pct": 0.0, "ני_pct": 0.0, "נף_pct": 0.0, "נץ_pct": 0.0, "נק_pct": 0.1644736842105263, "נר_pct": 0.0, "עם_pct": 0.6578947368421052, "פה_pct": 45.723684210526315, "ף_pct": 0.0, "צ_pct": 0.0, "ץ_pct": 0.0, "ק_pct": 0.0, "קי_pct": 0.0, "קך_pct": 0.0, "קנ_pct": 0.0, "קץ_pct": 0.49342105263157893, "רז_pct": 0.0, "שס_pct": 0.1644736842105263, "ת_pct": 0.0 }, "geometry": { "type": "Polygon", "coordinates": [ [ [ 34.984655372161406, 32.804642646534226 ], [ 34.98464458229865, 32.804647762732337 ], [ 34.984114649450483, 32.804834477218591 ], [ 34.983881622568489, 32.804922960319992 ], [ 34.983668361898346, 32.805003927065556 ], [ 34.983532702012624, 32.805046497463017 ], [ 34.983266598419142, 32.805129995128134 ], [ 34.982840587302839, 32.805259994553246 ], [ 34.982585948535615, 32.805341310022094 ], [ 34.982459755287763, 32.805381584084444 ], [ 34.982109503346443, 32.805484296634397 ], [ 34.982100639233025, 32.805486893999948 ], [ 34.981858385413318, 32.805570411160318 ], [ 34.98166070711622, 32.805676013825419 ], [ 34.981489893452853, 32.8057946429456 ], [ 34.981349697323509, 32.805884024111243 ], [ 34.981324800200007, 32.805848261966574 ], [ 34.981236066314963, 32.805720968998102 ], [ 34.981109741313389, 32.805516690163692 ], [ 34.981051273320801, 32.80541406449251 ], [ 34.980688479825893, 32.805574612221371 ], [ 34.97984359058826, 32.805948501942012 ], [ 34.979005284131262, 32.806319457356039 ], [ 34.978847488015226, 32.80638928150875 ], [ 34.978675862104545, 32.806465230966616 ], [ 34.978278912596338, 32.806454932506433 ], [ 34.975845761688532, 32.806391750936427 ], [ 34.975791523290638, 32.806390385952064 ], [ 34.975779552249406, 32.806395335118808 ], [ 34.975740326331767, 32.806327906273609 ], [ 34.975483388460866, 32.805886231270215 ], [ 34.975187234628827, 32.805377053669794 ], [ 34.975034326106346, 32.805132210690907 ], [ 34.974606474476111, 32.804447087714934 ], [ 34.974600448710859, 32.804437439380671 ], [ 34.974521500383588, 32.80431101711963 ], [ 34.974243749549721, 32.80412151153007 ], [ 34.974214324405779, 32.804101532771085 ], [ 34.974201010424778, 32.804092403017641 ], [ 34.974147928392284, 32.804139192471261 ], [ 34.974033830801808, 32.804040878609143 ], [ 34.973963211180497, 32.803933633155175 ], [ 34.973885821589647, 32.803804452376241 ], [ 34.973780889591161, 32.803628434766864 ], [ 34.973671045771539, 32.80345690655399 ], [ 34.973575773386322, 32.803304617440219 ], [ 34.973494845125266, 32.803225575651794 ], [ 34.973534134502742, 32.803184251439227 ], [ 34.973631778138845, 32.803076150900495 ], [ 34.973702559146084, 32.802997733172219 ], [ 34.973706517244104, 32.802993506120934 ], [ 34.973682667949461, 32.802968574596797 ], [ 34.973387676707176, 32.802659474633657 ], [ 34.972572526216311, 32.801805322388169 ], [ 34.972589099342315, 32.801797960098689 ], [ 34.972642118280056, 32.80177443932201 ], [ 34.972929321919786, 32.801607254073602 ], [ 34.973395744848816, 32.801289819081397 ], [ 34.975046278523131, 32.80122864431587 ], [ 34.975464514629905, 32.801213141286368 ], [ 34.976766217008866, 32.801164886025752 ], [ 34.977193158228872, 32.801250506960557 ], [ 34.977503652925371, 32.801312885399703 ], [ 34.977519697961554, 32.801316100147176 ], [ 34.978643439418036, 32.800780806529112 ], [ 34.97951864668358, 32.800363888875502 ], [ 34.981411452875037, 32.799462191101242 ], [ 34.98153827780979, 32.799401769046298 ], [ 34.981670740999839, 32.799338663535238 ], [ 34.982058396652697, 32.798867234453141 ], [ 34.982093280061754, 32.79896593520273 ], [ 34.982130911555771, 32.79907023672078 ], [ 34.982172628375743, 32.799212960269415 ], [ 34.982205236798862, 32.799367941475147 ], [ 34.9822126197583, 32.799404730090544 ], [ 34.982227803166488, 32.799481300776478 ], [ 34.98224845785866, 32.799628416035418 ], [ 34.982278603864138, 32.799784551518705 ], [ 34.982318765991643, 32.799950348351061 ], [ 34.982368021227686, 32.800105448284945 ], [ 34.982407690356979, 32.800253653997942 ], [ 34.982438484312851, 32.800365342568611 ], [ 34.982456702029658, 32.800469525699498 ], [ 34.982458594780141, 32.800480339439957 ], [ 34.982481054954569, 32.800593278300347 ], [ 34.982468536437977, 32.800646726452953 ], [ 34.982479206937043, 32.800647825589756 ], [ 34.982492851978833, 32.80065533561671 ], [ 34.982505959495846, 32.800663477677553 ], [ 34.982521919729983, 32.800686674932898 ], [ 34.982521902026981, 32.800693801875269 ], [ 34.982521852770304, 32.800713631798807 ], [ 34.982517346221194, 32.800723096990467 ], [ 34.982509194063432, 32.800740568157643 ], [ 34.982481801491161, 32.80076550099556 ], [ 34.982467805520791, 32.800769455359415 ], [ 34.982454557403599, 32.800773207264776 ], [ 34.98244280435997, 32.800771653557781 ], [ 34.98243384406144, 32.800770185952054 ], [ 34.9824229695651, 32.800763956723948 ], [ 34.982433217686292, 32.800895078200149 ], [ 34.982467663290528, 32.801006318772536 ], [ 34.982502697888215, 32.801119453028747 ], [ 34.982551014616767, 32.80129257782631 ], [ 34.982551793477661, 32.801295368139257 ], [ 34.982554968133776, 32.80130719133772 ], [ 34.982634330453834, 32.801555931972494 ], [ 34.982686179776742, 32.801741408928073 ], [ 34.982726520297753, 32.801877274236816 ], [ 34.98275808414337, 32.801934227763617 ], [ 34.982794755244782, 32.802000836619406 ], [ 34.982957077681398, 32.802285157589822 ], [ 34.983083639625868, 32.802483748113893 ], [ 34.983130656590106, 32.802556506654845 ], [ 34.983360410704123, 32.802943557830446 ], [ 34.983402405375756, 32.803020374029636 ], [ 34.983418330208067, 32.803049512347819 ], [ 34.983429186267088, 32.803069375935756 ], [ 34.983442791934678, 32.803093846608782 ], [ 34.983509218432388, 32.803213787804857 ], [ 34.983650829768735, 32.803460289515208 ], [ 34.983699178136597, 32.803550720631861 ], [ 34.984054912772464, 32.803428543901227 ], [ 34.984068367534022, 32.803431180678011 ], [ 34.984062584314913, 32.803434054112238 ], [ 34.984160680814767, 32.803662895681136 ], [ 34.984322568595353, 32.804040366014831 ], [ 34.984343472212025, 32.804047962533076 ], [ 34.98442344374871, 32.804178495759864 ], [ 34.984508754380698, 32.804352221218799 ], [ 34.984570389343823, 32.80446954753122 ], [ 34.984629348504832, 32.804590479488184 ], [ 34.984650701604011, 32.804634161536207 ], [ 34.984655372161406, 32.804642646534226 ] ] ] } },
{ "type": "Feature", "properties": { "OBJECTID_12": 32, "OBJECTID": 705, "Shape_Leng": 5325.1817790799996, "Shape_Area": 1076233.4839154549, "OBJECTID_1": 45, "SEMEL_YISH": 4000, "SHEM_YISHU": "חיפה", "SHEM_YIS_1": "HAIFA", "ROVA": 5, "TAT_ROVA": 52, "SchName": "כרמל מערבי", "Shape_Length": 5325.1817790767709, "בזב": 5601.0, "מצביעים": 3602.0, "כשרים": 3592.0, "אמת": 194.0, "אצ": 8.0, "ב": 20.0, "ג": 7.0, "ד": 43.0, "ום": 71.0, "ז": 0.0, "זך": 0.0, "זנ": 0.0, "זץ": 0.0, "ט": 186.0, "י": 0.0, "יז": 16.0, "ינ": 0.0, "יץ": 0.0, "יק": 0.0, "כן": 525.0, "ך": 1.0, "ל": 174.0, "מחל": 815.0, "מרצ": 213.0, "נז": 0.0, "ני": 0.0, "נף": 1.0, "נץ": 0.0, "נק": 2.0, "נר": 0.0, "עם": 6.0, "פה": 1242.0, "ף": 1.0, "צ": 0.0, "ץ": 1.0, "ק": 0.0, "קי": 0.0, "קך": 0.0, "קנ": 1.0, "קץ": 10.0, "רז": 1.0, "שס": 54.0, "ת": 0.0, "n_stations": 10.0, "turnout_pct": 64.309944652740583, "אמת_pct": 5.4008908685968819, "אצ_pct": 0.22271714922048996, "ב_pct": 0.55679287305122493, "ג_pct": 0.19487750556792874, "ד_pct": 1.1971046770601337, "ום_pct": 1.9766146993318485, "ז_pct": 0.0, "זך_pct": 0.0, "זנ_pct": 0.0, "זץ_pct": 0.0, "ט_pct": 5.1781737193763924, "י_pct": 0.0, "יז_pct": 0.44543429844097993, "ינ_pct": 0.0, "יץ_pct": 0.0, "יק_pct": 0.0, "כן_pct": 14.615812917594656, "ך_pct": 0.027839643652561245, "ל_pct": 4.8440979955456571, "מחל_pct": 22.689309576837417, "מרצ_pct": 5.929844097995546, "נז_pct": 0.0, "ני_pct": 0.0, "נף_pct": 0.027839643652561245, "נץ_pct": 0.0, "נק_pct": 0.055679287305122491, "נר_pct": 0.0, "עם_pct": 0.16703786191536749, "פה_pct": 34.576837416481069, "ף_pct": 0.027839643652561245, "צ_pct": 0.0, "ץ_pct": 0.027839643652561245, "ק_pct": 0.0, "קי_pct": 0.0, "קך_pct": 0.0, "קנ_pct": 0.027839643652561245, "קץ_pct": 0.27839643652561247, "רז_pct": 0.027839643652561245, "שס_pct": 1.5033407572383073, "ת_pct": 0.0 }, "geometry": { "type": "Polygon", "coordinates": [ [ [ 34.969787323101272, 32.816360462693524 ], [ 34.969729165503146, 32.81642680099398 ], [ 34.967935224447167, 32.816706206195278 ], [ 34.967004167402663, 32.816851204972771 ], [ 34.966857533252316, 32.816874042550147 ], [ 34.966388429985415, 32.816947091945082 ], [ 34.965542803051434, 32.81707874573312 ], [ 34.965501872877603, 32.817085091271828 ], [ 34.965490557637196, 32.817086842400812 ], [ 34.965332584116005, 32.81687772224668 ], [ 34.964982672672228, 32.816414472579105 ], [ 34.96497405392801, 32.816408604133663 ], [ 34.964920069508906, 32.816350965893427 ], [ 34.964847463465105, 32.816265799493848 ], [ 34.964839257361298, 32.816250218831371 ], [ 34.964798167624195, 32.816172115222095 ], [ 34.964752754312862, 32.816068956196531 ], [ 34.964693298011973, 32.815979759075653 ], [ 34.964627259845564, 32.81591597335369 ], [ 34.964545351760748, 32.815879215088465 ], [ 34.964473206006758, 32.815863832892191 ], [ 34.964377457600555, 32.815877648996576 ], [ 34.96434608558522, 32.815882162217122 ], [ 34.964358439388775, 32.815814202132806 ], [ 34.964365914603832, 32.815772733343792 ], [ 34.96451234464174, 32.814966261644592 ], [ 34.964550066985531, 32.814758510715912 ], [ 34.964582474456215, 32.81457985612677 ], [ 34.964790462296612, 32.81343402828761 ], [ 34.964929787230204, 32.812572912400228 ], [ 34.964984601883799, 32.812234876313589 ], [ 34.965216197114621, 32.810802355000853 ], [ 34.965217492293064, 32.810794788688249 ], [ 34.965219227101379, 32.810784141238642 ], [ 34.96524082635122, 32.810775176415795 ], [ 34.965314374737737, 32.810744565637123 ], [ 34.971649021155564, 32.808112111825587 ], [ 34.971706627964664, 32.808088145555082 ], [ 34.975779552249406, 32.806395335118808 ], [ 34.975791523288315, 32.806390386853735 ], [ 34.975845761686223, 32.806391751838099 ], [ 34.978278912596338, 32.806454932506433 ], [ 34.978675862102264, 32.806465231868302 ], [ 34.978847488015226, 32.80638928150875 ], [ 34.979005284131262, 32.806319457356039 ], [ 34.97984359058826, 32.805948501942012 ], [ 34.980688480891331, 32.805574613124975 ], [ 34.981051273318535, 32.805414065394203 ], [ 34.981109742381079, 32.805516690165597 ], [ 34.981236066312725, 32.805720969899795 ], [ 34.981324801265451, 32.805848262870171 ], [ 34.981349698388961, 32.805884025014819 ], [ 34.981489893452853, 32.8057946429456 ], [ 34.981660708183909, 32.805676013827302 ], [ 34.981858385413318, 32.805570411160318 ], [ 34.982100639233025, 32.805486893999948 ], [ 34.982109503346443, 32.805484296634397 ], [ 34.982459755287763, 32.805381584084444 ], [ 34.982585948533369, 32.805341310923794 ], [ 34.982840587302839, 32.805259994553246 ], [ 34.983266598419142, 32.805129995128134 ], [ 34.983532702012624, 32.805046497463017 ], [ 34.983668361896115, 32.805003927967249 ], [ 34.983881622568489, 32.804922960319992 ], [ 34.984114649448259, 32.804834478120277 ], [ 34.984644582296454, 32.804647763634037 ], [ 34.984655372161406, 32.804642646534226 ], [ 34.984666063654039, 32.804639323626958 ], [ 34.984882564568032, 32.804564231766868 ], [ 34.985138102759073, 32.804460986748595 ], [ 34.985194303454676, 32.804441974691912 ], [ 34.985203347928646, 32.804458037026997 ], [ 34.985220350352812, 32.804490879343184 ], [ 34.985260628115967, 32.804568232014113 ], [ 34.985347221894131, 32.804735461552546 ], [ 34.985367207653205, 32.804774359416371 ], [ 34.985227686284382, 32.804895129504544 ], [ 34.985183599384705, 32.804933275034074 ], [ 34.985181165367813, 32.804947061242387 ], [ 34.985175045317263, 32.804981868442596 ], [ 34.985111633340857, 32.805129479718772 ], [ 34.984224805769294, 32.807193777611616 ], [ 34.984133610735881, 32.807453019329003 ], [ 34.984070914523272, 32.807631079574044 ], [ 34.984048871131826, 32.807693892257866 ], [ 34.984045561322887, 32.807703352385928 ], [ 34.984043180247156, 32.807710293020151 ], [ 34.981865588239053, 32.80906411789762 ], [ 34.980743891662037, 32.809761385902803 ], [ 34.979170025725139, 32.810350337049492 ], [ 34.976547028923001, 32.81133177189627 ], [ 34.975130440197816, 32.81186180901598 ], [ 34.974702232859748, 32.811999976448703 ], [ 34.974014230477046, 32.812221972675061 ], [ 34.973147522906196, 32.812501521867866 ], [ 34.970780930295696, 32.815219057711339 ], [ 34.969787323101272, 32.816360462693524 ] ] ] } },
{ "type": "Feature", "properties": { "OBJECTID_12": 33, "OBJECTID": 2424, "Shape_Leng": 3933.6318577799998, "Shape_Area": 754863.10057219723, "OBJECTID_1": 46, "SEMEL_YISH": 4000, "SHEM_YISHU": "חיפה", "SHEM_YIS_1": "HAIFA", "ROVA": 1, "TAT_ROVA": 11, "SchName": "קריית שמואל", "Shape_Length": 3933.6318577810634, "בזב": 6113.0, "מצביעים": 4313.0, "כשרים": 4293.0, "אמת": 32.0, "אצ": 8.0, "ב": 142.0, "ג": 202.0, "ד": 0.0, "ום": 0.0, "ז": 0.0, "זך": 0.0, "זנ": 1.0, "זץ": 0.0, "ט": 1310.0, "י": 0.0, "יז": 8.0, "ינ": 1.0, "יץ": 1.0, "יק": 0.0, "כן": 218.0, "ך": 0.0, "ל": 64.0, "מחל": 1112.0, "מרצ": 5.0, "נז": 0.0, "ני": 2.0, "נף": 0.0, "נץ": 1.0, "נק": 0.0, "נר": 0.0, "עם": 1.0, "פה": 147.0, "ף": 0.0, "צ": 3.0, "ץ": 0.0, "ק": 1.0, "קי": 0.0, "קך": 1.0, "קנ": 0.0, "קץ": 5.0, "רז": 1.0, "שס": 1024.0, "ת": 3.0, "n_stations": 10.0, "turnout_pct": 70.554555864550963, "אמת_pct": 0.74539948753785235, "אצ_pct": 0.18634987188446309, "ב_pct": 3.3077102259492195, "ג_pct": 4.7053342650826924, "ד_pct": 0.0, "ום_pct": 0.0, "ז_pct": 0.0, "זך_pct": 0.0, "זנ_pct": 0.023293733985557886, "זץ_pct": 0.0, "ט_pct": 30.514791521080831, "י_pct": 0.0, "יז_pct": 0.18634987188446309, "ינ_pct": 0.023293733985557886, "יץ_pct": 0.023293733985557886, "יק_pct": 0.0, "כן_pct": 5.0780340088516187, "ך_pct": 0.0, "ל_pct": 1.4907989750757047, "מחל_pct": 25.902632191940366, "מרצ_pct": 0.11646866992778944, "נז_pct": 0.0, "ני_pct": 0.046587467971115772, "נף_pct": 0.0, "נץ_pct": 0.023293733985557886, "נק_pct": 0.0, "נר_pct": 0.0, "עם_pct": 0.023293733985557886, "פה_pct": 3.4241788958770094, "ף_pct": 0.0, "צ_pct": 0.069881201956673647, "ץ_pct": 0.0, "ק_pct": 0.023293733985557886, "קי_pct": 0.0, "קך_pct": 0.023293733985557886, "קנ_pct": 0.0, "קץ_pct": 0.11646866992778944, "רז_pct": 0.023293733985557886, "שס_pct": 23.852783601211275, "ת_pct": 0.069881201956673647 }, "geometry": { "type": "Polygon", "coordinates": [ [ [ 35.072008697806787, 32.842144671998952 ], [ 35.071921837685373, 32.842182705246323 ], [ 35.071834979626338, 32.842220738435259 ], [ 35.071811142388611, 32.842231174565079 ], [ 35.071748119359746, 32.842258769757869 ], [ 35.071661261152848, 32.842296802825381 ], [ 35.071605254941204, 32.842320629119463 ], [ 35.071510896829345, 32.842359608109248 ], [ 35.071416538635198, 32.842398587027432 ], [ 35.071322182495045, 32.842437565876324 ], [ 35.071227824136344, 32.842476544651319 ], [ 35.07113346569534, 32.84251552335472 ], [ 35.071039109308337, 32.842554501988815 ], [ 35.070963326800182, 32.842585662886975 ], [ 35.070887544241891, 32.8426168219356 ], [ 35.070872296660077, 32.842623092234859 ], [ 35.070811763764347, 32.842647982743692 ], [ 35.070748456917677, 32.842679245193182 ], [ 35.070745427541482, 32.842680742366305 ], [ 35.070696219191788, 32.842611517726091 ], [ 35.070647010918371, 32.842542293065996 ], [ 35.070597804854806, 32.842473070191609 ], [ 35.070548596731221, 32.842403847295039 ], [ 35.070499390820181, 32.842334624380804 ], [ 35.070450182851815, 32.842265399641022 ], [ 35.070400977093293, 32.842196176686983 ], [ 35.070354387094213, 32.842130637204534 ], [ 35.07035389465711, 32.842129942377447 ], [ 35.070351769274772, 32.842126953710739 ], [ 35.07025658062696, 32.84214976540629 ], [ 35.070161389797136, 32.842172575223572 ], [ 35.070066201052413, 32.842195386773874 ], [ 35.069971012259266, 32.842218198251601 ], [ 35.069875823420375, 32.842241007853339 ], [ 35.069780632394043, 32.842263819183536 ], [ 35.069721410185807, 32.842278011148615 ], [ 35.069685443455526, 32.842286630443425 ], [ 35.069590254471279, 32.842309439827304 ], [ 35.069503060190662, 32.842330333554791 ], [ 35.069499559679564, 32.842331173761238 ], [ 35.069495065438595, 32.842332249138614 ], [ 35.069451028607695, 32.842266901428886 ], [ 35.069406991841198, 32.842201553703148 ], [ 35.06936295513912, 32.842136205961395 ], [ 35.069319063833959, 32.842070815079509 ], [ 35.069275174726577, 32.842005425987374 ], [ 35.069231283547168, 32.84194003687702 ], [ 35.069187392434721, 32.841874645947414 ], [ 35.069143503520067, 32.841809256807565 ], [ 35.069099612533364, 32.841743867649491 ], [ 35.069048119949173, 32.841664932312213 ], [ 35.068996627455952, 32.841585996952986 ], [ 35.068945135053703, 32.841507061571839 ], [ 35.068893642742445, 32.841428126168736 ], [ 35.068842150522109, 32.841349190743685 ], [ 35.068791748707639, 32.84126971546538 ], [ 35.068741346982812, 32.841190240165986 ], [ 35.068690945347633, 32.841110764845524 ], [ 35.068640543802069, 32.841031289504009 ], [ 35.068590142346174, 32.840951814141405 ], [ 35.068557431776902, 32.840898669217232 ], [ 35.068524721246519, 32.840845524284155 ], [ 35.068479329275718, 32.840771807083158 ], [ 35.068433935243526, 32.840698089862727 ], [ 35.068388543422458, 32.840624372627445 ], [ 35.068343151676267, 32.840550655375054 ], [ 35.068308877785441, 32.840493234682015 ], [ 35.068306420974181, 32.840489120312867 ], [ 35.068269692458891, 32.840427585241741 ], [ 35.068232961857952, 32.840366050157073 ], [ 35.068196233443807, 32.840304515063472 ], [ 35.068179544113626, 32.840277213621086 ], [ 35.068153137819976, 32.84023402287103 ], [ 35.068128646491189, 32.840191660146544 ], [ 35.068104155185644, 32.840149297417078 ], [ 35.068065122927173, 32.840081534519435 ], [ 35.06802608859163, 32.84001377160665 ], [ 35.067987056451493, 32.839946008683512 ], [ 35.067948024373266, 32.83987824394422 ], [ 35.067908992351462, 32.839810480995546 ], [ 35.067869960388798, 32.839742718034152 ], [ 35.067831994810284, 32.839674727194769 ], [ 35.067794029292259, 32.839606734539956 ], [ 35.067751606393834, 32.839529817506708 ], [ 35.067709181432164, 32.839452900455981 ], [ 35.067666758679685, 32.839375983392451 ], [ 35.067624335997429, 32.839299068117185 ], [ 35.067581911254685, 32.839222151021055 ], [ 35.067539488721131, 32.839145233912149 ], [ 35.06749706626055, 32.839068316788122 ], [ 35.067458584727653, 32.838997257721203 ], [ 35.067420103253127, 32.838926200445187 ], [ 35.067384255422269, 32.838859548082091 ], [ 35.067348409781033, 32.838792895710498 ], [ 35.067312564190438, 32.838726245131447 ], [ 35.067276718656046, 32.838659592738189 ], [ 35.067240873172331, 32.838592942137446 ], [ 35.067204697952384, 32.838525432757095 ], [ 35.067168520650888, 32.838457923363357 ], [ 35.06715608311751, 32.838434714694394 ], [ 35.067126223695624, 32.838378993675427 ], [ 35.067083926817773, 32.838300062169033 ], [ 35.067041630014579, 32.838221130647504 ], [ 35.066999333286049, 32.838142199110941 ], [ 35.066957036629368, 32.838063269362628 ], [ 35.06691474005013, 32.837984337795845 ], [ 35.066872443545535, 32.837905406213991 ], [ 35.066830147115596, 32.837826474617039 ], [ 35.066787850757507, 32.837747544808387 ], [ 35.066745554476846, 32.837668613181222 ], [ 35.066703258270842, 32.837589681539008 ], [ 35.066660962139494, 32.837510749881702 ], [ 35.066618666079997, 32.837431820012675 ], [ 35.066576370097934, 32.837352888325178 ], [ 35.066534074190514, 32.837273956622603 ], [ 35.066491778357729, 32.837195024904943 ], [ 35.066449482596816, 32.837116094975521 ], [ 35.066407186913324, 32.837037163227677 ], [ 35.066364891304474, 32.836958231464735 ], [ 35.066330611118957, 32.836888646415815 ], [ 35.066329003352756, 32.836885394956624 ], [ 35.066328211185038, 32.836883790880499 ], [ 35.066293113320512, 32.836812560238585 ], [ 35.066257225485629, 32.836739723708519 ], [ 35.06622133557304, 32.836666887165123 ], [ 35.066185426562782, 32.836602277596185 ], [ 35.066152271960227, 32.836542626739337 ], [ 35.066149515468254, 32.836537668014032 ], [ 35.066113604425617, 32.836473058421092 ], [ 35.066077695571011, 32.836408448819633 ], [ 35.066047249977771, 32.836347269860028 ], [ 35.066016806565095, 32.836286089091502 ], [ 35.065979201994068, 32.836213068437026 ], [ 35.065941599623343, 32.836140045969536 ], [ 35.06590399731401, 32.836067023490095 ], [ 35.065866392929919, 32.83599400099628 ], [ 35.065826236823092, 32.835910775762969 ], [ 35.065786080790957, 32.835827550515873 ], [ 35.065745922697396, 32.835744325252605 ], [ 35.065705766814624, 32.835661099977926 ], [ 35.065665608870404, 32.835577874687075 ], [ 35.065626020994429, 32.83549487543663 ], [ 35.06558643105577, 32.835411876170369 ], [ 35.065546841190518, 32.835328876890721 ], [ 35.065507251398692, 32.835245877597607 ], [ 35.065467663816392, 32.835162878293445 ], [ 35.06543798281335, 32.835094100590432 ], [ 35.065408301853083, 32.835025324683116 ], [ 35.065378623077329, 32.834956546967121 ], [ 35.065374768889427, 32.834954218132317 ], [ 35.065298530340669, 32.8349081112286 ], [ 35.065218439827191, 32.834859675441045 ], [ 35.065138351536881, 32.834811239604456 ], [ 35.065058261200328, 32.834762801910756 ], [ 35.0649793703043, 32.834715092262854 ], [ 35.064978221758231, 32.834713291212552 ], [ 35.064976682824501, 32.834709790945595 ], [ 35.064954988686154, 32.834660500302917 ], [ 35.064986212038576, 32.834641419282306 ], [ 35.064942572492917, 32.834542361623448 ], [ 35.064877975362656, 32.834395765190777 ], [ 35.064821669373245, 32.834270535371196 ], [ 35.064805606396064, 32.834233385908306 ], [ 35.06473705359263, 32.834080018710864 ], [ 35.064586998448682, 32.833711421079101 ], [ 35.064573848077288, 32.833679129530402 ], [ 35.064396857477988, 32.833283901729217 ], [ 35.06423509485596, 32.832888313803167 ], [ 35.064202261585613, 32.832808030308648 ], [ 35.064122383878917, 32.832600018517148 ], [ 35.064021763094999, 32.832337874843098 ], [ 35.063938982392024, 32.832139963993406 ], [ 35.063830542817918, 32.83188176618259 ], [ 35.063647486908295, 32.831408990539366 ], [ 35.063464543755636, 32.830866056077333 ], [ 35.063494459568275, 32.830858695905114 ], [ 35.063753975147208, 32.830794603551404 ], [ 35.063867232010764, 32.830766690024959 ], [ 35.063915637859537, 32.830754757304362 ], [ 35.064008368061245, 32.830730600491883 ], [ 35.064320567277676, 32.830646278029079 ], [ 35.064339600452058, 32.83064134183968 ], [ 35.064695164968832, 32.830553826285424 ], [ 35.064713535242092, 32.830549336537118 ], [ 35.065061017645213, 32.830443236118853 ], [ 35.065344298447954, 32.830346085730127 ], [ 35.06545382547214, 32.830309504991689 ], [ 35.065567201938023, 32.830268510148279 ], [ 35.065659205303106, 32.830235884438956 ], [ 35.065671715140262, 32.83023084343322 ], [ 35.065746621160855, 32.830201444791015 ], [ 35.065770565277425, 32.830192090134631 ], [ 35.065883512176889, 32.83014830289703 ], [ 35.065912051713831, 32.830136978598752 ], [ 35.066121845455292, 32.830044331108098 ], [ 35.066130711408945, 32.830040555609585 ], [ 35.066137220244173, 32.830037500661746 ], [ 35.066216422571557, 32.830003228342271 ], [ 35.066462667470482, 32.829886377687629 ], [ 35.066472290796121, 32.829881786068647 ], [ 35.06683417400766, 32.829710318672468 ], [ 35.0668816275561, 32.829687830379854 ], [ 35.067059160945213, 32.82959839555091 ], [ 35.067124060723835, 32.829553928687339 ], [ 35.067155525016062, 32.829510052709679 ], [ 35.067152878625834, 32.829494719281136 ], [ 35.06737175637808, 32.829397668576043 ], [ 35.067424229447312, 32.82937500162631 ], [ 35.067798931278134, 32.829899559665755 ], [ 35.068257610132257, 32.830543144364363 ], [ 35.06864329753008, 32.83108394395456 ], [ 35.069251408199875, 32.831933538957713 ], [ 35.069286378288069, 32.831910318537972 ], [ 35.069281474744294, 32.831898506524887 ], [ 35.069321016978229, 32.831878827456379 ], [ 35.069337136094397, 32.831902434846661 ], [ 35.069386420604005, 32.831974623162267 ], [ 35.06942072635853, 32.832021998850138 ], [ 35.06945503428544, 32.832069374530683 ], [ 35.069507001156964, 32.832142023747217 ], [ 35.069558968112972, 32.832214672941589 ], [ 35.069610933017422, 32.832287322111448 ], [ 35.069662900142426, 32.832359971261397 ], [ 35.069714867351912, 32.832432620389156 ], [ 35.069766834645911, 32.832505269494717 ], [ 35.0698188020271, 32.832577916774717 ], [ 35.06987076949008, 32.83265056583587 ], [ 35.069922737037558, 32.832723214874839 ], [ 35.069974702533464, 32.832795863889288 ], [ 35.070026670249916, 32.83286851288387 ], [ 35.070048751225592, 32.832899381570762 ], [ 35.070053856348842, 32.832906517608471 ], [ 35.070078638050902, 32.832941161856247 ], [ 35.070130605936356, 32.833013810806413 ], [ 35.070146635422411, 32.833036220549452 ], [ 35.07018257390633, 32.833086459734368 ], [ 35.070227392618506, 32.833149113867528 ], [ 35.070234541963501, 32.833159106836753 ], [ 35.070286507963679, 32.833231757521411 ], [ 35.070304831881295, 32.833255446493808 ], [ 35.07035889129012, 32.833330977581916 ], [ 35.070412952929132, 32.833406506844874 ], [ 35.070467012523451, 32.833482036081541 ], [ 35.070521074345251, 32.833557565296466 ], [ 35.070575134119629, 32.833633096288473 ], [ 35.070629196124202, 32.833708625455337 ], [ 35.070683258220157, 32.833784154598185 ], [ 35.070737318268741, 32.833859685518121 ], [ 35.070791380547476, 32.833935214612922 ], [ 35.070845440781525, 32.834010743681411 ], [ 35.070899503240348, 32.83408627453155 ], [ 35.070953565793275, 32.834161803554274 ], [ 35.071007626301501, 32.834237332550678 ], [ 35.071023418875448, 32.834259906032635 ], [ 35.071039402493426, 32.83428471951153 ], [ 35.071044866333814, 32.834292059671412 ], [ 35.071091265305682, 32.834354395970777 ], [ 35.071143126065444, 32.834424070602331 ], [ 35.071194986906093, 32.834493745211851 ], [ 35.071241979309342, 32.834559355216143 ], [ 35.071288971784291, 32.834624963398916 ], [ 35.071335964325584, 32.834690573366885 ], [ 35.07138295693855, 32.834756181513363 ], [ 35.071409974192854, 32.834793587032827 ], [ 35.071449690946338, 32.834843683782928 ], [ 35.071457262045655, 32.834853228086963 ], [ 35.07149415146074, 32.834905642766614 ], [ 35.071531040919076, 32.834958057435124 ], [ 35.071579477316362, 32.835026878853945 ], [ 35.071627913788248, 32.835095700253461 ], [ 35.071676350334769, 32.8351645216337 ], [ 35.071724786955862, 32.83523334299457 ], [ 35.071773225787716, 32.835302164338444 ], [ 35.071821662558044, 32.835370985660717 ], [ 35.071870099403, 32.83543980696367 ], [ 35.071918536322563, 32.835508628247375 ], [ 35.071956241503884, 32.835561564825788 ], [ 35.071993944593792, 32.835614501390275 ], [ 35.072031647728359, 32.83566743794308 ], [ 35.072084603728008, 32.835741401762412 ], [ 35.07213755767922, 32.835815365556435 ], [ 35.072190511718084, 32.835889329327372 ], [ 35.072243467980762, 32.835963293077562 ], [ 35.072296422195002, 32.836037256802413 ], [ 35.072349376496909, 32.836111220504229 ], [ 35.072402333025266, 32.836185182381833 ], [ 35.072455287502514, 32.836259146037534 ], [ 35.072508242067421, 32.836333109670178 ], [ 35.072558400638542, 32.836402646649596 ], [ 35.072608559287737, 32.836472183608329 ], [ 35.072658718015013, 32.836541720546407 ], [ 35.072708874686867, 32.836611255658148 ], [ 35.072759033570314, 32.836680792554866 ], [ 35.072809192531814, 32.836750329430913 ], [ 35.072809333227816, 32.836750526146972 ], [ 35.072809473929141, 32.836750719256273 ], [ 35.072861018633787, 32.836822179968067 ], [ 35.072912565554354, 32.836893642463636 ], [ 35.072964112560058, 32.836965103133977 ], [ 35.073015659648242, 32.837036563782526 ], [ 35.07306720681887, 32.837108024409211 ], [ 35.073118543910148, 32.837181491952443 ], [ 35.073169881088496, 32.837254957670602 ], [ 35.073216822818843, 32.837322135793848 ], [ 35.073263764619774, 32.83738931389896 ], [ 35.073310706493942, 32.837456490182532 ], [ 35.073311761681609, 32.837457998911034 ], [ 35.073357648436037, 32.837523668251357 ], [ 35.073387456485506, 32.837567375448167 ], [ 35.073417264564135, 32.83761108263765 ], [ 35.073465107540045, 32.83767721023888 ], [ 35.073512948453235, 32.837743336015706 ], [ 35.073560791570792, 32.837809463579347 ], [ 35.073608632625636, 32.83787558931855 ], [ 35.073659929978355, 32.837947624709145 ], [ 35.073711225277592, 32.838019660075894 ], [ 35.07376252279839, 32.838091693619837 ], [ 35.073813818263091, 32.8381637289433 ], [ 35.073865115946688, 32.838235764247337 ], [ 35.073916413713008, 32.838307799529737 ], [ 35.073967709428494, 32.838379832984863 ], [ 35.074019007360263, 32.83845186822397 ], [ 35.074070303238564, 32.838523903439182 ], [ 35.074121601335776, 32.838595938634995 ], [ 35.074172897382148, 32.83866797200357 ], [ 35.074204283869136, 32.838716751736975 ], [ 35.074235672526576, 32.838765531464453 ], [ 35.074289801136779, 32.838840653307031 ], [ 35.074343931971597, 32.838915776931145 ], [ 35.074398062900094, 32.838990898727744 ], [ 35.074452193919605, 32.839066020500312 ], [ 35.07450632289396, 32.839141142246561 ], [ 35.074559600088364, 32.839217402818988 ], [ 35.074612875237484, 32.839293663365808 ], [ 35.074666150477576, 32.839369923889258 ], [ 35.074719427944821, 32.839446184391583 ], [ 35.074772703366804, 32.839522444868251 ], [ 35.074825978879751, 32.839598705321585 ], [ 35.074879256622495, 32.839674963950365 ], [ 35.074932532317327, 32.839751224356903 ], [ 35.074985808103129, 32.839827484740098 ], [ 35.075040040187183, 32.839901367434685 ], [ 35.075094274499804, 32.839975248303965 ], [ 35.075148506763298, 32.840049130950284 ], [ 35.075202739116506, 32.840123013572416 ], [ 35.075256971559419, 32.840196896170426 ], [ 35.075303630972243, 32.840260553002018 ], [ 35.075350290448945, 32.840324211619084 ], [ 35.075396949994747, 32.840387868414879 ], [ 35.075443609604463, 32.840451526996198 ], [ 35.075490269280685, 32.840515185559632 ], [ 35.075487575775732, 32.840516455968846 ], [ 35.075443710080776, 32.840537167637727 ], [ 35.075397283396313, 32.84055908671683 ], [ 35.075304297417965, 32.840602989607795 ], [ 35.075211311350841, 32.840646890625756 ], [ 35.075118325192356, 32.840690791574083 ], [ 35.075025338939881, 32.84073469425617 ], [ 35.074932352598637, 32.840778595065245 ], [ 35.074839366166032, 32.840822495804694 ], [ 35.074746379639429, 32.840866398277896 ], [ 35.074653395160311, 32.840910298880317 ], [ 35.074560408453586, 32.840954199410902 ], [ 35.074467421655491, 32.840998099871861 ], [ 35.074374434763385, 32.841042002066573 ], [ 35.074281447782532, 32.841085902388294 ], [ 35.074188460710303, 32.84112980264036 ], [ 35.074095473546713, 32.841173702822807 ], [ 35.07400248628911, 32.841217604739001 ], [ 35.073909498942768, 32.841261504782182 ], [ 35.073816511505051, 32.841305404755737 ], [ 35.073723523973335, 32.841349306463037 ], [ 35.073630538489127, 32.841393206299571 ], [ 35.073537550777296, 32.841437106064234 ], [ 35.073444562971446, 32.84148100756267 ], [ 35.073417848016838, 32.841494726740059 ], [ 35.073338288888593, 32.841535580080595 ], [ 35.073258731823842, 32.841576433372381 ], [ 35.073179172547405, 32.841617288414241 ], [ 35.0730996153371, 32.841658141603979 ], [ 35.07306311942957, 32.84167688546836 ], [ 35.073049173978355, 32.841684044661726 ], [ 35.073007006231677, 32.841705696811957 ], [ 35.072992898287367, 32.841712942390423 ], [ 35.072922674952196, 32.841748999270493 ], [ 35.07285245156033, 32.841785056110851 ], [ 35.072801082645661, 32.841808245815578 ], [ 35.072719024540945, 32.841842614798935 ], [ 35.0726369685121, 32.841876981927015 ], [ 35.072557674201697, 32.841910192339881 ], [ 35.072478379835019, 32.841943400898792 ], [ 35.072399085406786, 32.841976611210526 ], [ 35.0723197909196, 32.84200982147167 ], [ 35.07224049423457, 32.842043033483378 ], [ 35.072188475998523, 32.842065942726272 ], [ 35.072182415691557, 32.84206860531981 ], [ 35.072095555717993, 32.842106638688598 ], [ 35.072008697806787, 32.842144671998952 ] ] ] } },
{ "type": "Feature", "properties": { "OBJECTID_12": 34, "OBJECTID": 2426, "Shape_Leng": 5231.2688258400003, "Shape_Area": 1395119.5497197185, "OBJECTID_1": 48, "SEMEL_YISH": 4000, "SHEM_YISHU": "חיפה", "SHEM_YIS_1": "HAIFA", "ROVA": 1, "TAT_ROVA": 12, "SchName": "קריית חיים מערבית", "Shape_Length": 5231.2688258391172, "בזב": 8008.0, "מצביעים": 4261.0, "כשרים": 4210.0, "אמת": 88.0, "אצ": 5.0, "ב": 25.0, "ג": 18.0, "ד": 2.0, "ום": 2.0, "ז": 2.0, "זך": 0.0, "זנ": 0.0, "זץ": 0.0, "ט": 385.0, "י": 1.0, "יז": 15.0, "ינ": 0.0, "יץ": 1.0, "יק": 0.0, "כן": 389.0, "ך": 2.0, "ל": 491.0, "מחל": 1704.0, "מרצ": 45.0, "נז": 3.0, "ני": 0.0, "נף": 1.0, "נץ": 0.0, "נק": 2.0, "נר": 0.0, "עם": 2.0, "פה": 859.0, "ף": 0.0, "צ": 13.0, "ץ": 0.0, "ק": 2.0, "קי": 0.0, "קך": 3.0, "קנ": 0.0, "קץ": 16.0, "רז": 1.0, "שס": 131.0, "ת": 2.0, "n_stations": 14.0, "turnout_pct": 53.209290709290713, "אמת_pct": 2.0902612826603324, "אצ_pct": 0.11876484560570072, "ב_pct": 0.59382422802850354, "ג_pct": 0.42755344418052255, "ד_pct": 0.047505938242280284, "ום_pct": 0.047505938242280284, "ז_pct": 0.047505938242280284, "זך_pct": 0.0, "זנ_pct": 0.0, "זץ_pct": 0.0, "ט_pct": 9.1448931116389556, "י_pct": 0.023752969121140142, "יז_pct": 0.35629453681710216, "ינ_pct": 0.0, "יץ_pct": 0.023752969121140142, "יק_pct": 0.0, "כן_pct": 9.2399049881235147, "ך_pct": 0.047505938242280284, "ל_pct": 11.662707838479811, "מחל_pct": 40.475059382422799, "מרצ_pct": 1.0688836104513064, "נז_pct": 0.071258907363420429, "ני_pct": 0.0, "נף_pct": 0.023752969121140142, "נץ_pct": 0.0, "נק_pct": 0.047505938242280284, "נר_pct": 0.0, "עם_pct": 0.047505938242280284, "פה_pct": 20.403800475059384, "ף_pct": 0.0, "צ_pct": 0.30878859857482188, "ץ_pct": 0.0, "ק_pct": 0.047505938242280284, "קי_pct": 0.0, "קך_pct": 0.071258907363420429, "קנ_pct": 0.0, "קץ_pct": 0.38004750593824227, "רז_pct": 0.023752969121140142, "שס_pct": 3.1116389548693588, "ת_pct": 0.047505938242280284 }, "geometry": { "type": "Polygon", "coordinates": [ [ [ 35.064547508184695, 32.834560630854554 ], [ 35.064463188224785, 32.834614762372425 ], [ 35.064378870298718, 32.834668893835136 ], [ 35.064294550131464, 32.834723027041278 ], [ 35.064210232000931, 32.834777158388881 ], [ 35.064125913768152, 32.834831289678938 ], [ 35.064041593297034, 32.834885420909067 ], [ 35.063957274859803, 32.834939552084009 ], [ 35.06387295632031, 32.834993683201454 ], [ 35.06378863554248, 32.8350478142589 ], [ 35.063704316795679, 32.835101947064587 ], [ 35.063619997952344, 32.83515607620599 ], [ 35.063535676864944, 32.835210208894168 ], [ 35.063451357814273, 32.835264339723814 ], [ 35.063367038661347, 32.835318470495913 ], [ 35.063282717270113, 32.835372601208057 ], [ 35.063198397912721, 32.835426731865056 ], [ 35.063114076314122, 32.835480864265485 ], [ 35.063029756755121, 32.835534993004003 ], [ 35.06294543708816, 32.835589125291712 ], [ 35.06286111732183, 32.83564325571848 ], [ 35.062776795317127, 32.835697386085329 ], [ 35.062692475346303, 32.835751516397004 ], [ 35.062608153137127, 32.835805646648694 ], [ 35.062523832961837, 32.835859776845275 ], [ 35.062439512684293, 32.835913906984274 ], [ 35.062355190165526, 32.835968038866682 ], [ 35.06230845927341, 32.835998037300037 ], [ 35.062270869683509, 32.836022168890587 ], [ 35.062186549099252, 32.836076298856909 ], [ 35.062102226276622, 32.836130428763276 ], [ 35.062017905487885, 32.836184558614491 ], [ 35.0619335845969, 32.836238688408173 ], [ 35.061849261467572, 32.836292818141857 ], [ 35.0617649403721, 32.836346947820402 ], [ 35.061680619174403, 32.836401077441387 ], [ 35.061596295735434, 32.836455208805774 ], [ 35.061511974333257, 32.836509338311636 ], [ 35.061427650692679, 32.836563467757514 ], [ 35.061343329086014, 32.836617597148255 ], [ 35.061259007377103, 32.836671726481448 ], [ 35.061214649323013, 32.836700201558685 ], [ 35.061174685563067, 32.836725857560452 ], [ 35.061090363649662, 32.836779986778524 ], [ 35.061006039497883, 32.836834115936583 ], [ 35.060921717380012, 32.836888245039518 ], [ 35.060837395159886, 32.836942374084906 ], [ 35.060753070701374, 32.836996503070296 ], [ 35.060668748276768, 32.837050632000548 ], [ 35.060584423610848, 32.837104762674151 ], [ 35.060500100984662, 32.837158889685917 ], [ 35.060415778253322, 32.837213018443478 ], [ 35.060332876722299, 32.837266681704961 ], [ 35.060249977227784, 32.837320344913266 ], [ 35.060167077633608, 32.837374008065908 ], [ 35.060084177942684, 32.837427669359528 ], [ 35.060001278149187, 32.837481332400898 ], [ 35.059918378256057, 32.837534995386598 ], [ 35.059835478263246, 32.837588658316641 ], [ 35.059752578170773, 32.837642321191048 ], [ 35.059669677981589, 32.837695982206455 ], [ 35.059586777689823, 32.837749644969534 ], [ 35.05950387729839, 32.837803307676992 ], [ 35.059420976807289, 32.837856970328787 ], [ 35.059338076219476, 32.837910631121552 ], [ 35.059255175529088, 32.837964293662075 ], [ 35.059172274739034, 32.838017956146928 ], [ 35.059089373849304, 32.838071618576116 ], [ 35.05900647285992, 32.838125280949662 ], [ 35.058923571773825, 32.838178941464164 ], [ 35.058840670585141, 32.838232603726418 ], [ 35.05875776929679, 32.838286265933014 ], [ 35.058674867908763, 32.838339928083919 ], [ 35.058591966421091, 32.838393590179194 ], [ 35.058509064833757, 32.838447252218835 ], [ 35.058425132528242, 32.838501508114923 ], [ 35.058341195845379, 32.838555765752353 ], [ 35.058257263332898, 32.838610023337729 ], [ 35.05817332858512, 32.838664279060175 ], [ 35.058089393732395, 32.838718536528965 ], [ 35.058005456641453, 32.83877279393819 ], [ 35.05792152372382, 32.838827049491989 ], [ 35.057837588565029, 32.838881306789602 ], [ 35.057753653307167, 32.838935562226823 ], [ 35.057669715808125, 32.838989819407828 ], [ 35.057585782479457, 32.839044076536801 ], [ 35.057501846915542, 32.839098331802845 ], [ 35.057417911246638, 32.839152588815232 ], [ 35.057333973339496, 32.839206845768025 ], [ 35.057250037469508, 32.839261100862906 ], [ 35.057166101494524, 32.839315357704095 ], [ 35.05708216542051, 32.839369612684884 ], [ 35.056998229241479, 32.839423869411981 ], [ 35.05691429296342, 32.839478124278649 ], [ 35.056830356580342, 32.83953238089164 ], [ 35.056747596355535, 32.8395858291195 ], [ 35.056664838167833, 32.83963927729441 ], [ 35.056582077747841, 32.839692723607975 ], [ 35.056499317225743, 32.839746171669411 ], [ 35.056416558740771, 32.83979961967794 ], [ 35.056333798020489, 32.839853067628461 ], [ 35.056251037201108, 32.839906515523509 ], [ 35.056173038781658, 32.839956887034496 ], [ 35.056168276282634, 32.839959963363086 ], [ 35.056159342658759, 32.839966333125346 ], [ 35.056159242480909, 32.839966197753512 ], [ 35.056159033589267, 32.839965921589553 ], [ 35.053438027711998, 32.836325093101749 ], [ 35.050295969647635, 32.832321142168823 ], [ 35.049758597143573, 32.83171146064543 ], [ 35.053199719511454, 32.82953309715387 ], [ 35.053754924831033, 32.829187878519939 ], [ 35.055490063868596, 32.828108560266287 ], [ 35.055738524791458, 32.827954030072334 ], [ 35.056193644914309, 32.827659722644789 ], [ 35.059262470747164, 32.825675546718934 ], [ 35.059394081481223, 32.825590485928046 ], [ 35.059427230008772, 32.825630198684763 ], [ 35.059598662593821, 32.825810650356324 ], [ 35.059697622590242, 32.825897687707901 ], [ 35.059736436708398, 32.825931545945259 ], [ 35.059895719468898, 32.826039388100284 ], [ 35.060088726911836, 32.826145559331145 ], [ 35.060306955018525, 32.826253385946266 ], [ 35.060583105305618, 32.826396891886994 ], [ 35.060642125452951, 32.826422922942129 ], [ 35.060837739901565, 32.82650817680166 ], [ 35.061096699022798, 32.826593690439701 ], [ 35.061362236366357, 32.826693082656583 ], [ 35.06147665670354, 32.826733432328098 ], [ 35.061542839095743, 32.82675677147575 ], [ 35.061593004729779, 32.82677449823256 ], [ 35.061618823326107, 32.826788065657297 ], [ 35.061624154373114, 32.8267908597632 ], [ 35.061657672585689, 32.826808664887515 ], [ 35.061677306691642, 32.826818870961176 ], [ 35.061696512048862, 32.826828723080517 ], [ 35.0617340680013, 32.826848682416085 ], [ 35.061777174700616, 32.826871639871982 ], [ 35.061938928370466, 32.826967581729718 ], [ 35.062048706173456, 32.827039849022874 ], [ 35.062097627157655, 32.826897982262928 ], [ 35.062187094350122, 32.826781398049114 ], [ 35.062303310113222, 32.826699205736176 ], [ 35.062462734037155, 32.826645916393318 ], [ 35.062646232625283, 32.826633679201578 ], [ 35.062788864802535, 32.826663140154196 ], [ 35.06293425061024, 32.826773222351207 ], [ 35.063090570174104, 32.82693074380812 ], [ 35.063182340900866, 32.826974678519839 ], [ 35.063185234046031, 32.82697532739369 ], [ 35.063301265257643, 32.82700132411474 ], [ 35.063358637303423, 32.826988397223012 ], [ 35.063423059268459, 32.826973233037016 ], [ 35.063493704278038, 32.82693976791073 ], [ 35.063650063420873, 32.826865824907799 ], [ 35.063856890322775, 32.826752175657688 ], [ 35.063884358500189, 32.826737058103369 ], [ 35.06426604103649, 32.826539209756881 ], [ 35.064271601070843, 32.826536323359619 ], [ 35.064404071124883, 32.826441794130957 ], [ 35.064443850943718, 32.826403231853803 ], [ 35.064497552335332, 32.826351190430707 ], [ 35.064560678444273, 32.826277957173382 ], [ 35.064629780671964, 32.826202016469104 ], [ 35.064697551691168, 32.826094967735948 ], [ 35.064792655556417, 32.825987958467316 ], [ 35.064889336320903, 32.825906371329062 ], [ 35.064913387713837, 32.825887828725946 ], [ 35.065059508820788, 32.826072298721762 ], [ 35.065174079508999, 32.826229042553706 ], [ 35.065398078236498, 32.826536048244982 ], [ 35.06561899398784, 32.826837721117016 ], [ 35.066261777596708, 32.827747887384291 ], [ 35.066280644294473, 32.827774138361335 ], [ 35.066969816283169, 32.828734929635765 ], [ 35.067172934865347, 32.829021536344285 ], [ 35.067322881903472, 32.829232968336292 ], [ 35.067388518040204, 32.829324920570251 ], [ 35.067424229447312, 32.82937500162631 ], [ 35.06737175637808, 32.829397668576043 ], [ 35.067152878625834, 32.829494719281136 ], [ 35.067155525016062, 32.829510052709679 ], [ 35.067124060723835, 32.829553928687339 ], [ 35.067059160945213, 32.82959839555091 ], [ 35.0668816275561, 32.829687830379854 ], [ 35.06683417400766, 32.829710318672468 ], [ 35.066472290796121, 32.829881786068647 ], [ 35.066462667470482, 32.829886377687629 ], [ 35.066216422571557, 32.830003228342271 ], [ 35.066137220244173, 32.830037500661746 ], [ 35.066130711408945, 32.830040555609585 ], [ 35.066121845455292, 32.830044331108098 ], [ 35.065912051713831, 32.830136978598752 ], [ 35.065883512176889, 32.83014830289703 ], [ 35.065770565277425, 32.830192090134631 ], [ 35.065746621160855, 32.830201444791015 ], [ 35.065671715140262, 32.83023084343322 ], [ 35.065659205303106, 32.830235884438956 ], [ 35.065567201938023, 32.830268510148279 ], [ 35.06545382547214, 32.830309504991689 ], [ 35.065344298447954, 32.830346085730127 ], [ 35.065061017645213, 32.830443236118853 ], [ 35.064713535242092, 32.830549336537118 ], [ 35.064695164968832, 32.830553826285424 ], [ 35.064339600452058, 32.83064134183968 ], [ 35.064320567277676, 32.830646278029079 ], [ 35.064008368061245, 32.830730600491883 ], [ 35.063915637859537, 32.830754757304362 ], [ 35.063867232010764, 32.830766690024959 ], [ 35.063753975147208, 32.830794603551404 ], [ 35.063494459568275, 32.830858695905114 ], [ 35.063464543755636, 32.830866056077333 ], [ 35.063647486908295, 32.831408990539366 ], [ 35.063830542817918, 32.83188176618259 ], [ 35.063938982392024, 32.832139963993406 ], [ 35.064021763094999, 32.832337874843098 ], [ 35.064122383878917, 32.832600018517148 ], [ 35.064202261585613, 32.832808030308648 ], [ 35.06423509485596, 32.832888313803167 ], [ 35.064396857477988, 32.833283901729217 ], [ 35.064573848077288, 32.833679129530402 ], [ 35.064586998448682, 32.833711421079101 ], [ 35.06473705359263, 32.834080018710864 ], [ 35.064805606396064, 32.834233385908306 ], [ 35.064821669373245, 32.834270535371196 ], [ 35.064877975362656, 32.834395765190777 ], [ 35.064942572492917, 32.834542361623448 ], [ 35.064986212038576, 32.834641419282306 ], [ 35.064954988686154, 32.834660500302917 ], [ 35.064976682824501, 32.834709790945595 ], [ 35.064978221758231, 32.834713291212552 ], [ 35.0649793703043, 32.834715092262854 ], [ 35.064978170948038, 32.834714365969049 ], [ 35.064898080779997, 32.834665931779298 ], [ 35.064812925270417, 32.83461386709989 ], [ 35.064805195700259, 32.834609140843156 ], [ 35.064718509686713, 32.834557819187175 ], [ 35.064631825906311, 32.834506499276756 ], [ 35.064547508184695, 32.834560630854554 ] ] ] } },
{ "type": "Feature", "properties": { "OBJECTID_12": 35, "OBJECTID": 2428, "Shape_Leng": 3899.5235435, "Shape_Area": 896415.91214583709, "OBJECTID_1": 50, "SEMEL_YISH": 4000, "SHEM_YISHU": "חיפה", "SHEM_YIS_1": "HAIFA", "ROVA": 1, "TAT_ROVA": 12, "SchName": "חוות המיכלים", "Shape_Length": 3899.5235434991882, "בזב": null, "מצביעים": null, "כשרים": null, "אמת": null, "אצ": null, "ב": null, "ג": null, "ד": null, "ום": null, "ז": null, "זך": null, "זנ": null, "זץ": null, "ט": null, "י": null, "יז": null, "ינ": null, "יץ": null, "יק": null, "כן": null, "ך": null, "ל": null, "מחל": null, "מרצ": null, "נז": null, "ני": null, "נף": null, "נץ": null, "נק": null, "נר": null, "עם": null, "פה": null, "ף": null, "צ": null, "ץ": null, "ק": null, "קי": null, "קך": null, "קנ": null, "קץ": null, "רז": null, "שס": null, "ת": null, "n_stations": null, "turnout_pct": null, "אמת_pct": null, "אצ_pct": null, "ב_pct": null, "ג_pct": null, "ד_pct": null, "ום_pct": null, "ז_pct": null, "זך_pct": null, "זנ_pct": null, "זץ_pct": null, "ט_pct": null, "י_pct": null, "יז_pct": null, "ינ_pct": null, "יץ_pct": null, "יק_pct": null, "כן_pct": null, "ך_pct": null, "ל_pct": null, "מחל_pct": null, "מרצ_pct": null, "נז_pct": null, "ני_pct": null, "נף_pct": null, "נץ_pct": null, "נק_pct": null, "נר_pct": null, "עם_pct": null, "פה_pct": null, "ף_pct": null, "צ_pct": null, "ץ_pct": null, "ק_pct": null, "קי_pct": null, "קך_pct": null, "קנ_pct": null, "קץ_pct": null, "רז_pct": null, "שס_pct": null, "ת_pct": null }, "geometry": { "type": "Polygon", "coordinates": [ [ [ 35.055738524791458, 32.827954030072334 ], [ 35.055490063870096, 32.828108559364615 ], [ 35.053754923763051, 32.829187878518646 ], [ 35.053199718444993, 32.82953309625092 ], [ 35.049758596077105, 32.831711459742422 ], [ 35.046162521138925, 32.82763227484125 ], [ 35.044952448078767, 32.826442014867226 ], [ 35.044930004976266, 32.826419938161862 ], [ 35.046839071258638, 32.825208035567918 ], [ 35.047300581913696, 32.824905388107553 ], [ 35.047260676676913, 32.824867619428822 ], [ 35.047334916939676, 32.824821134002548 ], [ 35.047387293796909, 32.824788339421822 ], [ 35.049739755639074, 32.823315326599584 ], [ 35.053175607326487, 32.821147086970377 ], [ 35.054123182839284, 32.820550768711044 ], [ 35.054102089071797, 32.820522155284948 ], [ 35.054020051268388, 32.820410510413048 ], [ 35.054267835612173, 32.820261586110846 ], [ 35.054872219094946, 32.819898299590108 ], [ 35.055022788135282, 32.819772781836974 ], [ 35.055326151462189, 32.819592715104591 ], [ 35.055397657595393, 32.819683965684398 ], [ 35.055587589759114, 32.819897709280163 ], [ 35.055988262251851, 32.820345150330446 ], [ 35.056986227908808, 32.82142546383966 ], [ 35.05704805344822, 32.821492185989868 ], [ 35.057062467424267, 32.821507345045326 ], [ 35.057098587923619, 32.821546795939383 ], [ 35.057112656838747, 32.821562044752049 ], [ 35.057333091718604, 32.821805761266752 ], [ 35.057408119032893, 32.821897192441995 ], [ 35.057466104146393, 32.821967054968965 ], [ 35.057507757442828, 32.822018403731356 ], [ 35.057664748283379, 32.822219220298116 ], [ 35.05782450005502, 32.822478097040467 ], [ 35.058328972619947, 32.82340066424625 ], [ 35.058374671755374, 32.823474568706743 ], [ 35.058423340806584, 32.823547846331486 ], [ 35.05847017000027, 32.823646540442013 ], [ 35.05857156291033, 32.823881639992834 ], [ 35.058657827692706, 32.824090840626276 ], [ 35.058809666758108, 32.824494524591941 ], [ 35.058895638568352, 32.82469416768803 ], [ 35.058950499829237, 32.82484129711019 ], [ 35.059044993783729, 32.825050511517553 ], [ 35.059165512428855, 32.825273733142275 ], [ 35.059304869426448, 32.825483624254353 ], [ 35.059368705159784, 32.825560165154108 ], [ 35.059394081482687, 32.825590485026346 ], [ 35.059262470748649, 32.825675545817255 ], [ 35.056193643846349, 32.827659722643517 ], [ 35.055738524791458, 32.827954030072334 ] ] ] } },
{ "type": "Feature", "properties": { "OBJECTID_12": 36, "OBJECTID": 2429, "Shape_Leng": 2012.55439987, "Shape_Area": 221267.25060275922, "OBJECTID_1": 51, "SEMEL_YISH": 4000, "SHEM_YISHU": "חיפה", "SHEM_YIS_1": "HAIFA", "ROVA": 1, "TAT_ROVA": 12, "SchName": "אצטדיון קריית חיים", "Shape_Length": 2012.5543998687758, "בזב": null, "מצביעים": null, "כשרים": null, "אמת": null, "אצ": null, "ב": null, "ג": null, "ד": null, "ום": null, "ז": null, "זך": null, "זנ": null, "זץ": null, "ט": null, "י": null, "יז": null, "ינ": null, "יץ": null, "יק": null, "כן": null, "ך": null, "ל": null, "מחל": null, "מרצ": null, "נז": null, "ני": null, "נף": null, "נץ": null, "נק": null, "נר": null, "עם": null, "פה": null, "ף": null, "צ": null, "ץ": null, "ק": null, "קי": null, "קך": null, "קנ": null, "קץ": null, "רז": null, "שס": null, "ת": null, "n_stations": null, "turnout_pct": null, "אמת_pct": null, "אצ_pct": null, "ב_pct": null, "ג_pct": null, "ד_pct": null, "ום_pct": null, "ז_pct": null, "זך_pct": null, "זנ_pct": null, "זץ_pct": null, "ט_pct": null, "י_pct": null, "יז_pct": null, "ינ_pct": null, "יץ_pct": null, "יק_pct": null, "כן_pct": null, "ך_pct": null, "ל_pct": null, "מחל_pct": null, "מרצ_pct": null, "נז_pct": null, "ני_pct": null, "נף_pct": null, "נץ_pct": null, "נק_pct": null, "נר_pct": null, "עם_pct": null, "פה_pct": null, "ף_pct": null, "צ_pct": null, "ץ_pct": null, "ק_pct": null, "קי_pct": null, "קך_pct": null, "קנ_pct": null, "קץ_pct": null, "רז_pct": null, "שס_pct": null, "ת_pct": null }, "geometry": { "type": "Polygon", "coordinates": [ [ [ 35.064913387715251, 32.825887827824268 ], [ 35.06488933632231, 32.825906370427383 ], [ 35.064792654489885, 32.82598795756445 ], [ 35.064697551692589, 32.826094966834255 ], [ 35.064629780671964, 32.826202016469104 ], [ 35.064560678444273, 32.826277957173382 ], [ 35.064497551268765, 32.826351189527792 ], [ 35.064443849877179, 32.826403230950909 ], [ 35.064404071126305, 32.826441793229279 ], [ 35.064271601070843, 32.826536323359619 ], [ 35.06426604103649, 32.826539209756881 ], [ 35.06388435850161, 32.82673705720169 ], [ 35.063856889256229, 32.826752174754795 ], [ 35.063650063422287, 32.826865824006077 ], [ 35.063493703211499, 32.82693976700785 ], [ 35.06342305926988, 32.826973232135323 ], [ 35.063358636235442, 32.826988397221804 ], [ 35.063301265257643, 32.82700132411474 ], [ 35.063185234046031, 32.82697532739369 ], [ 35.063182340900866, 32.826974678519839 ], [ 35.063090570174104, 32.82693074380812 ], [ 35.062934250611661, 32.826773221449528 ], [ 35.062788864803956, 32.82666313925251 ], [ 35.062646232625283, 32.826633679201578 ], [ 35.062462732969202, 32.82664591639211 ], [ 35.062303310114658, 32.826699204834476 ], [ 35.06218709435155, 32.8267813971474 ], [ 35.062097627159098, 32.826897981361221 ], [ 35.062048705105511, 32.827039849021666 ], [ 35.061938928370466, 32.826967581729718 ], [ 35.061777174702073, 32.826871638970296 ], [ 35.0617340680013, 32.826848682416085 ], [ 35.061696512048862, 32.826828723080517 ], [ 35.061677306691642, 32.826818870961176 ], [ 35.061657671517743, 32.826808664886293 ], [ 35.06162415437457, 32.826790858861521 ], [ 35.061618823326107, 32.826788065657297 ], [ 35.061593003661834, 32.82677449823133 ], [ 35.061542839095743, 32.82675677147575 ], [ 35.06147665563703, 32.826733431425183 ], [ 35.061362236366357, 32.826693082656583 ], [ 35.061096697956302, 32.826593689536793 ], [ 35.060837739901565, 32.82650817680166 ], [ 35.060642125452951, 32.826422922942129 ], [ 35.060583105305618, 32.826396891886994 ], [ 35.060306955019975, 32.826253385044573 ], [ 35.0600887269133, 32.826145558429438 ], [ 35.059895719470362, 32.826039387198584 ], [ 35.059736436708398, 32.825931545945259 ], [ 35.059697622591699, 32.825897686806236 ], [ 35.059598662593821, 32.825810650356324 ], [ 35.059427228940827, 32.825630198683527 ], [ 35.059394081482687, 32.825590485026346 ], [ 35.059368705159784, 32.825560165154108 ], [ 35.059304869426448, 32.825483624254353 ], [ 35.059165512428855, 32.825273733142275 ], [ 35.059044993783729, 32.825050511517553 ], [ 35.058950499829237, 32.82484129711019 ], [ 35.058895638568352, 32.82469416768803 ], [ 35.058809666758108, 32.824494524591941 ], [ 35.058657827692706, 32.824090840626276 ], [ 35.05857156291033, 32.823881639992834 ], [ 35.05847017000027, 32.823646540442013 ], [ 35.058423340806584, 32.823547846331486 ], [ 35.058374671755374, 32.823474568706743 ], [ 35.05841442349103, 32.823451341540931 ], [ 35.058714800057956, 32.823275958331259 ], [ 35.059322440004749, 32.822948726420712 ], [ 35.060382485948573, 32.822262947928941 ], [ 35.060681759778383, 32.822037332715844 ], [ 35.060913153124091, 32.821851665038324 ], [ 35.061225771969454, 32.821556086293285 ], [ 35.061359750651398, 32.821383836192126 ], [ 35.061451452908521, 32.8212030626838 ], [ 35.061503259523754, 32.821061647455345 ], [ 35.061558539403684, 32.82088245351855 ], [ 35.061600400306048, 32.82068305448724 ], [ 35.061794584894592, 32.821123924002023 ], [ 35.062201589216357, 32.821974232244209 ], [ 35.062377087529157, 32.822287226135479 ], [ 35.062632732686872, 32.822692194624629 ], [ 35.063880735396161, 32.824427460428794 ], [ 35.064250817147311, 32.824942022703745 ], [ 35.064731063944819, 32.825632351546915 ], [ 35.064913387715251, 32.825887827824268 ] ] ] } },
{ "type": "Feature", "properties": { "OBJECTID_12": 37, "OBJECTID": 2430, "Shape_Leng": 6150.5646228899996, "Shape_Area": 2041093.2472945813, "OBJECTID_1": 52, "SEMEL_YISH": 4000, "SHEM_YISHU": "חיפה", "SHEM_YIS_1": "HAIFA", "ROVA": 1, "TAT_ROVA": 13, "SchName": "קריית חיים מזרחית", "Shape_Length": 6150.5646228852402, "בזב": 11674.0, "מצביעים": 7510.0, "כשרים": 7479.0, "אמת": 326.0, "אצ": 37.0, "ב": 51.0, "ג": 25.0, "ד": 0.0, "ום": 7.0, "ז": 0.0, "זך": 0.0, "זנ": 0.0, "זץ": 2.0, "ט": 596.0, "י": 0.0, "יז": 32.0, "ינ": 0.0, "יץ": 1.0, "יק": 1.0, "כן": 1075.0, "ך": 0.0, "ל": 302.0, "מחל": 2553.0, "מרצ": 122.0, "נז": 0.0, "ני": 4.0, "נף": 0.0, "נץ": 2.0, "נק": 0.0, "נר": 0.0, "עם": 3.0, "פה": 2083.0, "ף": 4.0, "צ": 22.0, "ץ": 4.0, "ק": 2.0, "קי": 1.0, "קך": 3.0, "קנ": 5.0, "קץ": 17.0, "רז": 0.0, "שס": 197.0, "ת": 2.0, "n_stations": 19.0, "turnout_pct": 64.330991947918449, "אמת_pct": 4.3588715068859472, "אצ_pct": 0.49471854526006148, "ב_pct": 0.68190934616927401, "ג_pct": 0.33426928733787942, "ד_pct": 0.0, "ום_pct": 0.093595400454606237, "ז_pct": 0.0, "זך_pct": 0.0, "זנ_pct": 0.0, "זץ_pct": 0.026741542987030353, "ט_pct": 7.9689798101350444, "י_pct": 0.0, "יז_pct": 0.42786468779248565, "ינ_pct": 0.0, "יץ_pct": 0.013370771493515177, "יק_pct": 0.013370771493515177, "כן_pct": 14.373579355528815, "ך_pct": 0.0, "ל_pct": 4.0379729910415829, "מחל_pct": 34.135579622944249, "מרצ_pct": 1.6312341222088516, "נז_pct": 0.0, "ני_pct": 0.053483085974060707, "נף_pct": 0.0, "נץ_pct": 0.026741542987030353, "נק_pct": 0.0, "נר_pct": 0.0, "עם_pct": 0.040112314480545523, "פה_pct": 27.851317020992113, "ף_pct": 0.053483085974060707, "צ_pct": 0.29415697285733389, "ץ_pct": 0.053483085974060707, "ק_pct": 0.026741542987030353, "קי_pct": 0.013370771493515177, "קך_pct": 0.040112314480545523, "קנ_pct": 0.066853857467575883, "קץ_pct": 0.227303115389758, "רז_pct": 0.0, "שס_pct": 2.6340419842224896, "ת_pct": 0.026741542987030353 }, "geometry": { "type": "Polygon", "coordinates": [ [ [ 35.07039906521694, 32.831264081903456 ], [ 35.070320194729774, 32.831305276783318 ], [ 35.070241326303226, 32.831346473418684 ], [ 35.070162457806653, 32.831387668200527 ], [ 35.070074611766884, 32.831431533119051 ], [ 35.069996076759345, 32.831472448629455 ], [ 35.069917539546594, 32.831513362284454 ], [ 35.06983900439522, 32.831554277695361 ], [ 35.069760469174653, 32.8315951912532 ], [ 35.069681697269296, 32.831634367852921 ], [ 35.069602927430921, 32.831673544404957 ], [ 35.069524157526224, 32.831712719103628 ], [ 35.069445387549742, 32.831751895555676 ], [ 35.069366617504187, 32.83179107195771 ], [ 35.069287847392317, 32.831830246506385 ], [ 35.069321016978229, 32.831878827456379 ], [ 35.069281474744294, 32.831898506524887 ], [ 35.069286378288069, 32.831910318537972 ], [ 35.069251408199875, 32.831933538957713 ], [ 35.06864329753008, 32.83108394395456 ], [ 35.068257610132257, 32.830543144364363 ], [ 35.067798931278134, 32.829899559665755 ], [ 35.067424229447312, 32.82937500162631 ], [ 35.067388518040204, 32.829324920570251 ], [ 35.067322881903472, 32.829232968336292 ], [ 35.067172934865347, 32.829021536344285 ], [ 35.066969816283169, 32.828734929635765 ], [ 35.066280644294473, 32.827774138361335 ], [ 35.066261777596708, 32.827747887384291 ], [ 35.06561899398784, 32.826837721117016 ], [ 35.065398078236498, 32.826536048244982 ], [ 35.065174079508999, 32.826229042553706 ], [ 35.065059508820788, 32.826072298721762 ], [ 35.064913387713837, 32.825887828725946 ], [ 35.064731063944819, 32.825632351546915 ], [ 35.064250817145897, 32.824942023605459 ], [ 35.063880735394726, 32.82442746133048 ], [ 35.062632732685429, 32.822692195526301 ], [ 35.062377087527729, 32.822287227037179 ], [ 35.062201589214915, 32.821974233145895 ], [ 35.061794584893143, 32.821123924903716 ], [ 35.061600400306048, 32.82068305448724 ], [ 35.061613205200572, 32.820622379891567 ], [ 35.061633007233979, 32.820528083812938 ], [ 35.061638961393342, 32.820474894451031 ], [ 35.061641226765019, 32.820459292372803 ], [ 35.061645344099027, 32.820423499941789 ], [ 35.061657926261248, 32.820304404534753 ], [ 35.061663957111762, 32.82007502666351 ], [ 35.061862438188115, 32.820162619438378 ], [ 35.061997623674934, 32.820233195340954 ], [ 35.062013190058238, 32.820241957644683 ], [ 35.062062920954972, 32.82027024253145 ], [ 35.062063005225795, 32.820217398132137 ], [ 35.062064946916358, 32.81899976768554 ], [ 35.062067173049854, 32.817603672792075 ], [ 35.063296481506185, 32.816990475150519 ], [ 35.063312584505489, 32.817006714726055 ], [ 35.063317173210905, 32.817011322129794 ], [ 35.064502439633401, 32.816418985772849 ], [ 35.065726490775894, 32.815807476851916 ], [ 35.065735013689427, 32.815816034327916 ], [ 35.066915590616624, 32.815202750521166 ], [ 35.067707491200864, 32.81477639067338 ], [ 35.069355091081142, 32.81388920789383 ], [ 35.069551393350771, 32.813784996337276 ], [ 35.07056662373455, 32.813246423022655 ], [ 35.070947474806907, 32.813554856548862 ], [ 35.070867443502202, 32.813657470326902 ], [ 35.070631750712131, 32.813960542487749 ], [ 35.071451170912304, 32.814682051042006 ], [ 35.071460988290205, 32.814690721314811 ], [ 35.071926805676377, 32.814310158276108 ], [ 35.072660520946734, 32.813710753680539 ], [ 35.072764115846276, 32.8136260296559 ], [ 35.072849427047885, 32.813556230978058 ], [ 35.072941780757354, 32.813639103305633 ], [ 35.073553580721722, 32.814187520243244 ], [ 35.073587769017365, 32.814167633986912 ], [ 35.073604223088296, 32.814158001270229 ], [ 35.073647305041646, 32.814133067599883 ], [ 35.07363098727415, 32.81411671911323 ], [ 35.073678122168829, 32.814086240652948 ], [ 35.073702633807187, 32.814110209770661 ], [ 35.073765834403204, 32.814172009166043 ], [ 35.07381532228014, 32.81421629960083 ], [ 35.073864810206153, 32.814260590015827 ], [ 35.07392037878671, 32.814310381658728 ], [ 35.073975949562204, 32.814360175082307 ], [ 35.074031520402315, 32.814409966677601 ], [ 35.074059343171513, 32.814434894965665 ], [ 35.074087091304399, 32.814459758247978 ], [ 35.074155765984841, 32.814523041916047 ], [ 35.074224440762592, 32.814586325546024 ], [ 35.074293117773323, 32.814649609140176 ], [ 35.074361792745741, 32.81471289269404 ], [ 35.074430469951118, 32.81477617621205 ], [ 35.074499145118246, 32.814839459689786 ], [ 35.074567822518269, 32.814902743131654 ], [ 35.074636497880064, 32.81496602653327 ], [ 35.074705175472168, 32.815029311702418 ], [ 35.074773851028617, 32.815092595027863 ], [ 35.074842528818017, 32.815155878317498 ], [ 35.074911204569126, 32.815219161566844 ], [ 35.074979882553208, 32.81528244478033 ], [ 35.075048558498992, 32.815345727953535 ], [ 35.075117236677755, 32.8154090110909 ], [ 35.075185912818228, 32.815472294187984 ], [ 35.075254591191666, 32.815535577249193 ], [ 35.07532326965984, 32.815598862075738 ], [ 35.07539350310013, 32.815657629187371 ], [ 35.075463738765919, 32.815716398064872 ], [ 35.075533972388548, 32.815775166900444 ], [ 35.07560420823669, 32.815833937501871 ], [ 35.07567444417991, 32.815892706260229 ], [ 35.075744678079964, 32.815951474976636 ], [ 35.075814914208131, 32.816010243655519 ], [ 35.075885150428768, 32.816069012294697 ], [ 35.075955384606232, 32.816127780891968 ], [ 35.076025621011823, 32.8161865494517 ], [ 35.076095857509891, 32.816245317971678 ], [ 35.076166094100444, 32.816304086451964 ], [ 35.076236328647788, 32.816362854890322 ], [ 35.076311915730365, 32.816425769333158 ], [ 35.076387500783802, 32.816488683727783 ], [ 35.076463088079471, 32.816551598078618 ], [ 35.076538675481657, 32.816614512383431 ], [ 35.076614260854733, 32.816677426640076 ], [ 35.07668984847259, 32.816740339049517 ], [ 35.076765434058757, 32.816803253214175 ], [ 35.07684102188712, 32.816866167334972 ], [ 35.076916607686378, 32.816929081407608 ], [ 35.076992195730398, 32.816991993633017 ], [ 35.077067781742748, 32.81705490761366 ], [ 35.07714336999986, 32.817117819747061 ], [ 35.077218958360973, 32.817180733637869 ], [ 35.077294544692947, 32.817243647480467 ], [ 35.077370133267152, 32.817306561279253 ], [ 35.077445721950482, 32.817369473228659 ], [ 35.077499546511561, 32.817404911976652 ], [ 35.077505729956734, 32.817408984872927 ], [ 35.0775793440923, 32.817457813924882 ], [ 35.077584868198109, 32.817461476781375 ], [ 35.07760822349217, 32.817476968052937 ], [ 35.077650274138819, 32.81750485847347 ], [ 35.077664006535166, 32.817513966836188 ], [ 35.077743144965368, 32.81756645684078 ], [ 35.077811098684563, 32.81761152899233 ], [ 35.077822283488707, 32.81761894679515 ], [ 35.077884530151955, 32.817670434983107 ], [ 35.077946776887018, 32.817721923139864 ], [ 35.078009021560739, 32.81777340945991 ], [ 35.078071268439423, 32.817824897554253 ], [ 35.078145295598191, 32.817887188941391 ], [ 35.078163359237557, 32.817902389837549 ], [ 35.078219322860271, 32.817949480284405 ], [ 35.078293350225664, 32.818011771583244 ], [ 35.078367377694377, 32.818074062837972 ], [ 35.078441405266425, 32.818136354048548 ], [ 35.078506228856448, 32.818195029194065 ], [ 35.078571050395972, 32.818253704303565 ], [ 35.078614708255827, 32.818294886944351 ], [ 35.078658366153427, 32.818336071373167 ], [ 35.078719417001551, 32.818407844193423 ], [ 35.078780467945201, 32.81847961878676 ], [ 35.078841516851242, 32.818551393347576 ], [ 35.078902567993609, 32.818623166076812 ], [ 35.078951469031509, 32.818693473074745 ], [ 35.079000370148876, 32.818763778249597 ], [ 35.079049269207417, 32.818834083402606 ], [ 35.079082823107036, 32.818901368740768 ], [ 35.079116379192847, 32.818968654071483 ], [ 35.0791499331959, 32.819035937587074 ], [ 35.079179381841016, 32.819095987225957 ], [ 35.079208830528181, 32.819156035054036 ], [ 35.079229360352151, 32.819211565501199 ], [ 35.079249890201538, 32.819267095944532 ], [ 35.07927304522741, 32.819333056165746 ], [ 35.079296200289889, 32.819399014578678 ], [ 35.079319357519644, 32.819464974792233 ], [ 35.079335065828104, 32.819542761355429 ], [ 35.079350774163728, 32.819620547915811 ], [ 35.07936648252651, 32.819698334473273 ], [ 35.079382190916441, 32.819776121027871 ], [ 35.079397901469271, 32.819853907581731 ], [ 35.079406033464721, 32.819924736330591 ], [ 35.079414165475399, 32.819995563274773 ], [ 35.079422299632029, 32.820066392023151 ], [ 35.079432445009033, 32.820156008611363 ], [ 35.07944259040864, 32.820245623394129 ], [ 35.079452735825789, 32.820335239978228 ], [ 35.079462881265528, 32.82042485475688 ], [ 35.07947302672283, 32.82051447133685 ], [ 35.079483172202693, 32.820604086111409 ], [ 35.079493317700127, 32.820693702687272 ], [ 35.079503463220135, 32.820783317457703 ], [ 35.079513608757715, 32.820872934029431 ], [ 35.079523754317869, 32.820962548795769 ], [ 35.079533899895566, 32.821052165363398 ], [ 35.079544045495851, 32.821141780125593 ], [ 35.079554191113708, 32.821231396689114 ], [ 35.079564336754139, 32.821321011447203 ], [ 35.079574482412113, 32.821410628006596 ], [ 35.079584628092697, 32.821500242760585 ], [ 35.079594773790816, 32.821589859315871 ], [ 35.079604919511539, 32.821679474065725 ], [ 35.079612827675447, 32.821751757886972 ], [ 35.079620735849453, 32.821824043510297 ], [ 35.0796286440386, 32.821896327328915 ], [ 35.079636552240352, 32.821968611146232 ], [ 35.079643067295301, 32.822023000420018 ], [ 35.079649582355572, 32.822077391496336 ], [ 35.079659334850191, 32.822164197977756 ], [ 35.07966908736099, 32.822251006260622 ], [ 35.079674698101485, 32.822301459650475 ], [ 35.079674847863629, 32.822302805122426 ], [ 35.079674879492465, 32.822303097301742 ], [ 35.079674925913146, 32.822303503108884 ], [ 35.079674997623272, 32.82230415239772 ], [ 35.079678372514195, 32.822334495853646 ], [ 35.079686193144838, 32.822403780551944 ], [ 35.079694013789947, 32.822473063445621 ], [ 35.079701834444528, 32.822542348141454 ], [ 35.079710569052324, 32.822617882463632 ], [ 35.079719305808013, 32.822693418589829 ], [ 35.07972365095052, 32.822731005389372 ], [ 35.079728040444962, 32.822768952909044 ], [ 35.079737064038831, 32.822845582167112 ], [ 35.079746087645489, 32.82292221322701 ], [ 35.079755111267396, 32.822998844285308 ], [ 35.079755180913345, 32.822999443077329 ], [ 35.07975525056434, 32.82300003826257 ], [ 35.079739334785238, 32.823001284781348 ], [ 35.079671957060043, 32.823006559283051 ], [ 35.079593837965227, 32.823010515588344 ], [ 35.079515716730384, 32.823014470039375 ], [ 35.079437597624583, 32.823018424443781 ], [ 35.079428519721809, 32.823018882457411 ], [ 35.079344877824745, 32.823024030539052 ], [ 35.07926123592074, 32.823029176761416 ], [ 35.079264877560959, 32.823061125500942 ], [ 35.079264902895012, 32.823061336521896 ], [ 35.079264923964999, 32.823061542128436 ], [ 35.079186281318293, 32.823067169390569 ], [ 35.079107638659309, 32.823072798406642 ], [ 35.079028993857285, 32.823078425567743 ], [ 35.078946521257137, 32.823084326564192 ], [ 35.078856032195219, 32.82309071720028 ], [ 35.078765540987312, 32.82309710596541 ], [ 35.078675051899943, 32.82310349647058 ], [ 35.078584560666556, 32.82310988510482 ], [ 35.078484432322469, 32.823117957355649 ], [ 35.078384303960554, 32.823126029526378 ], [ 35.078282927320402, 32.823133252770134 ], [ 35.078181550664127, 32.82314047593173 ], [ 35.078162022585374, 32.823142122565095 ], [ 35.078115464503483, 32.82314604484867 ], [ 35.078091713383465, 32.823148047887102 ], [ 35.07804937833474, 32.823151613730715 ], [ 35.077954075310032, 32.823169832644332 ], [ 35.077858772246643, 32.823188051485261 ], [ 35.077760792423625, 32.82320965068908 ], [ 35.077662814689248, 32.823231249818249 ], [ 35.077584194059035, 32.82324976666564 ], [ 35.077529612154017, 32.823263799375205 ], [ 35.077475028096082, 32.823277832058714 ], [ 35.077379379198241, 32.823304785762602 ], [ 35.077287897776195, 32.823332872541656 ], [ 35.077233559915065, 32.823349442727114 ], [ 35.077179222033834, 32.823366012888904 ], [ 35.07712112652915, 32.823384550302308 ], [ 35.077101928567494, 32.823391295264713 ], [ 35.077042495448232, 32.823413210817847 ], [ 35.076983060161446, 32.823435128143814 ], [ 35.07688606236168, 32.823471661461348 ], [ 35.076789062346869, 32.823508194701148 ], [ 35.076736303032419, 32.823528991601442 ], [ 35.076663923530326, 32.823560476938368 ], [ 35.076591546113129, 32.823591962235341 ], [ 35.076528875790665, 32.823620640524723 ], [ 35.076466205430577, 32.823649316979107 ], [ 35.07640353716355, 32.823677995207468 ], [ 35.076385334907478, 32.823685866387457 ], [ 35.076300420530409, 32.82373029959453 ], [ 35.076215506068891, 32.823774732743452 ], [ 35.076150209596761, 32.823812987713588 ], [ 35.076084913068712, 32.823851242649276 ], [ 35.076019945079423, 32.823892693478868 ], [ 35.075954974896568, 32.823934142468779 ], [ 35.075890004653417, 32.823975591424549 ], [ 35.075826615225161, 32.824019765075306 ], [ 35.075763225734143, 32.824063938693484 ], [ 35.075740682096097, 32.824078566193378 ], [ 35.075709108701233, 32.824101642263777 ], [ 35.075650642904442, 32.824145352006759 ], [ 35.075592177050403, 32.824189061721995 ], [ 35.075533711141709, 32.824232769606105 ], [ 35.075488855782936, 32.824269918155565 ], [ 35.075444000386838, 32.824307066688668 ], [ 35.075367651417956, 32.824369543693528 ], [ 35.075314632414724, 32.824417202885591 ], [ 35.075261613354854, 32.824464862054704 ], [ 35.075208592102484, 32.824512521198663 ], [ 35.075153781050361, 32.8245660033921 ], [ 35.075105068853638, 32.824615827390488 ], [ 35.075056358738358, 32.824665651371589 ], [ 35.075004937031778, 32.824722141432822 ], [ 35.074953515260013, 32.824778631472228 ], [ 35.074902093423148, 32.824835121489862 ], [ 35.074860929866865, 32.8248844212021 ], [ 35.074860249477773, 32.824885235626148 ], [ 35.074818405485374, 32.82493534974796 ], [ 35.074776559310052, 32.824985463853018 ], [ 35.074747219222481, 32.825024880618884 ], [ 35.074738607656279, 32.825036449403797 ], [ 35.07471787483459, 32.825064299176518 ], [ 35.074675243710118, 32.82511948534335 ], [ 35.07464381154702, 32.825163971022512 ], [ 35.074640462842723, 32.825169604919452 ], [ 35.074596930255538, 32.825233617672559 ], [ 35.074553395469913, 32.825297630407526 ], [ 35.074509862760252, 32.825361641325379 ], [ 35.074460190396074, 32.825441050331719 ], [ 35.074429612621188, 32.825497092904342 ], [ 35.074408877616079, 32.825535099260847 ], [ 35.074399036943689, 32.825553135471132 ], [ 35.074368461227706, 32.82560917802985 ], [ 35.074345703305291, 32.825651703348854 ], [ 35.074322947497002, 32.825694228665597 ], [ 35.074294029133142, 32.825757598258669 ], [ 35.074286663761811, 32.825772807528082 ], [ 35.074259713079023, 32.825831389378955 ], [ 35.074232762360765, 32.825889971223383 ], [ 35.074206072007904, 32.82596038711489 ], [ 35.074179381612744, 32.826030802999803 ], [ 35.074152691175307, 32.826101218878122 ], [ 35.074131745842543, 32.826161686068893 ], [ 35.074110800481279, 32.826222153255493 ], [ 35.074089852955588, 32.826282620435727 ], [ 35.074076354431305, 32.826327690892263 ], [ 35.074062855893317, 32.82637276134696 ], [ 35.074057827275013, 32.826390784504291 ], [ 35.074047843040312, 32.826426565797298 ], [ 35.074032828030546, 32.826480372046468 ], [ 35.074011578543129, 32.826554463434604 ], [ 35.074010771336468, 32.826557272260317 ], [ 35.073996138404375, 32.826608296286111 ], [ 35.073988716734803, 32.826634176078173 ], [ 35.073971888988886, 32.82669333105882 ], [ 35.073955059082003, 32.826752487837744 ], [ 35.073938231291216, 32.826811642812622 ], [ 35.073913827849637, 32.826895305038306 ], [ 35.073889426497963, 32.826978967260203 ], [ 35.073870139100677, 32.82704469658664 ], [ 35.073850853813383, 32.82711042410817 ], [ 35.073831566361584, 32.827176151623746 ], [ 35.073808169900005, 32.827257562452303 ], [ 35.073784773398152, 32.82733897147191 ], [ 35.073767751335275, 32.827397906202933 ], [ 35.073761544899952, 32.827419394212498 ], [ 35.073738314223689, 32.82749981694537 ], [ 35.073715085641261, 32.827580239675072 ], [ 35.073691854878135, 32.82766066420043 ], [ 35.073689676659598, 32.827669114367815 ], [ 35.073665608501948, 32.827752495555771 ], [ 35.073641540299043, 32.827835876737886 ], [ 35.073617472050927, 32.827919257914161 ], [ 35.073593405893497, 32.828002639086769 ], [ 35.073573270459278, 32.828071025651717 ], [ 35.073570514179224, 32.828080385919094 ], [ 35.07354762028622, 32.828158134547301 ], [ 35.073540068151303, 32.828186867116464 ], [ 35.07351843337824, 32.828260954389897 ], [ 35.073496798571689, 32.828335039855254 ], [ 35.073472144801272, 32.828418420384189 ], [ 35.073447493120476, 32.828501800909251 ], [ 35.073422841393331, 32.828585181428252 ], [ 35.07339818748126, 32.828668563742305 ], [ 35.073376640572491, 32.828743747531938 ], [ 35.073355091491273, 32.828818931314672 ], [ 35.073333542373518, 32.828894115092695 ], [ 35.073333409260343, 32.828894580225231 ], [ 35.073333276155111, 32.828895039947682 ], [ 35.073242192460313, 32.828875924297009 ], [ 35.073151106668817, 32.828856808577882 ], [ 35.073060023052527, 32.828837692794778 ], [ 35.072976165345956, 32.82882009396107 ], [ 35.072968937339525, 32.828818576943149 ], [ 35.072905462848333, 32.828805549389592 ], [ 35.072841990511748, 32.828792521806086 ], [ 35.072788940909909, 32.828781476243627 ], [ 35.072735893454585, 32.828770432464331 ], [ 35.072651763615774, 32.828753505787688 ], [ 35.072567638078333, 32.828736580862405 ], [ 35.072483510439689, 32.828719654075009 ], [ 35.072479649769456, 32.82871887635644 ], [ 35.072458069939685, 32.828792680366092 ], [ 35.072436490073997, 32.828866484371076 ], [ 35.072414910172398, 32.828940288371378 ], [ 35.072392940101707, 32.829015029712927 ], [ 35.072370967857999, 32.82908977104735 ], [ 35.072348995577293, 32.829164512376963 ], [ 35.072333311456369, 32.82922057011158 ], [ 35.072317627315613, 32.829276627843697 ], [ 35.072293807346803, 32.829360009005782 ], [ 35.072269989469234, 32.829443390164357 ], [ 35.072245078022988, 32.829529588844615 ], [ 35.072220166528318, 32.829615787518627 ], [ 35.072196769254965, 32.82969775886118 ], [ 35.072173369799707, 32.829779731999295 ], [ 35.072158944202599, 32.82982958921427 ], [ 35.072144518583933, 32.829879450033928 ], [ 35.072124216351028, 32.829952690863699 ], [ 35.07210048187568, 32.830035790742642 ], [ 35.072076749491806, 32.830118890618095 ], [ 35.072052509580878, 32.830202833932709 ], [ 35.07202827176004, 32.830286777243643 ], [ 35.072006644463308, 32.830356072657821 ], [ 35.071992464361863, 32.830407340350902 ], [ 35.07197828638003, 32.830458608044168 ], [ 35.071954886104514, 32.830540862457127 ], [ 35.071931485785605, 32.830623116864523 ], [ 35.0719062405065, 32.830710723545813 ], [ 35.071880995177537, 32.830798330220659 ], [ 35.07186405119036, 32.830858051013244 ], [ 35.071847107183082, 32.830917769999488 ], [ 35.071833182762511, 32.830967909025183 ], [ 35.071809026990785, 32.831052416827291 ], [ 35.071784871173037, 32.831136924623451 ], [ 35.071764579703064, 32.831203968980837 ], [ 35.071749734187414, 32.831255798588138 ], [ 35.071734886515713, 32.831307629994328 ], [ 35.071711612956818, 32.83139055353783 ], [ 35.071688341493108, 32.831473475274656 ], [ 35.071688210508853, 32.831473936800769 ], [ 35.071688081668682, 32.831474392919006 ], [ 35.071589613350021, 32.831454000464994 ], [ 35.071491145076621, 32.831433607933612 ], [ 35.071392676848525, 32.831413215324822 ], [ 35.071294206529672, 32.831392822636325 ], [ 35.071196280099095, 32.831372994906744 ], [ 35.071098351576261, 32.831353167098349 ], [ 35.071001634221439, 32.831333340504116 ], [ 35.070904916912554, 32.831313512031876 ], [ 35.070808199644233, 32.831293685288294 ], [ 35.070711482421835, 32.831273856666677 ], [ 35.070612888525176, 32.831253463310226 ], [ 35.070514296809883, 32.831233069878451 ], [ 35.070480348322988, 32.831223562215172 ], [ 35.070477933498061, 32.83122288516779 ], [ 35.07039906521694, 32.831264081903456 ] ] ] } },
{ "type": "Feature", "properties": { "OBJECTID_12": 38, "OBJECTID": 2434, "Shape_Leng": 3167.2743892799999, "Shape_Area": 546204.8414533505, "OBJECTID_1": 56, "SEMEL_YISH": 4000, "SHEM_YISHU": "חיפה", "SHEM_YIS_1": "HAIFA", "ROVA": 5, "TAT_ROVA": 52, "SchName": "כבאביר", "Shape_Length": 3167.2743892806657, "בזב": 2944.0, "מצביעים": 1860.0, "כשרים": 1844.0, "אמת": 74.0, "אצ": 1.0, "ב": 5.0, "ג": 0.0, "ד": 297.0, "ום": 681.0, "ז": 0.0, "זך": 0.0, "זנ": 0.0, "זץ": 0.0, "ט": 19.0, "י": 0.0, "יז": 4.0, "ינ": 0.0, "יץ": 0.0, "יק": 0.0, "כן": 85.0, "ך": 0.0, "ל": 26.0, "מחל": 119.0, "מרצ": 133.0, "נז": 0.0, "ני": 1.0, "נף": 0.0, "נץ": 0.0, "נק": 0.0, "נר": 1.0, "עם": 100.0, "פה": 289.0, "ף": 0.0, "צ": 0.0, "ץ": 3.0, "ק": 0.0, "קי": 0.0, "קך": 0.0, "קנ": 0.0, "קץ": 3.0, "רז": 1.0, "שס": 2.0, "ת": 0.0, "n_stations": 5.0, "turnout_pct": 63.179347826086953, "אמת_pct": 4.0130151843817785, "אצ_pct": 0.054229934924078092, "ב_pct": 0.27114967462039047, "ג_pct": 0.0, "ד_pct": 16.106290672451191, "ום_pct": 36.930585683297181, "ז_pct": 0.0, "זך_pct": 0.0, "זנ_pct": 0.0, "זץ_pct": 0.0, "ט_pct": 1.0303687635574839, "י_pct": 0.0, "יז_pct": 0.21691973969631237, "ינ_pct": 0.0, "יץ_pct": 0.0, "יק_pct": 0.0, "כן_pct": 4.6095444685466376, "ך_pct": 0.0, "ל_pct": 1.4099783080260302, "מחל_pct": 6.4533622559652937, "מרצ_pct": 7.2125813449023859, "נז_pct": 0.0, "ני_pct": 0.054229934924078092, "נף_pct": 0.0, "נץ_pct": 0.0, "נק_pct": 0.0, "נר_pct": 0.054229934924078092, "עם_pct": 5.4229934924078096, "פה_pct": 15.672451193058567, "ף_pct": 0.0, "צ_pct": 0.0, "ץ_pct": 0.16268980477223427, "ק_pct": 0.0, "קי_pct": 0.0, "קך_pct": 0.0, "קנ_pct": 0.0, "קץ_pct": 0.16268980477223427, "רז_pct": 0.054229934924078092, "שס_pct": 0.10845986984815618, "ת_pct": 0.0 }, "geometry": { "type": "Polygon", "coordinates": [ [ [ 34.971649021155564, 32.808112111825587 ], [ 34.965314373669969, 32.810744565635069 ], [ 34.96524082635122, 32.810775176415795 ], [ 34.965219226033611, 32.810784141236596 ], [ 34.965227698306506, 32.810731684466106 ], [ 34.965296105630543, 32.810309016214262 ], [ 34.965342247535453, 32.810023532721175 ], [ 34.96555333400822, 32.80827114148677 ], [ 34.965586757665214, 32.807993516123545 ], [ 34.965739050025114, 32.806728712013296 ], [ 34.965861261974617, 32.805713720415099 ], [ 34.965866396197413, 32.805671082923027 ], [ 34.965944848743156, 32.804681808686013 ], [ 34.965961309960427, 32.804474815379947 ], [ 34.965970971091288, 32.804456161557574 ], [ 34.966263103998472, 32.803889734096472 ], [ 34.966706769388381, 32.803553164194554 ], [ 34.966898166133873, 32.803407992583374 ], [ 34.967248940110274, 32.803309563311423 ], [ 34.967601427049331, 32.803210687250171 ], [ 34.967665401514417, 32.803192759956595 ], [ 34.967802404606402, 32.803154346246068 ], [ 34.968375305381386, 32.803079059522346 ], [ 34.968570559951857, 32.803086009733775 ], [ 34.969128900005359, 32.803105904428492 ], [ 34.96955188400262, 32.802954849983436 ], [ 34.969620032326489, 32.802943076346565 ], [ 34.969682839684872, 32.802932290834093 ], [ 34.970037038643241, 32.802871090086434 ], [ 34.970210719452915, 32.802841028916987 ], [ 34.970304826849031, 32.802824796797658 ], [ 34.970288052917475, 32.802789684234156 ], [ 34.970373936944135, 32.802813023645967 ], [ 34.97038257887656, 32.802815384193664 ], [ 34.970398582477117, 32.802819747628533 ], [ 34.970524246661235, 32.802776695789483 ], [ 34.970807547858165, 32.802679662463049 ], [ 34.970973270056653, 32.802622891714122 ], [ 34.971486015961958, 32.80244720238386 ], [ 34.971619139537914, 32.802410038736291 ], [ 34.971627197974733, 32.802389666471193 ], [ 34.971637191797477, 32.802364896646708 ], [ 34.971698559650783, 32.80221054372997 ], [ 34.971708445241909, 32.802185501387036 ], [ 34.972572526216311, 32.801805322388169 ], [ 34.973387676707176, 32.802659474633657 ], [ 34.973682667949461, 32.802968574596797 ], [ 34.973706517244104, 32.802993506120934 ], [ 34.973702559146084, 32.802997733172219 ], [ 34.973631778138845, 32.803076150900495 ], [ 34.973534134502742, 32.803184251439227 ], [ 34.973494845125266, 32.803225575651794 ], [ 34.973575773386322, 32.803304617440219 ], [ 34.973671045771539, 32.80345690655399 ], [ 34.973780889591161, 32.803628434766864 ], [ 34.973885821589647, 32.803804452376241 ], [ 34.973963211180497, 32.803933633155175 ], [ 34.974033830801808, 32.804040878609143 ], [ 34.974147928392284, 32.804139192471261 ], [ 34.974201010424778, 32.804092403017641 ], [ 34.974214324405779, 32.804101532771085 ], [ 34.974243749549721, 32.80412151153007 ], [ 34.974521500383588, 32.80431101711963 ], [ 34.974600448710859, 32.804437439380671 ], [ 34.974606474476111, 32.804447087714934 ], [ 34.975034326106346, 32.805132210690907 ], [ 34.975187234628827, 32.805377053669794 ], [ 34.975483388460866, 32.805886231270215 ], [ 34.975740326331767, 32.806327906273609 ], [ 34.975779552249406, 32.806395335118808 ], [ 34.971706627964664, 32.808088145555082 ], [ 34.971649021155564, 32.808112111825587 ] ] ] } },
{ "type": "Feature", "properties": { "OBJECTID_12": 39, "OBJECTID": 2436, "Shape_Leng": 3263.88347436, "Shape_Area": 494810.34690849797, "OBJECTID_1": 58, "SEMEL_YISH": 4000, "SHEM_YISHU": "חיפה", "SHEM_YIS_1": "HAIFA", "ROVA": 5, "TAT_ROVA": 53, "SchName": "רמת שאול", "Shape_Length": 3263.8834743588959, "בזב": 1235.0, "מצביעים": 814.0, "כשרים": 811.0, "אמת": 34.0, "אצ": 11.0, "ב": 8.0, "ג": 2.0, "ד": 29.0, "ום": 43.0, "ז": 0.0, "זך": 0.0, "זנ": 0.0, "זץ": 0.0, "ט": 51.0, "י": 0.0, "יז": 2.0, "ינ": 0.0, "יץ": 0.0, "יק": 0.0, "כן": 122.0, "ך": 1.0, "ל": 36.0, "מחל": 177.0, "מרצ": 37.0, "נז": 0.0, "ני": 0.0, "נף": 0.0, "נץ": 0.0, "נק": 0.0, "נר": 0.0, "עם": 5.0, "פה": 241.0, "ף": 0.0, "צ": 0.0, "ץ": 0.0, "ק": 0.0, "קי": 0.0, "קך": 1.0, "קנ": 0.0, "קץ": 0.0, "רז": 0.0, "שס": 11.0, "ת": 0.0, "n_stations": 2.0, "turnout_pct": 65.910931174089072, "אמת_pct": 4.1923551171393338, "אצ_pct": 1.3563501849568433, "ב_pct": 0.98643649815043155, "ג_pct": 0.24660912453760789, "ד_pct": 3.5758323057953145, "ום_pct": 5.3020961775585702, "ז_pct": 0.0, "זך_pct": 0.0, "זנ_pct": 0.0, "זץ_pct": 0.0, "ט_pct": 6.2885326757090008, "י_pct": 0.0, "יז_pct": 0.24660912453760789, "ינ_pct": 0.0, "יץ_pct": 0.0, "יק_pct": 0.0, "כן_pct": 15.043156596794081, "ך_pct": 0.12330456226880394, "ל_pct": 4.4389642416769419, "מחל_pct": 21.8249075215783, "מרצ_pct": 4.562268803945746, "נז_pct": 0.0, "ני_pct": 0.0, "נף_pct": 0.0, "נץ_pct": 0.0, "נק_pct": 0.0, "נר_pct": 0.0, "עם_pct": 0.61652281134401976, "פה_pct": 29.716399506781748, "ף_pct": 0.0, "צ_pct": 0.0, "ץ_pct": 0.0, "ק_pct": 0.0, "קי_pct": 0.0, "קך_pct": 0.12330456226880394, "קנ_pct": 0.0, "קץ_pct": 0.0, "רז_pct": 0.0, "שס_pct": 1.3563501849568433, "ת_pct": 0.0 }, "geometry": { "type": "Polygon", "coordinates": [ [ [ 34.968627547837713, 32.818706622677347 ], [ 34.968789202796231, 32.818751393806892 ], [ 34.969237269971202, 32.818875501655839 ], [ 34.969533816665773, 32.81887605833564 ], [ 34.970189564653516, 32.818928052813447 ], [ 34.9709017318064, 32.819024124474566 ], [ 34.972362319497577, 32.819221172133666 ], [ 34.972353517978775, 32.819240545742311 ], [ 34.97300323844, 32.819410579683826 ], [ 34.973691609251745, 32.819590709171578 ], [ 34.973847402628664, 32.819718140645534 ], [ 34.973953452377813, 32.819755570248837 ], [ 34.974041049110539, 32.819786487173452 ], [ 34.974153395500487, 32.819739347956926 ], [ 34.974239567785048, 32.819703160226553 ], [ 34.97459758029413, 32.819800122807266 ], [ 34.9748439719827, 32.819913285072914 ], [ 34.974882265592527, 32.819930856166486 ], [ 34.974861490848497, 32.819950916726604 ], [ 34.974827989694795, 32.81998322954118 ], [ 34.974745664067235, 32.820063331576996 ], [ 34.974650279233451, 32.820156294727774 ], [ 34.974482158896812, 32.820336330192291 ], [ 34.9743592073131, 32.820476504512087 ], [ 34.974273041972552, 32.820594635117459 ], [ 34.974240031159283, 32.82063912417717 ], [ 34.974158745909783, 32.82081596993158 ], [ 34.974141742475645, 32.820865454904656 ], [ 34.974107947276842, 32.820963486573802 ], [ 34.974090717828616, 32.821023149386882 ], [ 34.974077461483205, 32.82107099836572 ], [ 34.974072353793147, 32.821142583063917 ], [ 34.974067256768713, 32.821214169584074 ], [ 34.97406993758927, 32.821338150419358 ], [ 34.974074145486853, 32.821508070597893 ], [ 34.974075281814301, 32.82155396955006 ], [ 34.97407844061059, 32.821681438990076 ], [ 34.974078783880984, 32.821939892473651 ], [ 34.974078875783903, 32.822009389400236 ], [ 34.974076263243795, 32.822197025113674 ], [ 34.974076175751328, 32.822230928447802 ], [ 34.974076347192856, 32.82228656926744 ], [ 34.974076333945625, 32.822291702556768 ], [ 34.974069188600886, 32.822322328791849 ], [ 34.974037353056815, 32.822458983348611 ], [ 34.973961428121932, 32.822664610764427 ], [ 34.973899179132452, 32.82278397802056 ], [ 34.973891878949544, 32.822798022805898 ], [ 34.973807795825856, 32.822896519899622 ], [ 34.973669219276438, 32.823010680730583 ], [ 34.973528093970344, 32.823111772139157 ], [ 34.973171220933125, 32.823353486445036 ], [ 34.972991384723706, 32.823474341976208 ], [ 34.972890822470994, 32.823538901783905 ], [ 34.972774637831513, 32.823613623488065 ], [ 34.972717744583584, 32.823650210615433 ], [ 34.972694217326712, 32.823665411917283 ], [ 34.972591309315774, 32.823730040176208 ], [ 34.972514398344437, 32.823778324714027 ], [ 34.972334985251258, 32.823863105323191 ], [ 34.972116559630862, 32.823960172732697 ], [ 34.971908497676715, 32.824052750564334 ], [ 34.971652180369247, 32.824182479870252 ], [ 34.971496701479666, 32.824258505992738 ], [ 34.971430627905676, 32.824290811364406 ], [ 34.971300792866508, 32.82436270834242 ], [ 34.971173944947722, 32.824434067933346 ], [ 34.970989453613925, 32.824537958338766 ], [ 34.970861201862675, 32.824618324661117 ], [ 34.970778286281657, 32.824675611997847 ], [ 34.970552861218287, 32.824806001712759 ], [ 34.970380943245587, 32.824905435111376 ], [ 34.970080358147065, 32.825095934242221 ], [ 34.969737060932538, 32.825321260536256 ], [ 34.969192553059763, 32.825634648245845 ], [ 34.968963338280247, 32.825769561632505 ], [ 34.968956125260071, 32.825830327250593 ], [ 34.968898720389653, 32.825893332921886 ], [ 34.968845836775678, 32.825902254809243 ], [ 34.968802043897732, 32.825903340081311 ], [ 34.968792118723272, 32.825901606390367 ], [ 34.968788571433954, 32.825908726655896 ], [ 34.968785251742439, 32.825915394702363 ], [ 34.968728832068649, 32.82592393838906 ], [ 34.968633640846861, 32.825938463868084 ], [ 34.96856943277276, 32.825948161401421 ], [ 34.968091258143687, 32.826078798783293 ], [ 34.96784206127996, 32.826146874430762 ], [ 34.967733877934641, 32.826149378614801 ], [ 34.967638498883204, 32.826151629203871 ], [ 34.967345546760242, 32.826184247877045 ], [ 34.967049633614167, 32.826333077002978 ], [ 34.966755404245887, 32.826533811577825 ], [ 34.966520693990148, 32.826303035011406 ], [ 34.966490073977688, 32.826310956758029 ], [ 34.966279714589419, 32.826365383913426 ], [ 34.965806283902793, 32.826487913589901 ], [ 34.965771771394671, 32.826455381630211 ], [ 34.965688889554045, 32.82637723301449 ], [ 34.96550598635217, 32.826204747366582 ], [ 34.965404785951876, 32.825352004627099 ], [ 34.965407992655706, 32.825232092554081 ], [ 34.965413342488901, 32.825032102948967 ], [ 34.965413745277587, 32.825017281769597 ], [ 34.965419258034899, 32.82481147477678 ], [ 34.965430524648198, 32.824713391718085 ], [ 34.965439704863869, 32.824633519675743 ], [ 34.965453487977378, 32.824591884387587 ], [ 34.965476750068547, 32.824521507846491 ], [ 34.965490643011819, 32.824479522908014 ], [ 34.965497713323089, 32.824467718876619 ], [ 34.965577195958303, 32.824335235817536 ], [ 34.965658725953418, 32.82419941495273 ], [ 34.965689513662582, 32.8241477185665 ], [ 34.965726354364932, 32.824086423520008 ], [ 34.965745295930454, 32.82405494472787 ], [ 34.965832654141465, 32.82397584563271 ], [ 34.965865195710904, 32.823946332270417 ], [ 34.966137902556895, 32.823801417411623 ], [ 34.966210149436471, 32.823740606181524 ], [ 34.966248245346407, 32.823708576755664 ], [ 34.966268569046051, 32.823697717613555 ], [ 34.966298510482197, 32.823681628935773 ], [ 34.966433691899852, 32.823609117029292 ], [ 34.96646659005868, 32.823607553818007 ], [ 34.967162049586669, 32.823608873721945 ], [ 34.967285786417705, 32.823609108155658 ], [ 34.967440087739895, 32.823613907865919 ], [ 34.967454070025831, 32.823614294105681 ], [ 34.968002511691985, 32.823631292669106 ], [ 34.968039778972411, 32.823632443261609 ], [ 34.967847738161943, 32.823519368578459 ], [ 34.967718153532367, 32.823420480742506 ], [ 34.967619305531272, 32.82332615574721 ], [ 34.967524877116567, 32.823208763026848 ], [ 34.967452467847622, 32.823093116103998 ], [ 34.967395974388111, 32.822975246853147 ], [ 34.967352216530024, 32.822881660716746 ], [ 34.967339672490105, 32.822860899031056 ], [ 34.96732032881085, 32.822828581953338 ], [ 34.967294165703279, 32.822784526400099 ], [ 34.967226129537238, 32.82271009929341 ], [ 34.967081812698261, 32.822603246217149 ], [ 34.966916850611192, 32.822554512716394 ], [ 34.966747454091895, 32.822524881867096 ], [ 34.966581766608769, 32.822502029515192 ], [ 34.966441405817484, 32.822480304409595 ], [ 34.966323445584734, 32.822464930863667 ], [ 34.966220041863345, 32.822434797212026 ], [ 34.96605991599553, 32.82241086821675 ], [ 34.965898648774122, 32.822380090321886 ], [ 34.965671862059466, 32.822321588412237 ], [ 34.965438500946938, 32.822252976435344 ], [ 34.965223648142221, 32.822169159047654 ], [ 34.965128933774835, 32.822126600500596 ], [ 34.965093205588801, 32.822110471332984 ], [ 34.9651450901289, 32.822074775275098 ], [ 34.965159748386476, 32.822064712492974 ], [ 34.965171088029862, 32.822056884063244 ], [ 34.965181457975753, 32.821973769102499 ], [ 34.96522684856113, 32.821608492542907 ], [ 34.965298678267409, 32.821029285816351 ], [ 34.965558656080212, 32.820704126401118 ], [ 34.96569608882038, 32.820532231804911 ], [ 34.965878440921394, 32.820304148248169 ], [ 34.965971989891145, 32.820187140271763 ], [ 34.966116235693335, 32.820107441423495 ], [ 34.966595346952637, 32.819842758181743 ], [ 34.966963380051595, 32.819639436097411 ], [ 34.968028263044388, 32.819051122659708 ], [ 34.968214816984087, 32.818948049212409 ], [ 34.968224007618588, 32.818942972909539 ], [ 34.968613925222989, 32.818727621705456 ], [ 34.968623903401514, 32.818712219811381 ], [ 34.968627547837713, 32.818706622677347 ] ] ] } },
{ "type": "Feature", "properties": { "OBJECTID_12": 40, "OBJECTID": 2437, "Shape_Leng": 6862.2140772900002, "Shape_Area": 939840.0334290989, "OBJECTID_1": 59, "SEMEL_YISH": 4000, "SHEM_YISHU": "חיפה", "SHEM_YIS_1": "HAIFA", "ROVA": 5, "TAT_ROVA": 53, "SchName": "כרמל צרפתי", "Shape_Length": 6862.2140772906414, "בזב": 1749.0, "מצביעים": 1085.0, "כשרים": 1081.0, "אמת": 52.0, "אצ": 3.0, "ב": 5.0, "ג": 4.0, "ד": 28.0, "ום": 64.0, "ז": 0.0, "זך": 0.0, "זנ": 0.0, "זץ": 1.0, "ט": 60.0, "י": 0.0, "יז": 4.0, "ינ": 0.0, "יץ": 0.0, "יק": 0.0, "כן": 123.0, "ך": 0.0, "ל": 61.0, "מחל": 302.0, "מרצ": 50.0, "נז": 0.0, "ני": 1.0, "נף": 0.0, "נץ": 0.0, "נק": 0.0, "נר": 0.0, "עם": 8.0, "פה": 298.0, "ף": 0.0, "צ": 1.0, "ץ": 0.0, "ק": 0.0, "קי": 0.0, "קך": 1.0, "קנ": 0.0, "קץ": 3.0, "רז": 1.0, "שס": 11.0, "ת": 0.0, "n_stations": 3.0, "turnout_pct": 62.035448827901661, "אמת_pct": 4.8103607770582792, "אצ_pct": 0.27752081406105455, "ב_pct": 0.46253469010175763, "ג_pct": 0.37002775208140615, "ד_pct": 2.5901942645698428, "ום_pct": 5.9204440333024984, "ז_pct": 0.0, "זך_pct": 0.0, "זנ_pct": 0.0, "זץ_pct": 0.092506938020351537, "ט_pct": 5.5504162812210911, "י_pct": 0.0, "יז_pct": 0.37002775208140615, "ינ_pct": 0.0, "יץ_pct": 0.0, "יק_pct": 0.0, "כן_pct": 11.378353376503238, "ך_pct": 0.0, "ל_pct": 5.6429232192414434, "מחל_pct": 27.937095282146164, "מרצ_pct": 4.6253469010175765, "נז_pct": 0.0, "ני_pct": 0.092506938020351537, "נף_pct": 0.0, "נץ_pct": 0.0, "נק_pct": 0.0, "נר_pct": 0.0, "עם_pct": 0.74005550416281229, "פה_pct": 27.567067530064755, "ף_pct": 0.0, "צ_pct": 0.092506938020351537, "ץ_pct": 0.0, "ק_pct": 0.0, "קי_pct": 0.0, "קך_pct": 0.092506938020351537, "קנ_pct": 0.0, "קץ_pct": 0.27752081406105455, "רז_pct": 0.092506938020351537, "שס_pct": 1.0175763182238668, "ת_pct": 0.0 }, "geometry": { "type": "Polygon", "coordinates": [ [ [ 34.979161673489656, 32.821532089881018 ], [ 34.979113775479568, 32.821600974781497 ], [ 34.978961387982082, 32.821806921215298 ], [ 34.97885942832346, 32.821923186174246 ], [ 34.978778791694154, 32.822015151995224 ], [ 34.978520003557577, 32.82228519196974 ], [ 34.978495045359686, 32.822311031714577 ], [ 34.978256167562286, 32.822559197820731 ], [ 34.978025485852505, 32.822819091215557 ], [ 34.977860040846529, 32.822996783476469 ], [ 34.977781336932601, 32.823081311396606 ], [ 34.977761899383296, 32.823102952803602 ], [ 34.97756875879098, 32.823318167890285 ], [ 34.97725085108852, 32.823688359486532 ], [ 34.977007303368204, 32.823922359956271 ], [ 34.976787984891246, 32.824123128986358 ], [ 34.976565532295119, 32.824289532178547 ], [ 34.976399493940221, 32.824405912870816 ], [ 34.976256028692553, 32.824506550425042 ], [ 34.975814401766684, 32.824811773316995 ], [ 34.975558226125266, 32.82497298159943 ], [ 34.975193048597163, 32.825199448780033 ], [ 34.975034665188808, 32.825283739745942 ], [ 34.97493275177704, 32.825338192575991 ], [ 34.974618103743225, 32.825476833364945 ], [ 34.974327136241484, 32.825582788305553 ], [ 34.973877500446619, 32.825717752636187 ], [ 34.973642812097061, 32.825784412143577 ], [ 34.973362253673919, 32.825870629834256 ], [ 34.973062607008039, 32.825986215669026 ], [ 34.972752519901114, 32.826136133074151 ], [ 34.972560031119201, 32.826235506128185 ], [ 34.972230339204721, 32.826405047226181 ], [ 34.971859749483727, 32.826615708703443 ], [ 34.971609517805426, 32.826779262453435 ], [ 34.971329758399172, 32.827009843599583 ], [ 34.97100365758785, 32.827273521629621 ], [ 34.970928586977799, 32.827331227618465 ], [ 34.970892479173472, 32.827358981846857 ], [ 34.97069300554125, 32.827512969529963 ], [ 34.970626244910584, 32.827559460326817 ], [ 34.97062078931836, 32.827562069541273 ], [ 34.970547889153089, 32.827872113077895 ], [ 34.970504580008068, 32.828056608550249 ], [ 34.970502201170113, 32.8280661574871 ], [ 34.970485681175496, 32.828136466377593 ], [ 34.970411633412191, 32.828188982940681 ], [ 34.97012692397432, 32.828391057840477 ], [ 34.96978787609347, 32.82848491609348 ], [ 34.968729418338278, 32.828777969885792 ], [ 34.968593196362136, 32.828757415450937 ], [ 34.968583906405271, 32.828756054435331 ], [ 34.968575367385391, 32.828755849895629 ], [ 34.968563193195102, 32.82875555825629 ], [ 34.968118076118103, 32.828746068943914 ], [ 34.96783892858025, 32.828740131580965 ], [ 34.966725484914548, 32.828687980524371 ], [ 34.966380908201025, 32.828585875113689 ], [ 34.966201848455434, 32.828530089734741 ], [ 34.966117771499441, 32.828502691535775 ], [ 34.966051151611374, 32.828451347042495 ], [ 34.965774797252095, 32.828238391942897 ], [ 34.965689960219137, 32.827852934552254 ], [ 34.965625573330094, 32.8268923357844 ], [ 34.965636441913773, 32.826864400586963 ], [ 34.965644390454933, 32.826844140395778 ], [ 34.965784827694762, 32.826484714079399 ], [ 34.965793351413623, 32.826490956481692 ], [ 34.965806283902793, 32.826487913589901 ], [ 34.966279714589419, 32.826365383913426 ], [ 34.966490073977688, 32.826310956758029 ], [ 34.966520693990148, 32.826303035011406 ], [ 34.966755404245887, 32.826533811577825 ], [ 34.967049633614167, 32.826333077002978 ], [ 34.967345546760242, 32.826184247877045 ], [ 34.967638498883204, 32.826151629203871 ], [ 34.967733877934641, 32.826149378614801 ], [ 34.96784206127996, 32.826146874430762 ], [ 34.968091258143687, 32.826078798783293 ], [ 34.96856943277276, 32.825948161401421 ], [ 34.968633640846861, 32.825938463868084 ], [ 34.968728832068649, 32.82592393838906 ], [ 34.968785251742439, 32.825915394702363 ], [ 34.968788571433954, 32.825908726655896 ], [ 34.968792118723272, 32.825901606390367 ], [ 34.968802043897732, 32.825903340081311 ], [ 34.968845836775678, 32.825902254809243 ], [ 34.968898720389653, 32.825893332921886 ], [ 34.968956125260071, 32.825830327250593 ], [ 34.968963338280247, 32.825769561632505 ], [ 34.969192553059763, 32.825634648245845 ], [ 34.969737060932538, 32.825321260536256 ], [ 34.970080358147065, 32.825095934242221 ], [ 34.970380943245587, 32.824905435111376 ], [ 34.970552861218287, 32.824806001712759 ], [ 34.970778286281657, 32.824675611997847 ], [ 34.970861201862675, 32.824618324661117 ], [ 34.970989453613925, 32.824537958338766 ], [ 34.971173944947722, 32.824434067933346 ], [ 34.971300792866508, 32.82436270834242 ], [ 34.971430627905676, 32.824290811364406 ], [ 34.971496701479666, 32.824258505992738 ], [ 34.971652180369247, 32.824182479870252 ], [ 34.971908497676715, 32.824052750564334 ], [ 34.972116559630862, 32.823960172732697 ], [ 34.972334985251258, 32.823863105323191 ], [ 34.972514398344437, 32.823778324714027 ], [ 34.972591309315774, 32.823730040176208 ], [ 34.972694217326712, 32.823665411917283 ], [ 34.972717744583584, 32.823650210615433 ], [ 34.972774637831513, 32.823613623488065 ], [ 34.972890822470994, 32.823538901783905 ], [ 34.972991384723706, 32.823474341976208 ], [ 34.973171220933125, 32.823353486445036 ], [ 34.973528093970344, 32.823111772139157 ], [ 34.973669219276438, 32.823010680730583 ], [ 34.973807795825856, 32.822896519899622 ], [ 34.973891878949544, 32.822798022805898 ], [ 34.973899179132452, 32.82278397802056 ], [ 34.973961428121932, 32.822664610764427 ], [ 34.974037353056815, 32.822458983348611 ], [ 34.974069188600886, 32.822322328791849 ], [ 34.974076333945625, 32.822291702556768 ], [ 34.974076347192856, 32.82228656926744 ], [ 34.974076175751328, 32.822230928447802 ], [ 34.974076263243795, 32.822197025113674 ], [ 34.974078875783903, 32.822009389400236 ], [ 34.974078783880984, 32.821939892473651 ], [ 34.97407844061059, 32.821681438990076 ], [ 34.974075281814301, 32.82155396955006 ], [ 34.974074145486853, 32.821508070597893 ], [ 34.97406993758927, 32.821338150419358 ], [ 34.974067256768713, 32.821214169584074 ], [ 34.974072353793147, 32.821142583063917 ], [ 34.974077461483205, 32.82107099836572 ], [ 34.974090717828616, 32.821023149386882 ], [ 34.974107947276842, 32.820963486573802 ], [ 34.974141742475645, 32.820865454904656 ], [ 34.974158745909783, 32.82081596993158 ], [ 34.974240031159283, 32.82063912417717 ], [ 34.974273041972552, 32.820594635117459 ], [ 34.9743592073131, 32.820476504512087 ], [ 34.974482158896812, 32.820336330192291 ], [ 34.974650279233451, 32.820156294727774 ], [ 34.974745664067235, 32.820063331576996 ], [ 34.974827989694795, 32.81998322954118 ], [ 34.974861490848497, 32.819950916726604 ], [ 34.974882265592527, 32.819930856166486 ], [ 34.9748439719827, 32.819913285072914 ], [ 34.97459758029413, 32.819800122807266 ], [ 34.974239567785048, 32.819703160226553 ], [ 34.974153395500487, 32.819739347956926 ], [ 34.974041049110539, 32.819786487173452 ], [ 34.973953452377813, 32.819755570248837 ], [ 34.973847402628664, 32.819718140645534 ], [ 34.973691609251745, 32.819590709171578 ], [ 34.97300323844, 32.819410579683826 ], [ 34.972353517978775, 32.819240545742311 ], [ 34.972362319497577, 32.819221172133666 ], [ 34.9709017318064, 32.819024124474566 ], [ 34.970189564653516, 32.818928052813447 ], [ 34.969533816665773, 32.81887605833564 ], [ 34.969237269971202, 32.818875501655839 ], [ 34.968789202796231, 32.818751393806892 ], [ 34.968627547837713, 32.818706622677347 ], [ 34.968654667761392, 32.818664756027061 ], [ 34.968732241983751, 32.818544759222448 ], [ 34.969219441315062, 32.817791168052707 ], [ 34.969412733581279, 32.817492182801629 ], [ 34.96977252163267, 32.816425976054916 ], [ 34.970841148414721, 32.816446914135128 ], [ 34.972972212883619, 32.816488562140549 ], [ 34.973765948172669, 32.816504072453355 ], [ 34.974623750516024, 32.816520829658771 ], [ 34.974961274304832, 32.816530393421154 ], [ 34.976119056637543, 32.816563210550285 ], [ 34.976159876930708, 32.816564375116258 ], [ 34.976675448357732, 32.816578988079826 ], [ 34.977294918048493, 32.8165965411917 ], [ 34.979151903210926, 32.816649152527816 ], [ 34.979194068011601, 32.816650308605091 ], [ 34.979264752489073, 32.81665233108388 ], [ 34.979272142776402, 32.816646480685428 ], [ 34.979307661135216, 32.816617240536971 ], [ 34.979391456996545, 32.816550841058401 ], [ 34.979446965219914, 32.816507574042411 ], [ 34.979520144561818, 32.816456405677521 ], [ 34.979555719759198, 32.816407504216102 ], [ 34.97953654835171, 32.816385284611741 ], [ 34.979493320420985, 32.816335263274588 ], [ 34.979400520036023, 32.816212193523228 ], [ 34.979344025885275, 32.816133241021184 ], [ 34.979336736981985, 32.816123038824784 ], [ 34.979323904174443, 32.81610511090264 ], [ 34.979251277067753, 32.815986501893597 ], [ 34.979177580704558, 32.815863457308694 ], [ 34.97914740796832, 32.815800930354307 ], [ 34.979120226764373, 32.815739468260553 ], [ 34.979156277012073, 32.815719793330437 ], [ 34.979275067679225, 32.815655170983966 ], [ 34.979518852824363, 32.815532171376105 ], [ 34.979679880808753, 32.815437777665871 ], [ 34.979910886404184, 32.815302389476152 ], [ 34.980285808629688, 32.815084408582763 ], [ 34.980654549455146, 32.814863072943304 ], [ 34.981010002465162, 32.814658495652857 ], [ 34.981360521482607, 32.814457400798332 ], [ 34.981599762577396, 32.814309048809498 ], [ 34.981618163811895, 32.814298889751001 ], [ 34.981874677006438, 32.814159048358178 ], [ 34.982118691358551, 32.814021969566006 ], [ 34.982296783954865, 32.813898308639786 ], [ 34.982427097013606, 32.81375201509411 ], [ 34.982668891682593, 32.813476884318611 ], [ 34.982763486727443, 32.813366337776301 ], [ 34.982943472809133, 32.813156006093756 ], [ 34.983138248427906, 32.812942487557656 ], [ 34.983191235148098, 32.812884402324173 ], [ 34.983277340365547, 32.812783192711926 ], [ 34.983499546221161, 32.812522025323993 ], [ 34.983592820956652, 32.812413887825393 ], [ 34.983758373334361, 32.812650693052717 ], [ 34.984036404879575, 32.812789509209111 ], [ 34.984215995350056, 32.813030168007003 ], [ 34.984379439576138, 32.813249172028861 ], [ 34.984702171103642, 32.8136816384485 ], [ 34.984703716460231, 32.813683706030723 ], [ 34.985135224519858, 32.814262079772476 ], [ 34.985340159857479, 32.814536742555511 ], [ 34.985373057127191, 32.814580622248464 ], [ 34.985318093875321, 32.814609288194752 ], [ 34.985310397003488, 32.814613243064372 ], [ 34.985276183177753, 32.814631126821936 ], [ 34.985260037432525, 32.814639575351627 ], [ 34.985254681934933, 32.814642359413703 ], [ 34.98500599333137, 32.814768707813094 ], [ 34.984772430557193, 32.814872532784428 ], [ 34.984603658169689, 32.814939408009664 ], [ 34.984446173691971, 32.814977994279396 ], [ 34.984221504657995, 32.815022058105995 ], [ 34.98399171217681, 32.815069519995653 ], [ 34.983752258503806, 32.815124926359033 ], [ 34.983708241116993, 32.815137827702728 ], [ 34.983691140439369, 32.815142847022024 ], [ 34.983693477563712, 32.815193082486452 ], [ 34.983695394898469, 32.815234735827168 ], [ 34.983648864998898, 32.815311930427214 ], [ 34.983530217594968, 32.81544742911543 ], [ 34.98340001116798, 32.815592642830005 ], [ 34.983367488654508, 32.815614581241071 ], [ 34.983326416779377, 32.815643994885654 ], [ 34.983008150499948, 32.815878506651408 ], [ 34.982998526501405, 32.815885700446472 ], [ 34.982985308751644, 32.816134632730453 ], [ 34.982983403174508, 32.816172319092558 ], [ 34.98297970719284, 32.816241293628849 ], [ 34.982760185771831, 32.816443512188215 ], [ 34.982625230852179, 32.816567795655516 ], [ 34.982303043968848, 32.817221946808687 ], [ 34.98215543994133, 32.817316538114532 ], [ 34.981973031390034, 32.817433406774164 ], [ 34.98188816142396, 32.817487757688788 ], [ 34.981594675576822, 32.817675774510462 ], [ 34.981478012444754, 32.817763350821359 ], [ 34.981122362092144, 32.81803033759315 ], [ 34.980793873492601, 32.818276940472472 ], [ 34.980649241365008, 32.818385510570465 ], [ 34.980631932485387, 32.818398720943563 ], [ 34.97999927096118, 32.818881637944735 ], [ 34.979852048489747, 32.818993987755 ], [ 34.9796895492278, 32.819238507537364 ], [ 34.979265059916116, 32.819876948775722 ], [ 34.979165007895645, 32.821479440853174 ], [ 34.979161673489656, 32.821532089881018 ] ] ] } },
{ "type": "Feature", "properties": { "OBJECTID_12": 41, "OBJECTID": 2438, "Shape_Leng": 4488.0756359699999, "Shape_Area": 752087.02729826455, "OBJECTID_1": 60, "SEMEL_YISH": 4000, "SHEM_YISHU": "חיפה", "SHEM_YIS_1": "HAIFA", "ROVA": 5, "TAT_ROVA": 53, "SchName": "רמת התשבי", "Shape_Length": 4488.0756359684674, "בזב": 6710.0, "מצביעים": 3946.0, "כשרים": 3937.0, "אמת": 243.0, "אצ": 5.0, "ב": 19.0, "ג": 18.0, "ד": 302.0, "ום": 602.0, "ז": 0.0, "זך": 0.0, "זנ": 0.0, "זץ": 0.0, "ט": 137.0, "י": 0.0, "יז": 5.0, "ינ": 2.0, "יץ": 0.0, "יק": 0.0, "כן": 420.0, "ך": 4.0, "ל": 156.0, "מחל": 530.0, "מרצ": 329.0, "נז": 0.0, "ני": 1.0, "נף": 0.0, "נץ": 0.0, "נק": 2.0, "נר": 0.0, "עם": 46.0, "פה": 1065.0, "ף": 2.0, "צ": 0.0, "ץ": 0.0, "ק": 5.0, "קי": 0.0, "קך": 0.0, "קנ": 0.0, "קץ": 20.0, "רז": 0.0, "שס": 24.0, "ת": 0.0, "n_stations": 10.0, "turnout_pct": 58.807749627421757, "אמת_pct": 6.1722123444246888, "אצ_pct": 0.12700025400050802, "ב_pct": 0.48260096520193041, "ג_pct": 0.45720091440182881, "ד_pct": 7.6708153416306839, "ום_pct": 15.290830581661163, "ז_pct": 0.0, "זך_pct": 0.0, "זנ_pct": 0.0, "זץ_pct": 0.0, "ט_pct": 3.4798069596139194, "י_pct": 0.0, "יז_pct": 0.12700025400050802, "ינ_pct": 0.050800101600203193, "יץ_pct": 0.0, "יק_pct": 0.0, "כן_pct": 10.668021336042672, "ך_pct": 0.10160020320040639, "ל_pct": 3.9624079248158495, "מחל_pct": 13.462026924053848, "מרצ_pct": 8.3566167132334268, "נז_pct": 0.0, "ני_pct": 0.025400050800101596, "נף_pct": 0.0, "נץ_pct": 0.0, "נק_pct": 0.050800101600203193, "נר_pct": 0.0, "עם_pct": 1.1684023368046736, "פה_pct": 27.051054102108203, "ף_pct": 0.050800101600203193, "צ_pct": 0.0, "ץ_pct": 0.0, "ק_pct": 0.12700025400050802, "קי_pct": 0.0, "קך_pct": 0.0, "קנ_pct": 0.0, "קץ_pct": 0.50800101600203207, "רז_pct": 0.0, "שס_pct": 0.60960121920243837, "ת_pct": 0.0 }, "geometry": { "type": "Polygon", "coordinates": [ [ [ 34.983592820956652, 32.812413887825393 ], [ 34.983499546221161, 32.812522025323993 ], [ 34.983277340365547, 32.812783192711926 ], [ 34.983191235148098, 32.812884402324173 ], [ 34.983138248427906, 32.812942487557656 ], [ 34.982943472809133, 32.813156006093756 ], [ 34.982763486727443, 32.813366337776301 ], [ 34.982668891682593, 32.813476884318611 ], [ 34.982427097013606, 32.81375201509411 ], [ 34.982296783954865, 32.813898308639786 ], [ 34.982118691358551, 32.814021969566006 ], [ 34.981874677006438, 32.814159048358178 ], [ 34.981618163811895, 32.814298889751001 ], [ 34.981599762577396, 32.814309048809498 ], [ 34.981360521482607, 32.814457400798332 ], [ 34.981010002465162, 32.814658495652857 ], [ 34.980654549455146, 32.814863072943304 ], [ 34.980285808629688, 32.815084408582763 ], [ 34.979910886404184, 32.815302389476152 ], [ 34.979679880808753, 32.815437777665871 ], [ 34.979518852824363, 32.815532171376105 ], [ 34.979275067679225, 32.815655170983966 ], [ 34.979156277012073, 32.815719793330437 ], [ 34.979120226764373, 32.815739468260553 ], [ 34.97914740796832, 32.815800930354307 ], [ 34.979177580704558, 32.815863457308694 ], [ 34.979251277067753, 32.815986501893597 ], [ 34.979323904174443, 32.81610511090264 ], [ 34.979336736981985, 32.816123038824784 ], [ 34.979344025885275, 32.816133241021184 ], [ 34.979400520036023, 32.816212193523228 ], [ 34.979493320420985, 32.816335263274588 ], [ 34.97953654835171, 32.816385284611741 ], [ 34.979555719759198, 32.816407504216102 ], [ 34.979520144561818, 32.816456405677521 ], [ 34.979446965219914, 32.816507574042411 ], [ 34.979391456996545, 32.816550841058401 ], [ 34.979307661135216, 32.816617240536971 ], [ 34.979272142776402, 32.816646480685428 ], [ 34.979264752489073, 32.81665233108388 ], [ 34.979194068011601, 32.816650308605091 ], [ 34.979151903210926, 32.816649152527816 ], [ 34.977294918048493, 32.8165965411917 ], [ 34.976675448357732, 32.816578988079826 ], [ 34.976159876930708, 32.816564375116258 ], [ 34.976119056637543, 32.816563210550285 ], [ 34.974961274304832, 32.816530393421154 ], [ 34.974623750516024, 32.816520829658771 ], [ 34.973765948172669, 32.816504072453355 ], [ 34.972972212883619, 32.816488562140549 ], [ 34.970841148414721, 32.816446914135128 ], [ 34.96977252163267, 32.816425976054916 ], [ 34.969764613548143, 32.816425871065626 ], [ 34.969736205559769, 32.816425641993327 ], [ 34.969729165503146, 32.81642680099398 ], [ 34.969787323101272, 32.816360462693524 ], [ 34.970780930295696, 32.815219057711339 ], [ 34.973147522906196, 32.812501521867866 ], [ 34.974014230477046, 32.812221972675061 ], [ 34.974702232859748, 32.811999976448703 ], [ 34.975130439130041, 32.811861809014033 ], [ 34.976547027855233, 32.811331771894316 ], [ 34.979170025727413, 32.810350336147806 ], [ 34.980743891664304, 32.809761385001117 ], [ 34.981865588241291, 32.809064116995927 ], [ 34.984043180249394, 32.807710292118465 ], [ 34.984045561322887, 32.807703352385928 ], [ 34.984048871134043, 32.80769389135618 ], [ 34.984094531058837, 32.807667643221897 ], [ 34.984430826966559, 32.807391420699638 ], [ 34.984910635641981, 32.806997316536254 ], [ 34.985207399014428, 32.806896662113054 ], [ 34.985627849976609, 32.806756047389534 ], [ 34.98591276512709, 32.806660759092601 ], [ 34.985972056065798, 32.806648682487513 ], [ 34.986040960140961, 32.806634648816221 ], [ 34.986069664574536, 32.806641642793039 ], [ 34.986081509100565, 32.806644551561739 ], [ 34.986127918570844, 32.806704768061287 ], [ 34.986137702738141, 32.806717592738508 ], [ 34.986135238379411, 32.806724174395796 ], [ 34.986122028919411, 32.806757241634976 ], [ 34.986077315754947, 32.806832089716167 ], [ 34.986019426460558, 32.806929374126319 ], [ 34.985982226936635, 32.806991887515501 ], [ 34.985985542794459, 32.807030936528136 ], [ 34.985986989113876, 32.807047705998656 ], [ 34.986066612374501, 32.806973825027868 ], [ 34.986246728795699, 32.806845010462119 ], [ 34.986391292391765, 32.806764101910446 ], [ 34.98652862699111, 32.80670519901112 ], [ 34.986625749769978, 32.806660041745189 ], [ 34.986636060635917, 32.806655250055854 ], [ 34.98665005770939, 32.806648519827867 ], [ 34.986804273391101, 32.806591891190088 ], [ 34.986968977573255, 32.806561790298126 ], [ 34.987049892353099, 32.806573552673115 ], [ 34.987145634039827, 32.806587700447643 ], [ 34.987158860727533, 32.80658952136784 ], [ 34.987116543069085, 32.806692152383484 ], [ 34.987019679163495, 32.806919669419571 ], [ 34.986947643732755, 32.807085722428845 ], [ 34.986907424748914, 32.807153274909687 ], [ 34.986831986549788, 32.807265670408079 ], [ 34.986822781435144, 32.807279370038074 ], [ 34.986785192341557, 32.807324027697881 ], [ 34.986846412431156, 32.807348115456278 ], [ 34.987149458893278, 32.807467122926866 ], [ 34.987175386340802, 32.807477266849411 ], [ 34.987167296540306, 32.807488972996644 ], [ 34.987110779306548, 32.807570757507555 ], [ 34.98701465801993, 32.807755978365755 ], [ 34.986912532477575, 32.807951284950086 ], [ 34.986861867814582, 32.808063397065375 ], [ 34.986829551662318, 32.808134900923733 ], [ 34.986771036334375, 32.808267798664197 ], [ 34.986695717549487, 32.808415279964365 ], [ 34.986641061042683, 32.808499849200501 ], [ 34.986594648221597, 32.808571812684256 ], [ 34.986669218973063, 32.808641910890579 ], [ 34.986676087738076, 32.808717671187878 ], [ 34.986679829241965, 32.808761405196961 ], [ 34.986559747726602, 32.808963270693468 ], [ 34.986513444589413, 32.809032164975967 ], [ 34.986417743864081, 32.809174290643064 ], [ 34.986367966792479, 32.809268248532689 ], [ 34.986330321280896, 32.809339504919897 ], [ 34.986144054251803, 32.809538096987481 ], [ 34.986111402731176, 32.809572930995444 ], [ 34.986104324372469, 32.809590064306285 ], [ 34.986098513510115, 32.809604107928656 ], [ 34.986028053660689, 32.809776594835505 ], [ 34.986019668607256, 32.809797111710935 ], [ 34.985950167006962, 32.81000943333045 ], [ 34.985865361312342, 32.810195846062712 ], [ 34.985787892712985, 32.810392368674137 ], [ 34.985706221472157, 32.81061313576258 ], [ 34.985608008806288, 32.810817017680648 ], [ 34.985507423377378, 32.810992043971432 ], [ 34.985352060223583, 32.811166514493806 ], [ 34.985186518721584, 32.81131391628071 ], [ 34.984976885785969, 32.811460619318154 ], [ 34.984845601611553, 32.8115315875636 ], [ 34.984754581013263, 32.811580791873112 ], [ 34.984494241339718, 32.811720096929037 ], [ 34.984247704688002, 32.811843105111933 ], [ 34.984071061782885, 32.811941974934889 ], [ 34.984060375363597, 32.811947637680838 ], [ 34.98404967847884, 32.811953213845193 ], [ 34.98403834339873, 32.811959951164361 ], [ 34.983902278371751, 32.81205772356499 ], [ 34.983754297866135, 32.812226713769327 ], [ 34.983627392571385, 32.812373738809299 ], [ 34.983592820956652, 32.812413887825393 ] ] ] } },
{ "type": "Feature", "properties": { "OBJECTID_12": 42, "OBJECTID": 2439, "Shape_Leng": 4441.9033087999996, "Shape_Area": 595903.75170908216, "OBJECTID_1": 61, "SEMEL_YISH": 4000, "SHEM_YISHU": "חיפה", "SHEM_YIS_1": "HAIFA", "ROVA": 6, "TAT_ROVA": 61, "SchName": "עבאס", "Shape_Length": 4441.9033088011984, "בזב": 2898.0, "מצביעים": 1588.0, "כשרים": 1579.0, "אמת": 30.0, "אצ": 0.0, "ב": 0.0, "ג": 0.0, "ד": 432.0, "ום": 732.0, "ז": 0.0, "זך": 0.0, "זנ": 0.0, "זץ": 0.0, "ט": 3.0, "י": 2.0, "יז": 0.0, "ינ": 0.0, "יץ": 0.0, "יק": 0.0, "כן": 33.0, "ך": 3.0, "ל": 14.0, "מחל": 34.0, "מרצ": 116.0, "נז": 0.0, "ני": 0.0, "נף": 0.0, "נץ": 1.0, "נק": 0.0, "נר": 0.0, "עם": 70.0, "פה": 105.0, "ף": 0.0, "צ": 1.0, "ץ": 1.0, "ק": 0.0, "קי": 0.0, "קך": 0.0, "קנ": 0.0, "קץ": 2.0, "רז": 0.0, "שס": 0.0, "ת": 0.0, "n_stations": 5.0, "turnout_pct": 54.796411318150447, "אמת_pct": 1.8999366687777075, "אצ_pct": 0.0, "ב_pct": 0.0, "ג_pct": 0.0, "ד_pct": 27.359088030398986, "ום_pct": 46.358454718176063, "ז_pct": 0.0, "זך_pct": 0.0, "זנ_pct": 0.0, "זץ_pct": 0.0, "ט_pct": 0.18999366687777072, "י_pct": 0.1266624445851805, "יז_pct": 0.0, "ינ_pct": 0.0, "יץ_pct": 0.0, "יק_pct": 0.0, "כן_pct": 2.0899303356554779, "ך_pct": 0.18999366687777072, "ל_pct": 0.8866371120962635, "מחל_pct": 2.1532615579480683, "מרצ_pct": 7.3464217859404686, "נז_pct": 0.0, "ני_pct": 0.0, "נף_pct": 0.0, "נץ_pct": 0.06333122229259025, "נק_pct": 0.0, "נר_pct": 0.0, "עם_pct": 4.4331855604813173, "פה_pct": 6.6497783407219764, "ף_pct": 0.0, "צ_pct": 0.06333122229259025, "ץ_pct": 0.06333122229259025, "ק_pct": 0.0, "קי_pct": 0.0, "קך_pct": 0.0, "קנ_pct": 0.0, "קץ_pct": 0.1266624445851805, "רז_pct": 0.0, "שס_pct": 0.0, "ת_pct": 0.0 }, "geometry": { "type": "Polygon", "coordinates": [ [ [ 34.984552894093603, 32.81868574961738 ], [ 34.984458551738911, 32.818705338124722 ], [ 34.984418708881876, 32.818713554648433 ], [ 34.984302049548553, 32.818737794410474 ], [ 34.984188389655827, 32.818762513628165 ], [ 34.984096472312366, 32.818782510084397 ], [ 34.983809313098227, 32.81883041975366 ], [ 34.983317887123938, 32.818915220607074 ], [ 34.983165580952218, 32.818940743477235 ], [ 34.982831703166489, 32.818996685341233 ], [ 34.982478612766243, 32.819059178197044 ], [ 34.982301828881894, 32.819093146929227 ], [ 34.982240576803953, 32.819104922516104 ], [ 34.982029319296174, 32.819166583681529 ], [ 34.981970735072359, 32.819190192235475 ], [ 34.981860843938136, 32.81923445022877 ], [ 34.981813587688819, 32.819258857904074 ], [ 34.981690194778629, 32.81932260790402 ], [ 34.981566413308407, 32.819409328526227 ], [ 34.981497629093418, 32.819457513178619 ], [ 34.981287131416366, 32.819597441066257 ], [ 34.981099186057172, 32.819727311706906 ], [ 34.98086468123882, 32.819891155737587 ], [ 34.980840954287288, 32.819907733305264 ], [ 34.980616739787358, 32.820065128324984 ], [ 34.980517862546797, 32.820145375000337 ], [ 34.980394151456601, 32.820245693847951 ], [ 34.98018257452231, 32.820429531983947 ], [ 34.980137080430033, 32.820471294280246 ], [ 34.980059477617026, 32.820542653776144 ], [ 34.979949672794731, 32.820643276618299 ], [ 34.97991708110046, 32.820674667292785 ], [ 34.979659459419651, 32.820922898129979 ], [ 34.979643039439942, 32.820939928608148 ], [ 34.979467380827309, 32.821122111368133 ], [ 34.979382990001547, 32.82121780384049 ], [ 34.97930293579001, 32.821330820086487 ], [ 34.979249021451693, 32.821405649879111 ], [ 34.979230803417082, 32.821432664174488 ], [ 34.979161673489656, 32.821532089881018 ], [ 34.979165007895645, 32.821479440853174 ], [ 34.979265059913836, 32.819876949677393 ], [ 34.979689549225533, 32.819238508439049 ], [ 34.979852048489747, 32.818993987755 ], [ 34.97999927096118, 32.818881637944735 ], [ 34.980631933550981, 32.818398721847146 ], [ 34.980649242432854, 32.818385510572377 ], [ 34.980793873492601, 32.818276940472472 ], [ 34.981122362092144, 32.81803033759315 ], [ 34.981478012442516, 32.817763351723066 ], [ 34.981594675576822, 32.817675774510462 ], [ 34.981888161421715, 32.817487758590474 ], [ 34.98197303245562, 32.817433407677754 ], [ 34.982155439939092, 32.817316539016211 ], [ 34.982303043968848, 32.817221946808687 ], [ 34.982625230852179, 32.816567795655516 ], [ 34.982760186837403, 32.816443513091798 ], [ 34.98297970719284, 32.816241293628849 ], [ 34.98298340424234, 32.816172319094441 ], [ 34.982985308749406, 32.816134633632167 ], [ 34.982998526501405, 32.815885700446472 ], [ 34.983008150497703, 32.815878507553109 ], [ 34.983326417844964, 32.815643995789209 ], [ 34.983367488654508, 32.815614581241071 ], [ 34.98340001116798, 32.815592642830005 ], [ 34.983530217592737, 32.815447430017095 ], [ 34.983648864996674, 32.815311931328907 ], [ 34.983695394896252, 32.815234736728847 ], [ 34.983693477563712, 32.815193082486452 ], [ 34.983691141507187, 32.815142847023893 ], [ 34.983708241116993, 32.815137827702728 ], [ 34.983752258503806, 32.815124926359033 ], [ 34.983991712174607, 32.815069520897353 ], [ 34.984221505725799, 32.815022058107864 ], [ 34.984446173691971, 32.814977994279396 ], [ 34.984603658169689, 32.814939408009664 ], [ 34.984772430554983, 32.814872533686113 ], [ 34.985005994399181, 32.814768707814949 ], [ 34.985254681932723, 32.814642360315396 ], [ 34.985260038498119, 32.814639576255196 ], [ 34.985276183177753, 32.814631126821936 ], [ 34.985310397003488, 32.814613243064372 ], [ 34.985318094940908, 32.8146092890983 ], [ 34.985373057124967, 32.814580623150135 ], [ 34.985340160923066, 32.814536743459072 ], [ 34.985135224519858, 32.814262079772476 ], [ 34.984703716460231, 32.813683706030723 ], [ 34.984702171103642, 32.8136816384485 ], [ 34.984379439573921, 32.813249172930533 ], [ 34.984215996417852, 32.813030168008893 ], [ 34.984036404877365, 32.81278951011079 ], [ 34.983758373332137, 32.812650693954396 ], [ 34.983592822022203, 32.812413888728976 ], [ 34.983627393636937, 32.812373739712854 ], [ 34.983754297866135, 32.812226713769327 ], [ 34.983902278371751, 32.81205772356499 ], [ 34.98403834339873, 32.811959951164361 ], [ 34.98404967847884, 32.811953213845193 ], [ 34.984060376429149, 32.811947638584414 ], [ 34.984071061782885, 32.811941974934889 ], [ 34.984247704688002, 32.811843105111933 ], [ 34.984494241339718, 32.811720096929037 ], [ 34.984754581013263, 32.811580791873112 ], [ 34.984845601611553, 32.8115315875636 ], [ 34.984976885783738, 32.811460620219819 ], [ 34.985186518721584, 32.81131391628071 ], [ 34.985352060223583, 32.811166514493806 ], [ 34.985507423377378, 32.810992043971432 ], [ 34.985608008806288, 32.810817017680648 ], [ 34.985706221469954, 32.810613136664259 ], [ 34.985787892712985, 32.810392368674137 ], [ 34.985865361310147, 32.810195846964419 ], [ 34.985950168074709, 32.810009433332304 ], [ 34.986019668605053, 32.809797112612621 ], [ 34.98602805365848, 32.809776595737183 ], [ 34.986098513510115, 32.809604107928656 ], [ 34.986516495896041, 32.809840083493079 ], [ 34.986673242071738, 32.809928543316495 ], [ 34.987247652352345, 32.810252977311229 ], [ 34.987520719941493, 32.810407214115095 ], [ 34.987822060400333, 32.810577412267271 ], [ 34.987853151713438, 32.810623993284082 ], [ 34.9879973930746, 32.810840107418414 ], [ 34.988038247349891, 32.810855321014749 ], [ 34.988320426440545, 32.810960041942842 ], [ 34.988564556694079, 32.81072313801765 ], [ 34.988561623608582, 32.810787162019714 ], [ 34.988573274630632, 32.81086950285858 ], [ 34.988632481137529, 32.810940656324334 ], [ 34.988720512040167, 32.811006095809518 ], [ 34.988804270736416, 32.811030490129809 ], [ 34.988860332438307, 32.81102887343684 ], [ 34.98886713783147, 32.811040605327285 ], [ 34.98887171026481, 32.811048463317228 ], [ 34.988904575631807, 32.811104426511442 ], [ 34.988925420426646, 32.81113989882904 ], [ 34.989225078254037, 32.811650671877544 ], [ 34.989235748445729, 32.811668873707056 ], [ 34.989251138133078, 32.811695083444455 ], [ 34.988557663163725, 32.812118946829372 ], [ 34.988473498062824, 32.812170369390905 ], [ 34.988504474521903, 32.812211826632762 ], [ 34.988642200841916, 32.812395824957491 ], [ 34.988732236127987, 32.812516168203075 ], [ 34.988900190885047, 32.812740630264848 ], [ 34.9889597991532, 32.812820254729672 ], [ 34.988959569366152, 32.81282963552156 ], [ 34.989105865842731, 32.812781469997844 ], [ 34.989347921052499, 32.812696205553429 ], [ 34.989676492383722, 32.812557559283256 ], [ 34.989915593905451, 32.812455895936601 ], [ 34.990149148472305, 32.812352595988905 ], [ 34.9901832535623, 32.812337428397925 ], [ 34.990208133716756, 32.812326410826984 ], [ 34.990227284498125, 32.812317915397863 ], [ 34.990344987419505, 32.812265751903311 ], [ 34.990489671190602, 32.812221495334185 ], [ 34.990539677867524, 32.812206206934441 ], [ 34.9907445776605, 32.812157587736046 ], [ 34.990761248589465, 32.812158175230721 ], [ 34.99078094243999, 32.812159195282014 ], [ 34.990926842886651, 32.812166830771339 ], [ 34.991076122896906, 32.812254459016096 ], [ 34.991162142344599, 32.812330922830292 ], [ 34.9912127226712, 32.812375878888403 ], [ 34.9914180409409, 32.812608419037467 ], [ 34.991444665342762, 32.812654888762395 ], [ 34.9915085265594, 32.812766363355784 ], [ 34.991580428642713, 32.812972700404757 ], [ 34.991578684971614, 32.813081540497379 ], [ 34.99157862925739, 32.813086099349647 ], [ 34.991578129626653, 32.81312995852759 ], [ 34.991554195096384, 32.813271028789238 ], [ 34.99155084684611, 32.813290587976184 ], [ 34.99154477735761, 32.813328270121083 ], [ 34.991486391585454, 32.813478185081976 ], [ 34.991476982192161, 32.813502348810417 ], [ 34.991404947294129, 32.813649699552535 ], [ 34.991368283736811, 32.813724717325833 ], [ 34.991281100395845, 32.813882907583412 ], [ 34.991249090064159, 32.813957054992727 ], [ 34.991236531987312, 32.813985977872157 ], [ 34.991236190497546, 32.813997518926854 ], [ 34.991234204596061, 32.814064512939588 ], [ 34.991243554025687, 32.814087879029458 ], [ 34.99124789740565, 32.814098800483393 ], [ 34.991251616825174, 32.814107190731939 ], [ 34.991255228798167, 32.814116754798249 ], [ 34.991262661191286, 32.814135342271115 ], [ 34.991354251076949, 32.814234682283562 ], [ 34.991532435025491, 32.814379239570677 ], [ 34.991584025687942, 32.814421095370577 ], [ 34.99163023230323, 32.814467517175871 ], [ 34.991700354033192, 32.814537969965286 ], [ 34.991828039668171, 32.814687239823499 ], [ 34.991841444302842, 32.814702769850292 ], [ 34.991804970489603, 32.814774307536567 ], [ 34.991798371446201, 32.814807473121043 ], [ 34.991784545646567, 32.814875523647288 ], [ 34.991806960485555, 32.814972677351307 ], [ 34.99186373043775, 32.815076466302664 ], [ 34.991896389047909, 32.815128284164665 ], [ 34.991943407188096, 32.815202753398765 ], [ 34.992039563726422, 32.815313366363384 ], [ 34.992109435556891, 32.815413882645352 ], [ 34.992113827411636, 32.815429637208688 ], [ 34.992136704460066, 32.815506855261333 ], [ 34.992147902650743, 32.815648351228589 ], [ 34.992143002708403, 32.815734007087727 ], [ 34.992139666373724, 32.815788090213097 ], [ 34.99213793682501, 32.815796934663943 ], [ 34.992125710516589, 32.815864176408056 ], [ 34.992073816891349, 32.815911531736901 ], [ 34.992066533460232, 32.815918177464113 ], [ 34.991750009892982, 32.816061910659123 ], [ 34.991729589995806, 32.816070353664074 ], [ 34.991678166916444, 32.816093077257676 ], [ 34.991641193916017, 32.816109423387623 ], [ 34.991262561423298, 32.816277487383445 ], [ 34.990897610074285, 32.816443138994693 ], [ 34.990675359735299, 32.81654582655861 ], [ 34.990462193076674, 32.8166435627395 ], [ 34.990359979164829, 32.816688418429329 ], [ 34.989959471155061, 32.816864155914743 ], [ 34.989926104677018, 32.816878724169356 ], [ 34.989817085809889, 32.816926308892448 ], [ 34.989768974248335, 32.816947230385686 ], [ 34.98950946442249, 32.817060569469717 ], [ 34.989500991816485, 32.817064269889016 ], [ 34.989490834408237, 32.817068753689213 ], [ 34.989483992876274, 32.817071809493889 ], [ 34.98915696712686, 32.817225838799452 ], [ 34.988848447793906, 32.817371156324157 ], [ 34.988629373533932, 32.817467369761864 ], [ 34.988443298266866, 32.817549088270447 ], [ 34.988132624509092, 32.81769678977949 ], [ 34.987931130056403, 32.817783184098438 ], [ 34.987919204612311, 32.817788349997343 ], [ 34.987880576214856, 32.817805099710228 ], [ 34.987653208437187, 32.817895414461056 ], [ 34.987391770909838, 32.817984210812213 ], [ 34.987327785826977, 32.818005947826983 ], [ 34.986957377817141, 32.818123597702304 ], [ 34.986470476893103, 32.818282268997329 ], [ 34.986192056046541, 32.818379794083334 ], [ 34.985884133997828, 32.818494763442651 ], [ 34.985768034496026, 32.818545327671252 ], [ 34.985749643507503, 32.818553316982985 ], [ 34.985685326177148, 32.81858132111963 ], [ 34.985541090439796, 32.818644111580177 ], [ 34.985209016455649, 32.818764082900358 ], [ 34.984932696683984, 32.818870187523117 ], [ 34.984913682685644, 32.818834438270009 ], [ 34.98490550000367, 32.818819102416654 ], [ 34.984847666682491, 32.818710614325973 ], [ 34.984775467487076, 32.818673787124162 ], [ 34.984752059764702, 32.818673022903432 ], [ 34.984687169011458, 32.818670923518049 ], [ 34.984552894093603, 32.81868574961738 ] ] ] } },
{ "type": "Feature", "properties": { "OBJECTID_12": 43, "OBJECTID": 2441, "Shape_Leng": 2096.30733259, "Shape_Area": 114060.08310433938, "OBJECTID_1": 63, "SEMEL_YISH": 4000, "SHEM_YISHU": "חיפה", "SHEM_YIS_1": "HAIFA", "ROVA": 6, "TAT_ROVA": 61, "SchName": "מסדה", "Shape_Length": 2096.3073325947889, "בזב": 4275.0, "מצביעים": 1745.0, "כשרים": 1731.0, "אמת": 133.0, "אצ": 4.0, "ב": 6.0, "ג": 45.0, "ד": 144.0, "ום": 249.0, "ז": 1.0, "זך": 0.0, "זנ": 0.0, "זץ": 0.0, "ט": 58.0, "י": 2.0, "יז": 6.0, "ינ": 0.0, "יץ": 0.0, "יק": 0.0, "כן": 73.0, "ך": 1.0, "ל": 208.0, "מחל": 251.0, "מרצ": 182.0, "נז": 0.0, "ני": 2.0, "נף": 1.0, "נץ": 1.0, "נק": 1.0, "נר": 0.0, "עם": 31.0, "פה": 273.0, "ף": 2.0, "צ": 4.0, "ץ": 0.0, "ק": 1.0, "קי": 0.0, "קך": 0.0, "קנ": 0.0, "קץ": 9.0, "רז": 0.0, "שס": 41.0, "ת": 2.0, "n_stations": 7.0, "turnout_pct": 40.8187134502924, "אמת_pct": 7.6834199884459844, "אצ_pct": 0.23108030040439051, "ב_pct": 0.34662045060658575, "ג_pct": 2.5996533795493932, "ד_pct": 8.3188908145580598, "ום_pct": 14.384748700173311, "ז_pct": 0.057770075101097627, "זך_pct": 0.0, "זנ_pct": 0.0, "זץ_pct": 0.0, "ט_pct": 3.3506643558636626, "י_pct": 0.11554015020219525, "יז_pct": 0.34662045060658575, "ינ_pct": 0.0, "יץ_pct": 0.0, "יק_pct": 0.0, "כן_pct": 4.2172154823801273, "ך_pct": 0.057770075101097627, "ל_pct": 12.016175621028308, "מחל_pct": 14.500288850375506, "מרצ_pct": 10.514153668399768, "נז_pct": 0.0, "ני_pct": 0.11554015020219525, "נף_pct": 0.057770075101097627, "נץ_pct": 0.057770075101097627, "נק_pct": 0.057770075101097627, "נר_pct": 0.0, "עם_pct": 1.7908723281340264, "פה_pct": 15.771230502599654, "ף_pct": 0.11554015020219525, "צ_pct": 0.23108030040439051, "ץ_pct": 0.0, "ק_pct": 0.057770075101097627, "קי_pct": 0.0, "קך_pct": 0.0, "קנ_pct": 0.0, "קץ_pct": 0.51993067590987874, "רז_pct": 0.0, "שס_pct": 2.368573079145003, "ת_pct": 0.11554015020219525 }, "geometry": { "type": "Polygon", "coordinates": [ [ [ 34.99542854933258, 32.808175523916077 ], [ 34.995399987820306, 32.808199091540416 ], [ 34.995296298042369, 32.808295759163578 ], [ 34.995156173293992, 32.808354768900806 ], [ 34.99493901384389, 32.808442227839905 ], [ 34.994844642924946, 32.80848184083257 ], [ 34.994834487377176, 32.808486062686427 ], [ 34.994794296762969, 32.808502856138347 ], [ 34.994933611461953, 32.808695610258013 ], [ 34.994923768193637, 32.808750588837249 ], [ 34.994908181841723, 32.808837749984292 ], [ 34.994875333584993, 32.809021245975543 ], [ 34.994874106601934, 32.809028133744278 ], [ 34.994861339276611, 32.809099250398489 ], [ 34.994882217727749, 32.809181259878073 ], [ 34.99496533437096, 32.809507620843767 ], [ 34.994938293884239, 32.809524347065498 ], [ 34.994953824675356, 32.809590195590289 ], [ 34.994969479573598, 32.809656858547136 ], [ 34.994884896142949, 32.809660686287309 ], [ 34.994858206321659, 32.809661727260732 ], [ 34.994809238469159, 32.809674793762071 ], [ 34.994677532069218, 32.809709932142447 ], [ 34.994513000133466, 32.809799831865512 ], [ 34.994314082875533, 32.809885691814166 ], [ 34.994167922987707, 32.809970656291718 ], [ 34.994059668214895, 32.810056052168811 ], [ 34.993963347171515, 32.810146595022431 ], [ 34.993956156366885, 32.810153161674059 ], [ 34.993874649797917, 32.810227597203266 ], [ 34.993857092884696, 32.810243347273577 ], [ 34.993740266110052, 32.810294998001432 ], [ 34.993616520934964, 32.810338161078548 ], [ 34.993485006991577, 32.810368961388107 ], [ 34.993352400919058, 32.81040822659579 ], [ 34.993199210488839, 32.8104411505171 ], [ 34.993051807858869, 32.810506280696075 ], [ 34.993043581938593, 32.810526080565943 ], [ 34.993041820746477, 32.810530331770522 ], [ 34.993030757741749, 32.810556912975784 ], [ 34.993026644937444, 32.81056674528346 ], [ 34.993019173234153, 32.81058457713192 ], [ 34.993014912949022, 32.810670235980417 ], [ 34.993032039734828, 32.810781256723516 ], [ 34.993038214214536, 32.81080668761436 ], [ 34.993061438776046, 32.810902493595151 ], [ 34.99305882654793, 32.811012765971178 ], [ 34.993057880151106, 32.811053516289086 ], [ 34.993002503644433, 32.811173448668953 ], [ 34.992922456499741, 32.811252205124823 ], [ 34.992832538518478, 32.811342769621994 ], [ 34.992747943812013, 32.811414607721474 ], [ 34.992672717268086, 32.811478485248529 ], [ 34.992656319531406, 32.811492420199592 ], [ 34.992458071525562, 32.811658361052089 ], [ 34.992395305504203, 32.811711450032718 ], [ 34.992307857262787, 32.811785423610893 ], [ 34.992211091011484, 32.811841609013094 ], [ 34.992126051501479, 32.811856254397902 ], [ 34.992107356687647, 32.811859466984671 ], [ 34.992039910230268, 32.811849260887399 ], [ 34.992034036621519, 32.811850508783685 ], [ 34.991971001137586, 32.811863204056294 ], [ 34.991869738125985, 32.811923896328899 ], [ 34.99168279481907, 32.812045301690311 ], [ 34.991601964132734, 32.812135697682464 ], [ 34.991591290550012, 32.812182307765482 ], [ 34.991591056217231, 32.812187440691723 ], [ 34.991576401733887, 32.812250260010231 ], [ 34.991582970054544, 32.812287277457777 ], [ 34.99159282169807, 32.812342711203328 ], [ 34.99160450938875, 32.81236880795894 ], [ 34.991642115400801, 32.812452711956723 ], [ 34.991762149646561, 32.812620269633477 ], [ 34.991845906177751, 32.812785602454937 ], [ 34.991904793895294, 32.812971689601859 ], [ 34.991907795258626, 32.812981194004919 ], [ 34.991909330961271, 32.813052886414383 ], [ 34.991910384306038, 32.813102924809577 ], [ 34.991853949774786, 32.813172712735536 ], [ 34.991784661258926, 32.813213715784329 ], [ 34.991550845780466, 32.813290587072679 ], [ 34.991554195096384, 32.813271028789238 ], [ 34.991578129628799, 32.813129957625897 ], [ 34.99157862925739, 32.813086099349647 ], [ 34.991578684971614, 32.813081540497379 ], [ 34.991580427574945, 32.812972700402952 ], [ 34.9915085265594, 32.812766363355784 ], [ 34.991444664277132, 32.812654887858891 ], [ 34.9914180409409, 32.812608419037467 ], [ 34.99121272267336, 32.81237587798671 ], [ 34.991162142344599, 32.812330922830292 ], [ 34.991076122899059, 32.81225445811441 ], [ 34.99092684288879, 32.812166829869632 ], [ 34.990780942442136, 32.812159194380321 ], [ 34.990761248591618, 32.812158174329042 ], [ 34.9907445776605, 32.812157587736046 ], [ 34.990539677869677, 32.812206206032762 ], [ 34.990489671192748, 32.812221494432492 ], [ 34.990344987419505, 32.812265751903311 ], [ 34.9902272845003, 32.812317914496141 ], [ 34.990208132651148, 32.812326409923493 ], [ 34.9901832535623, 32.812337428397925 ], [ 34.990149147406704, 32.812352595085386 ], [ 34.989915592837662, 32.812455895934747 ], [ 34.989676492383722, 32.812557559283256 ], [ 34.989347921054673, 32.812696204651736 ], [ 34.989105865844913, 32.81278146909613 ], [ 34.988959569368333, 32.812829634619852 ], [ 34.9889597991532, 32.812820254729672 ], [ 34.988962127438242, 32.812741719695268 ], [ 34.988971409212404, 32.812699446383753 ], [ 34.988975840563114, 32.812679075804006 ], [ 34.988985016158971, 32.812636990761668 ], [ 34.988991153825793, 32.81261662041176 ], [ 34.989009118024612, 32.812557410252943 ], [ 34.989076379083556, 32.812473663318691 ], [ 34.989193512514419, 32.812345373808277 ], [ 34.98929326313381, 32.812246358362593 ], [ 34.989335751028442, 32.812204782264658 ], [ 34.989513777824456, 32.812018514629933 ], [ 34.989666811840813, 32.811850745337736 ], [ 34.989683683421262, 32.811832250841839 ], [ 34.989782419318331, 32.811710698203697 ], [ 34.989798382772378, 32.811691065103311 ], [ 34.98984445501268, 32.81159247656435 ], [ 34.98987009496873, 32.811537582291031 ], [ 34.98988789117773, 32.811499516351866 ], [ 34.989975403034578, 32.811342411399288 ], [ 34.990077123011112, 32.811221496614102 ], [ 34.9902513483257, 32.811060570616917 ], [ 34.990559601795781, 32.81075848552895 ], [ 34.990618239844373, 32.810704677176062 ], [ 34.99075519930139, 32.810579026794606 ], [ 34.990793736042519, 32.810540139500901 ], [ 34.990817171117968, 32.810516547965797 ], [ 34.990941441190941, 32.810391157958605 ], [ 34.991023149609461, 32.810295446590331 ], [ 34.991036740087125, 32.810257446348231 ], [ 34.991072692457458, 32.810156939320244 ], [ 34.991127526096527, 32.809910156077322 ], [ 34.991204783908948, 32.809616149753772 ], [ 34.991268257395738, 32.809418433126275 ], [ 34.991330709899593, 32.809290048448837 ], [ 34.991345052936531, 32.809272150844635 ], [ 34.991431695896821, 32.809163980805309 ], [ 34.991579230068155, 32.809085331883615 ], [ 34.99166136325195, 32.809066446676866 ], [ 34.991710745744491, 32.809055075485702 ], [ 34.991861828125373, 32.809056506027922 ], [ 34.991973760894332, 32.809086541046128 ], [ 34.992072172521034, 32.80912885390596 ], [ 34.99207775963071, 32.809131267288429 ], [ 34.992188568443488, 32.80918727161572 ], [ 34.992323345173418, 32.80922076514959 ], [ 34.992458294478901, 32.809224329000052 ], [ 34.992610705287021, 32.809206014755766 ], [ 34.992778091775953, 32.809175278693772 ], [ 34.992892427873784, 32.809136608094654 ], [ 34.992937771196516, 32.809109360735413 ], [ 34.993065232160603, 32.809032663484189 ], [ 34.993325695837953, 32.808879823453154 ], [ 34.9934283563259, 32.80881416760613 ], [ 34.993721997045462, 32.808626296031633 ], [ 34.993932063960088, 32.808486789788816 ], [ 34.994001522197969, 32.808440656073557 ], [ 34.994165522037328, 32.808314233102529 ], [ 34.994331711733203, 32.808203526458307 ], [ 34.99447039211568, 32.808118639387843 ], [ 34.99449284200066, 32.808108760223995 ], [ 34.994772669996202, 32.807985592709151 ], [ 34.995239207864152, 32.807824623897815 ], [ 34.99535333866018, 32.808010205828076 ], [ 34.995409859744406, 32.808134454049068 ], [ 34.99542854933258, 32.808175523916077 ] ] ] } },
{ "type": "Feature", "properties": { "OBJECTID_12": 44, "OBJECTID": 2442, "Shape_Leng": 4541.7481398899999, "Shape_Area": 508795.55464237259, "OBJECTID_1": 64, "SEMEL_YISH": 4000, "SHEM_YISHU": "חיפה", "SHEM_YIS_1": "HAIFA", "ROVA": 6, "TAT_ROVA": 62, "SchName": "הדר עליון", "Shape_Length": 4541.7481398872251, "בזב": 3021.0, "מצביעים": 1331.0, "כשרים": 1327.0, "אמת": 84.0, "אצ": 9.0, "ב": 4.0, "ג": 18.0, "ד": 70.0, "ום": 82.0, "ז": 0.0, "זך": 0.0, "זנ": 0.0, "זץ": 0.0, "ט": 63.0, "י": 0.0, "יז": 3.0, "ינ": 1.0, "יץ": 0.0, "יק": 0.0, "כן": 94.0, "ך": 0.0, "ל": 179.0, "מחל": 253.0, "מרצ": 87.0, "נז": 0.0, "ני": 0.0, "נף": 0.0, "נץ": 1.0, "נק": 1.0, "נר": 0.0, "עם": 19.0, "פה": 322.0, "ף": 2.0, "צ": 2.0, "ץ": 2.0, "ק": 0.0, "קי": 0.0, "קך": 0.0, "קנ": 1.0, "קץ": 10.0, "רז": 2.0, "שס": 18.0, "ת": 0.0, "n_stations": 5.0, "turnout_pct": 44.058258854683878, "אמת_pct": 6.3300678221552369, "אצ_pct": 0.67822155237377535, "ב_pct": 0.30143180105501133, "ג_pct": 1.3564431047475507, "ד_pct": 5.2750565184626979, "ום_pct": 6.1793519216277319, "ז_pct": 0.0, "זך_pct": 0.0, "זנ_pct": 0.0, "זץ_pct": 0.0, "ט_pct": 4.7475508666164279, "י_pct": 0.0, "יז_pct": 0.22607385079125847, "ינ_pct": 0.075357950263752832, "יץ_pct": 0.0, "יק_pct": 0.0, "כן_pct": 7.083647324792766, "ך_pct": 0.0, "ל_pct": 13.489073097211756, "מחל_pct": 19.065561416729466, "מרצ_pct": 6.5561416729464961, "נז_pct": 0.0, "ני_pct": 0.0, "נף_pct": 0.0, "נץ_pct": 0.075357950263752832, "נק_pct": 0.075357950263752832, "נר_pct": 0.0, "עם_pct": 1.4318010550113038, "פה_pct": 24.265259984928413, "ף_pct": 0.15071590052750566, "צ_pct": 0.15071590052750566, "ץ_pct": 0.15071590052750566, "ק_pct": 0.0, "קי_pct": 0.0, "קך_pct": 0.0, "קנ_pct": 0.075357950263752832, "קץ_pct": 0.75357950263752826, "רז_pct": 0.15071590052750566, "שס_pct": 1.3564431047475507, "ת_pct": 0.0 }, "geometry": { "type": "Polygon", "coordinates": [ [ [ 34.9902513483257, 32.811060570616917 ], [ 34.990077123011112, 32.811221496614102 ], [ 34.989975403032432, 32.811342412300988 ], [ 34.989887891175542, 32.811499517253544 ], [ 34.989870096034338, 32.81153758319455 ], [ 34.989844455010505, 32.811592477466014 ], [ 34.989798382772378, 32.811691065103311 ], [ 34.989782419318331, 32.811710698203697 ], [ 34.98968368448687, 32.811832251745358 ], [ 34.989666811840813, 32.811850745337736 ], [ 34.989513777824456, 32.812018514629933 ], [ 34.989335751026267, 32.812204783166365 ], [ 34.989293264199411, 32.812246359266133 ], [ 34.989193512514419, 32.812345373808277 ], [ 34.989076379083556, 32.812473663318691 ], [ 34.989009118024612, 32.812557410252943 ], [ 34.988991153825793, 32.81261662041176 ], [ 34.988985016156803, 32.812636991663375 ], [ 34.988975840563114, 32.812679075804006 ], [ 34.988971409212404, 32.812699446383753 ], [ 34.988962128506031, 32.812741719697073 ], [ 34.9889597991532, 32.812820254729672 ], [ 34.988900190885047, 32.812740630264848 ], [ 34.988732236127987, 32.812516168203075 ], [ 34.988642200841916, 32.812395824957491 ], [ 34.988504474521903, 32.812211826632762 ], [ 34.988473498062824, 32.812170369390905 ], [ 34.988557663163725, 32.812118946829372 ], [ 34.989251138133078, 32.811695083444455 ], [ 34.989235748445729, 32.811668873707056 ], [ 34.989225078254037, 32.811650671877544 ], [ 34.988925420426646, 32.81113989882904 ], [ 34.988904575631807, 32.811104426511442 ], [ 34.98887171026481, 32.811048463317228 ], [ 34.98886713783147, 32.811040605327285 ], [ 34.988860332438307, 32.81102887343684 ], [ 34.988804270736416, 32.811030490129809 ], [ 34.988720512040167, 32.811006095809518 ], [ 34.988632481137529, 32.810940656324334 ], [ 34.988573274630632, 32.81086950285858 ], [ 34.988561623608582, 32.810787162019714 ], [ 34.988564556694079, 32.81072313801765 ], [ 34.988320426440545, 32.810960041942842 ], [ 34.988038247349891, 32.810855321014749 ], [ 34.9879973930746, 32.810840107418414 ], [ 34.987853151713438, 32.810623993284082 ], [ 34.987822060400333, 32.810577412267271 ], [ 34.987520719941493, 32.810407214115095 ], [ 34.987247652352345, 32.810252977311229 ], [ 34.986673242071738, 32.809928543316495 ], [ 34.986722173564104, 32.809873993143853 ], [ 34.987574414105225, 32.808922386379734 ], [ 34.987851288441618, 32.808613215820436 ], [ 34.987846287073552, 32.808558653060963 ], [ 34.987840567489719, 32.808497335392879 ], [ 34.987858294194091, 32.808493759286073 ], [ 34.987893128103778, 32.808486692556116 ], [ 34.988005946942323, 32.808411955250818 ], [ 34.988196609477349, 32.808205975887887 ], [ 34.988458252717876, 32.807966932816875 ], [ 34.988615630231237, 32.807834217307324 ], [ 34.98872923478762, 32.807755405049058 ], [ 34.988888685110766, 32.80764478599739 ], [ 34.989194554551574, 32.807394102696001 ], [ 34.98930758802183, 32.80727355865281 ], [ 34.989371808574106, 32.807181671197313 ], [ 34.989410238022423, 32.807126670899038 ], [ 34.989639473558739, 32.806905516920516 ], [ 34.989650244324473, 32.806895905329924 ], [ 34.989935226507662, 32.80664173808983 ], [ 34.990128050386225, 32.806463351165526 ], [ 34.990301513495091, 32.80630377979297 ], [ 34.990323540020057, 32.806283439226171 ], [ 34.990563581637147, 32.806061852946776 ], [ 34.990713349194522, 32.805893128028572 ], [ 34.990732516892741, 32.805871608507125 ], [ 34.990974179531804, 32.805628477366348 ], [ 34.99120608339598, 32.805408049956007 ], [ 34.991306252384717, 32.805306248159667 ], [ 34.991310321683066, 32.80530209648299 ], [ 34.991378721514565, 32.805232789823243 ], [ 34.991430945232089, 32.805179765412227 ], [ 34.991468722339441, 32.805141325621349 ], [ 34.991615910973032, 32.804984412776086 ], [ 34.99165473447168, 32.804951262225309 ], [ 34.991787090149984, 32.804838268815693 ], [ 34.991819204522805, 32.804804059055535 ], [ 34.99185634988654, 32.804764445872941 ], [ 34.991980064397261, 32.80464284266229 ], [ 34.992101988188949, 32.804511750493553 ], [ 34.99217070223839, 32.804436404391083 ], [ 34.992224776680139, 32.804373370391652 ], [ 34.992210975209062, 32.804337643619952 ], [ 34.992173630340659, 32.804240291401406 ], [ 34.99213658260917, 32.804014354820758 ], [ 34.992153143241794, 32.803875616131521 ], [ 34.992160910790069, 32.803858924554568 ], [ 34.99218662877108, 32.803802450098438 ], [ 34.992253174830459, 32.803698327280443 ], [ 34.992303922642783, 32.803634970206858 ], [ 34.992342918782889, 32.803586310626173 ], [ 34.992459710170124, 32.803455766636375 ], [ 34.99254694581829, 32.803361232997439 ], [ 34.992645892961036, 32.80319404633974 ], [ 34.992677266611942, 32.803109800211125 ], [ 34.992703485296396, 32.80303914648001 ], [ 34.992713341698462, 32.802981631589695 ], [ 34.992727844388945, 32.802897171176056 ], [ 34.992739731179924, 32.802747867471673 ], [ 34.992752343793335, 32.802693246255224 ], [ 34.992767557660912, 32.802626727098819 ], [ 34.992852610941988, 32.80250288635645 ], [ 34.992864726706593, 32.802493915150542 ], [ 34.993007501768183, 32.802388183991638 ], [ 34.993390657280102, 32.802171883095184 ], [ 34.993522045701077, 32.80210050826355 ], [ 34.99364161960191, 32.802152030272204 ], [ 34.993814915107585, 32.802187742079923 ], [ 34.994139041775483, 32.802193429974309 ], [ 34.994351090028523, 32.802185308124209 ], [ 34.994576641633117, 32.802159176502514 ], [ 34.994794459614511, 32.802110931055971 ], [ 34.994869939794782, 32.802322675492853 ], [ 34.99497964877002, 32.802630446013701 ], [ 34.99505993675286, 32.802855736364776 ], [ 34.995096382610932, 32.802957847181446 ], [ 34.995204844289255, 32.803261828286473 ], [ 34.995409235292037, 32.803835097404232 ], [ 34.995421545936118, 32.803869659962082 ], [ 34.995425258551137, 32.803880033811041 ], [ 34.995440213872023, 32.803922348116885 ], [ 34.995478715484673, 32.803939277603398 ], [ 34.995587537408035, 32.803976067803873 ], [ 34.995606415836491, 32.803938767435803 ], [ 34.995611991553858, 32.803927687725796 ], [ 34.995695284837929, 32.803873256182612 ], [ 34.995731319442456, 32.803856663789126 ], [ 34.995834564478322, 32.803809035300596 ], [ 34.996034885637734, 32.803703506547691 ], [ 34.996213522289722, 32.803613326090279 ], [ 34.996218428714542, 32.803610847380838 ], [ 34.996302557647859, 32.803565900814526 ], [ 34.996376331161265, 32.803609394772472 ], [ 34.996520380506531, 32.80364966910895 ], [ 34.996743601058611, 32.803658517178796 ], [ 34.99704863255419, 32.803664174904178 ], [ 34.997310542527991, 32.803658828468272 ], [ 34.997346964157046, 32.803654739109106 ], [ 34.997434107341043, 32.803644960948809 ], [ 34.997504263246086, 32.803614188520783 ], [ 34.997640167297135, 32.803554591136596 ], [ 34.997983557536735, 32.803359052258514 ], [ 34.998025296005792, 32.803337419128724 ], [ 34.998057341172448, 32.803320806864448 ], [ 34.998182706006766, 32.803255855306489 ], [ 34.998189239521928, 32.803252439635848 ], [ 34.998297819399085, 32.803155502550467 ], [ 34.998322572787544, 32.803119217722482 ], [ 34.998454550877504, 32.802925295130301 ], [ 34.998596422036485, 32.802733880927995 ], [ 34.998638124502428, 32.80267763157083 ], [ 34.998759714328145, 32.802544285283389 ], [ 34.998807192058919, 32.802513350440272 ], [ 34.998821309331888, 32.802503815680026 ], [ 34.999054228863365, 32.80242872981097 ], [ 34.999329149482357, 32.802353831318442 ], [ 34.999383273319182, 32.802339090710326 ], [ 34.999727087498108, 32.802238124381468 ], [ 34.99989881434287, 32.802187897549707 ], [ 34.999939587906837, 32.8021759698183 ], [ 35.000060314499414, 32.802140660036436 ], [ 35.00006793271789, 32.802139062044972 ], [ 35.000253324664271, 32.802100299496644 ], [ 35.000581776420745, 32.802084064840983 ], [ 35.000763353491443, 32.802068156833094 ], [ 35.000816176953229, 32.802063526869915 ], [ 35.000839892217499, 32.802059610599812 ], [ 35.000850565204047, 32.802057451263515 ], [ 35.000861247806391, 32.802055757215115 ], [ 35.000972549343487, 32.802035108979332 ], [ 35.001054226448943, 32.802031818811017 ], [ 35.001151704619815, 32.802127192157485 ], [ 35.001191537645525, 32.802166300077012 ], [ 35.001173476631088, 32.802176818763691 ], [ 35.000939918489117, 32.80229709314721 ], [ 35.000616177362183, 32.802448676801035 ], [ 35.000384136133746, 32.802560471291173 ], [ 35.000225886249382, 32.802633477665793 ], [ 35.000182546591979, 32.802653482269626 ], [ 35.000135848776239, 32.802675028684405 ], [ 34.999861866927134, 32.802792088191261 ], [ 34.999858515457539, 32.802793510997418 ], [ 34.999585500381173, 32.802892795516378 ], [ 34.999349939817115, 32.802954356266866 ], [ 34.999200031274206, 32.803003157348932 ], [ 34.999136543894821, 32.803033530491852 ], [ 34.999113889147445, 32.803044131518305 ], [ 34.999049219949249, 32.803120411429667 ], [ 34.999038942360407, 32.803132556598158 ], [ 34.999019272263929, 32.803191675338496 ], [ 34.99900497284866, 32.803233948456395 ], [ 34.99900778048324, 32.803307457194222 ], [ 34.99901102118195, 32.803392290090017 ], [ 34.999017369739356, 32.80360023068247 ], [ 34.999006544103445, 32.803848807604055 ], [ 34.999005033361065, 32.803858545202736 ], [ 34.998986166064462, 32.803981688982887 ], [ 34.998977285194798, 32.804039196950477 ], [ 34.998928438777796, 32.804152374727273 ], [ 34.998821014299821, 32.804256430392165 ], [ 34.998699306823838, 32.80434252965258 ], [ 34.998576338285858, 32.804423483469797 ], [ 34.998534259963769, 32.804446948457773 ], [ 34.998459485347084, 32.804488653187889 ], [ 34.998379905107761, 32.804598344745692 ], [ 34.998369444646194, 32.804645217314466 ], [ 34.998354438550578, 32.804712188326931 ], [ 34.99839369822751, 32.804728578952819 ], [ 34.99855186673841, 32.804757065622624 ], [ 34.998930843181363, 32.804780767742628 ], [ 34.999020314251517, 32.804777756794223 ], [ 34.999075317393832, 32.804775958851906 ], [ 34.999019555697274, 32.80483275694845 ], [ 34.998989266604994, 32.804863723661811 ], [ 34.998960694004026, 32.804892981772703 ], [ 34.998709133852607, 32.805035120871104 ], [ 34.998428023836226, 32.805212209120754 ], [ 34.998227695667033, 32.805363998449764 ], [ 34.998197263773875, 32.805393725808315 ], [ 34.998053988192922, 32.805533652358157 ], [ 34.998015174999495, 32.805571574861034 ], [ 34.997940575808855, 32.805647727789356 ], [ 34.997785289516806, 32.805806266777005 ], [ 34.997692466572637, 32.80589522776841 ], [ 34.997546441074739, 32.806035170823648 ], [ 34.99739375608128, 32.806129395948169 ], [ 34.997391835707184, 32.806130590219929 ], [ 34.997254970938037, 32.806215025511037 ], [ 34.997239368122813, 32.806223928248897 ], [ 34.997195914707625, 32.806248665494557 ], [ 34.996926054694875, 32.806402344794328 ], [ 34.996849355537705, 32.806446002026121 ], [ 34.996392493960997, 32.80671187231578 ], [ 34.996163746502084, 32.806847386041539 ], [ 34.996138453626742, 32.806862369763579 ], [ 34.996000741180367, 32.80694394750347 ], [ 34.995800123911067, 32.807034146882124 ], [ 34.99576473668337, 32.807050049666998 ], [ 34.995533157022479, 32.807138480201651 ], [ 34.995448938780669, 32.807170705005085 ], [ 34.995282816914603, 32.807236076228492 ], [ 34.995200904750732, 32.807268310125565 ], [ 34.995009910844423, 32.807350127757253 ], [ 34.994968540103166, 32.807367733523328 ], [ 34.995057427752698, 32.807527306603518 ], [ 34.9951960219284, 32.807754670675621 ], [ 34.995206982153341, 32.807772450502476 ], [ 34.995239207864152, 32.807824623897815 ], [ 34.994772669996202, 32.807985592709151 ], [ 34.99449284200066, 32.808108760223995 ], [ 34.99447039211568, 32.808118639387843 ], [ 34.994331711733203, 32.808203526458307 ], [ 34.994165523105053, 32.808314233104319 ], [ 34.994001522197969, 32.808440656073557 ], [ 34.993932063957949, 32.808486790690523 ], [ 34.993721997043338, 32.808626296933326 ], [ 34.9934283563259, 32.80881416760613 ], [ 34.993325695837953, 32.808879823453154 ], [ 34.993065232158472, 32.809032664385867 ], [ 34.992937771194391, 32.809109361637091 ], [ 34.992892427873784, 32.809136608094654 ], [ 34.992778091773815, 32.809175279595443 ], [ 34.992610705287021, 32.809206014755766 ], [ 34.992458294476769, 32.809224329901738 ], [ 34.992323346241172, 32.809220765151409 ], [ 34.992188569511235, 32.809187271617525 ], [ 34.99207775963071, 32.809131267288429 ], [ 34.992072172521034, 32.80912885390596 ], [ 34.991973760892193, 32.809086541947835 ], [ 34.991861828125373, 32.809056506027922 ], [ 34.991710745744491, 32.809055075485702 ], [ 34.99166136325195, 32.809066446676866 ], [ 34.991579230065994, 32.809085332785308 ], [ 34.991431695894676, 32.809163981706988 ], [ 34.991345052936531, 32.809272150844635 ], [ 34.99133071096734, 32.809290048450656 ], [ 34.991268257395738, 32.809418433126275 ], [ 34.991204783906809, 32.809616150655451 ], [ 34.991127526096527, 32.809910156077322 ], [ 34.991072692455319, 32.810156940221908 ], [ 34.991036740087125, 32.810257446348231 ], [ 34.991023150675083, 32.810295447493843 ], [ 34.990941441190941, 32.810391157958605 ], [ 34.990817172185743, 32.810516547967637 ], [ 34.990793736042519, 32.810540139500901 ], [ 34.99075519930139, 32.810579026794606 ], [ 34.990618239842213, 32.810704678077762 ], [ 34.990559601793628, 32.810758486430622 ], [ 34.9902513483257, 32.811060570616917 ] ] ] } },
{ "type": "Feature", "properties": { "OBJECTID_12": 45, "OBJECTID": 2444, "Shape_Leng": 2050.9752076899999, "Shape_Area": 182677.52506305638, "OBJECTID_1": 66, "SEMEL_YISH": 4000, "SHEM_YISHU": "חיפה", "SHEM_YIS_1": "HAIFA", "ROVA": 6, "TAT_ROVA": 62, "SchName": "המיימוני", "Shape_Length": 2050.9752076949981, "בזב": 6385.0, "מצביעים": 3536.0, "כשרים": 3510.0, "אמת": 127.0, "אצ": 11.0, "ב": 15.0, "ג": 432.0, "ד": 65.0, "ום": 49.0, "ז": 0.0, "זך": 0.0, "זנ": 0.0, "זץ": 1.0, "ט": 198.0, "י": 2.0, "יז": 6.0, "ינ": 0.0, "יץ": 0.0, "יק": 0.0, "כן": 273.0, "ך": 0.0, "ל": 381.0, "מחל": 728.0, "מרצ": 102.0, "נז": 0.0, "ני": 1.0, "נף": 0.0, "נץ": 2.0, "נק": 2.0, "נר": 0.0, "עם": 9.0, "פה": 808.0, "ף": 0.0, "צ": 7.0, "ץ": 2.0, "ק": 1.0, "קי": 0.0, "קך": 1.0, "קנ": 1.0, "קץ": 16.0, "רז": 1.0, "שס": 269.0, "ת": 0.0, "n_stations": 11.0, "turnout_pct": 55.379796397807354, "אמת_pct": 3.6182336182336181, "אצ_pct": 0.31339031339031337, "ב_pct": 0.42735042735042739, "ג_pct": 12.307692307692308, "ד_pct": 1.8518518518518516, "ום_pct": 1.396011396011396, "ז_pct": 0.0, "זך_pct": 0.0, "זנ_pct": 0.0, "זץ_pct": 0.028490028490028487, "ט_pct": 5.6410256410256414, "י_pct": 0.056980056980056974, "יז_pct": 0.17094017094017094, "ינ_pct": 0.0, "יץ_pct": 0.0, "יק_pct": 0.0, "כן_pct": 7.7777777777777777, "ך_pct": 0.0, "ל_pct": 10.854700854700855, "מחל_pct": 20.74074074074074, "מרצ_pct": 2.9059829059829059, "נז_pct": 0.0, "ני_pct": 0.028490028490028487, "נף_pct": 0.0, "נץ_pct": 0.056980056980056974, "נק_pct": 0.056980056980056974, "נר_pct": 0.0, "עם_pct": 0.25641025641025639, "פה_pct": 23.019943019943021, "ף_pct": 0.0, "צ_pct": 0.19943019943019943, "ץ_pct": 0.056980056980056974, "ק_pct": 0.028490028490028487, "קי_pct": 0.0, "קך_pct": 0.028490028490028487, "קנ_pct": 0.028490028490028487, "קץ_pct": 0.45584045584045579, "רז_pct": 0.028490028490028487, "שס_pct": 7.6638176638176638, "ת_pct": 0.0 }, "geometry": { "type": "Polygon", "coordinates": [ [ [ 35.001054226450997, 32.802031817909317 ], [ 35.000972549343487, 32.802035108979332 ], [ 35.000861246738751, 32.802055757213381 ], [ 35.000850565204047, 32.802057451263515 ], [ 35.000839892217499, 32.802059610599812 ], [ 35.000816176955297, 32.802063525968229 ], [ 35.000763353491443, 32.802068156833094 ], [ 35.000581776422813, 32.802084063939311 ], [ 35.000253324664271, 32.802100299496644 ], [ 35.00006793271789, 32.802139062044972 ], [ 35.000060314501489, 32.802140659134757 ], [ 34.999939587906837, 32.8021759698183 ], [ 34.999898814344917, 32.802187896648022 ], [ 34.999727087500169, 32.802238123479803 ], [ 34.999383273319182, 32.802339090710326 ], [ 34.999329148414695, 32.802353831316715 ], [ 34.99905422886544, 32.802428728909291 ], [ 34.998821308264226, 32.802503815678264 ], [ 34.998807192058919, 32.802513350440272 ], [ 34.99875971433022, 32.802544284381717 ], [ 34.998638123434752, 32.802677631569075 ], [ 34.998596422036485, 32.802733880927995 ], [ 34.998454550877504, 32.802925295130301 ], [ 34.998322572787544, 32.803119217722482 ], [ 34.998297819399085, 32.803155502550467 ], [ 34.998189239521928, 32.803252439635848 ], [ 34.998182706006766, 32.803255855306489 ], [ 34.99805734117453, 32.803320805962755 ], [ 34.998025296007874, 32.803337418227031 ], [ 34.997983557536735, 32.803359052258514 ], [ 34.997640167297135, 32.803554591136596 ], [ 34.997504263246086, 32.803614188520783 ], [ 34.997434107343125, 32.803644960047116 ], [ 34.997346964157046, 32.803654739109106 ], [ 34.997310542530073, 32.803658827566565 ], [ 34.997048632556293, 32.803664174002499 ], [ 34.996743601060707, 32.803658516277089 ], [ 34.996520380506531, 32.80364966910895 ], [ 34.996376331163368, 32.803609393870794 ], [ 34.996302557649976, 32.803565899912826 ], [ 34.996218428716652, 32.803610846479167 ], [ 34.996213522289722, 32.803613326090279 ], [ 34.996034885639837, 32.803703505646006 ], [ 34.995834564478322, 32.803809035300596 ], [ 34.995731319442456, 32.803856663789126 ], [ 34.995695284837929, 32.803873256182612 ], [ 34.995611991553858, 32.803927687725796 ], [ 34.995606415836491, 32.803938767435803 ], [ 34.995587536340373, 32.803976067802111 ], [ 34.995478715486776, 32.803939276701719 ], [ 34.995440213872023, 32.803922348116885 ], [ 34.99542525855324, 32.803880032909355 ], [ 34.995421545936118, 32.803869659962082 ], [ 34.995409235294147, 32.803835096502524 ], [ 34.995204843223704, 32.803261827383004 ], [ 34.99509638154327, 32.80295784717967 ], [ 34.995059936754963, 32.802855735463098 ], [ 34.99497964877002, 32.802630446013701 ], [ 34.994869939794782, 32.802322675492853 ], [ 34.994794459614511, 32.802110931055971 ], [ 34.994813901088598, 32.802106651704094 ], [ 34.994877369838399, 32.802085472568422 ], [ 34.99505933910158, 32.802024735045059 ], [ 34.995230887524166, 32.801940391583685 ], [ 34.995402016632816, 32.801856248262922 ], [ 34.995763650212695, 32.801670375933845 ], [ 34.995931110931814, 32.801578445971721 ], [ 34.996065641119479, 32.801504601247672 ], [ 34.996302618564066, 32.801387780686618 ], [ 34.996403461408768, 32.801318150026297 ], [ 34.996429435699071, 32.801300069150628 ], [ 34.996457726378566, 32.80127619964469 ], [ 34.996574819184403, 32.801177415260597 ], [ 34.996726558539123, 32.80102834674377 ], [ 34.996802632138547, 32.800963377003278 ], [ 34.996867871004895, 32.800907659559492 ], [ 34.99688265513759, 32.800895067579916 ], [ 34.996919852466192, 32.800866806155838 ], [ 34.99701750622944, 32.800792586406708 ], [ 34.997078545076924, 32.800757875836354 ], [ 34.997233994363356, 32.800668496753808 ], [ 34.997455774195139, 32.8005623816887 ], [ 34.997704147723461, 32.800496259607179 ], [ 34.997928778338888, 32.800451532920505 ], [ 34.998021475612113, 32.800442127779753 ], [ 34.998165223671215, 32.800426043058657 ], [ 34.998430352777405, 32.800409523078827 ], [ 34.998673517129632, 32.800389795203493 ], [ 34.998729779508544, 32.800385223162955 ], [ 34.998764381249131, 32.80037987163459 ], [ 34.999097389901422, 32.800328389455331 ], [ 34.999341586195683, 32.800269639427569 ], [ 34.999397502985765, 32.800250921670617 ], [ 34.9995947030826, 32.800184932964015 ], [ 34.999763369528011, 32.800100629933652 ], [ 34.999931747196101, 32.799954379023056 ], [ 35.000053061982783, 32.799851516283773 ], [ 35.000062804912332, 32.799837646115883 ], [ 35.000155880285483, 32.799704525983344 ], [ 35.000196269227942, 32.799594129996279 ], [ 35.000222491301571, 32.799522672133818 ], [ 35.000275432404592, 32.79934350284347 ], [ 35.000335213853297, 32.799155331351585 ], [ 35.000332675126387, 32.799145946004131 ], [ 35.000338880585169, 32.799141089680425 ], [ 35.0003802970366, 32.799100401552387 ], [ 35.000453902709893, 32.799027752138308 ], [ 35.000467501765669, 32.799014340866322 ], [ 35.001109410121956, 32.798380861523441 ], [ 35.001311154096477, 32.798536459447433 ], [ 35.001448030558862, 32.798675901806057 ], [ 35.001508852783878, 32.798745986145001 ], [ 35.001571440598156, 32.79881810663057 ], [ 35.001648163285566, 32.798879652374538 ], [ 35.00176585687295, 32.798964873392144 ], [ 35.001764857982089, 32.79902023210294 ], [ 35.001771501248612, 32.799104728755125 ], [ 35.001809339809178, 32.799227692492529 ], [ 35.001892529524788, 32.799404196329164 ], [ 35.002019263984252, 32.799686722075514 ], [ 35.00210062823168, 32.799916784255693 ], [ 35.002107198290574, 32.799938073010992 ], [ 35.002109846484316, 32.799946828215468 ], [ 35.00206901689576, 32.800113216510979 ], [ 35.002040015881363, 32.800231379744147 ], [ 35.001820517326628, 32.801125596689957 ], [ 35.001770028637367, 32.80120634451734 ], [ 35.001633105964906, 32.801425379314892 ], [ 35.001577059063251, 32.801514913167253 ], [ 35.001305356186229, 32.801707356528603 ], [ 35.001252290372236, 32.80174494766883 ], [ 35.001148425579089, 32.801785264216534 ], [ 35.001040172358188, 32.801876340631345 ], [ 35.001026498291886, 32.801887842052494 ], [ 35.001012463732515, 32.801899645855229 ], [ 35.001033348372808, 32.801965690862666 ], [ 35.001039383864153, 32.801984912119941 ], [ 35.001054226450997, 32.802031817909317 ] ] ] } },
{ "type": "Feature", "properties": { "OBJECTID_12": 46, "OBJECTID": 2445, "Shape_Leng": 4121.0786691000003, "Shape_Area": 409309.39995724079, "OBJECTID_1": 67, "SEMEL_YISH": 4000, "SHEM_YISHU": "חיפה", "SHEM_YIS_1": "HAIFA", "ROVA": 6, "TAT_ROVA": 63, "SchName": "הדר מרכז", "Shape_Length": 4121.0786691015455, "בזב": 6801.0, "מצביעים": 2504.0, "כשרים": 2492.0, "אמת": 111.0, "אצ": 6.0, "ב": 6.0, "ג": 411.0, "ד": 164.0, "ום": 380.0, "ז": 0.0, "זך": 0.0, "זנ": 0.0, "זץ": 0.0, "ט": 109.0, "י": 0.0, "יז": 4.0, "ינ": 0.0, "יץ": 0.0, "יק": 0.0, "כן": 54.0, "ך": 4.0, "ל": 314.0, "מחל": 387.0, "מרצ": 101.0, "נז": 2.0, "ני": 2.0, "נף": 0.0, "נץ": 0.0, "נק": 0.0, "נר": 1.0, "עם": 57.0, "פה": 228.0, "ף": 2.0, "צ": 4.0, "ץ": 2.0, "ק": 1.0, "קי": 0.0, "קך": 2.0, "קנ": 0.0, "קץ": 9.0, "רז": 2.0, "שס": 128.0, "ת": 1.0, "n_stations": 12.0, "turnout_pct": 36.818114983090723, "אמת_pct": 4.4542536115569824, "אצ_pct": 0.2407704654895666, "ב_pct": 0.2407704654895666, "ג_pct": 16.492776886035312, "ד_pct": 6.5810593900481535, "ום_pct": 15.248796147672552, "ז_pct": 0.0, "זך_pct": 0.0, "זנ_pct": 0.0, "זץ_pct": 0.0, "ט_pct": 4.3739967897271272, "י_pct": 0.0, "יז_pct": 0.16051364365971107, "ינ_pct": 0.0, "יץ_pct": 0.0, "יק_pct": 0.0, "כן_pct": 2.1669341894060992, "ך_pct": 0.16051364365971107, "ל_pct": 12.60032102728732, "מחל_pct": 15.529695024077048, "מרצ_pct": 4.0529695024077039, "נז_pct": 0.080256821829855537, "ני_pct": 0.080256821829855537, "נף_pct": 0.0, "נץ_pct": 0.0, "נק_pct": 0.0, "נר_pct": 0.040128410914927769, "עם_pct": 2.2873194221508828, "פה_pct": 9.1492776886035312, "ף_pct": 0.080256821829855537, "צ_pct": 0.16051364365971107, "ץ_pct": 0.080256821829855537, "ק_pct": 0.040128410914927769, "קי_pct": 0.0, "קך_pct": 0.080256821829855537, "קנ_pct": 0.0, "קץ_pct": 0.3611556982343499, "רז_pct": 0.080256821829855537, "שס_pct": 5.1364365971107544, "ת_pct": 0.040128410914927769 }, "geometry": { "type": "MultiPolygon", "coordinates": [ [ [ [ 34.997607732150975, 32.81045581547297 ], [ 34.997569963036646, 32.81041075870899 ], [ 34.997563231074025, 32.810402807297685 ], [ 34.997377304422088, 32.810232269780741 ], [ 34.997358853876918, 32.810212791601565 ], [ 34.997195481047548, 32.810040458866737 ], [ 34.997133503822376, 32.809971629397907 ], [ 34.997079509981504, 32.809911671329601 ], [ 34.996958019367021, 32.809811207475477 ], [ 34.996746544308344, 32.809699227585178 ], [ 34.996466661249777, 32.809572526358181 ], [ 34.996439359717833, 32.809558409225801 ], [ 34.996289205228088, 32.809480974991644 ], [ 34.996159172501834, 32.809382113795031 ], [ 34.996126231847498, 32.809346674844612 ], [ 34.996010690351142, 32.809222449580652 ], [ 34.995960035559797, 32.809152397641668 ], [ 34.995880288520866, 32.809010340480199 ], [ 34.995729178798307, 32.808744630863444 ], [ 34.995615731237962, 32.808541013001673 ], [ 34.995589354461735, 32.80849417124363 ], [ 34.995516218257926, 32.808354691075635 ], [ 34.995469873927995, 32.808266296704552 ], [ 34.995428549330477, 32.808175524817777 ], [ 34.995409859744406, 32.808134454049068 ], [ 34.99535333866018, 32.808010205828076 ], [ 34.995239207864152, 32.807824623897815 ], [ 34.995206982153341, 32.807772450502476 ], [ 34.9951960219284, 32.807754670675621 ], [ 34.995057427752698, 32.807527306603518 ], [ 34.994968540103166, 32.807367733523328 ], [ 34.995009910844423, 32.807350127757253 ], [ 34.995200904750732, 32.807268310125565 ], [ 34.995282816914603, 32.807236076228492 ], [ 34.995448938780669, 32.807170705005085 ], [ 34.995533157022479, 32.807138480201651 ], [ 34.99576473668337, 32.807050049666998 ], [ 34.995800123911067, 32.807034146882124 ], [ 34.996000741180367, 32.80694394750347 ], [ 34.996138453626742, 32.806862369763579 ], [ 34.996163746502084, 32.806847386041539 ], [ 34.996392493960997, 32.80671187231578 ], [ 34.996849355537705, 32.806446002026121 ], [ 34.996926054694875, 32.806402344794328 ], [ 34.997195914707625, 32.806248665494557 ], [ 34.997239368122813, 32.806223928248897 ], [ 34.997254970938037, 32.806215025511037 ], [ 34.997391835707184, 32.806130590219929 ], [ 34.99739375608128, 32.806129395948169 ], [ 34.997546441074739, 32.806035170823648 ], [ 34.997692466572637, 32.80589522776841 ], [ 34.997785289516806, 32.805806266777005 ], [ 34.997940575808855, 32.805647727789356 ], [ 34.998015174999495, 32.805571574861034 ], [ 34.998053988192922, 32.805533652358157 ], [ 34.998197263773875, 32.805393725808315 ], [ 34.998227695667033, 32.805363998449764 ], [ 34.998428023836226, 32.805212209120754 ], [ 34.998709133852607, 32.805035120871104 ], [ 34.998960694004026, 32.804892981772703 ], [ 34.998989266604994, 32.804863723661811 ], [ 34.999019555697274, 32.80483275694845 ], [ 34.999075317393832, 32.804775958851906 ], [ 34.999082575544257, 32.804775970752836 ], [ 34.999276655240777, 32.804733763231624 ], [ 34.999380922641173, 32.804711085115535 ], [ 34.999643578408509, 32.804617371029195 ], [ 34.999879037445226, 32.804601976211131 ], [ 35.000054558253595, 32.804606232008823 ], [ 35.000082324525067, 32.804606277316665 ], [ 35.000139346443213, 32.80463020025649 ], [ 35.000142744845306, 32.804631626866311 ], [ 35.000147700582318, 32.804633707037766 ], [ 35.00022696070949, 32.804666843629022 ], [ 35.00038427994977, 32.8047831441759 ], [ 35.000486140489798, 32.804896104528133 ], [ 35.000493244067535, 32.804903964421499 ], [ 35.000561389948025, 32.805026878585693 ], [ 35.000651158253, 32.805225948717933 ], [ 35.00066441849232, 32.80527019647301 ], [ 35.000724486966675, 32.805470693388038 ], [ 35.000739505551294, 32.805578249969045 ], [ 35.000755900475916, 32.805695624601178 ], [ 35.000762652233881, 32.805965513718085 ], [ 35.00074567075324, 32.806202717577214 ], [ 35.000723236916812, 32.806487900585005 ], [ 35.000700929331032, 32.806811288453304 ], [ 35.000681599397616, 32.807002242494242 ], [ 35.000664435467691, 32.807130155581987 ], [ 35.000663553130991, 32.807137818524403 ], [ 35.000656500315436, 32.807195607279226 ], [ 35.000501181581619, 32.807269202994533 ], [ 35.000338062974379, 32.807400225356211 ], [ 35.000149417656388, 32.807526158196467 ], [ 35.000108457161105, 32.807558999507179 ], [ 35.000063851440309, 32.807594630099253 ], [ 35.00000318624609, 32.807643680484261 ], [ 34.999784344683832, 32.807860895796047 ], [ 34.999337571807814, 32.808293521400685 ], [ 34.999328478410206, 32.808303066239738 ], [ 34.998909878578829, 32.808740417996425 ], [ 34.998551676303251, 32.809146582543441 ], [ 34.998346635031041, 32.809442719543028 ], [ 34.998169894168306, 32.809681560661005 ], [ 34.99799059445742, 32.809923906681618 ], [ 34.997640309792331, 32.810410516019388 ], [ 34.997607732150975, 32.81045581547297 ] ] ], [ [ [ 34.997607732150975, 32.81045581547297 ], [ 34.99770518199383, 32.810570395554493 ], [ 34.997860580814574, 32.810738007634264 ], [ 34.998004983533512, 32.81090505316449 ], [ 34.99808754821003, 32.810989775059227 ], [ 34.99815880642786, 32.811062022317351 ], [ 34.998350538281564, 32.811264143623731 ], [ 34.998589155656433, 32.811509429908313 ], [ 34.998811848819649, 32.811759657901824 ], [ 34.998953287489826, 32.811918865365861 ], [ 34.999133191981734, 32.812113546935322 ], [ 34.999156408215882, 32.81213839411452 ], [ 34.999362998605996, 32.812332594306795 ], [ 34.999542154163628, 32.812501682266962 ], [ 34.999576517987876, 32.812534110987876 ], [ 34.999712152470863, 32.812665435022474 ], [ 34.99974775456284, 32.812697146171018 ], [ 35.000087979521794, 32.813004184681091 ], [ 35.000097680443247, 32.813013035276107 ], [ 35.000150780479167, 32.81304531767762 ], [ 35.000231928689303, 32.813094687750628 ], [ 35.000294847410792, 32.813132940866652 ], [ 35.00044327618982, 32.813223065071178 ], [ 35.000446651448691, 32.813288989565905 ], [ 35.000578918068605, 32.813346552478187 ], [ 35.000734870894746, 32.813414335672952 ], [ 35.000756529955702, 32.813423752092412 ], [ 35.000709045177381, 32.813504194019245 ], [ 35.000525313389382, 32.81381380963964 ], [ 35.000404342087528, 32.814044712279184 ], [ 35.000323491808388, 32.814237361954866 ], [ 35.000309845605557, 32.81427737476946 ], [ 35.000261997998784, 32.81441805064987 ], [ 35.000233027221761, 32.814525939366433 ], [ 35.000204169573927, 32.814633822848648 ], [ 35.000167494572622, 32.814782240785561 ], [ 35.000154589131334, 32.814834452855685 ], [ 35.000089480047322, 32.815055717026532 ], [ 35.000056282739713, 32.815191461025272 ], [ 35.000038934708748, 32.815262480499648 ], [ 34.999980392769679, 32.815365011717596 ], [ 34.99983126278979, 32.81552922022199 ], [ 34.999712043178164, 32.815643549052574 ], [ 34.999637032372291, 32.815715464235545 ], [ 34.99944261301723, 32.81593155718479 ], [ 34.999421948768024, 32.815955596680638 ], [ 34.999394230442213, 32.815934996366074 ], [ 34.99923401960082, 32.815816289701722 ], [ 34.999225909394674, 32.815810281974372 ], [ 34.999068810762701, 32.816007218670144 ], [ 34.998909773055253, 32.816206591952032 ], [ 34.998793702320647, 32.816118401837407 ], [ 34.998677725584493, 32.816030298331192 ], [ 34.998658329828437, 32.816009796288242 ], [ 34.998643527333002, 32.815994161901273 ], [ 34.998254083990808, 32.815581823938565 ], [ 34.998198437854484, 32.815632582223309 ], [ 34.998202897636283, 32.815642513571305 ], [ 34.997806516980035, 32.816194581794271 ], [ 34.997511925293374, 32.816601397781817 ], [ 34.997479466144725, 32.816646163547027 ], [ 34.997614139530789, 32.816823108294592 ], [ 34.997641710525457, 32.816859311601583 ], [ 34.997612838982405, 32.816882080283406 ], [ 34.997545853947365, 32.816935349678218 ], [ 34.99737747164788, 32.817069423174864 ], [ 34.997365389924148, 32.817077788913501 ], [ 34.997259901614051, 32.81693172819233 ], [ 34.997175439943497, 32.816839693581677 ], [ 34.997074236250491, 32.816779208375635 ], [ 34.996964759106319, 32.816746293882325 ], [ 34.996866999589948, 32.816675176075499 ], [ 34.996743706629353, 32.816566218799302 ], [ 34.996617629257329, 32.816457177430735 ], [ 34.996492092572595, 32.816349945622271 ], [ 34.996434652832242, 32.816299074249578 ], [ 34.996389257069175, 32.816257888979351 ], [ 34.996437610647305, 32.816221182153207 ], [ 34.996459755838089, 32.816204449302717 ], [ 34.996435923827022, 32.816164192535055 ], [ 34.996407107964991, 32.816115363230146 ], [ 34.996338373526676, 32.816006510601248 ], [ 34.996214030306085, 32.815843987047195 ], [ 34.996083787756334, 32.815649912427851 ], [ 34.996072715868742, 32.815634653637396 ], [ 34.996013635820013, 32.815553946015719 ], [ 34.995986387680112, 32.815516208205864 ], [ 34.995881167137973, 32.8153998953062 ], [ 34.995826747532725, 32.815337404088602 ], [ 34.99572663629889, 32.815222726217534 ], [ 34.995499636348825, 32.814943907517225 ], [ 34.995366987320146, 32.814814742604469 ], [ 34.995288056321378, 32.814703675839837 ], [ 34.995199685225877, 32.814579300531889 ], [ 34.995130755589649, 32.814466475849194 ], [ 34.995126291351099, 32.814458616467803 ], [ 34.995048116124615, 32.814278695930447 ], [ 34.995030744895161, 32.814244155585314 ], [ 34.994959578529482, 32.814102718230238 ], [ 34.99495145628515, 32.814082914342201 ], [ 34.994932507669418, 32.814036220163878 ], [ 34.994872624250768, 32.813890134481888 ], [ 34.994855862859339, 32.813842408810423 ], [ 34.994827198888871, 32.813761399853405 ], [ 34.994807494142016, 32.813705719944828 ], [ 34.994758900399482, 32.813594894770446 ], [ 34.994715517546524, 32.813495924712051 ], [ 34.994655864922201, 32.813343715020125 ], [ 34.994605323114456, 32.813179605624619 ], [ 34.994637367091968, 32.813171639678309 ], [ 34.994801804717163, 32.813130882732793 ], [ 34.994980882468724, 32.813079751763411 ], [ 34.995062725861573, 32.813056390573109 ], [ 34.995286327125093, 32.813011138682796 ], [ 34.99533281538362, 32.812811942700037 ], [ 34.995174737693439, 32.812647929827186 ], [ 34.995228181034662, 32.812621240714485 ], [ 34.995453436828285, 32.8125081895584 ], [ 34.995692409928417, 32.812418411855305 ], [ 34.995891585162127, 32.812355625357533 ], [ 34.99603007021139, 32.812313568413266 ], [ 34.996131651655205, 32.812295703611305 ], [ 34.996173307795068, 32.812288467397224 ], [ 34.996511288523877, 32.812185875609053 ], [ 34.996716593576245, 32.812106687200398 ], [ 34.99689275708733, 32.812020779451835 ], [ 34.996864583008225, 32.811972851173472 ], [ 34.996848944064098, 32.811946317345701 ], [ 34.996759322868179, 32.811779354157785 ], [ 34.996641843085946, 32.811609010226675 ], [ 34.996448851005255, 32.811353331007851 ], [ 34.996336637479914, 32.811210049859987 ], [ 34.996303952244453, 32.811168241845166 ], [ 34.996163947430368, 32.810995613000998 ], [ 34.996069558375162, 32.810875033366095 ], [ 34.995997866673854, 32.810783433913009 ], [ 34.995920817865887, 32.810673205580883 ], [ 34.99593674506022, 32.810662958233024 ], [ 34.995962846285451, 32.81064614186981 ], [ 34.996192868612873, 32.810497561628488 ], [ 34.996250807775901, 32.810557898128387 ], [ 34.996258834579642, 32.810552672647567 ], [ 34.996401004236205, 32.810713417099876 ], [ 34.996665434021132, 32.811012586289301 ], [ 34.99691300232098, 32.810847179435967 ], [ 34.997253087444015, 32.810619973602371 ], [ 34.997294349124424, 32.810599207387632 ], [ 34.997361694606013, 32.810565323210952 ], [ 34.99749680306337, 32.810505322604008 ], [ 34.997607732150975, 32.81045581547297 ] ] ] ] } },
{ "type": "Feature", "properties": { "OBJECTID_12": 47, "OBJECTID": 2446, "Shape_Leng": 2456.9628937100001, "Shape_Area": 188614.21260230237, "OBJECTID_1": 68, "SEMEL_YISH": 4000, "SHEM_YISHU": "חיפה", "SHEM_YIS_1": "HAIFA", "ROVA": 6, "TAT_ROVA": 63, "SchName": "הרצליה", "Shape_Length": 2456.9628937132998, "בזב": 4380.0, "מצביעים": 1636.0, "כשרים": 1616.0, "אמת": 120.0, "אצ": 4.0, "ב": 6.0, "ג": 61.0, "ד": 121.0, "ום": 172.0, "ז": 0.0, "זך": 0.0, "זנ": 0.0, "זץ": 0.0, "ט": 91.0, "י": 0.0, "יז": 5.0, "ינ": 0.0, "יץ": 0.0, "יק": 0.0, "כן": 43.0, "ך": 6.0, "ל": 263.0, "מחל": 249.0, "מרצ": 95.0, "נז": 0.0, "ני": 1.0, "נף": 0.0, "נץ": 0.0, "נק": 2.0, "נר": 1.0, "עם": 59.0, "פה": 273.0, "ף": 3.0, "צ": 1.0, "ץ": 0.0, "ק": 0.0, "קי": 1.0, "קך": 0.0, "קנ": 0.0, "קץ": 9.0, "רז": 3.0, "שס": 26.0, "ת": 1.0, "n_stations": 8.0, "turnout_pct": 37.351598173515981, "אמת_pct": 7.4257425742574252, "אצ_pct": 0.24752475247524752, "ב_pct": 0.37128712871287128, "ג_pct": 3.7747524752475248, "ד_pct": 7.4876237623762369, "ום_pct": 10.643564356435643, "ז_pct": 0.0, "זך_pct": 0.0, "זנ_pct": 0.0, "זץ_pct": 0.0, "ט_pct": 5.6311881188118811, "י_pct": 0.0, "יז_pct": 0.3094059405940594, "ינ_pct": 0.0, "יץ_pct": 0.0, "יק_pct": 0.0, "כן_pct": 2.6608910891089108, "ך_pct": 0.37128712871287128, "ל_pct": 16.274752475247524, "מחל_pct": 15.408415841584159, "מרצ_pct": 5.8787128712871279, "נז_pct": 0.0, "ני_pct": 0.061881188118811881, "נף_pct": 0.0, "נץ_pct": 0.0, "נק_pct": 0.12376237623762376, "נר_pct": 0.061881188118811881, "עם_pct": 3.6509900990099009, "פה_pct": 16.893564356435643, "ף_pct": 0.18564356435643564, "צ_pct": 0.061881188118811881, "ץ_pct": 0.0, "ק_pct": 0.0, "קי_pct": 0.061881188118811881, "קך_pct": 0.0, "קנ_pct": 0.0, "קץ_pct": 0.55693069306930687, "רז_pct": 0.18564356435643564, "שס_pct": 1.608910891089109, "ת_pct": 0.061881188118811881 }, "geometry": { "type": "Polygon", "coordinates": [ [ [ 34.994605323116588, 32.81317960472294 ], [ 34.99451855963769, 32.813200919545189 ], [ 34.994257203852541, 32.813273700232315 ], [ 34.994212531797217, 32.8132899440416 ], [ 34.994120944849776, 32.813323062635327 ], [ 34.994110778097635, 32.813331339309123 ], [ 34.99410307939759, 32.813337641818549 ], [ 34.994025402652703, 32.813402432139199 ], [ 34.993914610426756, 32.813612970991102 ], [ 34.993775832212222, 32.813822829673583 ], [ 34.99373522185892, 32.813884263848962 ], [ 34.99353928493521, 32.81415443481616 ], [ 34.993394358165169, 32.814344184922632 ], [ 34.993262472577229, 32.81448083737002 ], [ 34.993244094409818, 32.81449036339172 ], [ 34.993102528612141, 32.814567937725108 ], [ 34.993045990430588, 32.814590395372868 ], [ 34.992933648716694, 32.814635276666237 ], [ 34.992764784375147, 32.814702703770138 ], [ 34.992699642862874, 32.814745340972451 ], [ 34.992585531060719, 32.814820075725571 ], [ 34.992446551371607, 32.815024980458688 ], [ 34.992364448913349, 32.81514378249166 ], [ 34.992260967572271, 32.815293537533101 ], [ 34.992207938648619, 32.815364960715989 ], [ 34.992141950663012, 32.815410296749199 ], [ 34.992113827411636, 32.815429637208688 ], [ 34.99210943555903, 32.81541388174368 ], [ 34.992039563726422, 32.815313366363384 ], [ 34.991943407188096, 32.815202753398765 ], [ 34.991896389047909, 32.815128284164665 ], [ 34.991863730439889, 32.815076465400978 ], [ 34.9918069604877, 32.814972676449607 ], [ 34.991784545646567, 32.814875523647288 ], [ 34.991798371448354, 32.814807472219357 ], [ 34.991804970489603, 32.814774307536567 ], [ 34.991841443235039, 32.814702769848502 ], [ 34.991828039668171, 32.814687239823499 ], [ 34.991700354035352, 32.814537969063608 ], [ 34.991630232305376, 32.814467516274185 ], [ 34.991584025687942, 32.814421095370577 ], [ 34.99153243395984, 32.814379238667172 ], [ 34.991354251076949, 32.814234682283562 ], [ 34.991262661193431, 32.814135341369401 ], [ 34.991255228800313, 32.814116753896556 ], [ 34.991251616827334, 32.81410718983026 ], [ 34.99124789740781, 32.814098799581707 ], [ 34.991243554025687, 32.814087879029458 ], [ 34.991234204596061, 32.814064512939588 ], [ 34.991236190499713, 32.813997518025168 ], [ 34.991236531989479, 32.813985976970471 ], [ 34.991249090066304, 32.813957054091034 ], [ 34.991281100398012, 32.813882906681755 ], [ 34.991368283738979, 32.813724716424154 ], [ 34.991404947294129, 32.813649699552535 ], [ 34.991476982192161, 32.813502348810417 ], [ 34.991486391585454, 32.813478185081976 ], [ 34.991544776291946, 32.813328269217564 ], [ 34.991550845780466, 32.813290587072679 ], [ 34.991784661258926, 32.813213715784329 ], [ 34.991853949774786, 32.813172712735536 ], [ 34.991910384306038, 32.813102924809577 ], [ 34.991909330961271, 32.813052886414383 ], [ 34.991907795258626, 32.812981194004919 ], [ 34.991904793895294, 32.812971689601859 ], [ 34.991845906177751, 32.812785602454937 ], [ 34.991762149646561, 32.812620269633477 ], [ 34.991642115400801, 32.812452711956723 ], [ 34.99160450938875, 32.81236880795894 ], [ 34.99159282169807, 32.812342711203328 ], [ 34.991582970054544, 32.812287277457777 ], [ 34.991576401733887, 32.812250260010231 ], [ 34.991591056217231, 32.812187440691723 ], [ 34.991591290550012, 32.812182307765482 ], [ 34.991601964132734, 32.812135697682464 ], [ 34.99168279481907, 32.812045301690311 ], [ 34.991869738125985, 32.811923896328899 ], [ 34.991971001137586, 32.811863204056294 ], [ 34.992034036621519, 32.811850508783685 ], [ 34.992039910230268, 32.811849260887399 ], [ 34.992107356687647, 32.811859466984671 ], [ 34.992126051501479, 32.811856254397902 ], [ 34.992211091011484, 32.811841609013094 ], [ 34.992307857262787, 32.811785423610893 ], [ 34.992395305504203, 32.811711450032718 ], [ 34.992458071525562, 32.811658361052089 ], [ 34.992656319531406, 32.811492420199592 ], [ 34.992672717268086, 32.811478485248529 ], [ 34.992747943812013, 32.811414607721474 ], [ 34.992832538518478, 32.811342769621994 ], [ 34.992922456499741, 32.811252205124823 ], [ 34.993002503644433, 32.811173448668953 ], [ 34.993057880151106, 32.811053516289086 ], [ 34.99305882654793, 32.811012765971178 ], [ 34.993061438776046, 32.810902493595151 ], [ 34.993038214214536, 32.81080668761436 ], [ 34.993032039734828, 32.810781256723516 ], [ 34.993014912949022, 32.810670235980417 ], [ 34.993019173234153, 32.81058457713192 ], [ 34.993026644937444, 32.81056674528346 ], [ 34.993030757741749, 32.810556912975784 ], [ 34.993041820746477, 32.810530331770522 ], [ 34.993043581938593, 32.810526080565943 ], [ 34.993051807858869, 32.810506280696075 ], [ 34.993199210488839, 32.8104411505171 ], [ 34.993352400919058, 32.81040822659579 ], [ 34.993485006991577, 32.810368961388107 ], [ 34.993616520934964, 32.810338161078548 ], [ 34.993740266110052, 32.810294998001432 ], [ 34.993857092884696, 32.810243347273577 ], [ 34.993874649797917, 32.810227597203266 ], [ 34.993956156366885, 32.810153161674059 ], [ 34.993963347171515, 32.810146595022431 ], [ 34.994059668214895, 32.810056052168811 ], [ 34.994167922987707, 32.809970656291718 ], [ 34.994314082875533, 32.809885691814166 ], [ 34.994513000133466, 32.809799831865512 ], [ 34.994677532069218, 32.809709932142447 ], [ 34.994809238469159, 32.809674793762071 ], [ 34.994858206321659, 32.809661727260732 ], [ 34.994884896142949, 32.809660686287309 ], [ 34.994969479573598, 32.809656858547136 ], [ 34.994953824675356, 32.809590195590289 ], [ 34.994938293884239, 32.809524347065498 ], [ 34.99496533437096, 32.809507620843767 ], [ 34.994882217727749, 32.809181259878073 ], [ 34.994861339276611, 32.809099250398489 ], [ 34.994874106601934, 32.809028133744278 ], [ 34.994875333584993, 32.809021245975543 ], [ 34.994908181841723, 32.808837749984292 ], [ 34.994923768193637, 32.808750588837249 ], [ 34.994933611461953, 32.808695610258013 ], [ 34.994794296762969, 32.808502856138347 ], [ 34.994834487377176, 32.808486062686427 ], [ 34.994844642924946, 32.80848184083257 ], [ 34.99493901384389, 32.808442227839905 ], [ 34.995156173293992, 32.808354768900806 ], [ 34.995296298042369, 32.808295759163578 ], [ 34.995399987820306, 32.808199091540416 ], [ 34.99542854933258, 32.808175523916077 ], [ 34.995469873927995, 32.808266296704552 ], [ 34.995516218257926, 32.808354691075635 ], [ 34.995589354461735, 32.80849417124363 ], [ 34.995615730170229, 32.808541012999882 ], [ 34.995729178798307, 32.808744630863444 ], [ 34.995880287453133, 32.809010340478423 ], [ 34.995960035559797, 32.809152397641668 ], [ 34.996010690351142, 32.809222449580652 ], [ 34.996126231847498, 32.809346674844612 ], [ 34.996159171436176, 32.809382112891562 ], [ 34.996289205230191, 32.809480974089958 ], [ 34.996439359719936, 32.809558408324122 ], [ 34.996466661251894, 32.809572525456495 ], [ 34.996746544310447, 32.809699226683477 ], [ 34.996958019367021, 32.809811207475477 ], [ 34.997079509983614, 32.809911670427908 ], [ 34.997133503824465, 32.809971628496207 ], [ 34.997195481049644, 32.81004045796508 ], [ 34.997358853876918, 32.810212791601565 ], [ 34.997377303354327, 32.810232269778993 ], [ 34.997563231076121, 32.810402806395999 ], [ 34.997569963036646, 32.81041075870899 ], [ 34.99760773215305, 32.810455814571263 ], [ 34.997496801997713, 32.810505321700532 ], [ 34.997361694606013, 32.810565323210952 ], [ 34.997294349124424, 32.810599207387632 ], [ 34.997253086378329, 32.810619972698909 ], [ 34.99691300232098, 32.810847179435967 ], [ 34.996665434023228, 32.811012585387601 ], [ 34.996401004238301, 32.810713416198176 ], [ 34.996258834581738, 32.810552671745882 ], [ 34.996250807778011, 32.810557897226701 ], [ 34.996192868612873, 32.810497561628488 ], [ 34.995962845219793, 32.810646140966341 ], [ 34.99593674506022, 32.810662958233024 ], [ 34.995920817865887, 32.810673205580883 ], [ 34.995997866675971, 32.810783433011338 ], [ 34.996069558377265, 32.810875032464409 ], [ 34.996163947430368, 32.810995613000998 ], [ 34.996303952244453, 32.811168241845166 ], [ 34.99633663748201, 32.811210048958301 ], [ 34.996448851007344, 32.811353330106144 ], [ 34.996641843088042, 32.811609009324997 ], [ 34.996759322870268, 32.811779353256114 ], [ 34.996848944066194, 32.811946316444029 ], [ 34.996864583010328, 32.811972850271793 ], [ 34.996892756021651, 32.812020778548394 ], [ 34.996716593578341, 32.812106686298698 ], [ 34.99651128852598, 32.812185874707382 ], [ 34.996173307797179, 32.812288466495552 ], [ 34.996131651657308, 32.812295702709612 ], [ 34.9960300702135, 32.812313567511552 ], [ 34.995891585164244, 32.812355624455861 ], [ 34.995692408860634, 32.812418411853514 ], [ 34.995453436828285, 32.8125081895584 ], [ 34.995228181034662, 32.812621240714485 ], [ 34.99517473769555, 32.812647928925486 ], [ 34.99533281538362, 32.812811942700037 ], [ 34.995286327125093, 32.813011138682796 ], [ 34.995062725863683, 32.813056389671431 ], [ 34.994980882468724, 32.813079751763411 ], [ 34.994801804719287, 32.813130881831114 ], [ 34.994637367091968, 32.813171639678309 ], [ 34.994605323116588, 32.81317960472294 ] ] ] } },
{ "type": "Feature", "properties": { "OBJECTID_12": 48, "OBJECTID": 2448, "Shape_Leng": 2194.3295204299998, "Shape_Area": 191202.74032476172, "OBJECTID_1": 70, "SEMEL_YISH": 4000, "SHEM_YISHU": "חיפה", "SHEM_YIS_1": "HAIFA", "ROVA": 6, "TAT_ROVA": 63, "SchName": "שוק תלפיות", "Shape_Length": 2194.3295204281435, "בזב": null, "מצביעים": null, "כשרים": null, "אמת": null, "אצ": null, "ב": null, "ג": null, "ד": null, "ום": null, "ז": null, "זך": null, "זנ": null, "זץ": null, "ט": null, "י": null, "יז": null, "ינ": null, "יץ": null, "יק": null, "כן": null, "ך": null, "ל": null, "מחל": null, "מרצ": null, "נז": null, "ני": null, "נף": null, "נץ": null, "נק": null, "נר": null, "עם": null, "פה": null, "ף": null, "צ": null, "ץ": null, "ק": null, "קי": null, "קך": null, "קנ": null, "קץ": null, "רז": null, "שס": null, "ת": null, "n_stations": null, "turnout_pct": null, "אמת_pct": null, "אצ_pct": null, "ב_pct": null, "ג_pct": null, "ד_pct": null, "ום_pct": null, "ז_pct": null, "זך_pct": null, "זנ_pct": null, "זץ_pct": null, "ט_pct": null, "י_pct": null, "יז_pct": null, "ינ_pct": null, "יץ_pct": null, "יק_pct": null, "כן_pct": null, "ך_pct": null, "ל_pct": null, "מחל_pct": null, "מרצ_pct": null, "נז_pct": null, "ני_pct": null, "נף_pct": null, "נץ_pct": null, "נק_pct": null, "נר_pct": null, "עם_pct": null, "פה_pct": null, "ף_pct": null, "צ_pct": null, "ץ_pct": null, "ק_pct": null, "קי_pct": null, "קך_pct": null, "קנ_pct": null, "קץ_pct": null, "רז_pct": null, "שס_pct": null, "ת_pct": null }, "geometry": { "type": "Polygon", "coordinates": [ [ [ 35.003490560889283, 32.808375720003909 ], [ 35.00341994517359, 32.808582995702523 ], [ 35.003405979440622, 32.808613701124536 ], [ 35.003396328486033, 32.808634896118825 ], [ 35.003300060295075, 32.808858092298223 ], [ 35.003193347311857, 32.80906738195808 ], [ 35.003178959474646, 32.809100541077513 ], [ 35.00314294501603, 32.809184137606579 ], [ 35.003119485629682, 32.809238585495677 ], [ 35.002985844855871, 32.809413028194967 ], [ 35.002837171957744, 32.809625226508977 ], [ 35.00275574972818, 32.80974286980922 ], [ 35.002718365060623, 32.809796989517622 ], [ 35.002763902070292, 32.809822758351224 ], [ 35.002832362340882, 32.80986146366682 ], [ 35.002996832885046, 32.809939993318835 ], [ 35.003015595709883, 32.809955986136671 ], [ 35.003048409798012, 32.809983995844306 ], [ 35.003051391125616, 32.809991030222982 ], [ 35.003051370177047, 32.810000320313506 ], [ 35.003054854569406, 32.810020072953385 ], [ 35.003034855816679, 32.810078644407085 ], [ 35.003008299846748, 32.810160927902992 ], [ 35.002956450558898, 32.810238568470169 ], [ 35.002870818284165, 32.810328060574342 ], [ 35.002748479888496, 32.810410729923277 ], [ 35.002723996198526, 32.810422049092701 ], [ 35.002604182195675, 32.810477580561127 ], [ 35.002471783224564, 32.810519025237703 ], [ 35.002360831983353, 32.810526149953411 ], [ 35.002251276803563, 32.810525973126886 ], [ 35.002065904490216, 32.81053081605436 ], [ 35.00180857251064, 32.810530934654885 ], [ 35.001542637367237, 32.810559813553773 ], [ 35.001264720033369, 32.810599306091014 ], [ 35.001006261093899, 32.810624858819843 ], [ 35.000849729710666, 32.810621806501373 ], [ 35.000709825569615, 32.810590659097386 ], [ 35.000618005112678, 32.810535133237529 ], [ 35.000482744562674, 32.810482619452749 ], [ 35.000472905777379, 32.810479535875963 ], [ 35.000375607793188, 32.810450256356773 ], [ 35.000254538045148, 32.810398211784928 ], [ 35.000120728661749, 32.810341179797625 ], [ 35.000085386824715, 32.810405602060165 ], [ 35.000069201578107, 32.810435056437257 ], [ 35.000071472474623, 32.810464553555505 ], [ 35.000082374661375, 32.810602525565571 ], [ 35.00008969542904, 32.810767637135342 ], [ 35.000110908603119, 32.810873624046316 ], [ 35.000120502725771, 32.81088518495087 ], [ 35.000225693413185, 32.811011860162878 ], [ 35.000324533704223, 32.811122477540536 ], [ 35.000412046607579, 32.811185739413808 ], [ 35.000405910996939, 32.811211066933161 ], [ 35.000451478274137, 32.811314294607605 ], [ 35.000543502479509, 32.811416510471815 ], [ 35.000693462783154, 32.811538580193911 ], [ 35.000844944966374, 32.811644305455012 ], [ 35.000852401003776, 32.811649561810562 ], [ 35.000859125806763, 32.811654266043831 ], [ 35.000915843389365, 32.811693846883237 ], [ 35.000982226107602, 32.811740176325415 ], [ 35.000996645909041, 32.811750247293084 ], [ 35.001104342269997, 32.811817594566186 ], [ 35.001213296597115, 32.811891527934414 ], [ 35.001367193717535, 32.811974006380836 ], [ 35.001475031318428, 32.812025492820972 ], [ 35.001509534754931, 32.812065316909617 ], [ 35.001518371148201, 32.812075430165635 ], [ 35.001491086182696, 32.812147774593008 ], [ 35.001408000125025, 32.812297062709426 ], [ 35.001323100986475, 32.812437770041335 ], [ 35.00122665824879, 32.812588107573362 ], [ 35.00112964803251, 32.812753053298742 ], [ 35.001006763685318, 32.812988368138249 ], [ 35.000875409283971, 32.813222596968544 ], [ 35.000800484436013, 32.813349432295219 ], [ 35.000756529957748, 32.813423751190712 ], [ 35.000734870896807, 32.813414334771259 ], [ 35.000578917000809, 32.813346552476453 ], [ 35.000446651450751, 32.813288988664205 ], [ 35.000443276191895, 32.813223064169485 ], [ 35.000294847410792, 32.813132940866652 ], [ 35.000231928691363, 32.813094686848927 ], [ 35.000150780479167, 32.81304531767762 ], [ 35.000097680443247, 32.813013035276107 ], [ 35.000087979523869, 32.813004183779405 ], [ 34.99974775456284, 32.812697146171018 ], [ 34.999712152470863, 32.812665435022474 ], [ 34.999576517989929, 32.81253411008619 ], [ 34.999542153095838, 32.812501682265207 ], [ 34.999362998608071, 32.812332593405102 ], [ 34.999156408215882, 32.81213839411452 ], [ 34.999133190913952, 32.812113546933574 ], [ 34.998953287489826, 32.811918865365861 ], [ 34.998811848821731, 32.811759657000145 ], [ 34.998589155656433, 32.811509429908313 ], [ 34.998350538281564, 32.811264143623731 ], [ 34.99815880642786, 32.811062022317351 ], [ 34.99808754821003, 32.810989775059227 ], [ 34.998004983535587, 32.810905052262783 ], [ 34.997860580814574, 32.810738007634264 ], [ 34.997705180928158, 32.810570394651066 ], [ 34.99760773215305, 32.810455814571263 ], [ 34.997640309792331, 32.810410516019388 ], [ 34.997990594459523, 32.809923905779932 ], [ 34.998169894168306, 32.809681560661005 ], [ 34.998346633965376, 32.809442718639602 ], [ 34.998551676303251, 32.809146582543441 ], [ 34.998909878578829, 32.808740417996425 ], [ 34.999328478410206, 32.808303066239738 ], [ 34.999337571809882, 32.808293520498999 ], [ 34.999784344685899, 32.807860894894361 ], [ 35.000003186248165, 32.807643679582569 ], [ 35.000063851440309, 32.807594630099253 ], [ 35.000108456093379, 32.807558999505432 ], [ 35.000149417656388, 32.807526158196467 ], [ 35.00033806190666, 32.807400225354471 ], [ 35.000501181581619, 32.807269202994533 ], [ 35.000656500315436, 32.807195607279226 ], [ 35.000663553133052, 32.807137817622717 ], [ 35.000664435467691, 32.807130155581987 ], [ 35.000681599399663, 32.807002241592535 ], [ 35.000810121947154, 32.80705888930067 ], [ 35.000877274099707, 32.807066849493602 ], [ 35.000934425425058, 32.807006170164719 ], [ 35.001128751291461, 32.807002510216826 ], [ 35.001256719189456, 32.807028056323155 ], [ 35.00147918910249, 32.807187927183719 ], [ 35.001484520101947, 32.807191276589997 ], [ 35.001644633496525, 32.807303701873302 ], [ 35.001851688463269, 32.807436493656105 ], [ 35.00206351538737, 32.807578855244628 ], [ 35.002069173874972, 32.807582830027314 ], [ 35.002209491459929, 32.807665295455202 ], [ 35.002382717701664, 32.80779451783517 ], [ 35.002553045456182, 32.807873239677683 ], [ 35.002660765433205, 32.80792575646592 ], [ 35.002714315100803, 32.8079518637429 ], [ 35.00273564296193, 32.807961350525815 ], [ 35.002959140387176, 32.808095342756602 ], [ 35.003062797501677, 32.808152407105503 ], [ 35.003198756670272, 32.808227113473741 ], [ 35.003227888506743, 32.808245226570541 ], [ 35.003346868264124, 32.808319232835046 ], [ 35.003481604107947, 32.808372194445816 ], [ 35.003490560889283, 32.808375720003909 ] ] ] } },
{ "type": "Feature", "properties": { "OBJECTID_12": 49, "OBJECTID": 2449, "Shape_Leng": 1871.3312310700001, "Shape_Area": 173429.31832131685, "OBJECTID_1": 71, "SEMEL_YISH": 4000, "SHEM_YISHU": "חיפה", "SHEM_YIS_1": "HAIFA", "ROVA": 6, "TAT_ROVA": 64, "SchName": "יל\"ג", "Shape_Length": 1871.3312310742015, "בזב": 1068.0, "מצביעים": 423.0, "כשרים": 420.0, "אמת": 8.0, "אצ": 0.0, "ב": 2.0, "ג": 109.0, "ד": 3.0, "ום": 14.0, "ז": 0.0, "זך": 0.0, "זנ": 0.0, "זץ": 0.0, "ט": 14.0, "י": 1.0, "יז": 0.0, "ינ": 1.0, "יץ": 0.0, "יק": 1.0, "כן": 12.0, "ך": 1.0, "ל": 82.0, "מחל": 75.0, "מרצ": 8.0, "נז": 0.0, "ני": 2.0, "נף": 0.0, "נץ": 0.0, "נק": 0.0, "נר": 0.0, "עם": 8.0, "פה": 58.0, "ף": 0.0, "צ": 0.0, "ץ": 0.0, "ק": 0.0, "קי": 0.0, "קך": 1.0, "קנ": 0.0, "קץ": 0.0, "רז": 1.0, "שס": 19.0, "ת": 0.0, "n_stations": 2.0, "turnout_pct": 39.606741573033709, "אמת_pct": 1.9047619047619049, "אצ_pct": 0.0, "ב_pct": 0.47619047619047622, "ג_pct": 25.952380952380956, "ד_pct": 0.7142857142857143, "ום_pct": 3.3333333333333335, "ז_pct": 0.0, "זך_pct": 0.0, "זנ_pct": 0.0, "זץ_pct": 0.0, "ט_pct": 3.3333333333333335, "י_pct": 0.23809523809523811, "יז_pct": 0.0, "ינ_pct": 0.23809523809523811, "יץ_pct": 0.0, "יק_pct": 0.23809523809523811, "כן_pct": 2.8571428571428572, "ך_pct": 0.23809523809523811, "ל_pct": 19.523809523809526, "מחל_pct": 17.857142857142858, "מרצ_pct": 1.9047619047619049, "נז_pct": 0.0, "ני_pct": 0.47619047619047622, "נף_pct": 0.0, "נץ_pct": 0.0, "נק_pct": 0.0, "נר_pct": 0.0, "עם_pct": 1.9047619047619049, "פה_pct": 13.80952380952381, "ף_pct": 0.0, "צ_pct": 0.0, "ץ_pct": 0.0, "ק_pct": 0.0, "קי_pct": 0.0, "קך_pct": 0.23809523809523811, "קנ_pct": 0.0, "קץ_pct": 0.0, "רז_pct": 0.23809523809523811, "שס_pct": 4.5238095238095237, "ת_pct": 0.0 }, "geometry": { "type": "Polygon", "coordinates": [ [ [ 35.00569720622655, 32.803308398596869 ], [ 35.005678511619983, 32.803319737466602 ], [ 35.005517627409922, 32.803448417722997 ], [ 35.005460304062339, 32.803541295639391 ], [ 35.005428244004527, 32.803654314193466 ], [ 35.005414676682513, 32.803701898373539 ], [ 35.00541830701998, 32.803800999205926 ], [ 35.005418805921813, 32.803815244029181 ], [ 35.005421204845582, 32.803881928874944 ], [ 35.005421717025399, 32.803897402725433 ], [ 35.005453091583867, 32.803997265382954 ], [ 35.005499238502203, 32.80408858902809 ], [ 35.005597750837481, 32.804196406596738 ], [ 35.005685868557769, 32.804278241565562 ], [ 35.005775354180656, 32.804366303021652 ], [ 35.005818156796089, 32.804469519066814 ], [ 35.005806988733347, 32.804544437373622 ], [ 35.005801047411651, 32.804579318923835 ], [ 35.00579065398685, 32.804639088227191 ], [ 35.00576474595745, 32.804722358965698 ], [ 35.005743879110845, 32.804789497408656 ], [ 35.005765228358534, 32.804805016934381 ], [ 35.005804317531762, 32.804833417310043 ], [ 35.005932988884986, 32.804926950940015 ], [ 35.005988594881856, 32.804982503936067 ], [ 35.006069246111913, 32.805061521632894 ], [ 35.006111430802427, 32.805102881423124 ], [ 35.006058419339261, 32.805127052981049 ], [ 35.005966476459818, 32.805226634444097 ], [ 35.005807618026743, 32.805412850689279 ], [ 35.005696953103779, 32.805537556753428 ], [ 35.005604925676778, 32.805641172879554 ], [ 35.005576744541507, 32.805672900151272 ], [ 35.005260951662059, 32.806039292233429 ], [ 35.00514414334144, 32.806182835184423 ], [ 35.005129475525564, 32.80620084567866 ], [ 35.005112055068075, 32.806222240347928 ], [ 35.005109238184659, 32.806225707378097 ], [ 35.005046602053277, 32.806302695106332 ], [ 35.005017800347112, 32.8063381686909 ], [ 35.004769739236416, 32.806639855519094 ], [ 35.004482400622223, 32.806935241231578 ], [ 35.004414783832274, 32.807023093278424 ], [ 35.004237394184592, 32.807254944938641 ], [ 35.004015739358522, 32.807534655823197 ], [ 35.003822728637424, 32.807852196667788 ], [ 35.003617739047833, 32.808180980114258 ], [ 35.003523562965874, 32.808325191669972 ], [ 35.003490560889283, 32.808375720003909 ], [ 35.003481604107947, 32.808372194445816 ], [ 35.003346868264124, 32.808319232835046 ], [ 35.003227888506743, 32.808245226570541 ], [ 35.003198756670272, 32.808227113473741 ], [ 35.003062797501677, 32.808152407105503 ], [ 35.002959140387176, 32.808095342756602 ], [ 35.00273564296193, 32.807961350525815 ], [ 35.002714315100803, 32.8079518637429 ], [ 35.002660765433205, 32.80792575646592 ], [ 35.002553045456182, 32.807873239677683 ], [ 35.002382717701664, 32.80779451783517 ], [ 35.002209491459929, 32.807665295455202 ], [ 35.002069173874972, 32.807582830027314 ], [ 35.00206351538737, 32.807578855244628 ], [ 35.001851688463269, 32.807436493656105 ], [ 35.001644633496525, 32.807303701873302 ], [ 35.001484520101947, 32.807191276589997 ], [ 35.00147918910249, 32.807187927183719 ], [ 35.001256719189456, 32.807028056323155 ], [ 35.001128751291461, 32.807002510216826 ], [ 35.000934425425058, 32.807006170164719 ], [ 35.000877274099707, 32.807066849493602 ], [ 35.000810121947154, 32.80705888930067 ], [ 35.000681599399663, 32.807002241592535 ], [ 35.000700928265381, 32.806811287549841 ], [ 35.000723236916812, 32.806487900585005 ], [ 35.00074567075324, 32.806202717577214 ], [ 35.000754009460387, 32.806197146962432 ], [ 35.000889929978754, 32.806104399018665 ], [ 35.001057828504052, 32.805985199433941 ], [ 35.001119793853562, 32.80592146297527 ], [ 35.001155211521066, 32.805885002854033 ], [ 35.001237050677631, 32.805767904915385 ], [ 35.001273049751411, 32.80571612235336 ], [ 35.001371356834632, 32.805590576936339 ], [ 35.001647171940114, 32.805199428999558 ], [ 35.001846363171907, 32.804933750462595 ], [ 35.001853013261226, 32.804924121231508 ], [ 35.001879896931356, 32.8048863748065 ], [ 35.002208511828215, 32.804424246814079 ], [ 35.002279067816076, 32.804325690369495 ], [ 35.002281552733677, 32.804322207537496 ], [ 35.002524688098745, 32.803982388641167 ], [ 35.002604295412482, 32.803861055428058 ], [ 35.002609329745638, 32.803853400961643 ], [ 35.002695029467667, 32.803722884754556 ], [ 35.00281626694413, 32.803481538309065 ], [ 35.002877464588934, 32.803359709098856 ], [ 35.002982143013647, 32.803195318697121 ], [ 35.003045392743395, 32.803273149885754 ], [ 35.003124099999525, 32.803455862764039 ], [ 35.003141259166497, 32.803502538483357 ], [ 35.003202936988785, 32.80367023150108 ], [ 35.003256230138206, 32.803807285045345 ], [ 35.003272995563599, 32.80385059860383 ], [ 35.003347166042431, 32.803820866292902 ], [ 35.00338675382735, 32.803780893817049 ], [ 35.003444163827851, 32.803702727202541 ], [ 35.003504730202373, 32.803548903737514 ], [ 35.003519633293145, 32.803508835708733 ], [ 35.003567768079414, 32.803379392956025 ], [ 35.003589841724221, 32.803302240802324 ], [ 35.003619805322884, 32.803270738639888 ], [ 35.003654550262944, 32.803250497253288 ], [ 35.003679970960334, 32.803246033148227 ], [ 35.003799549576478, 32.803096250810036 ], [ 35.003876013592986, 32.803000455768668 ], [ 35.004066009726223, 32.803025375163109 ], [ 35.004142451497216, 32.802898394896047 ], [ 35.004143488914842, 32.802896649977207 ], [ 35.004158704260895, 32.80287142331909 ], [ 35.004174163779219, 32.802879199886789 ], [ 35.004179926966025, 32.802882101730241 ], [ 35.004190043342462, 32.802887253041959 ], [ 35.004286880798809, 32.802939794343338 ], [ 35.004350051790695, 32.802957394417462 ], [ 35.004401105732768, 32.802950707865172 ], [ 35.00448239780826, 32.802931819179278 ], [ 35.004624673372312, 32.802900389625762 ], [ 35.00477890203026, 32.80287584715505 ], [ 35.004905665671458, 32.802864770797946 ], [ 35.005011656482083, 32.802876743658778 ], [ 35.005113121440324, 32.802907389585769 ], [ 35.00521946872307, 32.802952012212629 ], [ 35.005382838319754, 32.803040726164205 ], [ 35.005477101221203, 32.803093356230129 ], [ 35.005529871784063, 32.803130871094275 ], [ 35.005586686759806, 32.803171255230076 ], [ 35.005662077876785, 32.803255954533974 ], [ 35.005670596506064, 32.803268588137371 ], [ 35.00569720622655, 32.803308398596869 ] ] ] } },
{ "type": "Feature", "properties": { "OBJECTID_12": 50, "OBJECTID": 2450, "Shape_Leng": 1949.0579569700001, "Shape_Area": 138024.796293958, "OBJECTID_1": 72, "SEMEL_YISH": 4000, "SHEM_YISHU": "חיפה", "SHEM_YIS_1": "HAIFA", "ROVA": 6, "TAT_ROVA": 64, "SchName": "גאולה", "Shape_Length": 1949.0579569732167, "בזב": 8870.0, "מצביעים": 5554.0, "כשרים": 5530.0, "אמת": 79.0, "אצ": 5.0, "ב": 23.0, "ג": 2931.0, "ד": 11.0, "ום": 32.0, "ז": 1.0, "זך": 0.0, "זנ": 0.0, "זץ": 1.0, "ט": 178.0, "י": 0.0, "יז": 5.0, "ינ": 0.0, "יץ": 0.0, "יק": 1.0, "כן": 233.0, "ך": 3.0, "ל": 342.0, "מחל": 457.0, "מרצ": 97.0, "נז": 1.0, "ני": 2.0, "נף": 0.0, "נץ": 1.0, "נק": 0.0, "נר": 1.0, "עם": 5.0, "פה": 567.0, "ף": 2.0, "צ": 5.0, "ץ": 0.0, "ק": 2.0, "קי": 0.0, "קך": 1.0, "קנ": 0.0, "קץ": 9.0, "רז": 1.0, "שס": 533.0, "ת": 1.0, "n_stations": 15.0, "turnout_pct": 62.615558060879373, "אמת_pct": 1.4285714285714286, "אצ_pct": 0.090415913200723327, "ב_pct": 0.41591320072332733, "ג_pct": 53.001808318264011, "ד_pct": 0.19891500904159135, "ום_pct": 0.57866184448462932, "ז_pct": 0.018083182640144666, "זך_pct": 0.0, "זנ_pct": 0.0, "זץ_pct": 0.018083182640144666, "ט_pct": 3.2188065099457508, "י_pct": 0.0, "יז_pct": 0.090415913200723327, "ינ_pct": 0.0, "יץ_pct": 0.0, "יק_pct": 0.018083182640144666, "כן_pct": 4.213381555153707, "ך_pct": 0.054249547920434002, "ל_pct": 6.1844484629294749, "מחל_pct": 8.2640144665461115, "מרצ_pct": 1.7540687160940327, "נז_pct": 0.018083182640144666, "ני_pct": 0.036166365280289332, "נף_pct": 0.0, "נץ_pct": 0.018083182640144666, "נק_pct": 0.0, "נר_pct": 0.018083182640144666, "עם_pct": 0.090415913200723327, "פה_pct": 10.253164556962027, "ף_pct": 0.036166365280289332, "צ_pct": 0.090415913200723327, "ץ_pct": 0.0, "ק_pct": 0.036166365280289332, "קי_pct": 0.0, "קך_pct": 0.018083182640144666, "קנ_pct": 0.0, "קץ_pct": 0.16274864376130199, "רז_pct": 0.018083182640144666, "שס_pct": 9.6383363471971073, "ת_pct": 0.018083182640144666 }, "geometry": { "type": "Polygon", "coordinates": [ [ [ 35.002982143013647, 32.803195318697121 ], [ 35.002877464588934, 32.803359709098856 ], [ 35.00281626694413, 32.803481538309065 ], [ 35.002695029467667, 32.803722884754556 ], [ 35.002609329745638, 32.803853400961643 ], [ 35.002604295412482, 32.803861055428058 ], [ 35.002524688098745, 32.803982388641167 ], [ 35.002281552733677, 32.804322207537496 ], [ 35.002279067816076, 32.804325690369495 ], [ 35.002208511828215, 32.804424246814079 ], [ 35.001879896931356, 32.8048863748065 ], [ 35.001853013261226, 32.804924121231508 ], [ 35.001846363171907, 32.804933750462595 ], [ 35.001647171940114, 32.805199428999558 ], [ 35.001371356834632, 32.805590576936339 ], [ 35.001273049751411, 32.80571612235336 ], [ 35.001237050677631, 32.805767904915385 ], [ 35.001155211521066, 32.805885002854033 ], [ 35.001119793853562, 32.80592146297527 ], [ 35.001057828504052, 32.805985199433941 ], [ 35.000889929978754, 32.806104399018665 ], [ 35.000754009460387, 32.806197146962432 ], [ 35.00074567075324, 32.806202717577214 ], [ 35.000762652235935, 32.8059655128164 ], [ 35.000755900475916, 32.805695624601178 ], [ 35.000739505551294, 32.805578249969045 ], [ 35.000724486968728, 32.805470692486317 ], [ 35.00066441849232, 32.80527019647301 ], [ 35.00065115825506, 32.805225947816247 ], [ 35.000561389950093, 32.805026877683979 ], [ 35.000493244067535, 32.804903964421499 ], [ 35.000486140491866, 32.804896103626447 ], [ 35.00038427994977, 32.8047831441759 ], [ 35.000226960711551, 32.804666842727308 ], [ 35.000147700582318, 32.804633707037766 ], [ 35.000142744845306, 32.804631626866311 ], [ 35.000139346445273, 32.804630199354797 ], [ 35.000082323459445, 32.804606276413232 ], [ 35.000054558255663, 32.804606231107101 ], [ 34.999879037447293, 32.804601975309438 ], [ 34.99964357841057, 32.804617370127495 ], [ 34.999380922641173, 32.804711085115535 ], [ 34.999276655240777, 32.804733763231624 ], [ 34.999082575546332, 32.804775969851143 ], [ 34.999075317395899, 32.804775957950227 ], [ 34.999020314251517, 32.804777756794223 ], [ 34.998930843181363, 32.804780767742628 ], [ 34.998551866740485, 32.804757064720938 ], [ 34.99839369822751, 32.804728578952819 ], [ 34.998354438550578, 32.804712188326931 ], [ 34.998369444646194, 32.804645217314466 ], [ 34.998379905107761, 32.804598344745692 ], [ 34.998459485347084, 32.804488653187889 ], [ 34.998534259965837, 32.804446947556087 ], [ 34.998576338285858, 32.804423483469797 ], [ 34.998699305758237, 32.80434252874916 ], [ 34.998821014301889, 32.804256429490465 ], [ 34.998928438777796, 32.804152374727273 ], [ 34.998977285196872, 32.804039196048784 ], [ 34.998986166064462, 32.803981688982887 ], [ 34.999005033363126, 32.80385854430105 ], [ 34.999006544105512, 32.803848806702369 ], [ 34.999017369741438, 32.803600229780763 ], [ 34.999011020114288, 32.803392290088269 ], [ 34.99900778048324, 32.803307457194222 ], [ 34.99900497284866, 32.803233948456395 ], [ 34.999019272266011, 32.80319167443681 ], [ 34.999038942362475, 32.803132555696472 ], [ 34.999049219949249, 32.803120411429667 ], [ 34.999113889147445, 32.803044131518305 ], [ 34.999136543894821, 32.803033530491852 ], [ 34.999200031274206, 32.803003157348932 ], [ 34.999349939817115, 32.802954356266866 ], [ 34.999585500383233, 32.802892794614685 ], [ 34.999858515457539, 32.802793510997418 ], [ 34.999861866929209, 32.802792087289575 ], [ 35.000135848776239, 32.802675028684405 ], [ 35.000182546594026, 32.80265348136794 ], [ 35.000225886251449, 32.802633476764115 ], [ 35.000384136135814, 32.80256047038948 ], [ 35.000616177364236, 32.802448675899342 ], [ 35.000939918489117, 32.80229709314721 ], [ 35.001173476631088, 32.802176818763691 ], [ 35.001191537647571, 32.802166299175333 ], [ 35.001151704621854, 32.802127191255799 ], [ 35.001054226450997, 32.802031817909317 ], [ 35.001039383864153, 32.801984912119941 ], [ 35.001033348372808, 32.801965690862666 ], [ 35.001012463732515, 32.801899645855229 ], [ 35.001026498291886, 32.801887842052494 ], [ 35.001040172358188, 32.801876340631345 ], [ 35.001148425579089, 32.801785264216534 ], [ 35.001252290372236, 32.80174494766883 ], [ 35.001305356186229, 32.801707356528603 ], [ 35.001577059063251, 32.801514913167253 ], [ 35.001633105964906, 32.801425379314892 ], [ 35.001770028637367, 32.80120634451734 ], [ 35.001820517326628, 32.801125596689957 ], [ 35.002040015881363, 32.800231379744147 ], [ 35.00206901689576, 32.800113216510979 ], [ 35.002109846484316, 32.799946828215468 ], [ 35.002112499814551, 32.799955672695745 ], [ 35.002115149091253, 32.799964421590005 ], [ 35.002581161295488, 32.799965883102317 ], [ 35.003354647330234, 32.800093502169595 ], [ 35.003409026444537, 32.800102482852303 ], [ 35.003366078271448, 32.80042947945654 ], [ 35.003331033422484, 32.800696298939037 ], [ 35.003322119319385, 32.800764271340483 ], [ 35.003311772449365, 32.800762990553409 ], [ 35.003297192291775, 32.800833349650794 ], [ 35.003291592371184, 32.800860431107388 ], [ 35.00327938735321, 32.800919562534183 ], [ 35.003254556110733, 32.801230064636513 ], [ 35.003233793278788, 32.801444914509567 ], [ 35.003224746808414, 32.801539355863461 ], [ 35.0032139969436, 32.8016515415881 ], [ 35.003189244847398, 32.801978372513915 ], [ 35.003153062068463, 32.802305716144751 ], [ 35.003146626940207, 32.802363666582927 ], [ 35.003142917610262, 32.80239695200212 ], [ 35.00311348046634, 32.802622236682403 ], [ 35.003112963315395, 32.802626204198695 ], [ 35.003090458054693, 32.802798113516261 ], [ 35.003088174388324, 32.802815605379131 ], [ 35.003044670207046, 32.803020127590635 ], [ 35.00302306527076, 32.80308952585186 ], [ 35.003011347755944, 32.803126846080829 ], [ 35.003006616045504, 32.80314190123876 ], [ 35.002997360616028, 32.803171626865868 ], [ 35.002982143013647, 32.803195318697121 ] ] ] } },
{ "type": "Feature", "properties": { "OBJECTID_12": 51, "OBJECTID": 2451, "Shape_Leng": 3298.9969780699998, "Shape_Area": 246679.10115508633, "OBJECTID_1": 73, "SEMEL_YISH": 4000, "SHEM_YISHU": "חיפה", "SHEM_YIS_1": "HAIFA", "ROVA": 6, "TAT_ROVA": 64, "SchName": "רמת ויז'ניץ", "Shape_Length": 3298.9969780661745, "בזב": null, "מצביעים": null, "כשרים": null, "אמת": null, "אצ": null, "ב": null, "ג": null, "ד": null, "ום": null, "ז": null, "זך": null, "זנ": null, "זץ": null, "ט": null, "י": null, "יז": null, "ינ": null, "יץ": null, "יק": null, "כן": null, "ך": null, "ל": null, "מחל": null, "מרצ": null, "נז": null, "ני": null, "נף": null, "נץ": null, "נק": null, "נר": null, "עם": null, "פה": null, "ף": null, "צ": null, "ץ": null, "ק": null, "קי": null, "קך": null, "קנ": null, "קץ": null, "רז": null, "שס": null, "ת": null, "n_stations": null, "turnout_pct": null, "אמת_pct": null, "אצ_pct": null, "ב_pct": null, "ג_pct": null, "ד_pct": null, "ום_pct": null, "ז_pct": null, "זך_pct": null, "זנ_pct": null, "זץ_pct": null, "ט_pct": null, "י_pct": null, "יז_pct": null, "ינ_pct": null, "יץ_pct": null, "יק_pct": null, "כן_pct": null, "ך_pct": null, "ל_pct": null, "מחל_pct": null, "מרצ_pct": null, "נז_pct": null, "ני_pct": null, "נף_pct": null, "נץ_pct": null, "נק_pct": null, "נר_pct": null, "עם_pct": null, "פה_pct": null, "ף_pct": null, "צ_pct": null, "ץ_pct": null, "ק_pct": null, "קי_pct": null, "קך_pct": null, "קנ_pct": null, "קץ_pct": null, "רז_pct": null, "שס_pct": null, "ת_pct": null }, "geometry": { "type": "Polygon", "coordinates": [ [ [ 35.00569720622655, 32.803308398596869 ], [ 35.005670596506064, 32.803268588137371 ], [ 35.005662077876785, 32.803255954533974 ], [ 35.005586686759806, 32.803171255230076 ], [ 35.005529871784063, 32.803130871094275 ], [ 35.005477101221203, 32.803093356230129 ], [ 35.005382838319754, 32.803040726164205 ], [ 35.00521946872307, 32.802952012212629 ], [ 35.005113121440324, 32.802907389585769 ], [ 35.005011656482083, 32.802876743658778 ], [ 35.004905665671458, 32.802864770797946 ], [ 35.00477890203026, 32.80287584715505 ], [ 35.004624673372312, 32.802900389625762 ], [ 35.00448239780826, 32.802931819179278 ], [ 35.004401105732768, 32.802950707865172 ], [ 35.004350051790695, 32.802957394417462 ], [ 35.004286880798809, 32.802939794343338 ], [ 35.004190043342462, 32.802887253041959 ], [ 35.004179926966025, 32.802882101730241 ], [ 35.004174163779219, 32.802879199886789 ], [ 35.004158704260895, 32.80287142331909 ], [ 35.004143488914842, 32.802896649977207 ], [ 35.004142451497216, 32.802898394896047 ], [ 35.004066009726223, 32.803025375163109 ], [ 35.003876013592986, 32.803000455768668 ], [ 35.003799549576478, 32.803096250810036 ], [ 35.003679970960334, 32.803246033148227 ], [ 35.003654550262944, 32.803250497253288 ], [ 35.003619805322884, 32.803270738639888 ], [ 35.003589841724221, 32.803302240802324 ], [ 35.003567768079414, 32.803379392956025 ], [ 35.003519633293145, 32.803508835708733 ], [ 35.003504730202373, 32.803548903737514 ], [ 35.003444163827851, 32.803702727202541 ], [ 35.00338675382735, 32.803780893817049 ], [ 35.003347166042431, 32.803820866292902 ], [ 35.003272995563599, 32.80385059860383 ], [ 35.003256230138206, 32.803807285045345 ], [ 35.003202936988785, 32.80367023150108 ], [ 35.003141259166497, 32.803502538483357 ], [ 35.003124099999525, 32.803455862764039 ], [ 35.003045392743395, 32.803273149885754 ], [ 35.002982143013647, 32.803195318697121 ], [ 35.002997360616028, 32.803171626865868 ], [ 35.003006616045504, 32.80314190123876 ], [ 35.003011347755944, 32.803126846080829 ], [ 35.00302306527076, 32.80308952585186 ], [ 35.003044670207046, 32.803020127590635 ], [ 35.003088174388324, 32.802815605379131 ], [ 35.003090458054693, 32.802798113516261 ], [ 35.003112963315395, 32.802626204198695 ], [ 35.00311348046634, 32.802622236682403 ], [ 35.003142917610262, 32.80239695200212 ], [ 35.003146626940207, 32.802363666582927 ], [ 35.003153062068463, 32.802305716144751 ], [ 35.003189244847398, 32.801978372513915 ], [ 35.0032139969436, 32.8016515415881 ], [ 35.003224746808414, 32.801539355863461 ], [ 35.003233793278788, 32.801444914509567 ], [ 35.003254556110733, 32.801230064636513 ], [ 35.00327938735321, 32.800919562534183 ], [ 35.003291592371184, 32.800860431107388 ], [ 35.003297192291775, 32.800833349650794 ], [ 35.003311772449365, 32.800762990553409 ], [ 35.003322119319385, 32.800764271340483 ], [ 35.003331033422484, 32.800696298939037 ], [ 35.003366078271448, 32.80042947945654 ], [ 35.003409026444537, 32.800102482852303 ], [ 35.003354647330234, 32.800093502169595 ], [ 35.002581161295488, 32.799965883102317 ], [ 35.002115149091253, 32.799964421590005 ], [ 35.002112499814551, 32.799955672695745 ], [ 35.002109846484316, 32.799946828215468 ], [ 35.002107198290574, 32.799938073010992 ], [ 35.00210062823168, 32.799916784255693 ], [ 35.002019263984252, 32.799686722075514 ], [ 35.001892529524788, 32.799404196329164 ], [ 35.001809339809178, 32.799227692492529 ], [ 35.001771501248612, 32.799104728755125 ], [ 35.001764857982089, 32.79902023210294 ], [ 35.00176585687295, 32.798964873392144 ], [ 35.001766683765737, 32.79892321201703 ], [ 35.001777096559564, 32.798896266448544 ], [ 35.001779144790561, 32.798891325781163 ], [ 35.001804272368204, 32.798825889112841 ], [ 35.001825594104922, 32.798790937023391 ], [ 35.00190566095538, 32.798684716357961 ], [ 35.001943178878463, 32.798634955784927 ], [ 35.002105388545473, 32.798430439870202 ], [ 35.002112876650465, 32.798421082475656 ], [ 35.002124552051477, 32.798406493008621 ], [ 35.002326161956127, 32.798152087547706 ], [ 35.002336497857414, 32.798138725807824 ], [ 35.002458393145119, 32.797981246094722 ], [ 35.002526707938877, 32.797893177881576 ], [ 35.002711265019961, 32.797667506486732 ], [ 35.002803804383902, 32.797539704352637 ], [ 35.00284330691629, 32.797447898044624 ], [ 35.002865840494813, 32.797395533322359 ], [ 35.002872714939095, 32.797365184381746 ], [ 35.002887413704777, 32.797300349256446 ], [ 35.002892341419738, 32.79718927401651 ], [ 35.002855802405804, 32.797013374257851 ], [ 35.002788204199, 32.796878024119295 ], [ 35.002665463300133, 32.796661073877658 ], [ 35.002656775716517, 32.796645717575309 ], [ 35.002558945322903, 32.796477566403418 ], [ 35.002477570847986, 32.796295382485084 ], [ 35.002423254415454, 32.796143102620498 ], [ 35.002383062820989, 32.795977398563608 ], [ 35.002357063915419, 32.795768240445625 ], [ 35.002350097601635, 32.795542263982433 ], [ 35.002350165469977, 32.795325316693678 ], [ 35.002354418629849, 32.795190338267055 ], [ 35.002354657413989, 32.79518105301473 ], [ 35.002346222353964, 32.795039017300653 ], [ 35.002313160668741, 32.794835547351916 ], [ 35.002264840182384, 32.794624118762009 ], [ 35.00222162287244, 32.794432518507698 ], [ 35.002207662650555, 32.794370549633946 ], [ 35.002189694232264, 32.794290905604157 ], [ 35.002184431895351, 32.794120754770532 ], [ 35.002173504584803, 32.793949409058264 ], [ 35.002096166269894, 32.793776249179338 ], [ 35.002023789780779, 32.793635826937411 ], [ 35.001942573864582, 32.793482332036653 ], [ 35.001814456421108, 32.79329672405251 ], [ 35.001667608922446, 32.793135268136261 ], [ 35.001512535554667, 32.792972802348437 ], [ 35.001390068260996, 32.79284916204648 ], [ 35.001303050161248, 32.792711511790081 ], [ 35.001253816271898, 32.792575634176437 ], [ 35.001252580521594, 32.792555706545841 ], [ 35.001242662232819, 32.792413311226021 ], [ 35.001253589256415, 32.792298903120596 ], [ 35.001261959903104, 32.792281514009169 ], [ 35.001329534310557, 32.792140146947389 ], [ 35.001391712011433, 32.792024656020146 ], [ 35.001387308766056, 32.791990196968939 ], [ 35.001387748021031, 32.791984340278439 ], [ 35.001456942206048, 32.792023135978901 ], [ 35.001464520616615, 32.792027393432399 ], [ 35.001514520853441, 32.792058030132537 ], [ 35.001534869696314, 32.792074293580804 ], [ 35.001556074435115, 32.792087858740892 ], [ 35.002819517258814, 32.792893761219979 ], [ 35.003406535914692, 32.793522098546809 ], [ 35.004285897062779, 32.793802759367622 ], [ 35.004343873554845, 32.794036208469933 ], [ 35.004635153177937, 32.795209417683687 ], [ 35.004692096334445, 32.795809954183653 ], [ 35.004741952617685, 32.796337341166783 ], [ 35.004799619170633, 32.796946342859343 ], [ 35.004849476349996, 32.797472924496404 ], [ 35.004873016916385, 32.797885028488686 ], [ 35.004923351588999, 32.798769054455498 ], [ 35.004979960114852, 32.799762342063453 ], [ 35.005023624068215, 32.800528681716806 ], [ 35.00503203534592, 32.800638526674398 ], [ 35.005078607118165, 32.801246604867892 ], [ 35.005105592630713, 32.80159802835189 ], [ 35.005105204067412, 32.801628146064168 ], [ 35.005104263304588, 32.801706691895873 ], [ 35.005199533415379, 32.801790510616783 ], [ 35.005276571879563, 32.801858264578094 ], [ 35.005548125511609, 32.802556969347627 ], [ 35.005628983334411, 32.802592854327948 ], [ 35.005768914595926, 32.802654968522724 ], [ 35.006018459022307, 32.802779710170768 ], [ 35.006191385286144, 32.80289801281527 ], [ 35.006214920457424, 32.802923288431671 ], [ 35.006222489483982, 32.802931330881783 ], [ 35.006259445414287, 32.802969070179884 ], [ 35.00599675741298, 32.803131611688634 ], [ 35.005953566207353, 32.803158312688907 ], [ 35.00569720622655, 32.803308398596869 ] ] ] } },
{ "type": "Feature", "properties": { "OBJECTID_12": 52, "OBJECTID": 2452, "Shape_Leng": 1935.9764499200001, "Shape_Area": 164471.9345067298, "OBJECTID_1": 74, "SEMEL_YISH": 4000, "SHEM_YISHU": "חיפה", "SHEM_YIS_1": "HAIFA", "ROVA": 6, "TAT_ROVA": 64, "SchName": "מעונות גאולה", "Shape_Length": 1935.9764499168964, "בזב": null, "מצביעים": null, "כשרים": null, "אמת": null, "אצ": null, "ב": null, "ג": null, "ד": null, "ום": null, "ז": null, "זך": null, "זנ": null, "זץ": null, "ט": null, "י": null, "יז": null, "ינ": null, "יץ": null, "יק": null, "כן": null, "ך": null, "ל": null, "מחל": null, "מרצ": null, "נז": null, "ני": null, "נף": null, "נץ": null, "נק": null, "נר": null, "עם": null, "פה": null, "ף": null, "צ": null, "ץ": null, "ק": null, "קי": null, "קך": null, "קנ": null, "קץ": null, "רז": null, "שס": null, "ת": null, "n_stations": null, "turnout_pct": null, "אמת_pct": null, "אצ_pct": null, "ב_pct": null, "ג_pct": null, "ד_pct": null, "ום_pct": null, "ז_pct": null, "זך_pct": null, "זנ_pct": null, "זץ_pct": null, "ט_pct": null, "י_pct": null, "יז_pct": null, "ינ_pct": null, "יץ_pct": null, "יק_pct": null, "כן_pct": null, "ך_pct": null, "ל_pct": null, "מחל_pct": null, "מרצ_pct": null, "נז_pct": null, "ני_pct": null, "נף_pct": null, "נץ_pct": null, "נק_pct": null, "נר_pct": null, "עם_pct": null, "פה_pct": null, "ף_pct": null, "צ_pct": null, "ץ_pct": null, "ק_pct": null, "קי_pct": null, "קך_pct": null, "קנ_pct": null, "קץ_pct": null, "רז_pct": null, "שס_pct": null, "ת_pct": null }, "geometry": { "type": "Polygon", "coordinates": [ [ [ 35.00222162287244, 32.794432518507698 ], [ 35.002264840182384, 32.794624118762009 ], [ 35.002313160668741, 32.794835547351916 ], [ 35.002346222353964, 32.795039017300653 ], [ 35.002354657413989, 32.79518105301473 ], [ 35.002354418629849, 32.795190338267055 ], [ 35.002350165469977, 32.795325316693678 ], [ 35.002350097601635, 32.795542263982433 ], [ 35.002357063915419, 32.795768240445625 ], [ 35.002383062820989, 32.795977398563608 ], [ 35.002423254415454, 32.796143102620498 ], [ 35.002477570847986, 32.796295382485084 ], [ 35.002558945322903, 32.796477566403418 ], [ 35.002656775716517, 32.796645717575309 ], [ 35.002665463300133, 32.796661073877658 ], [ 35.002788204199, 32.796878024119295 ], [ 35.002855802405804, 32.797013374257851 ], [ 35.002892341419738, 32.79718927401651 ], [ 35.002887413704777, 32.797300349256446 ], [ 35.002872714939095, 32.797365184381746 ], [ 35.002865840494813, 32.797395533322359 ], [ 35.00284330691629, 32.797447898044624 ], [ 35.002803804383902, 32.797539704352637 ], [ 35.002711265019961, 32.797667506486732 ], [ 35.002526707938877, 32.797893177881576 ], [ 35.002458393145119, 32.797981246094722 ], [ 35.002336497857414, 32.798138725807824 ], [ 35.002326161956127, 32.798152087547706 ], [ 35.002124552051477, 32.798406493008621 ], [ 35.002112876650465, 32.798421082475656 ], [ 35.002105388545473, 32.798430439870202 ], [ 35.001943178878463, 32.798634955784927 ], [ 35.00190566095538, 32.798684716357961 ], [ 35.001825594104922, 32.798790937023391 ], [ 35.001804272368204, 32.798825889112841 ], [ 35.001779144790561, 32.798891325781163 ], [ 35.001777096559564, 32.798896266448544 ], [ 35.001766683765737, 32.79892321201703 ], [ 35.00176585687295, 32.798964873392144 ], [ 35.001648163285566, 32.798879652374538 ], [ 35.001571440598156, 32.79881810663057 ], [ 35.001508852783878, 32.798745986145001 ], [ 35.001448030558862, 32.798675901806057 ], [ 35.001311154096477, 32.798536459447433 ], [ 35.001109410121956, 32.798380861523441 ], [ 35.001101839145001, 32.798374985525058 ], [ 35.001083073905782, 32.798363144688764 ], [ 35.000999066744505, 32.798309993246619 ], [ 35.00078756118981, 32.798176105234937 ], [ 35.000484981333123, 32.797996893793453 ], [ 35.000391811669402, 32.797939488165085 ], [ 35.000232951733139, 32.797841574141096 ], [ 35.000213302830062, 32.797828759708523 ], [ 35.0000752885136, 32.797738709770151 ], [ 34.99989033396966, 32.797620643178661 ], [ 34.999645430746988, 32.797475972149535 ], [ 34.999445464961674, 32.797381507414578 ], [ 34.999250780422756, 32.797317528231822 ], [ 34.999108594887581, 32.797265452402932 ], [ 34.999088818407039, 32.79727389950331 ], [ 34.998985287803244, 32.797308618035579 ], [ 34.998875964831939, 32.79731015639927 ], [ 34.99886689507273, 32.79730571780923 ], [ 34.998295896345283, 32.797419744346399 ], [ 34.99813450258479, 32.797451945887694 ], [ 34.99766175883498, 32.797546292269814 ], [ 34.997318401682172, 32.797614875810815 ], [ 34.997034471174238, 32.797671577832517 ], [ 34.996455550089443, 32.797787114819059 ], [ 34.996435625612818, 32.797724148086274 ], [ 34.995980747116, 32.796287358514491 ], [ 34.996012904365287, 32.796288135183708 ], [ 34.996503103399995, 32.796299857659321 ], [ 34.99691400155028, 32.796307569581472 ], [ 34.997048449192924, 32.796310129441203 ], [ 34.997157830890536, 32.79631221306434 ], [ 34.997649057826393, 32.796255409496382 ], [ 34.998331717498878, 32.79600307229812 ], [ 34.998655002628595, 32.795670601334486 ], [ 34.99894693430619, 32.795370371322399 ], [ 34.999364720887918, 32.795070518036738 ], [ 34.999570010926, 32.794923240457095 ], [ 34.999584055542961, 32.794913171675041 ], [ 34.999605861412775, 32.794897520576072 ], [ 34.999617088452268, 32.794889419186127 ], [ 34.999874488674081, 32.794837002376561 ], [ 35.000192673017089, 32.79477151763524 ], [ 35.000244154667079, 32.79476168474315 ], [ 35.000405527758716, 32.794733270239497 ], [ 35.00072624634813, 32.794676895370202 ], [ 35.000966536566814, 32.794641756488936 ], [ 35.001130991974115, 32.794618674161633 ], [ 35.001253920238412, 32.794595883140452 ], [ 35.001297519242925, 32.794579717059676 ], [ 35.001295290668537, 32.794571507134343 ], [ 35.001305959774236, 32.794574413461547 ], [ 35.001436990380554, 32.794554155631879 ], [ 35.00222162287244, 32.794432518507698 ] ] ] } },
{ "type": "Feature", "properties": { "OBJECTID_12": 53, "OBJECTID": 2453, "Shape_Leng": 1611.1976627, "Shape_Area": 150552.85397055617, "OBJECTID_1": 75, "SEMEL_YISH": 4000, "SHEM_YISHU": "חיפה", "SHEM_YIS_1": "HAIFA", "ROVA": 7, "TAT_ROVA": 71, "SchName": "חליסה", "Shape_Length": 1611.1976627004449, "בזב": 1037.0, "מצביעים": 401.0, "כשרים": 399.0, "אמת": 0.0, "אצ": 0.0, "ב": 0.0, "ג": 2.0, "ד": 70.0, "ום": 222.0, "ז": 0.0, "זך": 0.0, "זנ": 0.0, "זץ": 0.0, "ט": 4.0, "י": 0.0, "יז": 0.0, "ינ": 0.0, "יץ": 0.0, "יק": 0.0, "כן": 3.0, "ך": 0.0, "ל": 21.0, "מחל": 26.0, "מרצ": 4.0, "נז": 0.0, "ני": 1.0, "נף": 0.0, "נץ": 0.0, "נק": 0.0, "נר": 0.0, "עם": 28.0, "פה": 11.0, "ף": 0.0, "צ": 1.0, "ץ": 2.0, "ק": 0.0, "קי": 0.0, "קך": 0.0, "קנ": 0.0, "קץ": 0.0, "רז": 0.0, "שס": 2.0, "ת": 2.0, "n_stations": 2.0, "turnout_pct": 38.669238187078108, "אמת_pct": 0.0, "אצ_pct": 0.0, "ב_pct": 0.0, "ג_pct": 0.50125313283208017, "ד_pct": 17.543859649122805, "ום_pct": 55.639097744360896, "ז_pct": 0.0, "זך_pct": 0.0, "זנ_pct": 0.0, "זץ_pct": 0.0, "ט_pct": 1.0025062656641603, "י_pct": 0.0, "יז_pct": 0.0, "ינ_pct": 0.0, "יץ_pct": 0.0, "יק_pct": 0.0, "כן_pct": 0.75187969924812026, "ך_pct": 0.0, "ל_pct": 5.2631578947368416, "מחל_pct": 6.5162907268170418, "מרצ_pct": 1.0025062656641603, "נז_pct": 0.0, "ני_pct": 0.25062656641604009, "נף_pct": 0.0, "נץ_pct": 0.0, "נק_pct": 0.0, "נר_pct": 0.0, "עם_pct": 7.0175438596491224, "פה_pct": 2.7568922305764412, "ף_pct": 0.0, "צ_pct": 0.25062656641604009, "ץ_pct": 0.50125313283208017, "ק_pct": 0.0, "קי_pct": 0.0, "קך_pct": 0.0, "קנ_pct": 0.0, "קץ_pct": 0.0, "רז_pct": 0.0, "שס_pct": 0.50125313283208017, "ת_pct": 0.50125313283208017 }, "geometry": { "type": "Polygon", "coordinates": [ [ [ 35.008910774254367, 32.802729615309218 ], [ 35.008818926818336, 32.802799894966931 ], [ 35.008596729880537, 32.802952294415782 ], [ 35.008507976298027, 32.802979637386485 ], [ 35.008407412665477, 32.803010601942248 ], [ 35.008383484466009, 32.803012819621763 ], [ 35.008261536667689, 32.803022727629205 ], [ 35.008087211869793, 32.803011821708878 ], [ 35.007924680392968, 32.802974325110227 ], [ 35.007750777089086, 32.802919945190446 ], [ 35.007534875699029, 32.802873986641089 ], [ 35.007241867836065, 32.802796875505599 ], [ 35.007208971382418, 32.802787905971222 ], [ 35.007009164328473, 32.80273339045268 ], [ 35.00683518307487, 32.802709406990111 ], [ 35.006724538822944, 32.802718882291828 ], [ 35.006715926879124, 32.802722799173871 ], [ 35.006570333736846, 32.802789059140757 ], [ 35.006358555713859, 32.802908186902386 ], [ 35.006302854229403, 32.802942374827296 ], [ 35.006259445414287, 32.802969070179884 ], [ 35.006222489483982, 32.802931330881783 ], [ 35.006214920457424, 32.802923288431671 ], [ 35.006191385286144, 32.80289801281527 ], [ 35.006018459022307, 32.802779710170768 ], [ 35.005768914595926, 32.802654968522724 ], [ 35.005628983334411, 32.802592854327948 ], [ 35.005548125511609, 32.802556969347627 ], [ 35.005276571879563, 32.801858264578094 ], [ 35.005199533415379, 32.801790510616783 ], [ 35.005104263304588, 32.801706691895873 ], [ 35.005105204067412, 32.801628146064168 ], [ 35.005105592630713, 32.80159802835189 ], [ 35.005078607118165, 32.801246604867892 ], [ 35.00503203534592, 32.800638526674398 ], [ 35.005023624068215, 32.800528681716806 ], [ 35.004979960114852, 32.799762342063453 ], [ 35.005004200971094, 32.799761755789561 ], [ 35.005164554438451, 32.799758759501103 ], [ 35.005394968274103, 32.799754259428198 ], [ 35.005397274966541, 32.79967491413494 ], [ 35.005420785861944, 32.799450830353791 ], [ 35.007164962701601, 32.79943299844993 ], [ 35.007513844174994, 32.799535971624053 ], [ 35.007736080044751, 32.799556341105614 ], [ 35.007773001940322, 32.799559729935503 ], [ 35.007838031507049, 32.799559656191875 ], [ 35.008152018625118, 32.799559151356142 ], [ 35.008271180420422, 32.799556099154941 ], [ 35.008278214362846, 32.799555921717015 ], [ 35.008318052033992, 32.799554908379818 ], [ 35.008333949165866, 32.799544644954928 ], [ 35.008685084387039, 32.799318064999269 ], [ 35.008694816407761, 32.799311947795204 ], [ 35.008965488792334, 32.799656051616083 ], [ 35.00905115654578, 32.79976497541638 ], [ 35.009169870057256, 32.799915855947972 ], [ 35.009184772367256, 32.799934791283341 ], [ 35.009434271124121, 32.800284135057602 ], [ 35.009437003366052, 32.800287978718913 ], [ 35.009516752178222, 32.800399861349732 ], [ 35.009545179020293, 32.800439582768597 ], [ 35.009492575249908, 32.800475302615929 ], [ 35.009312182111337, 32.800599992721708 ], [ 35.009283847749963, 32.800618155556492 ], [ 35.009235097132255, 32.8006493701292 ], [ 35.00939012660843, 32.800833697606116 ], [ 35.009445217253123, 32.800899202085219 ], [ 35.009558405761631, 32.801033907177654 ], [ 35.009597148340852, 32.801080042139958 ], [ 35.009611434706606, 32.801097108156419 ], [ 35.009893125750274, 32.801434299328861 ], [ 35.009895858202519, 32.801437581225407 ], [ 35.009906515562889, 32.801450309839794 ], [ 35.010035040172347, 32.801604160504425 ], [ 35.010078704592665, 32.801656435364656 ], [ 35.01022667854798, 32.801696699142404 ], [ 35.010249320821224, 32.801702863954574 ], [ 35.010359639571412, 32.801732880063845 ], [ 35.010367653587814, 32.801732796000245 ], [ 35.010484350444059, 32.80173190194327 ], [ 35.010415618318831, 32.801766607135747 ], [ 35.010061911911883, 32.801963889159019 ], [ 35.009682335881742, 32.802216853642932 ], [ 35.0094136051246, 32.802412006274537 ], [ 35.009407412035301, 32.802414251763985 ], [ 35.009293081479967, 32.802454650744913 ], [ 35.009286775216452, 32.802456894248643 ], [ 35.009093939553814, 32.802593744664513 ], [ 35.009014213711239, 32.802650325024565 ], [ 35.008910774254367, 32.802729615309218 ] ] ] } },
{ "type": "Feature", "properties": { "OBJECTID_12": 54, "OBJECTID": 2454, "Shape_Leng": 2727.1911245599999, "Shape_Area": 195905.29688171719, "OBJECTID_1": 76, "SEMEL_YISH": 4000, "SHEM_YISHU": "חיפה", "SHEM_YIS_1": "HAIFA", "ROVA": 7, "TAT_ROVA": 71, "SchName": "תל עמל", "Shape_Length": 2727.1911245584724, "בזב": 1239.0, "מצביעים": 430.0, "כשרים": 427.0, "אמת": 8.0, "אצ": 2.0, "ב": 0.0, "ג": 2.0, "ד": 17.0, "ום": 40.0, "ז": 0.0, "זך": 0.0, "זנ": 0.0, "זץ": 0.0, "ט": 11.0, "י": 0.0, "יז": 4.0, "ינ": 1.0, "יץ": 0.0, "יק": 0.0, "כן": 28.0, "ך": 0.0, "ל": 96.0, "מחל": 108.0, "מרצ": 3.0, "נז": 0.0, "ני": 0.0, "נף": 2.0, "נץ": 0.0, "נק": 2.0, "נר": 0.0, "עם": 12.0, "פה": 79.0, "ף": 0.0, "צ": 2.0, "ץ": 0.0, "ק": 1.0, "קי": 0.0, "קך": 0.0, "קנ": 0.0, "קץ": 0.0, "רז": 0.0, "שס": 8.0, "ת": 1.0, "n_stations": 2.0, "turnout_pct": 34.705407586763521, "אמת_pct": 1.873536299765808, "אצ_pct": 0.46838407494145201, "ב_pct": 0.0, "ג_pct": 0.46838407494145201, "ד_pct": 3.9812646370023423, "ום_pct": 9.3676814988290413, "ז_pct": 0.0, "זך_pct": 0.0, "זנ_pct": 0.0, "זץ_pct": 0.0, "ט_pct": 2.5761124121779861, "י_pct": 0.0, "יז_pct": 0.93676814988290402, "ינ_pct": 0.23419203747072601, "יץ_pct": 0.0, "יק_pct": 0.0, "כן_pct": 6.557377049180328, "ך_pct": 0.0, "ל_pct": 22.482435597189696, "מחל_pct": 25.292740046838407, "מרצ_pct": 0.70257611241217799, "נז_pct": 0.0, "ני_pct": 0.0, "נף_pct": 0.46838407494145201, "נץ_pct": 0.0, "נק_pct": 0.46838407494145201, "נר_pct": 0.0, "עם_pct": 2.810304449648712, "פה_pct": 18.501170960187356, "ף_pct": 0.0, "צ_pct": 0.46838407494145201, "ץ_pct": 0.0, "ק_pct": 0.23419203747072601, "קי_pct": 0.0, "קך_pct": 0.0, "קנ_pct": 0.0, "קץ_pct": 0.0, "רז_pct": 0.0, "שס_pct": 1.873536299765808, "ת_pct": 0.23419203747072601 }, "geometry": { "type": "Polygon", "coordinates": [ [ [ 35.010484350444059, 32.80173190194327 ], [ 35.010367653587814, 32.801732796000245 ], [ 35.010359639571412, 32.801732880063845 ], [ 35.010249320821224, 32.801702863954574 ], [ 35.01022667854798, 32.801696699142404 ], [ 35.010078704592665, 32.801656435364656 ], [ 35.010035040172347, 32.801604160504425 ], [ 35.009906515562889, 32.801450309839794 ], [ 35.009895858202519, 32.801437581225407 ], [ 35.009893125750274, 32.801434299328861 ], [ 35.009611434706606, 32.801097108156419 ], [ 35.009597148340852, 32.801080042139958 ], [ 35.009558405761631, 32.801033907177654 ], [ 35.009445217253123, 32.800899202085219 ], [ 35.00939012660843, 32.800833697606116 ], [ 35.009235097132255, 32.8006493701292 ], [ 35.009283847749963, 32.800618155556492 ], [ 35.009312182111337, 32.800599992721708 ], [ 35.009492575249908, 32.800475302615929 ], [ 35.009545179020293, 32.800439582768597 ], [ 35.009516752178222, 32.800399861349732 ], [ 35.009437003366052, 32.800287978718913 ], [ 35.009434271124121, 32.800284135057602 ], [ 35.009184772367256, 32.799934791283341 ], [ 35.009169870057256, 32.799915855947972 ], [ 35.00905115654578, 32.79976497541638 ], [ 35.008965488792334, 32.799656051616083 ], [ 35.008694816407761, 32.799311947795204 ], [ 35.008726880036143, 32.799292167869083 ], [ 35.00879765891559, 32.799248549041515 ], [ 35.008810280269238, 32.799240809687312 ], [ 35.008857096917509, 32.799163691576354 ], [ 35.008968526555542, 32.798980013944572 ], [ 35.008973859884343, 32.798975860052913 ], [ 35.009053080168769, 32.798914141944998 ], [ 35.009332873020931, 32.798696204274499 ], [ 35.009432358649605, 32.798618705399257 ], [ 35.009605670912926, 32.798459490857134 ], [ 35.009730922642547, 32.798344421298715 ], [ 35.009846918218429, 32.798237995289448 ], [ 35.009888281283907, 32.798200035145605 ], [ 35.009923478303939, 32.798167716322929 ], [ 35.010044611286503, 32.798136625541829 ], [ 35.010178791255797, 32.798102205989899 ], [ 35.010323276783879, 32.798031916684231 ], [ 35.010337269008289, 32.798024994428935 ], [ 35.010390599187325, 32.797902716405169 ], [ 35.010411632937306, 32.797853702294127 ], [ 35.010432777514417, 32.797847058007804 ], [ 35.010722645375395, 32.79775012286958 ], [ 35.010728350527138, 32.797748223709895 ], [ 35.010749031183018, 32.797741331588583 ], [ 35.010780756994322, 32.797730649592303 ], [ 35.010843796601115, 32.797709730375132 ], [ 35.011279005408539, 32.797585706205204 ], [ 35.011496372905505, 32.797523190492292 ], [ 35.01169594702457, 32.797465787575717 ], [ 35.012034801214682, 32.797370459437666 ], [ 35.012408744826253, 32.79724029225688 ], [ 35.012421436134652, 32.797235492162116 ], [ 35.012721586668356, 32.797121923785099 ], [ 35.01296288209565, 32.797015169899879 ], [ 35.013231670252893, 32.796879252571905 ], [ 35.013557296587869, 32.796691310627239 ], [ 35.013584305906164, 32.796675729043756 ], [ 35.01391908917347, 32.79647849733 ], [ 35.014351113734911, 32.796197915503178 ], [ 35.014438884965344, 32.796142542221176 ], [ 35.014502486602936, 32.796102387982536 ], [ 35.014713082641109, 32.795969615372769 ], [ 35.015089742870941, 32.795716630891683 ], [ 35.015350716140738, 32.79553605160698 ], [ 35.015427585435162, 32.795481994771308 ], [ 35.015560181940991, 32.795388762189496 ], [ 35.015743521678708, 32.795264522731905 ], [ 35.015967648129369, 32.795123394338859 ], [ 35.016309106160875, 32.794964379080767 ], [ 35.016368661975925, 32.79494002900509 ], [ 35.016617905445912, 32.794838076961298 ], [ 35.01676022986998, 32.79477624203021 ], [ 35.016860682372119, 32.794740551068557 ], [ 35.0170048908914, 32.794689332515546 ], [ 35.017045626829344, 32.794673286506487 ], [ 35.017252988210807, 32.794591596510692 ], [ 35.017322386614332, 32.794559048961574 ], [ 35.017503466410332, 32.794474113766789 ], [ 35.017670273382826, 32.794367793198866 ], [ 35.017746777991626, 32.794319024618098 ], [ 35.017960565114038, 32.794180844690189 ], [ 35.018133415168514, 32.794027084463806 ], [ 35.018253117632014, 32.793904816920531 ], [ 35.018270036082576, 32.793887536756962 ], [ 35.018362476135472, 32.793791275817071 ], [ 35.018435427684274, 32.793723213398039 ], [ 35.018510553605076, 32.793684465525601 ], [ 35.018571639088449, 32.793674373346533 ], [ 35.018640604852251, 32.793676816452091 ], [ 35.018708900323595, 32.793691524267693 ], [ 35.018759114386626, 32.793718119327501 ], [ 35.018805301272735, 32.793741805846786 ], [ 35.018847847522345, 32.793812917856037 ], [ 35.018853374927481, 32.793878928231919 ], [ 35.01885534698927, 32.793901930658542 ], [ 35.018832573430458, 32.793974032425339 ], [ 35.018813092727598, 32.793994487338857 ], [ 35.018779502177381, 32.794029763218468 ], [ 35.018633662771364, 32.794133157016553 ], [ 35.018483874639294, 32.794250141421394 ], [ 35.018433493224961, 32.794289484166271 ], [ 35.018407409713014, 32.794309812892415 ], [ 35.018288194293042, 32.794395933297025 ], [ 35.01816897562491, 32.794481965215688 ], [ 35.018062603454318, 32.794558989277157 ], [ 35.017958868956633, 32.794641696040664 ], [ 35.017919817733684, 32.794678245764104 ], [ 35.017854919116118, 32.794730810733178 ], [ 35.017641791240166, 32.794903256710079 ], [ 35.017498819575827, 32.79502462149231 ], [ 35.017456226603109, 32.795060775349292 ], [ 35.017269436942144, 32.795216695880086 ], [ 35.017234642401995, 32.795245740637696 ], [ 35.017145450321337, 32.795317593120565 ], [ 35.017040336002616, 32.795402260935127 ], [ 35.016929074504581, 32.795515343544984 ], [ 35.016740007176288, 32.795716866619202 ], [ 35.016669705890401, 32.795783292716649 ], [ 35.016547780109732, 32.795898536582719 ], [ 35.016359448559697, 32.796056051216397 ], [ 35.016193551025019, 32.796201252388492 ], [ 35.016090195171316, 32.796313801491678 ], [ 35.016040083661565, 32.796391174385754 ], [ 35.016015105016237, 32.796429730195271 ], [ 35.015962643808926, 32.796552557493641 ], [ 35.015914725006866, 32.796636962333295 ], [ 35.015818751305332, 32.796746205884688 ], [ 35.015685552282662, 32.79687619353458 ], [ 35.015602024203488, 32.796949029060329 ], [ 35.015533895697772, 32.797008434489413 ], [ 35.015399439323126, 32.797129328158 ], [ 35.015235863120182, 32.797291837731379 ], [ 35.015212967278323, 32.797314525816695 ], [ 35.015024136234487, 32.797500171371738 ], [ 35.014799612629979, 32.797702170714516 ], [ 35.014764947164956, 32.797733447558421 ], [ 35.014594458406982, 32.797887247171907 ], [ 35.014459550597259, 32.797999811988291 ], [ 35.014443552858793, 32.798013163440274 ], [ 35.014405903558632, 32.798044759364608 ], [ 35.014249158234044, 32.798181424635466 ], [ 35.014240107278368, 32.798189316937915 ], [ 35.01416428580324, 32.798255747639452 ], [ 35.013819373798775, 32.798535289103924 ], [ 35.013513146736038, 32.798754028801824 ], [ 35.013316585875103, 32.798912243966988 ], [ 35.013225740602785, 32.798976658423669 ], [ 35.013177252397121, 32.799011033575297 ], [ 35.013072568495005, 32.799085356230961 ], [ 35.012854732753098, 32.799257432341001 ], [ 35.012676457137268, 32.799395207824226 ], [ 35.012483963717308, 32.799544233324525 ], [ 35.012347464228583, 32.799669714644352 ], [ 35.012258934614493, 32.799763740828482 ], [ 35.012209103200505, 32.79981665865521 ], [ 35.01211932517424, 32.799907238355217 ], [ 35.012079106519025, 32.799948288379731 ], [ 35.011923575809526, 32.800137407625719 ], [ 35.011722054190258, 32.80036144159785 ], [ 35.011496653686436, 32.800618611730066 ], [ 35.011319475854322, 32.800792571859873 ], [ 35.01127119052601, 32.800839966113237 ], [ 35.011254208780123, 32.800856643779724 ], [ 35.011078503089216, 32.801040593879939 ], [ 35.010960003525632, 32.801152576946407 ], [ 35.010883790229165, 32.801224600016944 ], [ 35.010732083787566, 32.801373144771993 ], [ 35.010581627236647, 32.801528990474452 ], [ 35.010517452369896, 32.801589128704535 ], [ 35.010492551852032, 32.801592875455405 ], [ 35.010479297603823, 32.801599440893739 ], [ 35.010439576534765, 32.801649598242555 ], [ 35.010439507224852, 32.801681516247939 ], [ 35.010444192682115, 32.801691082347666 ], [ 35.010456727618269, 32.801716352759442 ], [ 35.010465789392136, 32.801721499227284 ], [ 35.010484350444059, 32.80173190194327 ] ] ] } },
{ "type": "Feature", "properties": { "OBJECTID_12": 55, "OBJECTID": 2455, "Shape_Leng": 5940.7677596900003, "Shape_Area": 560960.48917421768, "OBJECTID_1": 77, "SEMEL_YISH": 4000, "SHEM_YISHU": "חיפה", "SHEM_YIS_1": "HAIFA", "ROVA": 7, "TAT_ROVA": 71, "SchName": "נוה פז", "Shape_Length": 5940.7677596871299, "בזב": 9906.0, "מצביעים": 3617.0, "כשרים": 3564.0, "אמת": 72.0, "אצ": 10.0, "ב": 12.0, "ג": 30.0, "ד": 158.0, "ום": 334.0, "ז": 0.0, "זך": 2.0, "זנ": 0.0, "זץ": 1.0, "ט": 226.0, "י": 1.0, "יז": 14.0, "ינ": 2.0, "יץ": 0.0, "יק": 3.0, "כן": 207.0, "ך": 1.0, "ל": 619.0, "מחל": 930.0, "מרצ": 59.0, "נז": 3.0, "ני": 5.0, "נף": 2.0, "נץ": 1.0, "נק": 2.0, "נר": 1.0, "עם": 152.0, "פה": 525.0, "ף": 7.0, "צ": 13.0, "ץ": 2.0, "ק": 2.0, "קי": 3.0, "קך": 7.0, "קנ": 2.0, "קץ": 15.0, "רז": 5.0, "שס": 128.0, "ת": 8.0, "n_stations": 16.0, "turnout_pct": 36.5132243084999, "אמת_pct": 2.0202020202020203, "אצ_pct": 0.28058361391694725, "ב_pct": 0.33670033670033667, "ג_pct": 0.84175084175084169, "ד_pct": 4.4332210998877661, "ום_pct": 9.3714927048260392, "ז_pct": 0.0, "זך_pct": 0.056116722783389458, "זנ_pct": 0.0, "זץ_pct": 0.028058361391694729, "ט_pct": 6.3411896745230081, "י_pct": 0.028058361391694729, "יז_pct": 0.39281705948372619, "ינ_pct": 0.056116722783389458, "יץ_pct": 0.0, "יק_pct": 0.084175084175084167, "כן_pct": 5.808080808080808, "ך_pct": 0.028058361391694729, "ל_pct": 17.368125701459032, "מחל_pct": 26.094276094276093, "מרצ_pct": 1.6554433221099889, "נז_pct": 0.084175084175084167, "ני_pct": 0.14029180695847362, "נף_pct": 0.056116722783389458, "נץ_pct": 0.028058361391694729, "נק_pct": 0.056116722783389458, "נר_pct": 0.028058361391694729, "עם_pct": 4.2648709315375983, "פה_pct": 14.73063973063973, "ף_pct": 0.1964085297418631, "צ_pct": 0.36475869809203143, "ץ_pct": 0.056116722783389458, "ק_pct": 0.056116722783389458, "קי_pct": 0.084175084175084167, "קך_pct": 0.1964085297418631, "קנ_pct": 0.056116722783389458, "קץ_pct": 0.42087542087542085, "רז_pct": 0.14029180695847362, "שס_pct": 3.5914702581369253, "ת_pct": 0.22446689113355783 }, "geometry": { "type": "Polygon", "coordinates": [ [ [ 35.023275984990356, 32.794078010357779 ], [ 35.023115622648483, 32.794235889465106 ], [ 35.022791300942913, 32.794555195407824 ], [ 35.022432173836293, 32.794923832987479 ], [ 35.022243863094104, 32.795118595600975 ], [ 35.02186739946584, 32.795508030015966 ], [ 35.021435010337122, 32.795988091954726 ], [ 35.020962924673356, 32.796507046474872 ], [ 35.020681581180533, 32.796836293210973 ], [ 35.02049725681303, 32.797016369482492 ], [ 35.020257227902007, 32.797239179591877 ], [ 35.020024157942714, 32.797452989756138 ], [ 35.019840425873831, 32.797607627337371 ], [ 35.019731012245657, 32.797699988798875 ], [ 35.019526881781495, 32.797858562379936 ], [ 35.019391295387642, 32.797962598797653 ], [ 35.019239974842854, 32.798087439114951 ], [ 35.019233760127833, 32.798092655238698 ], [ 35.019193764835109, 32.798125779310304 ], [ 35.019149605402113, 32.798161162262659 ], [ 35.018954839870148, 32.798278711787781 ], [ 35.018699929349872, 32.798416925207199 ], [ 35.018584501599165, 32.798476529039462 ], [ 35.018497170440881, 32.798523203619233 ], [ 35.018416905416267, 32.798566455885741 ], [ 35.0182330297297, 32.798640032250113 ], [ 35.01794680170179, 32.798738799886685 ], [ 35.017565164904759, 32.798872298445033 ], [ 35.016958323946099, 32.799078247235009 ], [ 35.016793356384269, 32.799138331591884 ], [ 35.016392894293773, 32.799285332771234 ], [ 35.016183957355672, 32.799338036672083 ], [ 35.016096797285996, 32.799359280278182 ], [ 35.01590573988944, 32.799418926581794 ], [ 35.015857910613782, 32.799433851539625 ], [ 35.015478972179935, 32.799551134433962 ], [ 35.015166086544447, 32.799638477006852 ], [ 35.014850746309641, 32.799727093680808 ], [ 35.014533416527428, 32.799823709967896 ], [ 35.014476817680389, 32.799840946566199 ], [ 35.014022984001983, 32.799983898044914 ], [ 35.013744725092394, 32.800097357629596 ], [ 35.013352396555476, 32.800278819616949 ], [ 35.0128602293575, 32.800529367788464 ], [ 35.012832218409102, 32.80054393236513 ], [ 35.012819180866465, 32.800550662492505 ], [ 35.012774080043613, 32.80057423046145 ], [ 35.012245017427503, 32.80084347764668 ], [ 35.011860860694995, 32.801031904925296 ], [ 35.011663166364059, 32.801128864597814 ], [ 35.011234242077521, 32.801349652209282 ], [ 35.011135707335811, 32.801399008513641 ], [ 35.010816978647931, 32.801558657718381 ], [ 35.010657822529012, 32.801641716256555 ], [ 35.010660362886547, 32.801655804624474 ], [ 35.010663000733558, 32.801670232179511 ], [ 35.010660677900987, 32.801706478429708 ], [ 35.010618343262131, 32.801733997504876 ], [ 35.010591004277906, 32.801737206699791 ], [ 35.010570168888762, 32.801739694682645 ], [ 35.010532269323214, 32.80173963601505 ], [ 35.010497895149769, 32.80173958279476 ], [ 35.010484350444059, 32.80173190194327 ], [ 35.010465789392136, 32.801721499227284 ], [ 35.010456727618269, 32.801716352759442 ], [ 35.010444192682115, 32.801691082347666 ], [ 35.010439507224852, 32.801681516247939 ], [ 35.010439576534765, 32.801649598242555 ], [ 35.010479297603823, 32.801599440893739 ], [ 35.010492551852032, 32.801592875455405 ], [ 35.010517452369896, 32.801589128704535 ], [ 35.010581627236647, 32.801528990474452 ], [ 35.010732083787566, 32.801373144771993 ], [ 35.010883790229165, 32.801224600016944 ], [ 35.010960003525632, 32.801152576946407 ], [ 35.011078503089216, 32.801040593879939 ], [ 35.011254208780123, 32.800856643779724 ], [ 35.01127119052601, 32.800839966113237 ], [ 35.011319475854322, 32.800792571859873 ], [ 35.011496653686436, 32.800618611730066 ], [ 35.011722054190258, 32.80036144159785 ], [ 35.011923575809526, 32.800137407625719 ], [ 35.012079106519025, 32.799948288379731 ], [ 35.01211932517424, 32.799907238355217 ], [ 35.012209103200505, 32.79981665865521 ], [ 35.012258934614493, 32.799763740828482 ], [ 35.012347464228583, 32.799669714644352 ], [ 35.012483963717308, 32.799544233324525 ], [ 35.012676457137268, 32.799395207824226 ], [ 35.012854732753098, 32.799257432341001 ], [ 35.013072568495005, 32.799085356230961 ], [ 35.013177252397121, 32.799011033575297 ], [ 35.013225740602785, 32.798976658423669 ], [ 35.013316585875103, 32.798912243966988 ], [ 35.013513146736038, 32.798754028801824 ], [ 35.013819373798775, 32.798535289103924 ], [ 35.01416428580324, 32.798255747639452 ], [ 35.014240107278368, 32.798189316937915 ], [ 35.014249158234044, 32.798181424635466 ], [ 35.014405903558632, 32.798044759364608 ], [ 35.014443552858793, 32.798013163440274 ], [ 35.014459550597259, 32.797999811988291 ], [ 35.014594458406982, 32.797887247171907 ], [ 35.014764947164956, 32.797733447558421 ], [ 35.014799612629979, 32.797702170714516 ], [ 35.015024136234487, 32.797500171371738 ], [ 35.015212967278323, 32.797314525816695 ], [ 35.015235863120182, 32.797291837731379 ], [ 35.015399439323126, 32.797129328158 ], [ 35.015533895697772, 32.797008434489413 ], [ 35.015602024203488, 32.796949029060329 ], [ 35.015685552282662, 32.79687619353458 ], [ 35.015818751305332, 32.796746205884688 ], [ 35.015914725006866, 32.796636962333295 ], [ 35.015962643808926, 32.796552557493641 ], [ 35.016015105016237, 32.796429730195271 ], [ 35.016040083661565, 32.796391174385754 ], [ 35.016090195171316, 32.796313801491678 ], [ 35.016193551025019, 32.796201252388492 ], [ 35.016359448559697, 32.796056051216397 ], [ 35.016547780109732, 32.795898536582719 ], [ 35.016669705890401, 32.795783292716649 ], [ 35.016740007176288, 32.795716866619202 ], [ 35.016929074504581, 32.795515343544984 ], [ 35.017040336002616, 32.795402260935127 ], [ 35.017145450321337, 32.795317593120565 ], [ 35.017234642401995, 32.795245740637696 ], [ 35.017269436942144, 32.795216695880086 ], [ 35.017456226603109, 32.795060775349292 ], [ 35.017498819575827, 32.79502462149231 ], [ 35.017641791240166, 32.794903256710079 ], [ 35.017854919116118, 32.794730810733178 ], [ 35.017919817733684, 32.794678245764104 ], [ 35.017958868956633, 32.794641696040664 ], [ 35.018062603454318, 32.794558989277157 ], [ 35.01816897562491, 32.794481965215688 ], [ 35.018288194293042, 32.794395933297025 ], [ 35.018407409713014, 32.794309812892415 ], [ 35.018433493224961, 32.794289484166271 ], [ 35.018483874639294, 32.794250141421394 ], [ 35.018633662771364, 32.794133157016553 ], [ 35.018779502177381, 32.794029763218468 ], [ 35.018813092727598, 32.793994487338857 ], [ 35.018832573430458, 32.793974032425339 ], [ 35.01885534698927, 32.793901930658542 ], [ 35.018853374927481, 32.793878928231919 ], [ 35.018847847522345, 32.793812917856037 ], [ 35.018805301272735, 32.793741805846786 ], [ 35.018759114386626, 32.793718119327501 ], [ 35.01882101582239, 32.79368113611806 ], [ 35.018953869957066, 32.793601716940479 ], [ 35.019109256636426, 32.793521874700993 ], [ 35.019237079894204, 32.793453812727151 ], [ 35.019303531522141, 32.793480420754335 ], [ 35.019649239951761, 32.79361834754625 ], [ 35.019662148911706, 32.793623500833149 ], [ 35.019856322767197, 32.793788073920112 ], [ 35.019866340066208, 32.793797203001844 ], [ 35.02005077780796, 32.793965727088299 ], [ 35.020061670584667, 32.79395983341972 ], [ 35.020274152292565, 32.793844783265676 ], [ 35.020938184550822, 32.79348524156493 ], [ 35.021057227919314, 32.793420782464771 ], [ 35.021071023673862, 32.793437056594861 ], [ 35.021174906203576, 32.793559634306277 ], [ 35.021245070241669, 32.793642562932057 ], [ 35.02155481057067, 32.79336848035706 ], [ 35.022248374642558, 32.792614500747618 ], [ 35.022855294722284, 32.791925335246916 ], [ 35.023635699689855, 32.790992873174766 ], [ 35.02374402448222, 32.790874882255991 ], [ 35.023756157368027, 32.790842983380955 ], [ 35.023749486147274, 32.790816701089419 ], [ 35.02370809270235, 32.790775038101607 ], [ 35.023600337180305, 32.79066658188858 ], [ 35.023558928960085, 32.7906249035006 ], [ 35.023888867934943, 32.790366387556091 ], [ 35.024051367901194, 32.790239062536301 ], [ 35.024323507823176, 32.790037112948568 ], [ 35.024400858823213, 32.78996357643075 ], [ 35.024586171122948, 32.789874484679082 ], [ 35.024881125321897, 32.789893810000159 ], [ 35.025026869457839, 32.789952616329181 ], [ 35.025075520922719, 32.789864080077059 ], [ 35.025222601886156, 32.789596413339758 ], [ 35.025589887989796, 32.788927969149462 ], [ 35.025637351098666, 32.788841653643338 ], [ 35.02585205505887, 32.788450978731433 ], [ 35.026231465626253, 32.787800865929015 ], [ 35.02625284120812, 32.787764379493375 ], [ 35.02625749313593, 32.787756444882746 ], [ 35.026274187555572, 32.787739338225542 ], [ 35.026393015380606, 32.787619213841339 ], [ 35.026474420282142, 32.787536470954286 ], [ 35.026815316067086, 32.78719106544996 ], [ 35.027029941422903, 32.787006971125379 ], [ 35.027141768968612, 32.786911009641862 ], [ 35.027170895147691, 32.78687011029546 ], [ 35.027255351953784, 32.786751661377181 ], [ 35.027315517532777, 32.786667437061986 ], [ 35.027343447963396, 32.786628161739245 ], [ 35.027411846515299, 32.786532231485459 ], [ 35.027480411832705, 32.786406986418541 ], [ 35.027560012024111, 32.786261476865612 ], [ 35.027614649520501, 32.786161650678338 ], [ 35.027847247809135, 32.785736644618531 ], [ 35.028012573898984, 32.785309290044154 ], [ 35.028200339372759, 32.784824077042913 ], [ 35.028300551793755, 32.784565254663931 ], [ 35.028433805168511, 32.78422091042092 ], [ 35.028544657887331, 32.783924501162367 ], [ 35.028572229676207, 32.783850859623328 ], [ 35.028588557048316, 32.78376307092374 ], [ 35.028601968057529, 32.783769214963527 ], [ 35.028613803871266, 32.783774639041731 ], [ 35.028683166346482, 32.783732270109603 ], [ 35.028887827122688, 32.783607220456815 ], [ 35.028903586796631, 32.783558303011766 ], [ 35.028894564531555, 32.783554629487156 ], [ 35.028896350571863, 32.783549084758526 ], [ 35.028896735629928, 32.783549231372717 ], [ 35.028897310553731, 32.783549448585156 ], [ 35.028899859841665, 32.78355041336431 ], [ 35.028995354738512, 32.783586541003999 ], [ 35.029084664136143, 32.783625264912303 ], [ 35.029173974678827, 32.783663988758455 ], [ 35.029263286364795, 32.783702713444143 ], [ 35.029352597060921, 32.783741438064716 ], [ 35.029441908902108, 32.783780162623088 ], [ 35.029466656849323, 32.783790893099138 ], [ 35.029526889452967, 32.783814905495525 ], [ 35.029587124223944, 32.783838917865928 ], [ 35.029678366527463, 32.783875292425989 ], [ 35.029769608903706, 32.783911667821307 ], [ 35.029860852421919, 32.783948043151732 ], [ 35.02995209601464, 32.783984418415734 ], [ 35.030043338616174, 32.784020792710095 ], [ 35.030078785486609, 32.784034923823427 ], [ 35.030134582359665, 32.784057166939533 ], [ 35.030225825110236, 32.784093541101079 ], [ 35.030317069002734, 32.784129915197674 ], [ 35.030360275615955, 32.784147139912015 ], [ 35.030432375917385, 32.784175882425089 ], [ 35.030504476265342, 32.784204624896709 ], [ 35.03057657772726, 32.784233367328312 ], [ 35.030583747547162, 32.784235682011193 ], [ 35.03061135471377, 32.784244596606818 ], [ 35.030636071680263, 32.784256027425997 ], [ 35.030660587088079, 32.784267364184394 ], [ 35.03069107899799, 32.784282623486199 ], [ 35.030707573800584, 32.784291663314363 ], [ 35.03079037330086, 32.784339679770248 ], [ 35.03087317502338, 32.784387697076006 ], [ 35.03095597683501, 32.784435714326946 ], [ 35.031005958797536, 32.784463961508003 ], [ 35.031060946084203, 32.784491652035896 ], [ 35.03108924917764, 32.784508916287365 ], [ 35.031081029109231, 32.784519180635257 ], [ 35.031050961387514, 32.78455647102318 ], [ 35.031031887221033, 32.784596572777339 ], [ 35.030990959549065, 32.784682091529739 ], [ 35.030944424510238, 32.784779134285408 ], [ 35.030936204155665, 32.78478237441562 ], [ 35.030877255685375, 32.784854058706038 ], [ 35.030844830181586, 32.784893877736508 ], [ 35.030269159632212, 32.785602799580602 ], [ 35.029637045613207, 32.786381157933668 ], [ 35.029410867267202, 32.786659650802207 ], [ 35.029048784249298, 32.787125378494359 ], [ 35.028913377913447, 32.787299542413066 ], [ 35.028232481348887, 32.788175281147353 ], [ 35.027788167881859, 32.788784289502637 ], [ 35.027775814471504, 32.788820613087516 ], [ 35.02772481175419, 32.788970493895519 ], [ 35.027691310540455, 32.788964406182728 ], [ 35.027646964383365, 32.789039900219358 ], [ 35.027534198331807, 32.789220088996366 ], [ 35.027357949834531, 32.789492602636535 ], [ 35.027216083997693, 32.78970257893603 ], [ 35.02702487582426, 32.789983546848326 ], [ 35.026772625044309, 32.790352883230838 ], [ 35.026517184936573, 32.790720412062527 ], [ 35.026305006090787, 32.791022274658616 ], [ 35.02618083416391, 32.791185577031868 ], [ 35.02615719316821, 32.791213128024985 ], [ 35.02606485804742, 32.79132065799439 ], [ 35.025904194469263, 32.791479308576605 ], [ 35.025673774288649, 32.791709998577012 ], [ 35.025429055300648, 32.791950305921169 ], [ 35.025146209942967, 32.792238443587593 ], [ 35.024784891096537, 32.792590038424109 ], [ 35.024716855320307, 32.792657391164788 ], [ 35.024175398600399, 32.793187796680023 ], [ 35.023774365936994, 32.793583424214681 ], [ 35.023275984990356, 32.794078010357779 ] ] ] } },
{ "type": "Feature", "properties": { "OBJECTID_12": 56, "OBJECTID": 2456, "Shape_Leng": 3813.1699952399999, "Shape_Area": 275996.49124552711, "OBJECTID_1": 78, "SEMEL_YISH": 4000, "SHEM_YISHU": "חיפה", "SHEM_YIS_1": "HAIFA", "ROVA": 7, "TAT_ROVA": 71, "SchName": "נוה יוסף", "Shape_Length": 3813.1699952400636, "בזב": 2421.0, "מצביעים": 1040.0, "כשרים": 1023.0, "אמת": 16.0, "אצ": 2.0, "ב": 7.0, "ג": 3.0, "ד": 8.0, "ום": 37.0, "ז": 0.0, "זך": 0.0, "זנ": 0.0, "זץ": 0.0, "ט": 90.0, "י": 0.0, "יז": 1.0, "ינ": 0.0, "יץ": 0.0, "יק": 0.0, "כן": 76.0, "ך": 2.0, "ל": 169.0, "מחל": 381.0, "מרצ": 19.0, "נז": 0.0, "ני": 1.0, "נף": 0.0, "נץ": 0.0, "נק": 0.0, "נר": 1.0, "עם": 11.0, "פה": 148.0, "ף": 1.0, "צ": 0.0, "ץ": 0.0, "ק": 1.0, "קי": 1.0, "קך": 1.0, "קנ": 0.0, "קץ": 2.0, "רז": 2.0, "שס": 43.0, "ת": 0.0, "n_stations": 4.0, "turnout_pct": 42.957455596860797, "אמת_pct": 1.5640273704789833, "אצ_pct": 0.19550342130987292, "ב_pct": 0.68426197458455518, "ג_pct": 0.2932551319648094, "ד_pct": 0.78201368523949166, "ום_pct": 3.6168132942326494, "ז_pct": 0.0, "זך_pct": 0.0, "זנ_pct": 0.0, "זץ_pct": 0.0, "ט_pct": 8.7976539589442826, "י_pct": 0.0, "יז_pct": 0.097751710654936458, "ינ_pct": 0.0, "יץ_pct": 0.0, "יק_pct": 0.0, "כן_pct": 7.4291300097751716, "ך_pct": 0.19550342130987292, "ל_pct": 16.520039100684262, "מחל_pct": 37.243401759530791, "מרצ_pct": 1.8572825024437929, "נז_pct": 0.0, "ני_pct": 0.097751710654936458, "נף_pct": 0.0, "נץ_pct": 0.0, "נק_pct": 0.0, "נר_pct": 0.097751710654936458, "עם_pct": 1.0752688172043012, "פה_pct": 14.467253176930598, "ף_pct": 0.097751710654936458, "צ_pct": 0.0, "ץ_pct": 0.0, "ק_pct": 0.097751710654936458, "קי_pct": 0.097751710654936458, "קך_pct": 0.097751710654936458, "קנ_pct": 0.0, "קץ_pct": 0.19550342130987292, "רז_pct": 0.19550342130987292, "שס_pct": 4.2033235581622677, "ת_pct": 0.0 }, "geometry": { "type": "Polygon", "coordinates": [ [ [ 35.018759114386626, 32.793718119327501 ], [ 35.018708900323595, 32.793691524267693 ], [ 35.018640604852251, 32.793676816452091 ], [ 35.018571639088449, 32.793674373346533 ], [ 35.018510553605076, 32.793684465525601 ], [ 35.018435427684274, 32.793723213398039 ], [ 35.018362476135472, 32.793791275817071 ], [ 35.018270036082576, 32.793887536756962 ], [ 35.018253117632014, 32.793904816920531 ], [ 35.018133415168514, 32.794027084463806 ], [ 35.017960565114038, 32.794180844690189 ], [ 35.017746777991626, 32.794319024618098 ], [ 35.017670273382826, 32.794367793198866 ], [ 35.017503466410332, 32.794474113766789 ], [ 35.017322386614332, 32.794559048961574 ], [ 35.017252988210807, 32.794591596510692 ], [ 35.017045626829344, 32.794673286506487 ], [ 35.0170048908914, 32.794689332515546 ], [ 35.016860682372119, 32.794740551068557 ], [ 35.01676022986998, 32.79477624203021 ], [ 35.016617905445912, 32.794838076961298 ], [ 35.016368661975925, 32.79494002900509 ], [ 35.016309106160875, 32.794964379080767 ], [ 35.015967648129369, 32.795123394338859 ], [ 35.015743521678708, 32.795264522731905 ], [ 35.015560181940991, 32.795388762189496 ], [ 35.015427585435162, 32.795481994771308 ], [ 35.015350716140738, 32.79553605160698 ], [ 35.015089742870941, 32.795716630891683 ], [ 35.014713082641109, 32.795969615372769 ], [ 35.014502486602936, 32.796102387982536 ], [ 35.014438884965344, 32.796142542221176 ], [ 35.014351113734911, 32.796197915503178 ], [ 35.01391908917347, 32.79647849733 ], [ 35.013584305906164, 32.796675729043756 ], [ 35.013557296587869, 32.796691310627239 ], [ 35.013231670252893, 32.796879252571905 ], [ 35.01296288209565, 32.797015169899879 ], [ 35.012721586668356, 32.797121923785099 ], [ 35.012421436134652, 32.797235492162116 ], [ 35.012408744826253, 32.79724029225688 ], [ 35.012034801214682, 32.797370459437666 ], [ 35.01169594702457, 32.797465787575717 ], [ 35.011496372905505, 32.797523190492292 ], [ 35.011279005408539, 32.797585706205204 ], [ 35.010843796601115, 32.797709730375132 ], [ 35.010780756994322, 32.797730649592303 ], [ 35.010749031183018, 32.797741331588583 ], [ 35.010728350527138, 32.797748223709895 ], [ 35.010722645375395, 32.79775012286958 ], [ 35.010690299084153, 32.797697868416705 ], [ 35.010626882392685, 32.797595334363599 ], [ 35.010665581280797, 32.797577989754245 ], [ 35.011507696492608, 32.797201544216968 ], [ 35.012169493177559, 32.796905693710229 ], [ 35.012660720727048, 32.7966860909414 ], [ 35.012782847050211, 32.796631499087333 ], [ 35.013286434245629, 32.796294152504942 ], [ 35.013716445285596, 32.796006099258825 ], [ 35.014164207199279, 32.795706151995283 ], [ 35.014696752367122, 32.795349388712374 ], [ 35.01486164396227, 32.795238933842818 ], [ 35.015551205731043, 32.794639234770749 ], [ 35.015574737701961, 32.79461877385301 ], [ 35.015682517066757, 32.794525042039588 ], [ 35.015819397715653, 32.794363744959099 ], [ 35.015908341986083, 32.794305670015405 ], [ 35.015925924472448, 32.794294203487887 ], [ 35.016447883695868, 32.79395342718918 ], [ 35.016475040476877, 32.793935623420367 ], [ 35.016556113666581, 32.793882698397162 ], [ 35.016559117616275, 32.793880749833782 ], [ 35.016946270168049, 32.793628032373377 ], [ 35.01714599359849, 32.793497644143706 ], [ 35.017160696933217, 32.793488037838905 ], [ 35.017610552470131, 32.793194322736625 ], [ 35.017731998782516, 32.793115039320149 ], [ 35.017769390692649, 32.793090623972766 ], [ 35.018198941771423, 32.792810188180518 ], [ 35.01817795025832, 32.792789314314135 ], [ 35.017871876900237, 32.792486700286851 ], [ 35.017840475107789, 32.792505572860364 ], [ 35.017562223751149, 32.792672794720467 ], [ 35.017500151034461, 32.792710090848026 ], [ 35.017488998221573, 32.792716784611144 ], [ 35.017467692961247, 32.792694926409446 ], [ 35.017347005008531, 32.79257122135644 ], [ 35.017313453372715, 32.792536906870509 ], [ 35.017238346227835, 32.792459878353071 ], [ 35.016977136921476, 32.79219213185258 ], [ 35.016967618537869, 32.792202390608907 ], [ 35.01696184502007, 32.792208613576229 ], [ 35.016951925226479, 32.792200557422738 ], [ 35.016921565834338, 32.792175910161497 ], [ 35.016865613940077, 32.792130559550692 ], [ 35.017727032914259, 32.791246655075149 ], [ 35.017761908558455, 32.79126637570559 ], [ 35.0180572355641, 32.791481073308098 ], [ 35.018772064493874, 32.791003069151309 ], [ 35.018840022537127, 32.790951559576982 ], [ 35.019219699599972, 32.790510653773218 ], [ 35.019841041558145, 32.789969115138099 ], [ 35.019908952227581, 32.789909881889592 ], [ 35.020273967277859, 32.789446006679924 ], [ 35.020480180659071, 32.789183951707741 ], [ 35.020528453562214, 32.789122623493959 ], [ 35.020581942810338, 32.78907398885746 ], [ 35.020606956438471, 32.789051235233906 ], [ 35.020814327751928, 32.788862717291693 ], [ 35.021284798069146, 32.78843492068556 ], [ 35.021588302523931, 32.788272250160617 ], [ 35.021586925673141, 32.788217871450875 ], [ 35.02158444525984, 32.788125810208605 ], [ 35.021591798720848, 32.788127625232342 ], [ 35.021600865465203, 32.788129984674626 ], [ 35.021984641107082, 32.788228017379794 ], [ 35.022046383629331, 32.788265346374835 ], [ 35.022412715878488, 32.788487330886497 ], [ 35.022429987124944, 32.788497728173773 ], [ 35.022421530677292, 32.788513317009567 ], [ 35.022396239298423, 32.788559532691096 ], [ 35.022397046167335, 32.788560660080236 ], [ 35.02267778522274, 32.788954166001666 ], [ 35.022780507536417, 32.789098312020123 ], [ 35.023002596589741, 32.789233622953518 ], [ 35.023509040656407, 32.789542076707264 ], [ 35.023940319768045, 32.789804749302597 ], [ 35.024306668391965, 32.790026191758535 ], [ 35.024323507823176, 32.790037112948568 ], [ 35.024051367901194, 32.790239062536301 ], [ 35.023888867934943, 32.790366387556091 ], [ 35.023558928960085, 32.7906249035006 ], [ 35.023600337180305, 32.79066658188858 ], [ 35.02370809270235, 32.790775038101607 ], [ 35.023749486147274, 32.790816701089419 ], [ 35.023756157368027, 32.790842983380955 ], [ 35.02374402448222, 32.790874882255991 ], [ 35.023635699689855, 32.790992873174766 ], [ 35.022855294722284, 32.791925335246916 ], [ 35.022248374642558, 32.792614500747618 ], [ 35.02155481057067, 32.79336848035706 ], [ 35.021245070241669, 32.793642562932057 ], [ 35.021174906203576, 32.793559634306277 ], [ 35.021071023673862, 32.793437056594861 ], [ 35.021057227919314, 32.793420782464771 ], [ 35.020938184550822, 32.79348524156493 ], [ 35.020274152292565, 32.793844783265676 ], [ 35.020061670584667, 32.79395983341972 ], [ 35.02005077780796, 32.793965727088299 ], [ 35.019866340066208, 32.793797203001844 ], [ 35.019856322767197, 32.793788073920112 ], [ 35.019662148911706, 32.793623500833149 ], [ 35.019649239951761, 32.79361834754625 ], [ 35.019303531522141, 32.793480420754335 ], [ 35.019237079894204, 32.793453812727151 ], [ 35.019109256636426, 32.793521874700993 ], [ 35.018953869957066, 32.793601716940479 ], [ 35.01882101582239, 32.79368113611806 ], [ 35.018759114386626, 32.793718119327501 ] ] ] } },
{ "type": "Feature", "properties": { "OBJECTID_12": 57, "OBJECTID": 2457, "Shape_Leng": 2131.64055719, "Shape_Area": 224502.18299350023, "OBJECTID_1": 79, "SEMEL_YISH": 4000, "SHEM_YISHU": "חיפה", "SHEM_YIS_1": "HAIFA", "ROVA": 7, "TAT_ROVA": 71, "SchName": "מורדות נו\"ש", "Shape_Length": 2131.6405571931696, "בזב": null, "מצביעים": null, "כשרים": null, "אמת": null, "אצ": null, "ב": null, "ג": null, "ד": null, "ום": null, "ז": null, "זך": null, "זנ": null, "זץ": null, "ט": null, "י": null, "יז": null, "ינ": null, "יץ": null, "יק": null, "כן": null, "ך": null, "ל": null, "מחל": null, "מרצ": null, "נז": null, "ני": null, "נף": null, "נץ": null, "נק": null, "נר": null, "עם": null, "פה": null, "ף": null, "צ": null, "ץ": null, "ק": null, "קי": null, "קך": null, "קנ": null, "קץ": null, "רז": null, "שס": null, "ת": null, "n_stations": null, "turnout_pct": null, "אמת_pct": null, "אצ_pct": null, "ב_pct": null, "ג_pct": null, "ד_pct": null, "ום_pct": null, "ז_pct": null, "זך_pct": null, "זנ_pct": null, "זץ_pct": null, "ט_pct": null, "י_pct": null, "יז_pct": null, "ינ_pct": null, "יץ_pct": null, "יק_pct": null, "כן_pct": null, "ך_pct": null, "ל_pct": null, "מחל_pct": null, "מרצ_pct": null, "נז_pct": null, "ני_pct": null, "נף_pct": null, "נץ_pct": null, "נק_pct": null, "נר_pct": null, "עם_pct": null, "פה_pct": null, "ף_pct": null, "צ_pct": null, "ץ_pct": null, "ק_pct": null, "קי_pct": null, "קך_pct": null, "קנ_pct": null, "קץ_pct": null, "רז_pct": null, "שס_pct": null, "ת_pct": null }, "geometry": { "type": "Polygon", "coordinates": [ [ [ 35.028588557048316, 32.78376307092374 ], [ 35.028572229676207, 32.783850859623328 ], [ 35.028544657887331, 32.783924501162367 ], [ 35.028433805168511, 32.78422091042092 ], [ 35.028300551793755, 32.784565254663931 ], [ 35.028200339372759, 32.784824077042913 ], [ 35.028012573898984, 32.785309290044154 ], [ 35.027847247809135, 32.785736644618531 ], [ 35.027614649520501, 32.786161650678338 ], [ 35.027560012024111, 32.786261476865612 ], [ 35.027480411832705, 32.786406986418541 ], [ 35.027411846515299, 32.786532231485459 ], [ 35.027343447963396, 32.786628161739245 ], [ 35.027315517532777, 32.786667437061986 ], [ 35.027255351953784, 32.786751661377181 ], [ 35.027170895147691, 32.78687011029546 ], [ 35.027141768968612, 32.786911009641862 ], [ 35.027029941422903, 32.787006971125379 ], [ 35.026815316067086, 32.78719106544996 ], [ 35.026474420282142, 32.787536470954286 ], [ 35.026393015380606, 32.787619213841339 ], [ 35.026274187555572, 32.787739338225542 ], [ 35.02625749313593, 32.787756444882746 ], [ 35.02625284120812, 32.787764379493375 ], [ 35.026231465626253, 32.787800865929015 ], [ 35.02585205505887, 32.788450978731433 ], [ 35.025637351098666, 32.788841653643338 ], [ 35.025589887989796, 32.788927969149462 ], [ 35.025222601886156, 32.789596413339758 ], [ 35.025075520922719, 32.789864080077059 ], [ 35.025026869457839, 32.789952616329181 ], [ 35.024881125321897, 32.789893810000159 ], [ 35.024586171122948, 32.789874484679082 ], [ 35.024400858823213, 32.78996357643075 ], [ 35.024323507823176, 32.790037112948568 ], [ 35.024306668391965, 32.790026191758535 ], [ 35.023940319768045, 32.789804749302597 ], [ 35.023509040656407, 32.789542076707264 ], [ 35.023002596589741, 32.789233622953518 ], [ 35.022780507536417, 32.789098312020123 ], [ 35.02267778522274, 32.788954166001666 ], [ 35.022397046167335, 32.788560660080236 ], [ 35.022396239298423, 32.788559532691096 ], [ 35.022421530677292, 32.788513317009567 ], [ 35.022429987124944, 32.788497728173773 ], [ 35.022412715878488, 32.788487330886497 ], [ 35.022046383629331, 32.788265346374835 ], [ 35.021984641107082, 32.788228017379794 ], [ 35.021600865465203, 32.788129984674626 ], [ 35.021652549508914, 32.788070367900893 ], [ 35.021914769025841, 32.787762840377233 ], [ 35.022699481075286, 32.786842511223313 ], [ 35.023911920550219, 32.786157177953463 ], [ 35.023984189213863, 32.78615728206664 ], [ 35.02402056717613, 32.786101940624775 ], [ 35.024384862493115, 32.785547768008357 ], [ 35.024419004552144, 32.785507337269237 ], [ 35.024457514323117, 32.785461761410467 ], [ 35.024834422788089, 32.785015407714795 ], [ 35.024836091966407, 32.785013444411945 ], [ 35.024899473013349, 32.784972144736763 ], [ 35.024919360136209, 32.784959189723686 ], [ 35.024934636100078, 32.784949294766548 ], [ 35.024960074621738, 32.784932833794038 ], [ 35.0250432847158, 32.784908508910519 ], [ 35.025278794991635, 32.784839512755106 ], [ 35.025330187876726, 32.784769598450318 ], [ 35.025645997651026, 32.784339893961771 ], [ 35.026064219740199, 32.783770855726573 ], [ 35.026352733962966, 32.783404634959638 ], [ 35.026432568374787, 32.783303498822001 ], [ 35.026471531316155, 32.783305436010806 ], [ 35.02648347570242, 32.783306091376836 ], [ 35.026759138675168, 32.783280600338493 ], [ 35.026939699771567, 32.783308630294414 ], [ 35.027114600914835, 32.783335842257166 ], [ 35.02713262130429, 32.783341809933717 ], [ 35.027140928034513, 32.783344536694017 ], [ 35.027148090151542, 32.783346886728765 ], [ 35.027239508742213, 32.783218162859193 ], [ 35.027575266792816, 32.783298979247533 ], [ 35.027794250876916, 32.783399263672962 ], [ 35.028057276632829, 32.783519725649299 ], [ 35.028375123345683, 32.783665292483782 ], [ 35.028588557048316, 32.78376307092374 ] ] ] } },
{ "type": "Feature", "properties": { "OBJECTID_12": 58, "OBJECTID": 2458, "Shape_Leng": 6300.7218947600004, "Shape_Area": 1028484.1864445676, "OBJECTID_1": 80, "SEMEL_YISH": 4000, "SHEM_YISHU": "חיפה", "SHEM_YIS_1": "HAIFA", "ROVA": 7, "TAT_ROVA": 72, "SchName": "נוה שאנן", "Shape_Length": 6300.7218947617839, "בזב": 12389.0, "מצביעים": 7317.0, "כשרים": 7277.0, "אמת": 308.0, "אצ": 35.0, "ב": 216.0, "ג": 524.0, "ד": 8.0, "ום": 18.0, "ז": 0.0, "זך": 0.0, "זנ": 0.0, "זץ": 0.0, "ט": 1152.0, "י": 3.0, "יז": 27.0, "ינ": 0.0, "יץ": 0.0, "יק": 0.0, "כן": 709.0, "ך": 0.0, "ל": 446.0, "מחל": 1645.0, "מרצ": 182.0, "נז": 2.0, "ני": 5.0, "נף": 0.0, "נץ": 1.0, "נק": 0.0, "נר": 0.0, "עם": 3.0, "פה": 1488.0, "ף": 0.0, "צ": 4.0, "ץ": 2.0, "ק": 3.0, "קי": 1.0, "קך": 3.0, "קנ": 1.0, "קץ": 34.0, "רז": 3.0, "שס": 451.0, "ת": 3.0, "n_stations": 21.0, "turnout_pct": 59.060456856889175, "אמת_pct": 4.2325133983784529, "אצ_pct": 0.48096743163391509, "ב_pct": 2.9682561495121615, "ג_pct": 7.2007695478906149, "ד_pct": 0.10993541294489488, "ום_pct": 0.24735467912601347, "ז_pct": 0.0, "זך_pct": 0.0, "זנ_pct": 0.0, "זץ_pct": 0.0, "ט_pct": 15.830699464064862, "י_pct": 0.041225779854335579, "יז_pct": 0.37103201868902019, "ינ_pct": 0.0, "יץ_pct": 0.0, "יק_pct": 0.0, "כן_pct": 9.7430259722413073, "ך_pct": 0.0, "ל_pct": 6.1288992716778896, "מחל_pct": 22.605469286794008, "מרצ_pct": 2.5010306444963581, "נז_pct": 0.02748385323622372, "ני_pct": 0.068709633090559302, "נף_pct": 0.0, "נץ_pct": 0.01374192661811186, "נק_pct": 0.0, "נר_pct": 0.0, "עם_pct": 0.041225779854335579, "פה_pct": 20.447986807750446, "ף_pct": 0.0, "צ_pct": 0.05496770647244744, "ץ_pct": 0.02748385323622372, "ק_pct": 0.041225779854335579, "קי_pct": 0.01374192661811186, "קך_pct": 0.041225779854335579, "קנ_pct": 0.01374192661811186, "קץ_pct": 0.46722550501580323, "רז_pct": 0.041225779854335579, "שס_pct": 6.1976089047684484, "ת_pct": 0.041225779854335579 }, "geometry": { "type": "Polygon", "coordinates": [ [ [ 35.018177950256423, 32.792789315215828 ], [ 35.018198941771423, 32.792810188180518 ], [ 35.017769390690766, 32.793090624874452 ], [ 35.017731998782516, 32.793115039320149 ], [ 35.017610552470131, 32.793194322736625 ], [ 35.017160696933217, 32.793488037838905 ], [ 35.01714599359849, 32.793497644143706 ], [ 35.016946270166173, 32.79362803327507 ], [ 35.016559117616275, 32.793880749833782 ], [ 35.016556113666581, 32.793882698397162 ], [ 35.016475040476877, 32.793935623420367 ], [ 35.016447884763437, 32.793953427190772 ], [ 35.015925925538113, 32.794294204391214 ], [ 35.015908341984186, 32.79430567091709 ], [ 35.015819397715653, 32.794363744959099 ], [ 35.01568251706486, 32.794525042941252 ], [ 35.015574737701961, 32.79461877385301 ], [ 35.015551205729132, 32.794639235672435 ], [ 35.014861643960352, 32.795238934744503 ], [ 35.014696752365204, 32.795349389614074 ], [ 35.014164207199279, 32.795706151995283 ], [ 35.013716445285596, 32.796006099258825 ], [ 35.013286434243689, 32.79629415340662 ], [ 35.012782847050211, 32.796631499087333 ], [ 35.012660720725115, 32.796686091843107 ], [ 35.012169493175627, 32.796905694611915 ], [ 35.011507696490668, 32.797201545118661 ], [ 35.010665581280797, 32.797577989754245 ], [ 35.010626883460283, 32.797595334365269 ], [ 35.010562850712731, 32.79749190484555 ], [ 35.010566305543946, 32.79742003983813 ], [ 35.010570898018656, 32.797323764149567 ], [ 35.010596276574148, 32.796792513160433 ], [ 35.01058957322094, 32.796782135117837 ], [ 35.010580109923822, 32.796767422872534 ], [ 35.010525632650676, 32.796682759722614 ], [ 35.010484442754915, 32.796618764095371 ], [ 35.010469233876179, 32.796595114378057 ], [ 35.010463918717896, 32.796536405914757 ], [ 35.010463359615215, 32.796530358293765 ], [ 35.010451725186044, 32.796402397211644 ], [ 35.010438161752688, 32.796254227994368 ], [ 35.010411143222349, 32.796108658252429 ], [ 35.010402182039549, 32.796060400170646 ], [ 35.01039141605532, 32.796002579539042 ], [ 35.010336214355064, 32.795713048634738 ], [ 35.010356937382092, 32.79570659756871 ], [ 35.01037467413525, 32.795698780315782 ], [ 35.010386982307907, 32.795682563491987 ], [ 35.01038811488354, 32.79565460193048 ], [ 35.010383239389043, 32.795640270076092 ], [ 35.010379193748108, 32.795635122352806 ], [ 35.010375355018532, 32.795630066922662 ], [ 35.01036865466596, 32.795621308312576 ], [ 35.010348707344299, 32.79561469504501 ], [ 35.010316355389911, 32.795614644913357 ], [ 35.010296756467135, 32.795492880516996 ], [ 35.010274182360696, 32.795225138152894 ], [ 35.010242619304627, 32.795106779827414 ], [ 35.010270401442007, 32.795097187397708 ], [ 35.01027851468519, 32.795094399313463 ], [ 35.010335945828992, 32.795048321611084 ], [ 35.010365620274939, 32.794998148671127 ], [ 35.010354806098704, 32.794970449925707 ], [ 35.010335787964074, 32.794921453090119 ], [ 35.0102994922619, 32.79487243488559 ], [ 35.010252807399972, 32.794841885282814 ], [ 35.010283990891239, 32.794787020483277 ], [ 35.010380648439927, 32.79461720102541 ], [ 35.010499075762112, 32.794382330950171 ], [ 35.010522294970656, 32.794336279532928 ], [ 35.010577756334307, 32.794236331486871 ], [ 35.010606082865898, 32.794185283557105 ], [ 35.010849714530458, 32.793891522423941 ], [ 35.011028271633954, 32.793697824088063 ], [ 35.011081706785355, 32.79363985553767 ], [ 35.011346430522231, 32.793356868739984 ], [ 35.011543301561858, 32.793153749929019 ], [ 35.011552286316686, 32.793144746825853 ], [ 35.011785338147789, 32.792933586119617 ], [ 35.012047557856128, 32.792695990627557 ], [ 35.012050208432278, 32.792693579962119 ], [ 35.012183371368984, 32.792572959223634 ], [ 35.01249838185759, 32.792287331191744 ], [ 35.012851509065648, 32.791946400245934 ], [ 35.012913239839207, 32.791885004518861 ], [ 35.01298224737846, 32.791816395509521 ], [ 35.013026525741942, 32.791770009700478 ], [ 35.013041044777808, 32.791754813092396 ], [ 35.013086776046059, 32.791706909225155 ], [ 35.013110528948005, 32.791681883820885 ], [ 35.013126047401613, 32.791665581448804 ], [ 35.013144878242322, 32.79164487124217 ], [ 35.013234759140182, 32.791545731943948 ], [ 35.013288899289115, 32.791488288287972 ], [ 35.013324689403952, 32.791437391768113 ], [ 35.013367491108134, 32.791376475486956 ], [ 35.013381092238227, 32.79135714587585 ], [ 35.013473307905947, 32.791219240721269 ], [ 35.013616673134159, 32.790969231846077 ], [ 35.013632025816463, 32.790940469546527 ], [ 35.013715920769727, 32.790783363476457 ], [ 35.013813286678904, 32.790580634083405 ], [ 35.013824120128561, 32.790553502358172 ], [ 35.013863244326799, 32.790455627068567 ], [ 35.013878325627452, 32.79041788164524 ], [ 35.013883683593583, 32.790408333639718 ], [ 35.013970483516054, 32.790255175813144 ], [ 35.01407102187946, 32.790112144989173 ], [ 35.014088654907958, 32.790094211835957 ], [ 35.014179605492274, 32.790001852392599 ], [ 35.014224135550016, 32.789953859706401 ], [ 35.014377244222558, 32.789788632980631 ], [ 35.01456446242014, 32.789597840627266 ], [ 35.0146973556445, 32.78944862760747 ], [ 35.014724842198191, 32.78942334063904 ], [ 35.014744319778814, 32.789405330835159 ], [ 35.014763780260026, 32.789387326412438 ], [ 35.014789887420534, 32.789363108553914 ], [ 35.014955305168321, 32.789177436680987 ], [ 35.014961241124119, 32.789171103140262 ], [ 35.015310739954892, 32.788798167435218 ], [ 35.01556593228036, 32.788524626646648 ], [ 35.015606583180862, 32.788477889978495 ], [ 35.01564712729693, 32.788431149528982 ], [ 35.015664581292071, 32.788413774928529 ], [ 35.015682234024837, 32.788396310455553 ], [ 35.015706944764837, 32.788367855939192 ], [ 35.015720323133685, 32.788352455312115 ], [ 35.015997004179553, 32.788051352329504 ], [ 35.016241197001712, 32.787773808087501 ], [ 35.016468983482362, 32.787529615870852 ], [ 35.01670254385526, 32.787275235515786 ], [ 35.016924864091088, 32.787038328964798 ], [ 35.017028261744954, 32.786909360984161 ], [ 35.017068489008025, 32.786859288725076 ], [ 35.017108653547375, 32.786802450040753 ], [ 35.017144504754171, 32.786754082629628 ], [ 35.017321271723638, 32.786451653209561 ], [ 35.017347835745021, 32.786407320475845 ], [ 35.017445197072739, 32.786200543079488 ], [ 35.017569995146836, 32.785943192584391 ], [ 35.017656522435807, 32.785711046789629 ], [ 35.01772465010842, 32.785518943029764 ], [ 35.017737799703518, 32.785481865088904 ], [ 35.017806122743096, 32.785325885275704 ], [ 35.017868645943928, 32.78523797656613 ], [ 35.017856170948335, 32.785230107830991 ], [ 35.017844141011267, 32.785222786184661 ], [ 35.017764281267404, 32.785174156024972 ], [ 35.017808352127993, 32.785127243368102 ], [ 35.017965724672258, 32.784959762406821 ], [ 35.018022836567397, 32.784890773944298 ], [ 35.018139951647626, 32.784749297250187 ], [ 35.018230101889301, 32.784667562758656 ], [ 35.018320580203486, 32.784586086573057 ], [ 35.018481374997236, 32.784410498379081 ], [ 35.018505433542394, 32.784385694185843 ], [ 35.018509378754736, 32.784381627985098 ], [ 35.018617876301775, 32.784269769549489 ], [ 35.018789482070581, 32.784082375757635 ], [ 35.018941240029392, 32.783896573587384 ], [ 35.018988733023917, 32.783773971855574 ], [ 35.019083441639616, 32.783529530753832 ], [ 35.019086760727916, 32.78352160615519 ], [ 35.019114229544996, 32.783456019597971 ], [ 35.019090973640765, 32.783038263987414 ], [ 35.018535105296934, 32.782624505401927 ], [ 35.018386504255297, 32.782257231640948 ], [ 35.018278758604829, 32.781832666949313 ], [ 35.01834743838613, 32.781454246177489 ], [ 35.018386385774811, 32.780641930302828 ], [ 35.018778413761929, 32.780781794955026 ], [ 35.019071900857519, 32.780906739249929 ], [ 35.019246210341471, 32.781011058106472 ], [ 35.019357725226179, 32.781077872622369 ], [ 35.019367516014547, 32.78109103921819 ], [ 35.019392843735048, 32.781124982188793 ], [ 35.019411267103955, 32.781149811438596 ], [ 35.019428828695887, 32.781173279656016 ], [ 35.019459586716152, 32.781214803071443 ], [ 35.019512777222765, 32.781249239800864 ], [ 35.01958100182739, 32.781293705708357 ], [ 35.019984583194926, 32.78155605553787 ], [ 35.020527606988928, 32.781645670809247 ], [ 35.020579028808449, 32.781660177014977 ], [ 35.02063033110916, 32.78167467581072 ], [ 35.020737761758923, 32.781705133948442 ], [ 35.020959767061257, 32.781663800909222 ], [ 35.021272321457019, 32.781605644396649 ], [ 35.021368850632008, 32.781587659588681 ], [ 35.021702031246875, 32.781410425349527 ], [ 35.02184358266598, 32.781299892662211 ], [ 35.021912763055596, 32.781245904341496 ], [ 35.021947926287126, 32.781218452038082 ], [ 35.022045149858855, 32.781231307515903 ], [ 35.022128176497823, 32.781242252307507 ], [ 35.022155479873724, 32.781245902422206 ], [ 35.022205636857855, 32.781252546941047 ], [ 35.023409033900904, 32.781411637336518 ], [ 35.023413044174397, 32.781412166114173 ], [ 35.023419493922603, 32.7814130085995 ], [ 35.023436422045187, 32.781380847927309 ], [ 35.023542725152453, 32.781179645571321 ], [ 35.023560192619314, 32.78114676430306 ], [ 35.023589490858484, 32.781139410886382 ], [ 35.023603017581344, 32.781136003965983 ], [ 35.024261521918199, 32.780970138916111 ], [ 35.024680135438558, 32.780829383137096 ], [ 35.024787567890726, 32.780793256587089 ], [ 35.024874770847973, 32.780744331138017 ], [ 35.02493152047807, 32.780712487010028 ], [ 35.025050659847501, 32.780645576876672 ], [ 35.025068060294331, 32.780644710912377 ], [ 35.025331106768789, 32.780631188466181 ], [ 35.025399638668134, 32.78062362199686 ], [ 35.026384596928992, 32.780516726466843 ], [ 35.026386315674387, 32.780516613492203 ], [ 35.02638794067667, 32.780519622055628 ], [ 35.026402397674765, 32.780528160018498 ], [ 35.026465801664614, 32.780565605553498 ], [ 35.02652920571127, 32.780603049252981 ], [ 35.026585484554928, 32.780670170242949 ], [ 35.026641763482985, 32.780737291207203 ], [ 35.026684076616789, 32.780795781137577 ], [ 35.026726389805873, 32.780854271053336 ], [ 35.02680139186085, 32.78083514964608 ], [ 35.026876393887541, 32.780816026390362 ], [ 35.026947660050695, 32.780804383676937 ], [ 35.027018928333881, 32.780792739122539 ], [ 35.027071109382916, 32.780791776049966 ], [ 35.027074612739753, 32.780791712480315 ], [ 35.027172691839233, 32.780789905418942 ], [ 35.027270768803881, 32.780788096474396 ], [ 35.027368845761366, 32.780786289256433 ], [ 35.027466924850046, 32.780784481964673 ], [ 35.027557814485711, 32.780801793024146 ], [ 35.027648706291707, 32.7808191040208 ], [ 35.027739598129628, 32.780836416754951 ], [ 35.02780329791949, 32.780856361915596 ], [ 35.027866999872735, 32.780876307046903 ], [ 35.027959381761541, 32.780909920776743 ], [ 35.0280517637201, 32.780943534438514 ], [ 35.028144145748399, 32.780977148032221 ], [ 35.028236527846431, 32.781010761557866 ], [ 35.028328910014203, 32.781044375015426 ], [ 35.028330992740933, 32.781044810756818 ], [ 35.028333073325783, 32.781045250101954 ], [ 35.028335156038338, 32.781045693056846 ], [ 35.028337234474186, 32.78104613961245 ], [ 35.028339315041329, 32.781046587974409 ], [ 35.028341393466576, 32.781047039940113 ], [ 35.02834347188827, 32.781047493709167 ], [ 35.028345546033272, 32.781047951078968 ], [ 35.028347622306008, 32.781048412058496 ], [ 35.028349696436827, 32.781048876641798 ], [ 35.028351770564129, 32.781049343028378 ], [ 35.028353842549535, 32.781049813018761 ], [ 35.02835591453141, 32.781050284812473 ], [ 35.028357986502662, 32.781050762016321 ], [ 35.028360054200746, 32.781051241017508 ], [ 35.028362124030124, 32.781051721825079 ], [ 35.028364191717586, 32.781052206236332 ], [ 35.028366257263187, 32.781052694251379 ], [ 35.028368322801683, 32.781053185873155 ], [ 35.028370388333109, 32.781053681101653 ], [ 35.028372451729744, 32.78105417632711 ], [ 35.028374515115729, 32.781054676962725 ], [ 35.028376576363392, 32.781055179398663 ], [ 35.028378637603971, 32.781055685441359 ], [ 35.028380696706215, 32.781056193284414 ], [ 35.0283827557978, 32.781056706537598 ], [ 35.028384812751071, 32.781057221591105 ], [ 35.028386869700824, 32.781057738447998 ], [ 35.028388924505116, 32.781058260711987 ], [ 35.028390979305868, 32.781058784779354 ], [ 35.028393031968292, 32.781059310647066 ], [ 35.028395084620101, 32.781059841924908 ], [ 35.028395351337068, 32.781059910828532 ], [ 35.028395611653131, 32.781059977919782 ], [ 35.028397135137105, 32.781060373199708 ], [ 35.028399185643472, 32.781060909884651 ], [ 35.028401234011518, 32.781061448369933 ], [ 35.028403282372494, 32.78106199046195 ], [ 35.028405328595092, 32.781062534354348 ], [ 35.028407374810655, 32.781063081853468 ], [ 35.028409418884316, 32.781063632956332 ], [ 35.028411462950885, 32.781064187665919 ], [ 35.028413504879133, 32.781064744175872 ], [ 35.028415544665471, 32.781065304289577 ], [ 35.028415911654882, 32.781065405795076 ], [ 35.028416272246936, 32.781065503684829 ], [ 35.028417584448299, 32.781065866206632 ], [ 35.028419624220497, 32.781066433533816 ], [ 35.028421661857898, 32.781067000857945 ], [ 35.028423697349872, 32.781067573589233 ], [ 35.028425732841875, 32.781068146320486 ], [ 35.02842776832324, 32.781068724461839 ], [ 35.028429801666277, 32.781069304403559 ], [ 35.028431832867426, 32.781069887949052 ], [ 35.028433864061491, 32.781070475101238 ], [ 35.028435893117219, 32.781071064053798 ], [ 35.028437920031081, 32.781071656610116 ], [ 35.02843994694139, 32.781072250969778 ], [ 35.02844197384109, 32.781072850739555 ], [ 35.028443998606001, 32.781073450506312 ], [ 35.028446021225484, 32.7810740556802 ], [ 35.02844804171017, 32.781074660851026 ], [ 35.0284500643155, 32.781075273238393 ], [ 35.028452082651228, 32.781075885619735 ], [ 35.028454103118257, 32.781076499807455 ], [ 35.028456117170201, 32.781077119396272 ], [ 35.028458135488258, 32.78107774079443 ], [ 35.028460149529629, 32.781078365793356 ], [ 35.028462163567468, 32.78107899259561 ], [ 35.028464173328615, 32.781079622998632 ], [ 35.028466185213944, 32.781080258814775 ], [ 35.028468194968042, 32.781080892824498 ], [ 35.028470202573153, 32.781081534044752 ], [ 35.028472210178293, 32.781082175264949 ], [ 35.028474213503195, 32.781082821889299 ], [ 35.028476216828118, 32.7810834685136 ], [ 35.028478222280796, 32.781084118747643 ], [ 35.028480221321949, 32.781084772579462 ], [ 35.028482222490844, 32.78108543002098 ], [ 35.028484221521417, 32.781086089262885 ], [ 35.028486218406549, 32.781086753911907 ], [ 35.028488215291702, 32.781087418560894 ], [ 35.02849020790017, 32.781088086810627 ], [ 35.028492202636372, 32.781088758670094 ], [ 35.028494195234238, 32.781089432329956 ], [ 35.028496185690244, 32.781090109593528 ], [ 35.028498174004362, 32.781090790460865 ], [ 35.028500162314948, 32.781091473131546 ], [ 35.02850214848722, 32.781092157602551 ], [ 35.028504134648855, 32.781092847483741 ], [ 35.028506116537351, 32.781093539162264 ], [ 35.028508098422321, 32.781094232644165 ], [ 35.028510080296684, 32.781094931536146 ], [ 35.02851205789792, 32.781095632225536 ], [ 35.028514037630416, 32.781096334721234 ], [ 35.028516013086232, 32.781097040817706 ], [ 35.028517988538532, 32.781097748717563 ], [ 35.028519961848936, 32.781098460221109 ], [ 35.028521933017487, 32.781099175328428 ], [ 35.028523904178947, 32.781099894042526 ], [ 35.028525873202092, 32.781100614556912 ], [ 35.028527842218168, 32.781101338678084 ], [ 35.028529806964642, 32.781102062793238 ], [ 35.0285317717005, 32.781102792318499 ], [ 35.028533736432856, 32.781103523647126 ], [ 35.028535696884951, 32.781104260379863 ], [ 35.028537657337083, 32.781104997112593 ], [ 35.028539617782151, 32.781105737452073 ], [ 35.028541573950534, 32.7811064813923 ], [ 35.028543530115392, 32.781107227135855 ], [ 35.028545484138377, 32.78110797648317 ], [ 35.028547436023025, 32.781108727630858 ], [ 35.028549387900618, 32.78110948238529 ], [ 35.028551337639875, 32.781110238940073 ], [ 35.028553285237258, 32.78111099909858 ], [ 35.0285552306892, 32.781111764664246 ], [ 35.028557176141184, 32.781112530229912 ], [ 35.028559119451309, 32.781113299399294 ], [ 35.028561062757902, 32.781114070371999 ], [ 35.028563001787802, 32.78111484494552 ], [ 35.028564940814199, 32.781115621322364 ], [ 35.028566877698694, 32.781116401302938 ], [ 35.028568812441343, 32.781117184887286 ], [ 35.02857074718046, 32.781117970274998 ], [ 35.028572677642877, 32.781118759263421 ], [ 35.028574608101799, 32.78111955005523 ], [ 35.028576538553651, 32.78112034445379 ], [ 35.028578464728817, 32.781121142453074 ], [ 35.028580390900458, 32.78112194225573 ], [ 35.028582314933793, 32.781122743858759 ], [ 35.028584236825232, 32.781123549065512 ], [ 35.028586158706091, 32.781124359682408 ], [ 35.028588078452124, 32.781125170296271 ], [ 35.028589993925038, 32.781125982707501 ], [ 35.028591911522163, 32.781126800531887 ], [ 35.028593826984505, 32.781127618353203 ], [ 35.028595738166601, 32.781128441578687 ], [ 35.028597649345201, 32.781129266607508 ], [ 35.028599558381913, 32.781130095240094 ], [ 35.028601465280303, 32.781130925673033 ], [ 35.028603372175191, 32.781131757909336 ], [ 35.028605274793371, 32.781132593746413 ], [ 35.028607177404488, 32.781133433190185 ], [ 35.028609077873753, 32.781134276237751 ], [ 35.028610978343046, 32.78113511928526 ], [ 35.028612874532108, 32.78113596773693 ], [ 35.028614770721191, 32.781136816188543 ], [ 35.028616662630043, 32.781137670044302 ], [ 35.028618554538937, 32.781138523900083 ], [ 35.028620446437223, 32.781139383165929 ], [ 35.028622334062362, 32.781140244229178 ], [ 35.028624219549179, 32.781141107092779 ], [ 35.028626105025396, 32.781141975366516 ], [ 35.028627988366836, 32.781142843637227 ], [ 35.028629869566402, 32.781143715511696 ], [ 35.02863175076245, 32.781144589189516 ], [ 35.028633625547002, 32.781145466465077 ], [ 35.028635502459316, 32.781146347350408 ], [ 35.028637377233295, 32.78114723003609 ], [ 35.0286392498654, 32.781148116325525 ], [ 35.028641120359183, 32.781149004415319 ], [ 35.028642988711105, 32.781149896108872 ], [ 35.028644857059518, 32.781150789605782 ], [ 35.028646721131231, 32.781151686703446 ], [ 35.028648585199427, 32.781152585604474 ], [ 35.028650447129309, 32.78115348630584 ], [ 35.028652304778973, 32.781154392411395 ], [ 35.028654162425127, 32.781155300320272 ], [ 35.028656017932931, 32.781156210029515 ], [ 35.028657873433701, 32.781157123345501 ], [ 35.028659724664863, 32.781158036655491 ], [ 35.028661575885437, 32.781158955375581 ], [ 35.028663422832857, 32.781159875893096 ], [ 35.028665271908046, 32.781160800020317 ], [ 35.028667114571725, 32.7811617277453 ], [ 35.028668957235467, 32.781162655470247 ], [ 35.028670799892133, 32.781163586801966 ], [ 35.02867263827212, 32.781164521734418 ], [ 35.028674474513778, 32.781165458467257 ], [ 35.028676308613584, 32.781166398803833 ], [ 35.028678142709857, 32.781167340943774 ], [ 35.028679974667824, 32.781168284884075 ], [ 35.028681802349091, 32.781169232425142 ], [ 35.028683630023323, 32.781170183572925 ], [ 35.028685457694046, 32.781171136524122 ], [ 35.028687281091607, 32.781172091272644 ], [ 35.028689100212503, 32.781173049621955 ], [ 35.028690921464708, 32.781174009777594 ], [ 35.028692738436682, 32.781174975337393 ], [ 35.028694553273866, 32.78117594089418 ], [ 35.028696368104022, 32.781176910057695 ], [ 35.028698180795836, 32.781177881021598 ], [ 35.028699989210978, 32.781178855586262 ], [ 35.02870179762261, 32.781179831954269 ], [ 35.028703601757535, 32.781180811923029 ], [ 35.028705405888985, 32.781181793695168 ], [ 35.028707207882107, 32.781182777267652 ], [ 35.028709007729809, 32.781183766247302 ], [ 35.028710805442742, 32.781184755223897 ], [ 35.028712603148612, 32.781185747807264 ], [ 35.028714394446531, 32.781186742185014 ], [ 35.028716185733856, 32.781187741972907 ], [ 35.028717977021216, 32.781188741760744 ], [ 35.028719764031891, 32.781189745149362 ], [ 35.028721548904251, 32.78119075033834 ], [ 35.028723333773122, 32.781191757330681 ], [ 35.028725114361748, 32.781192769727163 ], [ 35.028726894950417, 32.78119378212363 ], [ 35.028728671262385, 32.781194798120858 ], [ 35.028730447570872, 32.781195815921421 ], [ 35.028732219602666, 32.781196837322788 ], [ 35.028733991630958, 32.781197860527513 ], [ 35.028735759382549, 32.78119888733297 ], [ 35.028737524995854, 32.781199915938807 ], [ 35.02873929060209, 32.781200948151394 ], [ 35.028741054073542, 32.781201980360969 ], [ 35.028742813264785, 32.781203017974683 ], [ 35.028744572452517, 32.781204057391768 ], [ 35.028746327367102, 32.781205098606215 ], [ 35.028748082274639, 32.781206143427397 ], [ 35.028749835043875, 32.781207190048995 ], [ 35.028751585671223, 32.781208240274303 ], [ 35.028753332028991, 32.781209290493642 ], [ 35.028755076244884, 32.78121034431669 ], [ 35.028756820453729, 32.781211401746525 ], [ 35.028758562520729, 32.781212462780076 ], [ 35.028760300318112, 32.781213523807658 ], [ 35.028762038108454, 32.781214588441998 ], [ 35.028763771622131, 32.781215656677027 ], [ 35.028765505135823, 32.781216724912099 ], [ 35.028767236507676, 32.781217796750916 ], [ 35.028768965737655, 32.781218872193499 ], [ 35.028770690694479, 32.781219949433435 ], [ 35.028772413512989, 32.781221028473745 ], [ 35.028774134189646, 32.78122211111782 ], [ 35.028775854862801, 32.781223195565254 ], [ 35.028777573397633, 32.781224281813074 ], [ 35.028779287652242, 32.78122537346502 ], [ 35.028780999772074, 32.78122646511396 ], [ 35.028782709753585, 32.781227558563252 ], [ 35.028784419724509, 32.781228657422702 ], [ 35.028786125425817, 32.781229756276133 ], [ 35.028787826850476, 32.781230858730353 ], [ 35.028789528271616, 32.781231962987903 ], [ 35.028791227554429, 32.781233069045847 ], [ 35.028792924691842, 32.781234180510936 ], [ 35.02879461969448, 32.781235291972983 ], [ 35.028796312555258, 32.781236407038818 ], [ 35.028798003277721, 32.781237523904998 ], [ 35.028799689727038, 32.781238642568574 ], [ 35.028801376169312, 32.781239764838922 ], [ 35.028803060473258, 32.781240888909615 ], [ 35.028804740500533, 32.781242016581061 ], [ 35.028806418393039, 32.781243144249544 ], [ 35.028808096274958, 32.781244277328092 ], [ 35.028809769883722, 32.781245412204065 ], [ 35.028811441354186, 32.781246548880404 ], [ 35.028813110689853, 32.781247685553716 ], [ 35.028814777880129, 32.781248827634187 ], [ 35.028816442932083, 32.781249971515038 ], [ 35.028818103710897, 32.781251117193243 ], [ 35.02881976448267, 32.781252266478212 ], [ 35.028821423116113, 32.781253417563555 ], [ 35.028823079611257, 32.781254570449271 ], [ 35.028824731829694, 32.781255726935754 ], [ 35.028826381906306, 32.781256887025997 ], [ 35.028828029848114, 32.781258047113226 ], [ 35.028829677786426, 32.781259209003807 ], [ 35.028831319309688, 32.781260376295585 ], [ 35.028832960833014, 32.781261543587306 ], [ 35.028834600214473, 32.781262714482814 ], [ 35.028836235322792, 32.781263887175669 ], [ 35.028837870427601, 32.781265061671924 ], [ 35.02883950125927, 32.781266237965546 ], [ 35.028841129949093, 32.781267417862935 ], [ 35.028842756500602, 32.781268599560683 ], [ 35.028844383045048, 32.781269784865188 ], [ 35.028846005316367, 32.781270971967068 ], [ 35.028847623314547, 32.781272160866351 ], [ 35.028849241305679, 32.781273353372377 ], [ 35.028850855023691, 32.781274547675778 ], [ 35.028852466603361, 32.781275743779567 ], [ 35.028854076044738, 32.781276941683743 ], [ 35.02885568334424, 32.781278143191628 ], [ 35.028857290640232, 32.781279346502934 ], [ 35.028858893663092, 32.781280551611594 ], [ 35.028860492409287, 32.781281760321036 ], [ 35.028862089017167, 32.781282970830858 ], [ 35.028863683483166, 32.781284184944418 ], [ 35.028865275814397, 32.781285399054973 ], [ 35.028866866007306, 32.781286614965929 ], [ 35.028868454054802, 32.781287836283987 ], [ 35.028870039967558, 32.781289057599075 ], [ 35.028871623741956, 32.781290280714515 ], [ 35.028873203239691, 32.781291507430758 ], [ 35.028874780595565, 32.781292737750732 ], [ 35.028876355816664, 32.781293968067686 ], [ 35.028877928895902, 32.781295201988435 ], [ 35.028879497701993, 32.781296437706551 ], [ 35.028881066501071, 32.781297677031425 ], [ 35.028882631030534, 32.781298916350295 ], [ 35.028884191283311, 32.781300159269925 ], [ 35.02888575366741, 32.781301403995954 ], [ 35.028887309643551, 32.781302650516331 ], [ 35.028888863477832, 32.781303900640459 ], [ 35.028890417312162, 32.781305150764595 ], [ 35.028891966866269, 32.78130640629292 ], [ 35.028893213746734, 32.781307421546003 ], [ 35.028894620490966, 32.781308563260509 ], [ 35.028898863604724, 32.781314469903009 ], [ 35.028949628364792, 32.781360880968663 ], [ 35.028998562457573, 32.78141006487008 ], [ 35.029047496600647, 32.781459250555535 ], [ 35.029089182455259, 32.781514178897403 ], [ 35.029103494404069, 32.781535933402708 ], [ 35.029125419320685, 32.78156850087484 ], [ 35.029158687446433, 32.781623518404295 ], [ 35.029184791118823, 32.781683973949725 ], [ 35.029209573182037, 32.781747789162914 ], [ 35.029231694665881, 32.781808644891306 ], [ 35.029248768070843, 32.781871277111286 ], [ 35.029265841503047, 32.781933907525016 ], [ 35.029279594853236, 32.782015279549704 ], [ 35.029293346093262, 32.782096651568942 ], [ 35.029302693662984, 32.782184309463233 ], [ 35.029301878811864, 32.782264620561122 ], [ 35.029290861386812, 32.782309028102581 ], [ 35.029287874618738, 32.78232107238577 ], [ 35.029273868272888, 32.782377524205316 ], [ 35.029246903358228, 32.782461207148501 ], [ 35.029219938392728, 32.78254489008463 ], [ 35.029192973376382, 32.782628573013632 ], [ 35.029166008309225, 32.782712255935579 ], [ 35.029139041056375, 32.782795938847393 ], [ 35.029112075887532, 32.782879621755143 ], [ 35.02908511066785, 32.782963304655766 ], [ 35.029058145397343, 32.783046987549312 ], [ 35.029031180076004, 32.783130670435746 ], [ 35.029004214703825, 32.783214353315095 ], [ 35.028977249280807, 32.78329803618734 ], [ 35.028950283806964, 32.7833817190525 ], [ 35.028923316147399, 32.783465401907577 ], [ 35.028896350571863, 32.783549084758526 ], [ 35.028894565598989, 32.783554629488656 ], [ 35.028903586796631, 32.783558303011766 ], [ 35.028887827120933, 32.783607221358494 ], [ 35.028683166346482, 32.783732270109603 ], [ 35.028613803871266, 32.783774639041731 ], [ 35.028601968055753, 32.783769215865213 ], [ 35.02858855811575, 32.783763070925239 ], [ 35.028375123345683, 32.783665292483782 ], [ 35.02805727663106, 32.783519726550978 ], [ 35.027794251942574, 32.783399264576175 ], [ 35.027575266792816, 32.783298979247533 ], [ 35.027239508740415, 32.783218163760871 ], [ 35.027148090151542, 32.783346886728765 ], [ 35.027140928032729, 32.783344537595738 ], [ 35.027132622371717, 32.783341809935223 ], [ 35.027114600914835, 32.783335842257166 ], [ 35.026939699771567, 32.783308630294414 ], [ 35.026759138675168, 32.783280600338493 ], [ 35.02648347570242, 32.783306091376836 ], [ 35.026471532383596, 32.78330543601232 ], [ 35.026432568373004, 32.783303499723694 ], [ 35.026352733961176, 32.783404635861338 ], [ 35.026064219738394, 32.783770856628266 ], [ 35.025645997651026, 32.784339893961771 ], [ 35.025330187876726, 32.784769598450318 ], [ 35.025278794991635, 32.784839512755106 ], [ 35.0250432847158, 32.784908508910519 ], [ 35.024960074619919, 32.784932834695731 ], [ 35.024934636098266, 32.78494929566822 ], [ 35.024919360134398, 32.784959190625393 ], [ 35.024899473013349, 32.784972144736763 ], [ 35.024836091964588, 32.785013445313652 ], [ 35.024834422786284, 32.785015408616474 ], [ 35.024457514321305, 32.78546176231216 ], [ 35.024419004550325, 32.78550733817093 ], [ 35.024384862493115, 32.785547768008357 ], [ 35.02402056717429, 32.786101941526468 ], [ 35.023984189213863, 32.78615728206664 ], [ 35.023911921617703, 32.786157177955005 ], [ 35.02269948214277, 32.786842511224847 ], [ 35.021914769023994, 32.787762841278912 ], [ 35.021652549508914, 32.788070367900893 ], [ 35.021600865465203, 32.788129984674626 ], [ 35.021591798720848, 32.788127625232342 ], [ 35.021584445258, 32.788125811110298 ], [ 35.021586925671286, 32.788217872352554 ], [ 35.021588302523931, 32.788272250160617 ], [ 35.021284798067306, 32.788434921587232 ], [ 35.020814328817593, 32.788862718194956 ], [ 35.020606956436623, 32.789051236135577 ], [ 35.020581942810338, 32.78907398885746 ], [ 35.020528454629726, 32.78912262349553 ], [ 35.020480181724707, 32.789183952611005 ], [ 35.020273967277859, 32.789446006679924 ], [ 35.019908952227581, 32.789909881889592 ], [ 35.01984104262565, 32.789969115139698 ], [ 35.019219699599972, 32.790510653773218 ], [ 35.018840022537127, 32.790951559576982 ], [ 35.018772065559524, 32.7910030700546 ], [ 35.0180572355641, 32.791481073308098 ], [ 35.017761908556565, 32.791266376607254 ], [ 35.017727032914259, 32.791246655075149 ], [ 35.016865613940077, 32.792130559550692 ], [ 35.016921566901878, 32.792175910163103 ], [ 35.016951925226479, 32.792200557422738 ], [ 35.01696184502007, 32.792208613576229 ], [ 35.016967618535972, 32.792202391510621 ], [ 35.016977136921476, 32.79219213185258 ], [ 35.017238346227835, 32.792459878353071 ], [ 35.017313453372715, 32.792536906870509 ], [ 35.017347005008531, 32.79257122135644 ], [ 35.017467692961247, 32.792694926409446 ], [ 35.017488998221573, 32.792716784611144 ], [ 35.017500151034461, 32.792710090848026 ], [ 35.01756222374928, 32.79267279562216 ], [ 35.017840475107789, 32.792505572860364 ], [ 35.017871876900237, 32.792486700286851 ], [ 35.018177950256423, 32.792789315215828 ] ] ] } },
{ "type": "Feature", "properties": { "OBJECTID_12": 59, "OBJECTID": 2461, "Shape_Leng": 4799.4308252299998, "Shape_Area": 854377.3324651313, "OBJECTID_1": 83, "SEMEL_YISH": 4000, "SHEM_YISHU": "חיפה", "SHEM_YIS_1": "HAIFA", "ROVA": 7, "TAT_ROVA": 73, "SchName": "יזרעאליה", "Shape_Length": 4799.4308252312076, "בזב": 10433.0, "מצביעים": 5481.0, "כשרים": 5443.0, "אמת": 203.0, "אצ": 25.0, "ב": 85.0, "ג": 57.0, "ד": 7.0, "ום": 17.0, "ז": 0.0, "זך": 0.0, "זנ": 0.0, "זץ": 0.0, "ט": 427.0, "י": 3.0, "יז": 20.0, "ינ": 0.0, "יץ": 1.0, "יק": 1.0, "כן": 484.0, "ך": 2.0, "ל": 868.0, "מחל": 1395.0, "מרצ": 125.0, "נז": 5.0, "ני": 2.0, "נף": 0.0, "נץ": 5.0, "נק": 0.0, "נר": 2.0, "עם": 7.0, "פה": 1486.0, "ף": 8.0, "צ": 9.0, "ץ": 1.0, "ק": 0.0, "קי": 1.0, "קך": 2.0, "קנ": 7.0, "קץ": 28.0, "רז": 6.0, "שס": 152.0, "ת": 2.0, "n_stations": 18.0, "turnout_pct": 52.535224767564458, "אמת_pct": 3.7295609039132831, "אצ_pct": 0.45930553003858166, "ב_pct": 1.5616388021311778, "ג_pct": 1.0472166084879662, "ד_pct": 0.12860554841080288, "ום_pct": 0.3123277604262355, "ז_pct": 0.0, "זך_pct": 0.0, "זנ_pct": 0.0, "זץ_pct": 0.0, "ט_pct": 7.8449384530589752, "י_pct": 0.055116663604629794, "יז_pct": 0.36744442403086536, "ינ_pct": 0.0, "יץ_pct": 0.018372221201543269, "יק_pct": 0.018372221201543269, "כן_pct": 8.8921550615469407, "ך_pct": 0.036744442403086539, "ל_pct": 15.947088002939555, "מחל_pct": 25.629248576152857, "מרצ_pct": 2.2965276501929086, "נז_pct": 0.091861106007716339, "ני_pct": 0.036744442403086539, "נף_pct": 0.0, "נץ_pct": 0.091861106007716339, "נק_pct": 0.0, "נר_pct": 0.036744442403086539, "עם_pct": 0.12860554841080288, "פה_pct": 27.301120705493293, "ף_pct": 0.14697776961234615, "צ_pct": 0.1653499908138894, "ץ_pct": 0.018372221201543269, "ק_pct": 0.0, "קי_pct": 0.018372221201543269, "קך_pct": 0.036744442403086539, "קנ_pct": 0.12860554841080288, "קץ_pct": 0.51442219364321151, "רז_pct": 0.11023332720925959, "שס_pct": 2.7925776226345764, "ת_pct": 0.036744442403086539 }, "geometry": { "type": "Polygon", "coordinates": [ [ [ 35.00542078585994, 32.79945083125547 ], [ 35.00539727496453, 32.799674915036633 ], [ 35.005394969339726, 32.799754260331596 ], [ 35.005164555506077, 32.799758759502794 ], [ 35.005004200971094, 32.799761755789561 ], [ 35.004979960112848, 32.799762342965153 ], [ 35.004923351588999, 32.798769054455498 ], [ 35.004873016916385, 32.797885028488686 ], [ 35.004849476349996, 32.797472924496404 ], [ 35.004799619170633, 32.796946342859343 ], [ 35.004741952617685, 32.796337341166783 ], [ 35.00469209633242, 32.795809955085339 ], [ 35.004635153177937, 32.795209417683687 ], [ 35.004343873554845, 32.794036208469933 ], [ 35.004285898130334, 32.793802759369335 ], [ 35.003406535914692, 32.793522098546809 ], [ 35.002819517256775, 32.792893762121651 ], [ 35.001556074435115, 32.792087858740892 ], [ 35.001534869696314, 32.792074293580804 ], [ 35.001514520853441, 32.792058030132537 ], [ 35.001464520614583, 32.792027394334099 ], [ 35.001456942204008, 32.792023136880601 ], [ 35.001387749088551, 32.791984340280145 ], [ 35.001380700865525, 32.791938436251066 ], [ 35.001355920774465, 32.791900070490414 ], [ 35.001396394732382, 32.791891932488539 ], [ 35.001472754255367, 32.791876635464362 ], [ 35.001515791859688, 32.791871565532844 ], [ 35.001698386159035, 32.791851668649358 ], [ 35.001796160326307, 32.791812871876353 ], [ 35.001880135205106, 32.791779819947784 ], [ 35.002148859878787, 32.791628053675204 ], [ 35.002407058890775, 32.791502229610821 ], [ 35.002618765538237, 32.791352076355658 ], [ 35.002716603974761, 32.791283440109041 ], [ 35.002814234981813, 32.791214882800091 ], [ 35.002990550622641, 32.791037722112669 ], [ 35.003112485535091, 32.790886244199605 ], [ 35.003180305554217, 32.790778149901847 ], [ 35.0031842648633, 32.790725591111936 ], [ 35.003189986433611, 32.790650846267376 ], [ 35.00320019863603, 32.79062038541641 ], [ 35.003226423751251, 32.790541529318382 ], [ 35.003344740930338, 32.790572196558067 ], [ 35.003475262667763, 32.790586479648205 ], [ 35.003600103771781, 32.790565302494535 ], [ 35.003607377282215, 32.79055891573465 ], [ 35.003611551058313, 32.790555221873589 ], [ 35.003648254036008, 32.790523180400825 ], [ 35.003667139647185, 32.790520776095697 ], [ 35.003676421155738, 32.790519618768322 ], [ 35.003883625772183, 32.790382355761068 ], [ 35.004183082871023, 32.790184013079866 ], [ 35.005197019664706, 32.790085897012681 ], [ 35.005281308159347, 32.790102441872406 ], [ 35.005379201342336, 32.790102597461278 ], [ 35.005509573243081, 32.790090994162803 ], [ 35.005648111712489, 32.790053431290701 ], [ 35.005778278960257, 32.789991691391066 ], [ 35.005878683397938, 32.78991854824897 ], [ 35.005949291946337, 32.789855642542818 ], [ 35.006193789843593, 32.78963779806368 ], [ 35.006213041387078, 32.789621421299763 ], [ 35.006419041793485, 32.789445831958766 ], [ 35.006814254074683, 32.789193435218593 ], [ 35.007074919924584, 32.789103591961862 ], [ 35.007206861610904, 32.789058083855586 ], [ 35.00722041640833, 32.789057291866797 ], [ 35.007294301547645, 32.789052989857154 ], [ 35.007493628020868, 32.789041489373282 ], [ 35.007614682797524, 32.789043576786796 ], [ 35.007756228644404, 32.789046013651948 ], [ 35.007770312773673, 32.789046257579727 ], [ 35.007994486226799, 32.789093133120829 ], [ 35.008045868261753, 32.789126760316087 ], [ 35.008135451104195, 32.789172521041522 ], [ 35.008247133123412, 32.78920876196068 ], [ 35.008391076512936, 32.789236671120619 ], [ 35.00857016843802, 32.789254985142065 ], [ 35.008765947001336, 32.789254124293585 ], [ 35.008994207385932, 32.789242663005105 ], [ 35.009192598796318, 32.789217542775468 ], [ 35.009382583227918, 32.78918519919408 ], [ 35.009545596603054, 32.789135886762288 ], [ 35.009551046600592, 32.789134245140048 ], [ 35.009774032737752, 32.789045506232576 ], [ 35.009781721734733, 32.789042187321094 ], [ 35.009869428476144, 32.78900959206473 ], [ 35.010010621306435, 32.788930911212297 ], [ 35.010162595721098, 32.788848277660605 ], [ 35.010401844252186, 32.788692022328419 ], [ 35.010586124671384, 32.788581850047983 ], [ 35.010852338348286, 32.788443586500975 ], [ 35.010974344289025, 32.788393543375321 ], [ 35.011042517694939, 32.78836551216056 ], [ 35.011227047812675, 32.788337674840889 ], [ 35.011411851598531, 32.788324434301082 ], [ 35.011596761100826, 32.788314616483454 ], [ 35.012010692856038, 32.788290187660294 ], [ 35.012312870480365, 32.788250798344407 ], [ 35.012570877510434, 32.78820620280289 ], [ 35.012615865892094, 32.788197317868672 ], [ 35.0128859283531, 32.788144013535515 ], [ 35.01294478857119, 32.788132727740646 ], [ 35.012953233806478, 32.788131099565106 ], [ 35.013211848736695, 32.788081472174461 ], [ 35.013559579621514, 32.788009964284612 ], [ 35.013847417200715, 32.787945478695157 ], [ 35.01408644246785, 32.787883895681787 ], [ 35.014314617685912, 32.787808139139884 ], [ 35.014452442407617, 32.787754435903018 ], [ 35.014594217810121, 32.787699192995753 ], [ 35.01462118252855, 32.787688164650383 ], [ 35.014857685085971, 32.787591388605051 ], [ 35.01527856903941, 32.787403209930545 ], [ 35.015596232928914, 32.787260045586486 ], [ 35.015919146152676, 32.787110583680679 ], [ 35.015961819734962, 32.787089366087102 ], [ 35.016057637854708, 32.78703929121248 ], [ 35.016111840149222, 32.78701301616384 ], [ 35.016185225412947, 32.786977442787126 ], [ 35.016361720737549, 32.786908362130625 ], [ 35.016511105971809, 32.78683933614068 ], [ 35.016517186798673, 32.786837083811371 ], [ 35.016649554170584, 32.786788327474611 ], [ 35.016725610207203, 32.78676580891343 ], [ 35.01682052543142, 32.786751893667905 ], [ 35.016896643272318, 32.786749744381517 ], [ 35.016956303063424, 32.786756598189683 ], [ 35.017013704855842, 32.786770209499316 ], [ 35.017080383141064, 32.78679294718382 ], [ 35.017108653547375, 32.786802450040753 ], [ 35.017068489008025, 32.786859288725076 ], [ 35.017028261744954, 32.786909360984161 ], [ 35.016924864091088, 32.787038328964798 ], [ 35.01670254385526, 32.787275235515786 ], [ 35.016468983482362, 32.787529615870852 ], [ 35.016241197001712, 32.787773808087501 ], [ 35.015997004179553, 32.788051352329504 ], [ 35.015720323133685, 32.788352455312115 ], [ 35.015706944764837, 32.788367855939192 ], [ 35.015682234024837, 32.788396310455553 ], [ 35.015664581292071, 32.788413774928529 ], [ 35.01564712729693, 32.788431149528982 ], [ 35.015606583180862, 32.788477889978495 ], [ 35.01556593228036, 32.788524626646648 ], [ 35.015310739954892, 32.788798167435218 ], [ 35.014961241124119, 32.789171103140262 ], [ 35.014955305168321, 32.789177436680987 ], [ 35.014789887420534, 32.789363108553914 ], [ 35.014763780260026, 32.789387326412438 ], [ 35.014744319778814, 32.789405330835159 ], [ 35.014724842198191, 32.78942334063904 ], [ 35.0146973556445, 32.78944862760747 ], [ 35.01456446242014, 32.789597840627266 ], [ 35.014377244222558, 32.789788632980631 ], [ 35.014224135550016, 32.789953859706401 ], [ 35.014179605492274, 32.790001852392599 ], [ 35.014088654907958, 32.790094211835957 ], [ 35.01407102187946, 32.790112144989173 ], [ 35.013970483516054, 32.790255175813144 ], [ 35.013883683593583, 32.790408333639718 ], [ 35.013878325627452, 32.79041788164524 ], [ 35.013863244326799, 32.790455627068567 ], [ 35.013824120128561, 32.790553502358172 ], [ 35.013813286678904, 32.790580634083405 ], [ 35.013715920769727, 32.790783363476457 ], [ 35.013632025816463, 32.790940469546527 ], [ 35.013616673134159, 32.790969231846077 ], [ 35.013473307905947, 32.791219240721269 ], [ 35.013381092238227, 32.79135714587585 ], [ 35.013367491108134, 32.791376475486956 ], [ 35.013324689403952, 32.791437391768113 ], [ 35.013288899289115, 32.791488288287972 ], [ 35.013234759140182, 32.791545731943948 ], [ 35.013144878242322, 32.79164487124217 ], [ 35.013126047401613, 32.791665581448804 ], [ 35.013110528948005, 32.791681883820885 ], [ 35.013086776046059, 32.791706909225155 ], [ 35.013041044777808, 32.791754813092396 ], [ 35.013026525741942, 32.791770009700478 ], [ 35.01298224737846, 32.791816395509521 ], [ 35.012913239839207, 32.791885004518861 ], [ 35.012851509065648, 32.791946400245934 ], [ 35.01249838185759, 32.792287331191744 ], [ 35.012183371368984, 32.792572959223634 ], [ 35.012050208432278, 32.792693579962119 ], [ 35.012047557856128, 32.792695990627557 ], [ 35.011785338147789, 32.792933586119617 ], [ 35.011552286316686, 32.793144746825853 ], [ 35.011543301561858, 32.793153749929019 ], [ 35.011346430522231, 32.793356868739984 ], [ 35.011081706785355, 32.79363985553767 ], [ 35.011028271633954, 32.793697824088063 ], [ 35.010849714530458, 32.793891522423941 ], [ 35.010606082865898, 32.794185283557105 ], [ 35.010577756334307, 32.794236331486871 ], [ 35.010522294970656, 32.794336279532928 ], [ 35.010499075762112, 32.794382330950171 ], [ 35.010380648439927, 32.79461720102541 ], [ 35.010283990891239, 32.794787020483277 ], [ 35.010252807399972, 32.794841885282814 ], [ 35.0102994922619, 32.79487243488559 ], [ 35.010335787964074, 32.794921453090119 ], [ 35.010354806098704, 32.794970449925707 ], [ 35.010365620274939, 32.794998148671127 ], [ 35.010335945828992, 32.795048321611084 ], [ 35.01027851468519, 32.795094399313463 ], [ 35.010270401442007, 32.795097187397708 ], [ 35.010242619304627, 32.795106779827414 ], [ 35.010274182360696, 32.795225138152894 ], [ 35.010296756467135, 32.795492880516996 ], [ 35.010316355389911, 32.795614644913357 ], [ 35.010348707344299, 32.79561469504501 ], [ 35.01036865466596, 32.795621308312576 ], [ 35.010375355018532, 32.795630066922662 ], [ 35.010379193748108, 32.795635122352806 ], [ 35.010383239389043, 32.795640270076092 ], [ 35.01038811488354, 32.79565460193048 ], [ 35.010386982307907, 32.795682563491987 ], [ 35.01037467413525, 32.795698780315782 ], [ 35.010356937382092, 32.79570659756871 ], [ 35.010336214355064, 32.795713048634738 ], [ 35.01039141605532, 32.796002579539042 ], [ 35.010402182039549, 32.796060400170646 ], [ 35.010411143222349, 32.796108658252429 ], [ 35.010438161752688, 32.796254227994368 ], [ 35.010451725186044, 32.796402397211644 ], [ 35.010463359615215, 32.796530358293765 ], [ 35.010463918717896, 32.796536405914757 ], [ 35.010469233876179, 32.796595114378057 ], [ 35.010484442754915, 32.796618764095371 ], [ 35.010525632650676, 32.796682759722614 ], [ 35.010580109923822, 32.796767422872534 ], [ 35.01058957322094, 32.796782135117837 ], [ 35.010596276574148, 32.796792513160433 ], [ 35.010570898018656, 32.797323764149567 ], [ 35.010566305543946, 32.79742003983813 ], [ 35.010562850712731, 32.79749190484555 ], [ 35.010626883460283, 32.797595334365269 ], [ 35.010690299084153, 32.797697868416705 ], [ 35.010722645375395, 32.79775012286958 ], [ 35.01043277751247, 32.797847058909475 ], [ 35.010411632937306, 32.797853702294127 ], [ 35.010390599187325, 32.797902716405169 ], [ 35.010337269006349, 32.798024995330621 ], [ 35.010323276783879, 32.798031916684231 ], [ 35.010178791253836, 32.798102206891592 ], [ 35.010044611286503, 32.798136625541829 ], [ 35.009923478301985, 32.798167717224636 ], [ 35.009888281283907, 32.798200035145605 ], [ 35.009846918218429, 32.798237995289448 ], [ 35.009730922640586, 32.798344422200394 ], [ 35.009605670912926, 32.798459490857134 ], [ 35.009432358649605, 32.798618705399257 ], [ 35.009332873020931, 32.798696204274499 ], [ 35.009053081236381, 32.798914141946653 ], [ 35.008973860951969, 32.79897586005459 ], [ 35.008968526555542, 32.798980013944572 ], [ 35.008857097985135, 32.799163691578009 ], [ 35.008810280267255, 32.799240810589005 ], [ 35.00879765891559, 32.799248549041515 ], [ 35.008726880034168, 32.799292168770783 ], [ 35.008694816405793, 32.799311948696896 ], [ 35.008685085454658, 32.799318065000932 ], [ 35.008333949165866, 32.799544644954928 ], [ 35.008318053101625, 32.799554908381481 ], [ 35.008278215428483, 32.799555922620371 ], [ 35.008271181488062, 32.799556099156618 ], [ 35.008152018625118, 32.799559151356142 ], [ 35.007838031507049, 32.799559656191875 ], [ 35.007773001938354, 32.79955973083721 ], [ 35.007736080042775, 32.799556342007293 ], [ 35.007513844174994, 32.799535971624053 ], [ 35.007164962699619, 32.799432999351616 ], [ 35.00542078585994, 32.79945083125547 ] ] ] } },
{ "type": "Feature", "properties": { "OBJECTID_12": 60, "OBJECTID": 2464, "Shape_Leng": 3335.1262883499999, "Shape_Area": 513756.35240009782, "OBJECTID_1": 86, "SEMEL_YISH": 4000, "SHEM_YISHU": "חיפה", "SHEM_YIS_1": "HAIFA", "ROVA": 8, "TAT_ROVA": 81, "SchName": "זיו", "Shape_Length": 3335.1262883498971, "בזב": 1401.0, "מצביעים": 930.0, "כשרים": 927.0, "אמת": 46.0, "אצ": 3.0, "ב": 14.0, "ג": 136.0, "ד": 0.0, "ום": 1.0, "ז": 0.0, "זך": 0.0, "זנ": 0.0, "זץ": 0.0, "ט": 107.0, "י": 0.0, "יז": 1.0, "ינ": 0.0, "יץ": 0.0, "יק": 0.0, "כן": 93.0, "ך": 0.0, "ל": 67.0, "מחל": 160.0, "מרצ": 35.0, "נז": 0.0, "ני": 0.0, "נף": 0.0, "נץ": 0.0, "נק": 3.0, "נר": 0.0, "עם": 2.0, "פה": 219.0, "ף": 1.0, "צ": 0.0, "ץ": 0.0, "ק": 1.0, "קי": 0.0, "קך": 0.0, "קנ": 0.0, "קץ": 3.0, "רז": 0.0, "שס": 35.0, "ת": 0.0, "n_stations": 3.0, "turnout_pct": 66.381156316916488, "אמת_pct": 4.9622437971952538, "אצ_pct": 0.3236245954692557, "ב_pct": 1.5102481121898599, "ג_pct": 14.670981661272922, "ד_pct": 0.0, "ום_pct": 0.10787486515641855, "ז_pct": 0.0, "זך_pct": 0.0, "זנ_pct": 0.0, "זץ_pct": 0.0, "ט_pct": 11.542610571736784, "י_pct": 0.0, "יז_pct": 0.10787486515641855, "ינ_pct": 0.0, "יץ_pct": 0.0, "יק_pct": 0.0, "כן_pct": 10.032362459546926, "ך_pct": 0.0, "ל_pct": 7.2276159654800427, "מחל_pct": 17.259978425026969, "מרצ_pct": 3.7756202804746493, "נז_pct": 0.0, "ני_pct": 0.0, "נף_pct": 0.0, "נץ_pct": 0.0, "נק_pct": 0.3236245954692557, "נר_pct": 0.0, "עם_pct": 0.21574973031283709, "פה_pct": 23.624595469255663, "ף_pct": 0.10787486515641855, "צ_pct": 0.0, "ץ_pct": 0.0, "ק_pct": 0.10787486515641855, "קי_pct": 0.0, "קך_pct": 0.0, "קנ_pct": 0.0, "קץ_pct": 0.3236245954692557, "רז_pct": 0.0, "שס_pct": 3.7756202804746493, "ת_pct": 0.0 }, "geometry": { "type": "Polygon", "coordinates": [ [ [ 35.017108653547375, 32.786802450040753 ], [ 35.017080383141064, 32.78679294718382 ], [ 35.017013704855842, 32.786770209499316 ], [ 35.016956303063424, 32.786756598189683 ], [ 35.016896643274208, 32.786749743479838 ], [ 35.016820525433317, 32.786751892766205 ], [ 35.016725610207203, 32.78676580891343 ], [ 35.016649554172481, 32.786788326572925 ], [ 35.016517186798673, 32.786837083811371 ], [ 35.016511105973706, 32.786839335238994 ], [ 35.01636172073944, 32.786908361228917 ], [ 35.016185225412947, 32.786977442787126 ], [ 35.016111839083635, 32.787013015260527 ], [ 35.016057637856612, 32.787039290310773 ], [ 35.015961819736859, 32.787089365185395 ], [ 35.015919146152676, 32.787110583680679 ], [ 35.015596232928914, 32.787260045586486 ], [ 35.01527856903941, 32.787403209930545 ], [ 35.014857685085971, 32.787591388605051 ], [ 35.014621182530469, 32.787688163748697 ], [ 35.014594217810121, 32.787699192995753 ], [ 35.014452442407617, 32.787754435903018 ], [ 35.014314617685912, 32.787808139139884 ], [ 35.014086442469761, 32.787883894780101 ], [ 35.013847416135164, 32.787945477791851 ], [ 35.013559579621514, 32.788009964284612 ], [ 35.013211848738635, 32.788081471272754 ], [ 35.012953232738994, 32.788131099563472 ], [ 35.01294478857119, 32.788132727740646 ], [ 35.0128859283531, 32.788144013535515 ], [ 35.012615864826529, 32.788197316965331 ], [ 35.012570877512395, 32.788206201901204 ], [ 35.012312870482297, 32.788250797442707 ], [ 35.012010692856038, 32.788290187660294 ], [ 35.011596761102766, 32.788314615581783 ], [ 35.011411850532987, 32.788324433397733 ], [ 35.011227046745191, 32.788337674839255 ], [ 35.011042517694939, 32.78836551216056 ], [ 35.010974344289025, 32.788393543375321 ], [ 35.0109683950716, 32.788334384833881 ], [ 35.010923561721576, 32.787889415911266 ], [ 35.010842359702032, 32.787084076277836 ], [ 35.010842942893312, 32.787057300454499 ], [ 35.010874069349001, 32.785751515108622 ], [ 35.010874527680855, 32.785736545878883 ], [ 35.010884640157265, 32.785306463864117 ], [ 35.010895265974796, 32.785280680984698 ], [ 35.010905352783965, 32.78525634719707 ], [ 35.011084231795479, 32.784823811616462 ], [ 35.011102071897696, 32.784816534516821 ], [ 35.01135931014317, 32.78431005327063 ], [ 35.011397409246833, 32.784235044061035 ], [ 35.012183475566154, 32.783636052012952 ], [ 35.012277899141445, 32.783564093716301 ], [ 35.012584858487138, 32.783582053417746 ], [ 35.012764119951079, 32.783592593591578 ], [ 35.01278476377324, 32.783593810901323 ], [ 35.012784962477461, 32.78360120510591 ], [ 35.012785451691144, 32.78361798279515 ], [ 35.012976768133854, 32.783605467626138 ], [ 35.013090154511943, 32.783598154072855 ], [ 35.013630456010489, 32.783611424188557 ], [ 35.013638014940639, 32.78357473309795 ], [ 35.013728818114657, 32.783585597914438 ], [ 35.013741627145279, 32.783586717479409 ], [ 35.013759523602275, 32.783555803947621 ], [ 35.01379801440762, 32.783528277861009 ], [ 35.013845001813394, 32.783519868904982 ], [ 35.013859824135302, 32.783524943650718 ], [ 35.013881158455042, 32.783531733404978 ], [ 35.013893354453145, 32.783515973188898 ], [ 35.013974089570702, 32.783445138844868 ], [ 35.014038879997784, 32.783398978552718 ], [ 35.014059737350891, 32.783384122357155 ], [ 35.014097362709983, 32.783357405486427 ], [ 35.014275978617697, 32.78324324978113 ], [ 35.014420501289109, 32.78314716348639 ], [ 35.014404025002165, 32.783111709084999 ], [ 35.014403306071813, 32.783101420552789 ], [ 35.014401129320625, 32.783070404342645 ], [ 35.014403454975167, 32.783031368069786 ], [ 35.014421640573225, 32.783012912701075 ], [ 35.014444949464803, 32.782994635519287 ], [ 35.014466210259734, 32.782984749109431 ], [ 35.014433287660381, 32.78295098389583 ], [ 35.014351141544338, 32.782830850856556 ], [ 35.014294163341511, 32.782720835110403 ], [ 35.014222335251823, 32.782564642612876 ], [ 35.014174242677605, 32.782490721639199 ], [ 35.014166265881613, 32.782481150652693 ], [ 35.014100886905965, 32.782404499212497 ], [ 35.01404493611971, 32.782362663901012 ], [ 35.013927850305052, 32.78230550418192 ], [ 35.013874251440335, 32.782285089439519 ], [ 35.013865565385935, 32.782281780531235 ], [ 35.013892388984132, 32.782221046155193 ], [ 35.013943222480989, 32.782105525197515 ], [ 35.013953496470691, 32.782043879276451 ], [ 35.0139596535804, 32.782009706264226 ], [ 35.013966041449862, 32.78196742194995 ], [ 35.013944936366727, 32.781855217143828 ], [ 35.013896705904415, 32.781748113452913 ], [ 35.013893767011396, 32.78174173850482 ], [ 35.013796188283436, 32.781529303896029 ], [ 35.013689684718535, 32.781267644681513 ], [ 35.013472861863058, 32.780830538468344 ], [ 35.01335929149068, 32.780635414216931 ], [ 35.013265205720558, 32.780454390549323 ], [ 35.013242529860207, 32.780386481708952 ], [ 35.013229993474745, 32.780348928594009 ], [ 35.013215219439132, 32.780271628923508 ], [ 35.013229005504257, 32.780212956786691 ], [ 35.013235362941664, 32.780186001278544 ], [ 35.013258235945685, 32.780121745277185 ], [ 35.013275950697356, 32.780071726390133 ], [ 35.013318836482817, 32.779979909920435 ], [ 35.013307563311145, 32.779964113049083 ], [ 35.013276589544802, 32.779920695133384 ], [ 35.013225655531073, 32.779838830904552 ], [ 35.01319387020321, 32.779771157916699 ], [ 35.013179372316451, 32.779712522857338 ], [ 35.013172432591219, 32.779614499736525 ], [ 35.013173772414888, 32.779530553002111 ], [ 35.013175615689512, 32.779522620892855 ], [ 35.013185863877148, 32.77947214427639 ], [ 35.013197186556582, 32.779417343863827 ], [ 35.013217915181187, 32.779308083655081 ], [ 35.013227398635522, 32.77921837758884 ], [ 35.013215088177382, 32.779132157580463 ], [ 35.013175140521597, 32.779048148723291 ], [ 35.013113550157961, 32.778997289214836 ], [ 35.013045866567381, 32.778954718675699 ], [ 35.013055374679674, 32.778952296816726 ], [ 35.013137149822796, 32.77894052021167 ], [ 35.014518025612446, 32.778741009792768 ], [ 35.014967384627468, 32.778994613104231 ], [ 35.01551391455439, 32.77863050577426 ], [ 35.015675546861274, 32.778612884977399 ], [ 35.015717619924061, 32.778608282978524 ], [ 35.015825339351053, 32.778596449913977 ], [ 35.015907981214603, 32.778587382399152 ], [ 35.016107200990128, 32.778606843036094 ], [ 35.016703524133803, 32.779010589537592 ], [ 35.018122720759997, 32.780148077376076 ], [ 35.018349468676377, 32.780479264567205 ], [ 35.018386385774811, 32.780641930302828 ], [ 35.01834743838613, 32.781454246177489 ], [ 35.018278758604829, 32.781832666949313 ], [ 35.018386503187877, 32.78225723163937 ], [ 35.018535104229507, 32.782624505400349 ], [ 35.019090972573338, 32.783038263985844 ], [ 35.019114229546858, 32.783456018696278 ], [ 35.019086760727916, 32.78352160615519 ], [ 35.019083441641499, 32.783529529852132 ], [ 35.018988733025786, 32.78377397095386 ], [ 35.018941238961958, 32.783896573585821 ], [ 35.018789482072457, 32.784082374855934 ], [ 35.018617876301775, 32.784269769549489 ], [ 35.018509378756605, 32.784381627083405 ], [ 35.018505432476822, 32.78438569328258 ], [ 35.018481374999119, 32.78441049747741 ], [ 35.018320579136038, 32.78458608657148 ], [ 35.018230101891191, 32.784667561856999 ], [ 35.018139950580171, 32.784749297248602 ], [ 35.018022836567397, 32.784890773944298 ], [ 35.017965724672258, 32.784959762406821 ], [ 35.017808351062421, 32.785127242464824 ], [ 35.017764281269287, 32.785174155123286 ], [ 35.017844139943811, 32.785222786183063 ], [ 35.017856170948335, 32.785230107830991 ], [ 35.017868645943928, 32.78523797656613 ], [ 35.017806122743096, 32.785325885275704 ], [ 35.017737799703518, 32.785481865088904 ], [ 35.01772465010842, 32.785518943029764 ], [ 35.017656522437697, 32.78571104588795 ], [ 35.017569995146836, 32.785943192584391 ], [ 35.017445197072739, 32.786200543079488 ], [ 35.017347835745021, 32.786407320475845 ], [ 35.017321271723638, 32.786451653209561 ], [ 35.017144504754171, 32.786754082629628 ], [ 35.017108653547375, 32.786802450040753 ] ] ] } },
{ "type": "Feature", "properties": { "OBJECTID_12": 61, "OBJECTID": 2465, "Shape_Leng": 4647.2557999600003, "Shape_Area": 1286281.6324732429, "OBJECTID_1": 87, "SEMEL_YISH": 4000, "SHEM_YISHU": "חיפה", "SHEM_YIS_1": "HAIFA", "ROVA": 8, "TAT_ROVA": 81, "SchName": "קריית הטכניון", "Shape_Length": 4647.2557999606097, "בזב": null, "מצביעים": null, "כשרים": null, "אמת": null, "אצ": null, "ב": null, "ג": null, "ד": null, "ום": null, "ז": null, "זך": null, "זנ": null, "זץ": null, "ט": null, "י": null, "יז": null, "ינ": null, "יץ": null, "יק": null, "כן": null, "ך": null, "ל": null, "מחל": null, "מרצ": null, "נז": null, "ני": null, "נף": null, "נץ": null, "נק": null, "נר": null, "עם": null, "פה": null, "ף": null, "צ": null, "ץ": null, "ק": null, "קי": null, "קך": null, "קנ": null, "קץ": null, "רז": null, "שס": null, "ת": null, "n_stations": null, "turnout_pct": null, "אמת_pct": null, "אצ_pct": null, "ב_pct": null, "ג_pct": null, "ד_pct": null, "ום_pct": null, "ז_pct": null, "זך_pct": null, "זנ_pct": null, "זץ_pct": null, "ט_pct": null, "י_pct": null, "יז_pct": null, "ינ_pct": null, "יץ_pct": null, "יק_pct": null, "כן_pct": null, "ך_pct": null, "ל_pct": null, "מחל_pct": null, "מרצ_pct": null, "נז_pct": null, "ני_pct": null, "נף_pct": null, "נץ_pct": null, "נק_pct": null, "נר_pct": null, "עם_pct": null, "פה_pct": null, "ף_pct": null, "צ_pct": null, "ץ_pct": null, "ק_pct": null, "קי_pct": null, "קך_pct": null, "קנ_pct": null, "קץ_pct": null, "רז_pct": null, "שס_pct": null, "ת_pct": null }, "geometry": { "type": "Polygon", "coordinates": [ [ [ 35.026386314608793, 32.780516612589011 ], [ 35.026384596930789, 32.780516725565157 ], [ 35.02539963760254, 32.780623621093639 ], [ 35.02533110570139, 32.780631188464646 ], [ 35.02506805922873, 32.780644710009149 ], [ 35.02505065878011, 32.780645576875159 ], [ 35.024931519410679, 32.780712487008508 ], [ 35.024874769782372, 32.780744330234803 ], [ 35.024787566823314, 32.780793256585575 ], [ 35.024680135440363, 32.780829382235396 ], [ 35.024261520852612, 32.780970138012862 ], [ 35.023603016513931, 32.781136003964434 ], [ 35.023589489792911, 32.781139409983162 ], [ 35.023560192621133, 32.781146763401367 ], [ 35.023542724085047, 32.781179645569779 ], [ 35.02343642204702, 32.781380847025602 ], [ 35.023419492857023, 32.781413007696244 ], [ 35.023413044176223, 32.781412165212487 ], [ 35.023409033902738, 32.781411636434818 ], [ 35.022205635790428, 32.781252546939506 ], [ 35.022155478808152, 32.781245901518979 ], [ 35.02212817543225, 32.781242251404265 ], [ 35.022045148791435, 32.781231307514339 ], [ 35.021947926288973, 32.781218451136361 ], [ 35.021912763057443, 32.78124590343981 ], [ 35.0218435816004, 32.781299891758955 ], [ 35.021702030181302, 32.781410424446271 ], [ 35.021368849566443, 32.781587658685439 ], [ 35.021272320391454, 32.781605643493407 ], [ 35.020959765993851, 32.781663800907666 ], [ 35.020737760693365, 32.7817051330452 ], [ 35.020630331111001, 32.78167467490902 ], [ 35.020579027742883, 32.781660176111707 ], [ 35.020527605923363, 32.781645669905942 ], [ 35.01998458212752, 32.781556055536313 ], [ 35.019581000761839, 32.781293704805087 ], [ 35.019512776157228, 32.781249238897601 ], [ 35.019459585650608, 32.781214802168165 ], [ 35.019428827628474, 32.781173279654432 ], [ 35.019411267103955, 32.781149811438596 ], [ 35.019392842667635, 32.781124982187201 ], [ 35.019367514947142, 32.781091039216605 ], [ 35.019357725228062, 32.781077871720697 ], [ 35.019246209275948, 32.781011057203216 ], [ 35.019071899791982, 32.780906738346658 ], [ 35.018778412696399, 32.780781794051727 ], [ 35.018386385774811, 32.780641930302828 ], [ 35.018349468676377, 32.780479264567205 ], [ 35.018122720759997, 32.780148077376076 ], [ 35.016703524133803, 32.779010589537592 ], [ 35.016107200990128, 32.778606843036094 ], [ 35.015907981214603, 32.778587382399152 ], [ 35.01586390241814, 32.778584967150323 ], [ 35.015853342577635, 32.778585588756386 ], [ 35.015841845260539, 32.778512979513678 ], [ 35.015830682085401, 32.7784413662445 ], [ 35.015828375728255, 32.778426573154825 ], [ 35.015848882804114, 32.778415156991123 ], [ 35.015874642802743, 32.778401040034481 ], [ 35.015841728348171, 32.778366992950218 ], [ 35.015553469503224, 32.778095418742289 ], [ 35.015470802535965, 32.778017566995551 ], [ 35.015452528284733, 32.777983102759976 ], [ 35.015448803286617, 32.777975968332498 ], [ 35.015436581794752, 32.777952769997391 ], [ 35.015322074344411, 32.777737107187136 ], [ 35.015289655965518, 32.777675640125324 ], [ 35.015285610457809, 32.777668154449103 ], [ 35.015261827302062, 32.777556663493712 ], [ 35.015157828353402, 32.777068495850564 ], [ 35.015080995929104, 32.776707806775548 ], [ 35.015080222618245, 32.776572974064521 ], [ 35.015079263077375, 32.776406122735771 ], [ 35.015074443166007, 32.775569765940908 ], [ 35.015068505472001, 32.774546055542928 ], [ 35.015065910976659, 32.774106930794837 ], [ 35.015058214246558, 32.774063189581831 ], [ 35.014861712592086, 32.772954617939277 ], [ 35.014804167132311, 32.772863091600144 ], [ 35.0147245027728, 32.77273637098321 ], [ 35.014708370417587, 32.772739870389664 ], [ 35.014662772637891, 32.772749989614773 ], [ 35.014545673091675, 32.772490873746598 ], [ 35.014432992379867, 32.772241530738796 ], [ 35.014406540514514, 32.772183156250172 ], [ 35.014342949818328, 32.771974587478347 ], [ 35.014107974353529, 32.771204908369597 ], [ 35.014083920652098, 32.77111269315062 ], [ 35.014098546159957, 32.77112202809321 ], [ 35.014109726873265, 32.771129159464749 ], [ 35.014119005179616, 32.771138028221294 ], [ 35.014159243554772, 32.771176466453738 ], [ 35.014168521870914, 32.771185335206575 ], [ 35.014175351903503, 32.77119567000765 ], [ 35.014221926985165, 32.771266162348951 ], [ 35.014268504270795, 32.771336656479022 ], [ 35.014275335657366, 32.771345863253551 ], [ 35.014275391021783, 32.77134642870157 ], [ 35.014275446393874, 32.771346990542838 ], [ 35.014276591086784, 32.771358778361346 ], [ 35.014279205304781, 32.77138318224906 ], [ 35.014280462068072, 32.771394968434144 ], [ 35.014285892748909, 32.771405879093209 ], [ 35.014310484820598, 32.771455337517459 ], [ 35.014335076917462, 32.771504796838308 ], [ 35.014340507613475, 32.771515706593178 ], [ 35.014353487157848, 32.77152015361446 ], [ 35.014404530855671, 32.771537616650875 ], [ 35.014417510406425, 32.771542063665549 ], [ 35.014425084356404, 32.771543878544215 ], [ 35.014431935810912, 32.771554204346337 ], [ 35.014463808944946, 32.771602231064243 ], [ 35.014495683176619, 32.771650259578813 ], [ 35.014502535714669, 32.771660585378577 ], [ 35.014504433021926, 32.771672309413042 ], [ 35.014515599187241, 32.771741126715987 ], [ 35.014517495428663, 32.771752851650213 ], [ 35.014525706714529, 32.77175610930211 ], [ 35.014537508180801, 32.771762484150329 ], [ 35.01454940560776, 32.771768905129399 ], [ 35.014561207077413, 32.771775279975373 ], [ 35.014564920025805, 32.771785925625217 ], [ 35.014560669586636, 32.771797199413584 ], [ 35.014545005230744, 32.771838735790823 ], [ 35.014542766235891, 32.771844673678984 ], [ 35.014538515791109, 32.771855947466477 ], [ 35.014537960126461, 32.771866316139089 ], [ 35.014541041456091, 32.771877862529237 ], [ 35.014541744541724, 32.771880501058199 ], [ 35.014561668164362, 32.771955259381095 ], [ 35.014564749500082, 32.771966805770532 ], [ 35.01457719611934, 32.771986030773384 ], [ 35.01458483828727, 32.77199595200095 ], [ 35.014603294489916, 32.772019892963712 ], [ 35.014610936663608, 32.772029814189651 ], [ 35.014617531776018, 32.772040256813227 ], [ 35.01464970853781, 32.772091187404676 ], [ 35.014681887466928, 32.772142119794161 ], [ 35.014688482595844, 32.772152562413901 ], [ 35.014692142698102, 32.77215190971733 ], [ 35.014795464747735, 32.772133489365331 ], [ 35.014898786753321, 32.772115069829596 ], [ 35.015002109785968, 32.772096649308374 ], [ 35.015105432776458, 32.772078228701709 ], [ 35.015208754657507, 32.772059808008038 ], [ 35.015312076496407, 32.772041387228953 ], [ 35.015415399360471, 32.772022966366066 ], [ 35.015518721115065, 32.77200454541611 ], [ 35.015622042827516, 32.771986124380767 ], [ 35.015725364497833, 32.771967703259996 ], [ 35.015828687191373, 32.771949282957117 ], [ 35.01593200984469, 32.771930861667116 ], [ 35.016035331388537, 32.771912440290116 ], [ 35.016138652890241, 32.771894018827652 ], [ 35.016241974349796, 32.771875597279838 ], [ 35.016345296834487, 32.771857175648172 ], [ 35.016448618209751, 32.77183875392948 ], [ 35.016551939540953, 32.77182033302708 ], [ 35.016655260831904, 32.771801911137565 ], [ 35.016758582080698, 32.77178348916263 ], [ 35.016861904354627, 32.771765067103878 ], [ 35.016965225517225, 32.771746645859821 ], [ 35.017068546639557, 32.771728223628664 ], [ 35.017171867719753, 32.771709801312078 ], [ 35.017275188757758, 32.771691378910063 ], [ 35.017378510820919, 32.77167295642424 ], [ 35.017481831774639, 32.771654533851411 ], [ 35.017581172318742, 32.771636820303733 ], [ 35.017585152686209, 32.771636111193175 ], [ 35.017688473559382, 32.771617686646138 ], [ 35.017791793321209, 32.77159926291376 ], [ 35.017863939574291, 32.771586396733824 ], [ 35.01789511411004, 32.771580838195909 ], [ 35.01799843485108, 32.771562416097694 ], [ 35.018101755551854, 32.771543993012379 ], [ 35.018205076210471, 32.771525569841664 ], [ 35.018308397894216, 32.771507146587119 ], [ 35.018411718468506, 32.77148872324554 ], [ 35.018515039000647, 32.771470299818617 ], [ 35.018618359490603, 32.771451876306259 ], [ 35.018721681005715, 32.771433452710035 ], [ 35.018825001411372, 32.771415029026841 ], [ 35.018928321774851, 32.771396605258225 ], [ 35.019031642096195, 32.771378181404202 ], [ 35.019134962375361, 32.771359757464772 ], [ 35.019238283679648, 32.771341333441519 ], [ 35.019341603874494, 32.771322909331268 ], [ 35.019444924027177, 32.771304485135602 ], [ 35.019548244137695, 32.771286060854543 ], [ 35.019651565273342, 32.771267636489632 ], [ 35.019754885299527, 32.771249212037738 ], [ 35.019858205283555, 32.77123078750045 ], [ 35.019961525225412, 32.771212362877719 ], [ 35.020064845125106, 32.771193938169603 ], [ 35.020168166049942, 32.771175513377642 ], [ 35.020271485865294, 32.771157088498676 ], [ 35.020374805638482, 32.771138663534323 ], [ 35.020478125369522, 32.771120238484571 ], [ 35.02058144505839, 32.771101813349411 ], [ 35.020684765772373, 32.771083388130421 ], [ 35.0207880853769, 32.771064962824433 ], [ 35.02089140493927, 32.77104653743303 ], [ 35.020994724459463, 32.77102811195622 ], [ 35.021098045004777, 32.771009686395573 ], [ 35.021201364440614, 32.770991260747969 ], [ 35.021304683834295, 32.770972835014945 ], [ 35.021305141284941, 32.770973038565337 ], [ 35.021305594471947, 32.770973239404384 ], [ 35.021399587341335, 32.771015038746334 ], [ 35.021493579231517, 32.77105683801625 ], [ 35.021587572277113, 32.771098637217236 ], [ 35.021681564343567, 32.771140436346172 ], [ 35.021775557565398, 32.771182235406215 ], [ 35.021869549808088, 32.771224034394209 ], [ 35.021963543206169, 32.771265833313279 ], [ 35.022057535625081, 32.771307632160301 ], [ 35.022151529199398, 32.7713494309384 ], [ 35.022245521794552, 32.771391229644458 ], [ 35.022339515545099, 32.771433028281606 ], [ 35.022433508316496, 32.77147482684672 ], [ 35.022527502243292, 32.771516625342862 ], [ 35.022621495190918, 32.771558423767011 ], [ 35.022715490359424, 32.771600223025452 ], [ 35.022815891637507, 32.771609385553127 ], [ 35.02291629293655, 32.771618548000411 ], [ 35.023016695323861, 32.771627710368826 ], [ 35.023117096664848, 32.771636872655307 ], [ 35.023217499094095, 32.77164603486294 ], [ 35.023317901544317, 32.77165519699016 ], [ 35.023416316690344, 32.771663839493755 ], [ 35.023514731855776, 32.771672481920071 ], [ 35.023613148107913, 32.771681124270685 ], [ 35.023711563312155, 32.771689766542501 ], [ 35.023809979603087, 32.771698408738615 ], [ 35.023908395913416, 32.771707050857465 ], [ 35.024006811175845, 32.771715692897551 ], [ 35.024105227524984, 32.771724334861908 ], [ 35.024203642826215, 32.771732976747479 ], [ 35.024302059214136, 32.771741618557336 ], [ 35.024400474554149, 32.771750260288393 ], [ 35.02449889204815, 32.771758901945269 ], [ 35.024588498039698, 32.771766430808363 ], [ 35.024678105113942, 32.771773959608957 ], [ 35.024767713270869, 32.771781488347024 ], [ 35.024857321443207, 32.771789017021078 ], [ 35.024957891086942, 32.771797466635064 ], [ 35.025058462884651, 32.771805916171431 ], [ 35.025150945327837, 32.771813986161391 ], [ 35.025243427788048, 32.771822056083138 ], [ 35.025335911332569, 32.77183012593818 ], [ 35.025428394892316, 32.771838196626675 ], [ 35.025534535398556, 32.771847458049656 ], [ 35.025640678061833, 32.771856719385831 ], [ 35.025746819680236, 32.771865980630622 ], [ 35.025852962386551, 32.771875242688779 ], [ 35.025856122331518, 32.771878082127891 ], [ 35.025922941469311, 32.771938124865599 ], [ 35.02599292171417, 32.772001008807976 ], [ 35.026062902059223, 32.772063891809253 ], [ 35.026132882502679, 32.772126774771181 ], [ 35.026202863044524, 32.772189657693723 ], [ 35.026272842615661, 32.772252541477059 ], [ 35.026342823354319, 32.772315424320844 ], [ 35.026412804191345, 32.772378307125244 ], [ 35.026482785126774, 32.772441189890252 ], [ 35.026552765091516, 32.772504073516075 ], [ 35.026622746223723, 32.77256695620234 ], [ 35.026692727454353, 32.772629838849205 ], [ 35.026762708783387, 32.772692721456714 ], [ 35.026832689141706, 32.77275560492501 ], [ 35.026902670667518, 32.77281848745374 ], [ 35.026972652291747, 32.772881369943107 ], [ 35.027042632947044, 32.772944252391575 ], [ 35.027112614766281, 32.773007135703843 ], [ 35.027182595618385, 32.773070018073554 ], [ 35.027243686854128, 32.773124840187926 ], [ 35.027304778164769, 32.77317966227227 ], [ 35.027365869550287, 32.773234484326629 ], [ 35.027426962076241, 32.773289307254146 ], [ 35.027504238529879, 32.773350012230786 ], [ 35.027581516153987, 32.773410718062678 ], [ 35.027658794950369, 32.773471423848228 ], [ 35.0277360727844, 32.773532129584353 ], [ 35.027813350723392, 32.773592835272588 ], [ 35.027890628767324, 32.773653540912939 ], [ 35.027967906916217, 32.773714246505378 ], [ 35.028045186237399, 32.773774952051426 ], [ 35.028122464596208, 32.773835657548105 ], [ 35.028199743059993, 32.773896362996837 ], [ 35.028277021628739, 32.773957068397713 ], [ 35.028354301369745, 32.774017773752149 ], [ 35.0284315801484, 32.774078479057231 ], [ 35.028508859032016, 32.7741391843144 ], [ 35.028586138020593, 32.774199889523679 ], [ 35.028663417114117, 32.774260594685046 ], [ 35.028740697379938, 32.774321299800022 ], [ 35.028817976683399, 32.774382004865586 ], [ 35.028895256091815, 32.77444270988326 ], [ 35.028972535605199, 32.774503414853037 ], [ 35.029049815223537, 32.774564119774908 ], [ 35.029127096014179, 32.774624824650374 ], [ 35.02920437584244, 32.774685529476443 ], [ 35.029281655775677, 32.774746234254614 ], [ 35.029358935813882, 32.774806938984909 ], [ 35.02943621595702, 32.774867643667257 ], [ 35.029513497272475, 32.774928348303213 ], [ 35.029590777625565, 32.774989052889801 ], [ 35.029668058083594, 32.775049757428441 ], [ 35.029745338646613, 32.775110461919219 ], [ 35.029822620381921, 32.775171166363556 ], [ 35.029899901154863, 32.775231870758496 ], [ 35.029977182032773, 32.775292575105532 ], [ 35.030054463015638, 32.775353279404676 ], [ 35.030071153105368, 32.775366388955327 ], [ 35.030131744103485, 32.775413983655902 ], [ 35.030209026363629, 32.775474687860743 ], [ 35.030286307661413, 32.775535392016167 ], [ 35.030363589064144, 32.775596096123692 ], [ 35.030337276607099, 32.77565270054906 ], [ 35.030310964118385, 32.775709304066588 ], [ 35.030284651594442, 32.775765908479627 ], [ 35.03025399870328, 32.775834275798424 ], [ 35.030223345765037, 32.775902643108836 ], [ 35.0301926927797, 32.775971010410807 ], [ 35.030162040814616, 32.776039377705878 ], [ 35.030131387733348, 32.77610774589273 ], [ 35.030132433557014, 32.776193813390073 ], [ 35.030133480447894, 32.776279881789399 ], [ 35.030134526273045, 32.776365950186062 ], [ 35.030135573167172, 32.776452018583008 ], [ 35.03013661899557, 32.776538086977318 ], [ 35.030137665892923, 32.776624155371906 ], [ 35.030138711724575, 32.776710223763807 ], [ 35.030139758623427, 32.776796293057743 ], [ 35.030149136075764, 32.776874796981971 ], [ 35.030158513542503, 32.776953301806273 ], [ 35.030167891027141, 32.777031805727255 ], [ 35.030177267458797, 32.777110310546796 ], [ 35.030186644973973, 32.777188815366216 ], [ 35.030196022505272, 32.777267320183995 ], [ 35.030205398987114, 32.777345824096926 ], [ 35.030214776548966, 32.777424329813137 ], [ 35.03022121597003, 32.777477475738529 ], [ 35.030228599339651, 32.777539189091712 ], [ 35.030237725648931, 32.77761573957666 ], [ 35.030246851969999, 32.777692291863453 ], [ 35.030255978308148, 32.777768843247031 ], [ 35.030265104661602, 32.77784539462904 ], [ 35.030274231028642, 32.777921946911199 ], [ 35.030283357410987, 32.777998499191803 ], [ 35.030293345621182, 32.778083594438293 ], [ 35.030303333846518, 32.778168691486279 ], [ 35.030313322092212, 32.778253787630696 ], [ 35.03032330928918, 32.778338883771717 ], [ 35.030333297570415, 32.778423980814019 ], [ 35.030343284804644, 32.778509076951273 ], [ 35.030353273124888, 32.778594173088123 ], [ 35.030363261462014, 32.778679270124776 ], [ 35.030373248752142, 32.778764366256347 ], [ 35.030355435419594, 32.77877357127209 ], [ 35.030284702399378, 32.778810118818733 ], [ 35.03019615595791, 32.778855870416237 ], [ 35.030107609424256, 32.778901622852182 ], [ 35.03001906280015, 32.778947375224902 ], [ 35.029930516087369, 32.778993126632685 ], [ 35.029841969282359, 32.779038878878978 ], [ 35.029753422388687, 32.779084630160312 ], [ 35.029664876471955, 32.779130381379908 ], [ 35.029576329395631, 32.779176133436486 ], [ 35.029487782230632, 32.779221884528141 ], [ 35.029399234973418, 32.77926763645825 ], [ 35.029310687625745, 32.77931338832515 ], [ 35.029222140189404, 32.779359139227111 ], [ 35.029133592660862, 32.779404890967527 ], [ 35.029045045043645, 32.77945064174304 ], [ 35.028956497334192, 32.779496393356993 ], [ 35.028867949536085, 32.77954214400603 ], [ 35.028779401645764, 32.77958789549352 ], [ 35.02869085366499, 32.779633646917766 ], [ 35.028602305595555, 32.77967939737713 ], [ 35.028513757433892, 32.779725148674942 ], [ 35.028425210250944, 32.779770899009307 ], [ 35.028336661910188, 32.779816649278949 ], [ 35.02824811347719, 32.779862400387046 ], [ 35.028159564953761, 32.779908151431911 ], [ 35.028071016341656, 32.779953901511803 ], [ 35.027982467637308, 32.779999652430199 ], [ 35.027893918842551, 32.780045403285357 ], [ 35.02780537102651, 32.780091153177089 ], [ 35.02776495925017, 32.780078214572256 ], [ 35.027701634261568, 32.780057940800404 ], [ 35.027645867033947, 32.780040086992393 ], [ 35.027638311433059, 32.780037668802969 ], [ 35.02758608041453, 32.780020947979779 ], [ 35.027534092628251, 32.780004305024079 ], [ 35.027533850483017, 32.780004227136338 ], [ 35.027530124420331, 32.780003035243553 ], [ 35.027423438356877, 32.780005012570086 ], [ 35.027413380965619, 32.780005198537573 ], [ 35.027351419444358, 32.780006347205934 ], [ 35.027279400529849, 32.780007681800321 ], [ 35.027275638879999, 32.780007752224115 ], [ 35.027254405419967, 32.780008145996661 ], [ 35.027165487321824, 32.780036468734913 ], [ 35.027076571302381, 32.780064791412734 ], [ 35.027007334374659, 32.780081525346276 ], [ 35.026938097421187, 32.780098259241385 ], [ 35.026868862578539, 32.780114992199422 ], [ 35.026813846437946, 32.780164551682176 ], [ 35.026758830232758, 32.780214112943547 ], [ 35.026718758796221, 32.780263062388023 ], [ 35.026678687312199, 32.780312013622542 ], [ 35.026595864845611, 32.780361173778644 ], [ 35.026513044422899, 32.780410333882301 ], [ 35.026440813808684, 32.78044706557106 ], [ 35.026368585270014, 32.780483797220768 ], [ 35.026386314608793, 32.780516612589011 ] ] ] } },
{ "type": "Feature", "properties": { "OBJECTID_12": 62, "OBJECTID": 2466, "Shape_Leng": 2658.1979788899998, "Shape_Area": 257144.86122465477, "OBJECTID_1": 88, "SEMEL_YISH": 4000, "SHEM_YISHU": "חיפה", "SHEM_YIS_1": "HAIFA", "ROVA": 8, "TAT_ROVA": 81, "SchName": "רמת אלון", "Shape_Length": 2658.1979788912549, "בזב": 2485.0, "מצביעים": 1603.0, "כשרים": 1593.0, "אמת": 105.0, "אצ": 8.0, "ב": 16.0, "ג": 0.0, "ד": 3.0, "ום": 3.0, "ז": 0.0, "זך": 0.0, "זנ": 0.0, "זץ": 0.0, "ט": 72.0, "י": 0.0, "יז": 3.0, "ינ": 0.0, "יץ": 0.0, "יק": 0.0, "כן": 234.0, "ך": 0.0, "ל": 137.0, "מחל": 333.0, "מרצ": 79.0, "נז": 0.0, "ני": 0.0, "נף": 1.0, "נץ": 0.0, "נק": 0.0, "נר": 0.0, "עם": 2.0, "פה": 566.0, "ף": 0.0, "צ": 1.0, "ץ": 0.0, "ק": 1.0, "קי": 0.0, "קך": 1.0, "קנ": 1.0, "קץ": 10.0, "רז": 0.0, "שס": 16.0, "ת": 1.0, "n_stations": 4.0, "turnout_pct": 64.507042253521135, "אמת_pct": 6.5913370998116756, "אצ_pct": 0.50219711236660391, "ב_pct": 1.0043942247332078, "ג_pct": 0.0, "ד_pct": 0.18832391713747645, "ום_pct": 0.18832391713747645, "ז_pct": 0.0, "זך_pct": 0.0, "זנ_pct": 0.0, "זץ_pct": 0.0, "ט_pct": 4.5197740112994351, "י_pct": 0.0, "יז_pct": 0.18832391713747645, "ינ_pct": 0.0, "יץ_pct": 0.0, "יק_pct": 0.0, "כן_pct": 14.689265536723164, "ך_pct": 0.0, "ל_pct": 8.6001255492780917, "מחל_pct": 20.903954802259886, "מרצ_pct": 4.9591964846202128, "נז_pct": 0.0, "ני_pct": 0.0, "נף_pct": 0.062774639045825489, "נץ_pct": 0.0, "נק_pct": 0.0, "נר_pct": 0.0, "עם_pct": 0.12554927809165098, "פה_pct": 35.530445699937225, "ף_pct": 0.0, "צ_pct": 0.062774639045825489, "ץ_pct": 0.0, "ק_pct": 0.062774639045825489, "קי_pct": 0.0, "קך_pct": 0.062774639045825489, "קנ_pct": 0.062774639045825489, "קץ_pct": 0.62774639045825487, "רז_pct": 0.0, "שס_pct": 1.0043942247332078, "ת_pct": 0.062774639045825489 }, "geometry": { "type": "Polygon", "coordinates": [ [ [ 35.015907981214603, 32.778587382399152 ], [ 35.015825339351053, 32.778596449913977 ], [ 35.015717619924061, 32.778608282978524 ], [ 35.015675546861274, 32.778612884977399 ], [ 35.01551391455439, 32.77863050577426 ], [ 35.014967384627468, 32.778994613104231 ], [ 35.014518025612446, 32.778741009792768 ], [ 35.013137149822796, 32.77894052021167 ], [ 35.013055374679674, 32.778952296816726 ], [ 35.013045866567381, 32.778954718675699 ], [ 35.013039133719737, 32.778954617319776 ], [ 35.012981056921554, 32.778942332252321 ], [ 35.012960080551629, 32.778937903529162 ], [ 35.012827005332824, 32.778923000648525 ], [ 35.012713149219188, 32.77890822081266 ], [ 35.012560262783673, 32.77887471961148 ], [ 35.012525506332118, 32.778866401437035 ], [ 35.012399063903274, 32.778836144264936 ], [ 35.012331676259414, 32.778814027862779 ], [ 35.012240349194514, 32.778784053395256 ], [ 35.012047959435144, 32.778708828109167 ], [ 35.01188628620131, 32.778640957078409 ], [ 35.011810231848415, 32.778613816352703 ], [ 35.011713507627498, 32.778579288656132 ], [ 35.01159363131525, 32.778531224161227 ], [ 35.011484851562734, 32.778488126950698 ], [ 35.011515942782772, 32.778429474421927 ], [ 35.011547120125968, 32.778370463142416 ], [ 35.011563857602958, 32.778333880053111 ], [ 35.011549364761862, 32.778323483731505 ], [ 35.011517818241231, 32.778300809809387 ], [ 35.011506950971572, 32.778293034884932 ], [ 35.011365104424392, 32.778191018528531 ], [ 35.011210538301114, 32.777847952749596 ], [ 35.011130308656817, 32.777536202857114 ], [ 35.011084466115626, 32.777362020027972 ], [ 35.010970194270456, 32.776952378938645 ], [ 35.010956156908094, 32.776820893575412 ], [ 35.0109415145646, 32.776683903320368 ], [ 35.010865207500856, 32.776681707952356 ], [ 35.010704373586549, 32.776676859832129 ], [ 35.010688642948068, 32.776594059802228 ], [ 35.010625580843602, 32.776263358976408 ], [ 35.010610010144795, 32.776181685397454 ], [ 35.010612326822482, 32.775853470646581 ], [ 35.010612787009634, 32.775787407679339 ], [ 35.010613110412862, 32.775740133145305 ], [ 35.010623360556558, 32.775640952489567 ], [ 35.01065857113722, 32.775299631932313 ], [ 35.010667329826056, 32.775298114396634 ], [ 35.01074548039081, 32.7752848847081 ], [ 35.010850037952423, 32.775252947700075 ], [ 35.010979643462633, 32.775190568334551 ], [ 35.01108652738899, 32.77512418631138 ], [ 35.011195834886074, 32.775021836559155 ], [ 35.011228945469952, 32.774984463609556 ], [ 35.011294047382208, 32.774910985546548 ], [ 35.011356094549754, 32.774798911035994 ], [ 35.011396110991058, 32.774702039421122 ], [ 35.011402958055221, 32.774649570333935 ], [ 35.011408703176635, 32.774606209387827 ], [ 35.01139870146315, 32.774495818216622 ], [ 35.011372127209349, 32.774390923498991 ], [ 35.011337627723677, 32.774307458002632 ], [ 35.011255981043746, 32.774200841798354 ], [ 35.01116022826443, 32.774112236811476 ], [ 35.011140298567994, 32.77409867070299 ], [ 35.011039988102766, 32.774031980638824 ], [ 35.010934024525554, 32.773979429383118 ], [ 35.010865321972489, 32.773964084599555 ], [ 35.010901421667405, 32.773903627505192 ], [ 35.010942025550534, 32.773835710405791 ], [ 35.011051214823446, 32.773683229849624 ], [ 35.011128513529258, 32.773579018315559 ], [ 35.011210939841462, 32.77346771287602 ], [ 35.011214350272425, 32.773463106858365 ], [ 35.01142392978285, 32.773236287056918 ], [ 35.011574726597587, 32.773096754451856 ], [ 35.011633038757878, 32.773127232266695 ], [ 35.01169962680531, 32.773133001867564 ], [ 35.011729811041754, 32.773125809469533 ], [ 35.011793598780173, 32.773110618381253 ], [ 35.011826603376733, 32.773103180525709 ], [ 35.011848945523653, 32.773084822958239 ], [ 35.011853644886614, 32.773080869027098 ], [ 35.011868897701994, 32.773038322465077 ], [ 35.011989663231866, 32.77306412519701 ], [ 35.012239059934998, 32.77308028766214 ], [ 35.012466840921505, 32.773124549455069 ], [ 35.012656446455061, 32.773198142315628 ], [ 35.012812829477156, 32.773287384431491 ], [ 35.012933739356065, 32.773393602489406 ], [ 35.013023369153366, 32.773507000651882 ], [ 35.013040714290298, 32.773528390143483 ], [ 35.013055237838365, 32.773528146325567 ], [ 35.013063774136953, 32.773527707612701 ], [ 35.01309311551806, 32.773532346564721 ], [ 35.013113801018932, 32.773541935232544 ], [ 35.013128106669519, 32.773538276348226 ], [ 35.013138257595195, 32.773533952881067 ], [ 35.013218061163975, 32.773499993257758 ], [ 35.013314426125042, 32.773459108566321 ], [ 35.013507260434103, 32.773320818966674 ], [ 35.013522445804263, 32.773310019037972 ], [ 35.013544250191082, 32.77329444478822 ], [ 35.013548641727979, 32.773285165805518 ], [ 35.013553359447833, 32.773275081202684 ], [ 35.013605245584031, 32.773166232562808 ], [ 35.013631823531995, 32.773110366035112 ], [ 35.013741595197324, 32.772419367222611 ], [ 35.013753218375143, 32.772346181554106 ], [ 35.01375424007032, 32.772019644409255 ], [ 35.013754891917777, 32.771812013458458 ], [ 35.013703779957616, 32.771603827627118 ], [ 35.01364262570705, 32.771354777802422 ], [ 35.013566128871219, 32.771042495609272 ], [ 35.013549203194621, 32.770973755103753 ], [ 35.01354463727084, 32.770959779959632 ], [ 35.013500209803084, 32.770823008690094 ], [ 35.013451437214876, 32.770672897385282 ], [ 35.013403491814834, 32.770560321362503 ], [ 35.013412187407035, 32.770565120826305 ], [ 35.013424924313746, 32.770572150936374 ], [ 35.013474857103795, 32.770599709863262 ], [ 35.013539830538456, 32.770661575108164 ], [ 35.013611922371169, 32.770687652883375 ], [ 35.013684016376835, 32.770713732423786 ], [ 35.013745243079711, 32.770779968695713 ], [ 35.013806472003914, 32.770846206744039 ], [ 35.013822675764942, 32.77086264408257 ], [ 35.013861211241142, 32.770901734453624 ], [ 35.013861314435466, 32.770901890604158 ], [ 35.013861416568275, 32.770902044047986 ], [ 35.013868042282006, 32.770912070175036 ], [ 35.01390800084036, 32.770972543735958 ], [ 35.013914830824696, 32.770982879453115 ], [ 35.013925464912575, 32.770990578079221 ], [ 35.013970691997862, 32.771023341462303 ], [ 35.013981327162654, 32.771031040085269 ], [ 35.01399095717872, 32.771039629859864 ], [ 35.014035506707131, 32.771079354192409 ], [ 35.014045135666308, 32.771087943961135 ], [ 35.014056317438381, 32.771095075339076 ], [ 35.014060954920083, 32.771098036343943 ], [ 35.014083920652098, 32.77111269315062 ], [ 35.014107974353529, 32.771204908369597 ], [ 35.014342949818328, 32.771974587478347 ], [ 35.014406540514514, 32.772183156250172 ], [ 35.014432992379867, 32.772241530738796 ], [ 35.014545673091675, 32.772490873746598 ], [ 35.014662772637891, 32.772749989614773 ], [ 35.014708370417587, 32.772739870389664 ], [ 35.0147245027728, 32.77273637098321 ], [ 35.014804167132311, 32.772863091600144 ], [ 35.014861712592086, 32.772954617939277 ], [ 35.015058214246558, 32.774063189581831 ], [ 35.015065910976659, 32.774106930794837 ], [ 35.015068505472001, 32.774546055542928 ], [ 35.015074443166007, 32.775569765940908 ], [ 35.015079263077375, 32.776406122735771 ], [ 35.015080222618245, 32.776572974064521 ], [ 35.015080995929104, 32.776707806775548 ], [ 35.015157828353402, 32.777068495850564 ], [ 35.015261827302062, 32.777556663493712 ], [ 35.015285610457809, 32.777668154449103 ], [ 35.015289655965518, 32.777675640125324 ], [ 35.015322074344411, 32.777737107187136 ], [ 35.015436581794752, 32.777952769997391 ], [ 35.015448803286617, 32.777975968332498 ], [ 35.015452528284733, 32.777983102759976 ], [ 35.015470802535965, 32.778017566995551 ], [ 35.015553469503224, 32.778095418742289 ], [ 35.015841728348171, 32.778366992950218 ], [ 35.015874642802743, 32.778401040034481 ], [ 35.015848882804114, 32.778415156991123 ], [ 35.015828375728255, 32.778426573154825 ], [ 35.015830682085401, 32.7784413662445 ], [ 35.015841845260539, 32.778512979513678 ], [ 35.015853342577635, 32.778585588756386 ], [ 35.01586390241814, 32.778584967150323 ], [ 35.015907981214603, 32.778587382399152 ] ] ] } },
{ "type": "Feature", "properties": { "OBJECTID_12": 63, "OBJECTID": 2467, "Shape_Leng": 3911.6042025500001, "Shape_Area": 697715.53573301062, "OBJECTID_1": 89, "SEMEL_YISH": 4000, "SHEM_YISHU": "חיפה", "SHEM_YIS_1": "HAIFA", "ROVA": 8, "TAT_ROVA": 82, "SchName": "רמות רמז", "Shape_Length": 3911.6042025526926, "בזב": 6425.0, "מצביעים": 3831.0, "כשרים": 3817.0, "אמת": 224.0, "אצ": 36.0, "ב": 28.0, "ג": 22.0, "ד": 13.0, "ום": 9.0, "ז": 1.0, "זך": 0.0, "זנ": 0.0, "זץ": 0.0, "ט": 235.0, "י": 2.0, "יז": 21.0, "ינ": 0.0, "יץ": 0.0, "יק": 0.0, "כן": 570.0, "ך": 0.0, "ל": 318.0, "מחל": 795.0, "מרצ": 154.0, "נז": 0.0, "ני": 2.0, "נף": 0.0, "נץ": 1.0, "נק": 0.0, "נר": 0.0, "עם": 6.0, "פה": 1299.0, "ף": 2.0, "צ": 5.0, "ץ": 0.0, "ק": 1.0, "קי": 0.0, "קך": 0.0, "קנ": 1.0, "קץ": 22.0, "רז": 2.0, "שס": 47.0, "ת": 1.0, "n_stations": 11.0, "turnout_pct": 59.626459143968866, "אמת_pct": 5.8684831019124966, "אצ_pct": 0.94314906995022274, "ב_pct": 0.73356038773906207, "ג_pct": 0.57636887608069165, "ד_pct": 0.34058160859313596, "ום_pct": 0.23578726748755569, "ז_pct": 0.026198585276395077, "זך_pct": 0.0, "זנ_pct": 0.0, "זץ_pct": 0.0, "ט_pct": 6.1566675399528421, "י_pct": 0.052397170552790154, "יז_pct": 0.55017029080429658, "ינ_pct": 0.0, "יץ_pct": 0.0, "יק_pct": 0.0, "כן_pct": 14.933193607545192, "ך_pct": 0.0, "ל_pct": 8.3311501178936336, "מחל_pct": 20.827875294734085, "מרצ_pct": 4.0345821325648412, "נז_pct": 0.0, "ני_pct": 0.052397170552790154, "נף_pct": 0.0, "נץ_pct": 0.026198585276395077, "נק_pct": 0.0, "נר_pct": 0.0, "עם_pct": 0.15719151165837045, "פה_pct": 34.031962274037205, "ף_pct": 0.052397170552790154, "צ_pct": 0.13099292638197535, "ץ_pct": 0.0, "ק_pct": 0.026198585276395077, "קי_pct": 0.0, "קך_pct": 0.0, "קנ_pct": 0.026198585276395077, "קץ_pct": 0.57636887608069165, "רז_pct": 0.052397170552790154, "שס_pct": 1.2313335079905685, "ת_pct": 0.026198585276395077 }, "geometry": { "type": "Polygon", "coordinates": [ [ [ 35.012183476633595, 32.783636052014579 ], [ 35.011397409246833, 32.784235044061035 ], [ 35.01135931014317, 32.78431005327063 ], [ 35.011102071895742, 32.784816535418507 ], [ 35.011084231795479, 32.784823811616462 ], [ 35.011086481253464, 32.784818229989291 ], [ 35.011090790810499, 32.784801831201477 ], [ 35.011011461408643, 32.784759603201785 ], [ 35.010759399218458, 32.784625560953813 ], [ 35.010158462905018, 32.784305782153652 ], [ 35.010059422170933, 32.784253081353434 ], [ 35.010050759866679, 32.784213299555397 ], [ 35.009955481416867, 32.78377177916223 ], [ 35.009823026305263, 32.783158061904061 ], [ 35.009816267150029, 32.783126751760854 ], [ 35.009783951430492, 32.782973882253252 ], [ 35.009676061241812, 32.782463526390295 ], [ 35.009660426384578, 32.782389660453617 ], [ 35.009647746441722, 32.782329394870203 ], [ 35.0096460002136, 32.782252930195654 ], [ 35.009614401644612, 32.782253239939379 ], [ 35.009281918103547, 32.782250345625428 ], [ 35.009135241863042, 32.782249065695488 ], [ 35.009081555327583, 32.782246821535388 ], [ 35.009005774778409, 32.782243816124847 ], [ 35.00892806531634, 32.782240360417596 ], [ 35.008862859816851, 32.782236835815027 ], [ 35.008784299532053, 32.782233912494142 ], [ 35.00874427621708, 32.782231588535396 ], [ 35.008364623770014, 32.782219730995124 ], [ 35.007993706349829, 32.782214100484417 ], [ 35.007705504097544, 32.782213114473301 ], [ 35.007420558567972, 32.782236830353966 ], [ 35.007229032595639, 32.78224950803687 ], [ 35.006872563473678, 32.782326136965004 ], [ 35.006596766929924, 32.782410816387724 ], [ 35.006573676832254, 32.782420253134831 ], [ 35.006563208851112, 32.782424472766984 ], [ 35.006542942308812, 32.782371601416948 ], [ 35.006253962162162, 32.781612817101873 ], [ 35.00623730733578, 32.781568966559348 ], [ 35.006199505543464, 32.781534449368316 ], [ 35.005259515253236, 32.780676093672696 ], [ 35.003320523763492, 32.780182850837996 ], [ 35.002987560040971, 32.780098146267292 ], [ 35.002956627489908, 32.780090277026183 ], [ 35.002746639616532, 32.779866313282433 ], [ 35.002707777452834, 32.779824868304573 ], [ 35.002730988756397, 32.779802276723053 ], [ 35.002743427463962, 32.779777040255517 ], [ 35.002777204620457, 32.77970865773694 ], [ 35.002972271795137, 32.779313138010615 ], [ 35.003074121752867, 32.779106620478132 ], [ 35.003198184314321, 32.778855160149789 ], [ 35.003212605396982, 32.778849143753206 ], [ 35.003361220660992, 32.778785899357956 ], [ 35.003597056184475, 32.77862172355168 ], [ 35.003741178717533, 32.778463611306307 ], [ 35.003794740393964, 32.778330150537897 ], [ 35.003794389000262, 32.778297429239515 ], [ 35.003792537953132, 32.778172896679422 ], [ 35.003767449362542, 32.777984043206011 ], [ 35.003730932378879, 32.777750083017835 ], [ 35.0036754710612, 32.77754504050241 ], [ 35.003669634924847, 32.777524019834118 ], [ 35.003646629784981, 32.777458970698135 ], [ 35.003579909734611, 32.777270326364864 ], [ 35.003566343097482, 32.777089958219733 ], [ 35.003566434852019, 32.777049111541132 ], [ 35.003566673643846, 32.776942807382476 ], [ 35.003570684847524, 32.776818284190696 ], [ 35.003582714127532, 32.776781155403462 ], [ 35.003604864683574, 32.776712395112099 ], [ 35.003655851596207, 32.776583438716955 ], [ 35.003696299344469, 32.776487745210787 ], [ 35.003697068867474, 32.776482532837214 ], [ 35.003694668228164, 32.776456451942259 ], [ 35.003675881694903, 32.776249648514657 ], [ 35.003674361176429, 32.776232804199523 ], [ 35.00369123234735, 32.776227781732182 ], [ 35.004113671421997, 32.776102819088223 ], [ 35.0043897472015, 32.776021149905233 ], [ 35.004434330555618, 32.775651696984916 ], [ 35.004449007810187, 32.775529906669561 ], [ 35.004459055131171, 32.775523517055461 ], [ 35.005098865496528, 32.775116661462363 ], [ 35.005554956857608, 32.774826625219461 ], [ 35.00592433630581, 32.774656301627978 ], [ 35.005986805074087, 32.774627499407046 ], [ 35.006465469617474, 32.774406774699258 ], [ 35.006530327030433, 32.774376868696052 ], [ 35.006850286494284, 32.774229271799683 ], [ 35.006959995159676, 32.774350062870148 ], [ 35.007013819535103, 32.774356349551937 ], [ 35.007297776765569, 32.774315450228478 ], [ 35.00747502805249, 32.774267040967423 ], [ 35.007669763858743, 32.774196435701505 ], [ 35.007841639284379, 32.774111291381516 ], [ 35.007919973147594, 32.774056618163009 ], [ 35.008596742322538, 32.773984032552214 ], [ 35.008872300650289, 32.774062881658324 ], [ 35.009002451664514, 32.774487246337927 ], [ 35.009047044642621, 32.774630934479063 ], [ 35.009103980952034, 32.774814451738976 ], [ 35.009108315308211, 32.774832575379278 ], [ 35.009123398249571, 32.774966778523797 ], [ 35.009170578351601, 32.77506378441349 ], [ 35.009243899533146, 32.775161907633809 ], [ 35.009290986562405, 32.775205803416995 ], [ 35.009316641947265, 32.775234789625216 ], [ 35.009339738021353, 32.775212822393982 ], [ 35.00939468365695, 32.775175126855537 ], [ 35.009485267471796, 32.77514145601203 ], [ 35.00951880874355, 32.775129153148754 ], [ 35.00962670632007, 32.775134916871302 ], [ 35.009710041246741, 32.775148025421835 ], [ 35.009879939476662, 32.775202391115712 ], [ 35.010027461143913, 32.775245450659511 ], [ 35.010036105386142, 32.775246010498783 ], [ 35.010074414717252, 32.775251747007637 ], [ 35.010199656446083, 32.775281246342523 ], [ 35.010285749848499, 32.77530112511559 ], [ 35.010382958132084, 32.775311374695818 ], [ 35.010510391656489, 32.775312654019082 ], [ 35.010626535015035, 32.775304990760013 ], [ 35.01065857113722, 32.775299631932313 ], [ 35.010623360556558, 32.775640952489567 ], [ 35.010613110410915, 32.775740134047005 ], [ 35.010612788076983, 32.775787407680987 ], [ 35.010612326822482, 32.775853470646581 ], [ 35.010610010142841, 32.776181686299147 ], [ 35.010625580843602, 32.776263358976408 ], [ 35.010688642948068, 32.776594059802228 ], [ 35.010704373586549, 32.776676859832129 ], [ 35.01086520749891, 32.776681708854056 ], [ 35.010941514562639, 32.776683904222025 ], [ 35.010956156906133, 32.776820894477105 ], [ 35.010970194268523, 32.776952379840353 ], [ 35.011084466115626, 32.777362020027972 ], [ 35.011130308656817, 32.777536202857114 ], [ 35.011210539368456, 32.777847952751237 ], [ 35.011365105489801, 32.778191019431858 ], [ 35.011506950969618, 32.778293035786625 ], [ 35.011517819306654, 32.778300810712736 ], [ 35.011549364759908, 32.778323484633177 ], [ 35.011563858670335, 32.77833388005476 ], [ 35.011547120125968, 32.778370463142416 ], [ 35.011515942782772, 32.778429474421927 ], [ 35.011484851562734, 32.778488126950698 ], [ 35.01159363131525, 32.778531224161227 ], [ 35.011713507627498, 32.778579288656132 ], [ 35.011810231846454, 32.778613817254389 ], [ 35.011886286199378, 32.778640957980087 ], [ 35.012047959435144, 32.778708828109167 ], [ 35.012240349192567, 32.778784054296935 ], [ 35.012331676259414, 32.778814027862779 ], [ 35.012399063901327, 32.778836145166622 ], [ 35.012525507399488, 32.778866401438655 ], [ 35.012560262783673, 32.77887471961148 ], [ 35.012713149219188, 32.77890822081266 ], [ 35.012827005332824, 32.778923000648525 ], [ 35.012960080551629, 32.778937903529162 ], [ 35.012981057988938, 32.778942332253962 ], [ 35.013039133719737, 32.778954617319776 ], [ 35.013045866565456, 32.778954719577378 ], [ 35.013113550157961, 32.778997289214836 ], [ 35.013175140521597, 32.779048148723291 ], [ 35.013215088177382, 32.779132157580463 ], [ 35.013227398633596, 32.779218378490548 ], [ 35.013217916246646, 32.779308084558402 ], [ 35.013197186556582, 32.779417343863827 ], [ 35.013185863877148, 32.77947214427639 ], [ 35.013175615687587, 32.779522621794563 ], [ 35.013173773480347, 32.779530553905424 ], [ 35.013172432591219, 32.779614499736525 ], [ 35.013179372316451, 32.779712522857338 ], [ 35.013193870201277, 32.779771158818377 ], [ 35.013225655531073, 32.779838830904552 ], [ 35.013276589542862, 32.779920696035106 ], [ 35.01330756437855, 32.779964113050738 ], [ 35.013318836482817, 32.779979909920435 ], [ 35.013275950695416, 32.780071727291812 ], [ 35.013258235943759, 32.780121746178885 ], [ 35.013235362939731, 32.780186002180237 ], [ 35.013229005504257, 32.780212956786691 ], [ 35.013215219439132, 32.780271628923508 ], [ 35.013229993474745, 32.780348928594009 ], [ 35.013242529860207, 32.780386481708952 ], [ 35.013265205720558, 32.780454390549323 ], [ 35.013359292558071, 32.780635414218565 ], [ 35.013472861861125, 32.780830539370029 ], [ 35.013689684716617, 32.781267645583206 ], [ 35.013796188281518, 32.781529304797722 ], [ 35.013893767009478, 32.781741739406506 ], [ 35.013896705904415, 32.781748113452913 ], [ 35.013944936364801, 32.781855218045528 ], [ 35.013966041447937, 32.78196742285165 ], [ 35.0139596535804, 32.782009706264226 ], [ 35.01395349646878, 32.782043880178151 ], [ 35.013943222479078, 32.782105526099208 ], [ 35.013892388984132, 32.782221046155193 ], [ 35.013865565384016, 32.782281781432943 ], [ 35.013874251440335, 32.782285089439519 ], [ 35.013927850305052, 32.78230550418192 ], [ 35.01404493611971, 32.782362663901012 ], [ 35.014100886905965, 32.782404499212497 ], [ 35.014166265881613, 32.782481150652693 ], [ 35.014174242675693, 32.782490722540892 ], [ 35.014222335251823, 32.782564642612876 ], [ 35.014294163341511, 32.782720835110403 ], [ 35.014351141544338, 32.782830850856556 ], [ 35.014433287660381, 32.78295098389583 ], [ 35.014466210257822, 32.782984750011124 ], [ 35.014444949462884, 32.78299463642098 ], [ 35.014421640573225, 32.783012912701075 ], [ 35.014403454975167, 32.783031368069786 ], [ 35.014401130388052, 32.783070404344286 ], [ 35.014403306071813, 32.783101420552789 ], [ 35.014404025000246, 32.783111709986677 ], [ 35.014420501287191, 32.783147164388097 ], [ 35.014275979685138, 32.783243249782757 ], [ 35.01409736377741, 32.783357405488047 ], [ 35.014059737348965, 32.783384123258848 ], [ 35.014038879997784, 32.783398978552718 ], [ 35.013974090638129, 32.78344513884651 ], [ 35.013893354451227, 32.783515974090591 ], [ 35.013881158455042, 32.783531733404978 ], [ 35.013859824135302, 32.783524943650718 ], [ 35.013845001811475, 32.783519869806682 ], [ 35.01379801440762, 32.783528277861009 ], [ 35.013759523602275, 32.783555803947621 ], [ 35.013741627145279, 32.783586717479409 ], [ 35.013728818114657, 32.783585597914438 ], [ 35.013638014940639, 32.78357473309795 ], [ 35.013630456010489, 32.783611424188557 ], [ 35.013090154510003, 32.783598154974534 ], [ 35.012976768133854, 32.783605467626138 ], [ 35.012785451691144, 32.78361798279515 ], [ 35.012784962477461, 32.78360120510591 ], [ 35.012784764840674, 32.783593810902957 ], [ 35.012764121016573, 32.78359259449492 ], [ 35.012584858487138, 32.783582053417746 ], [ 35.012277899141445, 32.783564093716301 ], [ 35.012183476633595, 32.783636052014579 ] ] ] } },
{ "type": "Feature", "properties": { "OBJECTID_12": 64, "OBJECTID": 2469, "Shape_Leng": 2179.09811756, "Shape_Area": 278165.63997933082, "OBJECTID_1": 91, "SEMEL_YISH": 4000, "SHEM_YISHU": "חיפה", "SHEM_YIS_1": "HAIFA", "ROVA": 8, "TAT_ROVA": 82, "SchName": "רמת חן", "Shape_Length": 2179.0981175626771, "בזב": null, "מצביעים": null, "כשרים": null, "אמת": null, "אצ": null, "ב": null, "ג": null, "ד": null, "ום": null, "ז": null, "זך": null, "זנ": null, "זץ": null, "ט": null, "י": null, "יז": null, "ינ": null, "יץ": null, "יק": null, "כן": null, "ך": null, "ל": null, "מחל": null, "מרצ": null, "נז": null, "ני": null, "נף": null, "נץ": null, "נק": null, "נר": null, "עם": null, "פה": null, "ף": null, "צ": null, "ץ": null, "ק": null, "קי": null, "קך": null, "קנ": null, "קץ": null, "רז": null, "שס": null, "ת": null, "n_stations": null, "turnout_pct": null, "אמת_pct": null, "אצ_pct": null, "ב_pct": null, "ג_pct": null, "ד_pct": null, "ום_pct": null, "ז_pct": null, "זך_pct": null, "זנ_pct": null, "זץ_pct": null, "ט_pct": null, "י_pct": null, "יז_pct": null, "ינ_pct": null, "יץ_pct": null, "יק_pct": null, "כן_pct": null, "ך_pct": null, "ל_pct": null, "מחל_pct": null, "מרצ_pct": null, "נז_pct": null, "ני_pct": null, "נף_pct": null, "נץ_pct": null, "נק_pct": null, "נר_pct": null, "עם_pct": null, "פה_pct": null, "ף_pct": null, "צ_pct": null, "ץ_pct": null, "ק_pct": null, "קי_pct": null, "קך_pct": null, "קנ_pct": null, "קץ_pct": null, "רז_pct": null, "שס_pct": null, "ת_pct": null }, "geometry": { "type": "Polygon", "coordinates": [ [ [ 35.010974344289025, 32.788393543375321 ], [ 35.010852337280781, 32.788443586499334 ], [ 35.010586124673338, 32.788581849146304 ], [ 35.010401844252186, 32.788692022328419 ], [ 35.010162595723052, 32.788848276758905 ], [ 35.010010621306435, 32.788930911212297 ], [ 35.009869428478105, 32.789009591163051 ], [ 35.009781721734733, 32.789042187321094 ], [ 35.009774031672229, 32.789045505329227 ], [ 35.009551045535048, 32.789134244236706 ], [ 35.009545595535535, 32.789135886760604 ], [ 35.009382583229879, 32.789185198292394 ], [ 35.009192598796318, 32.789217542775468 ], [ 35.008994207385932, 32.789242663005105 ], [ 35.008765947001336, 32.789254124293585 ], [ 35.00857016843802, 32.789254985142065 ], [ 35.008391076512936, 32.789236671120619 ], [ 35.008247133123412, 32.78920876196068 ], [ 35.008135450036718, 32.789172521039852 ], [ 35.008045868261753, 32.789126760316087 ], [ 35.007994486228775, 32.789093132219151 ], [ 35.007770312773673, 32.789046257579727 ], [ 35.007756228644404, 32.789046013651948 ], [ 35.007614682797524, 32.789043576786796 ], [ 35.00749362802285, 32.789041488471597 ], [ 35.007294301549642, 32.789052988955461 ], [ 35.00722041641032, 32.789057290965097 ], [ 35.007206861610904, 32.789058083855586 ], [ 35.00707491992658, 32.78910359106019 ], [ 35.007036505982718, 32.788168166021272 ], [ 35.007033484936855, 32.788094711037019 ], [ 35.006958044118427, 32.787939588162047 ], [ 35.006720050040002, 32.787332916114948 ], [ 35.00653691171847, 32.786208298539265 ], [ 35.006417333366763, 32.78547447362287 ], [ 35.006333860443107, 32.78496219793599 ], [ 35.00633422264989, 32.784958191376788 ], [ 35.006337908868055, 32.784917115085825 ], [ 35.006372715925338, 32.784531445780999 ], [ 35.006420147246217, 32.784005592743526 ], [ 35.006435850357917, 32.783831639115817 ], [ 35.006511347373817, 32.782997052954592 ], [ 35.006563208853102, 32.782424471865305 ], [ 35.006573676832254, 32.782420253134831 ], [ 35.006596766931921, 32.782410815486031 ], [ 35.006872563473678, 32.782326136965004 ], [ 35.007229032597614, 32.782249507135177 ], [ 35.007420558567972, 32.782236830353966 ], [ 35.007705504097544, 32.782213114473301 ], [ 35.007993706349829, 32.782214100484417 ], [ 35.008364623770014, 32.782219730995124 ], [ 35.00874427621708, 32.782231588535396 ], [ 35.008784299534007, 32.782233911592428 ], [ 35.008862859816851, 32.782236835815027 ], [ 35.008928064250888, 32.782240359514233 ], [ 35.009005774778409, 32.782243816124847 ], [ 35.009081554260177, 32.782246821533754 ], [ 35.009135241863042, 32.782249065695488 ], [ 35.009281918103547, 32.782250345625428 ], [ 35.00961440164658, 32.782253239037694 ], [ 35.009646000215547, 32.782252929293975 ], [ 35.009647746441722, 32.782329394870203 ], [ 35.009660426384578, 32.782389660453617 ], [ 35.009676061243766, 32.782463525488616 ], [ 35.009783951432453, 32.782973881351566 ], [ 35.009816267150029, 32.783126751760854 ], [ 35.009823026307231, 32.783158061002347 ], [ 35.009955481418835, 32.783771778260522 ], [ 35.010050759866679, 32.784213299555397 ], [ 35.010059422170933, 32.784253081353434 ], [ 35.010158462906979, 32.784305781251959 ], [ 35.010759398151031, 32.784625560952165 ], [ 35.01101146141059, 32.784759602300085 ], [ 35.011090790812446, 32.784801830299763 ], [ 35.011086481255404, 32.784818229087605 ], [ 35.011084231795479, 32.784823811616462 ], [ 35.010905352783965, 32.78525634719707 ], [ 35.010895265974796, 32.785280680984698 ], [ 35.010884640157265, 32.785306463864117 ], [ 35.010874527680855, 32.785736545878883 ], [ 35.010874069349001, 32.785751515108622 ], [ 35.010842942893312, 32.787057300454499 ], [ 35.010842359702032, 32.787084076277836 ], [ 35.010923561721576, 32.787889415911266 ], [ 35.0109683950716, 32.788334384833881 ], [ 35.010974344289025, 32.788393543375321 ] ] ] } },
{ "type": "Feature", "properties": { "OBJECTID_12": 65, "OBJECTID": 2470, "Shape_Leng": 2815.3163607000001, "Shape_Area": 310383.95087905717, "OBJECTID_1": 92, "SEMEL_YISH": 4000, "SHEM_YISHU": "חיפה", "SHEM_YIS_1": "HAIFA", "ROVA": 8, "TAT_ROVA": 82, "SchName": "רמת ספיר", "Shape_Length": 2815.3163607013244, "בזב": 2011.0, "מצביעים": 1418.0, "כשרים": 1411.0, "אמת": 108.0, "אצ": 3.0, "ב": 6.0, "ג": 2.0, "ד": 2.0, "ום": 2.0, "ז": 0.0, "זך": 0.0, "זנ": 0.0, "זץ": 0.0, "ט": 59.0, "י": 1.0, "יז": 7.0, "ינ": 0.0, "יץ": 0.0, "יק": 0.0, "כן": 213.0, "ך": 0.0, "ל": 93.0, "מחל": 241.0, "מרצ": 57.0, "נז": 0.0, "ני": 1.0, "נף": 0.0, "נץ": 0.0, "נק": 1.0, "נר": 0.0, "עם": 1.0, "פה": 590.0, "ף": 2.0, "צ": 0.0, "ץ": 1.0, "ק": 0.0, "קי": 0.0, "קך": 0.0, "קנ": 1.0, "קץ": 6.0, "רז": 0.0, "שס": 14.0, "ת": 0.0, "n_stations": 4.0, "turnout_pct": 70.512182993535561, "אמת_pct": 7.6541459957476965, "אצ_pct": 0.21261516654854712, "ב_pct": 0.42523033309709424, "ג_pct": 0.14174344436569808, "ד_pct": 0.14174344436569808, "ום_pct": 0.14174344436569808, "ז_pct": 0.0, "זך_pct": 0.0, "זנ_pct": 0.0, "זץ_pct": 0.0, "ט_pct": 4.1814316087880936, "י_pct": 0.07087172218284904, "יז_pct": 0.49610205527994328, "ינ_pct": 0.0, "יץ_pct": 0.0, "יק_pct": 0.0, "כן_pct": 15.095676824946846, "ך_pct": 0.0, "ל_pct": 6.5910701630049608, "מחל_pct": 17.080085046066621, "מרצ_pct": 4.0396881644223956, "נז_pct": 0.0, "ני_pct": 0.07087172218284904, "נף_pct": 0.0, "נץ_pct": 0.0, "נק_pct": 0.07087172218284904, "נר_pct": 0.0, "עם_pct": 0.07087172218284904, "פה_pct": 41.81431608788094, "ף_pct": 0.14174344436569808, "צ_pct": 0.0, "ץ_pct": 0.07087172218284904, "ק_pct": 0.0, "קי_pct": 0.0, "קך_pct": 0.0, "קנ_pct": 0.07087172218284904, "קץ_pct": 0.42523033309709424, "רז_pct": 0.0, "שס_pct": 0.99220411055988655, "ת_pct": 0.0 }, "geometry": { "type": "Polygon", "coordinates": [ [ [ 35.00707491992658, 32.78910359106019 ], [ 35.006814254074683, 32.789193435218593 ], [ 35.006419041795496, 32.789445831057087 ], [ 35.006213041389081, 32.78962142039807 ], [ 35.006193789843593, 32.78963779806368 ], [ 35.00594929194834, 32.789855641641118 ], [ 35.005878683399942, 32.789918547347291 ], [ 35.005778278962246, 32.789991690489373 ], [ 35.005648111712489, 32.790053431290701 ], [ 35.005509573243081, 32.790090994162803 ], [ 35.005379201342336, 32.790102597461278 ], [ 35.005281307091828, 32.790102441870715 ], [ 35.005197019664706, 32.790085897012681 ], [ 35.004183082871023, 32.790184013079866 ], [ 35.003883625772183, 32.790382355761068 ], [ 35.003676421155738, 32.790519618768322 ], [ 35.00366713964921, 32.790520775194018 ], [ 35.003648254036008, 32.790523180400825 ], [ 35.003611551060345, 32.790555220971896 ], [ 35.003607377282215, 32.79055891573465 ], [ 35.003600103773806, 32.790565301592856 ], [ 35.003475262669795, 32.790586478746519 ], [ 35.003344740932363, 32.790572195656374 ], [ 35.003226423751251, 32.790541529318382 ], [ 35.003240720509837, 32.790498632548626 ], [ 35.003245992737646, 32.790476462048943 ], [ 35.003259036964756, 32.790421845751432 ], [ 35.00327651161232, 32.790347209040739 ], [ 35.003279972793834, 32.790320523554023 ], [ 35.003298223901957, 32.790182140121011 ], [ 35.003284286153473, 32.790063183395439 ], [ 35.003268119770205, 32.789943143759537 ], [ 35.003213573312266, 32.78980166330976 ], [ 35.003126300618895, 32.789636339950576 ], [ 35.003011937280071, 32.789461405095295 ], [ 35.002997987204743, 32.789442392986132 ], [ 35.002903067766667, 32.789312990581465 ], [ 35.002728921738409, 32.789112976031838 ], [ 35.002714390090311, 32.789096283013023 ], [ 35.002693643099839, 32.789072168959009 ], [ 35.002495073032037, 32.788884661818877 ], [ 35.002269106666198, 32.788684757842503 ], [ 35.002103481132707, 32.788565728302672 ], [ 35.002087176505761, 32.788554252254578 ], [ 35.001874965485847, 32.788411358658649 ], [ 35.00174978294455, 32.788350290921976 ], [ 35.001616713382958, 32.788279106807046 ], [ 35.001548869199986, 32.788255829719652 ], [ 35.001342239448739, 32.78819237540803 ], [ 35.001097309001437, 32.788118757815518 ], [ 35.000858419232657, 32.788066526026959 ], [ 35.000635717645913, 32.788029551538891 ], [ 35.000372015994081, 32.787995847948793 ], [ 35.000124617432967, 32.7879751556926 ], [ 34.999937014328893, 32.787954564177781 ], [ 34.999916617644324, 32.787949481393071 ], [ 34.99979924677497, 32.787918758357137 ], [ 34.999771412624483, 32.787911461462201 ], [ 34.999586687848371, 32.787842360267646 ], [ 34.999412704326382, 32.787746316621963 ], [ 34.999254673154795, 32.787622619551847 ], [ 34.99913802675519, 32.787519367496877 ], [ 34.999067338097582, 32.787434665494736 ], [ 34.999060525463364, 32.787429063821676 ], [ 34.99901939983512, 32.78739175912412 ], [ 34.998958460004637, 32.787337554821377 ], [ 34.998789707230493, 32.787237557742387 ], [ 34.998675319285333, 32.787174785118275 ], [ 34.998840096720016, 32.787193004773329 ], [ 34.998949910810033, 32.787205087308337 ], [ 34.999056211030933, 32.787211483312078 ], [ 34.999200325554398, 32.78721333532539 ], [ 34.999206619200841, 32.787213437608543 ], [ 34.999292625511643, 32.787177512502076 ], [ 34.999430915163771, 32.787159162167633 ], [ 34.999594033919536, 32.787158256785773 ], [ 35.000009685023926, 32.787263718023276 ], [ 35.000153924784819, 32.787346274397663 ], [ 35.000286949628752, 32.787383103639641 ], [ 35.000576423547727, 32.787450186792881 ], [ 35.000583134477623, 32.787451746824047 ], [ 35.000803387702675, 32.787483664330701 ], [ 35.001050651988493, 32.787466666907342 ], [ 35.001240669510409, 32.787418467700569 ], [ 35.001455157990357, 32.787312860003802 ], [ 35.001617905581853, 32.787189140605463 ], [ 35.001631826258311, 32.787172836160345 ], [ 35.001731790312142, 32.787055790291028 ], [ 35.001810652133969, 32.786924627546078 ], [ 35.001913331039411, 32.786647520715576 ], [ 35.001946409247459, 32.786560204493661 ], [ 35.00202179779761, 32.786405952609257 ], [ 35.002093469092053, 32.786208340294316 ], [ 35.002128463419361, 32.786111907372991 ], [ 35.002224667717016, 32.785862918155551 ], [ 35.002338793957747, 32.785526685442044 ], [ 35.002410582338676, 32.785314896659195 ], [ 35.002534519508906, 32.785077320453489 ], [ 35.002572829122457, 32.78501934460288 ], [ 35.0025981439086, 32.784981031802047 ], [ 35.002613459875853, 32.78495734731365 ], [ 35.002643673209974, 32.78491192892416 ], [ 35.002651265109435, 32.784900511269072 ], [ 35.002806628551426, 32.784737914423395 ], [ 35.00292945494013, 32.784612501440911 ], [ 35.002952769822343, 32.784594686282446 ], [ 35.00297608022634, 32.784576959478457 ], [ 35.003137536665179, 32.784455569545344 ], [ 35.003349393783388, 32.784327337092783 ], [ 35.003365854067859, 32.784317271742019 ], [ 35.003706430491349, 32.784103126119554 ], [ 35.004043907502741, 32.783886625687245 ], [ 35.004242835648157, 32.783765841568503 ], [ 35.004310824437759, 32.783724747236526 ], [ 35.004375148749098, 32.7836859887176 ], [ 35.004381991156059, 32.783682124158524 ], [ 35.0047582414755, 32.783453336775906 ], [ 35.004864040500735, 32.783390282100854 ], [ 35.005074205854555, 32.783265017793397 ], [ 35.005562916454842, 32.782957499530937 ], [ 35.00587053469328, 32.782774313046346 ], [ 35.006095754145711, 32.78263374024246 ], [ 35.006302095926365, 32.782530999358677 ], [ 35.006563208853102, 32.782424471865305 ], [ 35.006511347373817, 32.782997052954592 ], [ 35.006435850357917, 32.783831639115817 ], [ 35.006420147246217, 32.784005592743526 ], [ 35.006372715925338, 32.784531445780999 ], [ 35.006337908868055, 32.784917115085825 ], [ 35.00633422264989, 32.784958191376788 ], [ 35.006333860443107, 32.78496219793599 ], [ 35.006417333366763, 32.78547447362287 ], [ 35.00653691171847, 32.786208298539265 ], [ 35.006720050040002, 32.787332916114948 ], [ 35.006958044118427, 32.787939588162047 ], [ 35.007033484936855, 32.788094711037019 ], [ 35.007036505982718, 32.788168166021272 ], [ 35.00707491992658, 32.78910359106019 ] ] ] } },
{ "type": "Feature", "properties": { "OBJECTID_12": 66, "OBJECTID": 2471, "Shape_Leng": 1999.1771416900001, "Shape_Area": 232488.73874909524, "OBJECTID_1": 93, "SEMEL_YISH": 4000, "SHEM_YISHU": "חיפה", "SHEM_YIS_1": "HAIFA", "ROVA": 8, "TAT_ROVA": 82, "SchName": "גבעת זמר", "Shape_Length": 1999.1771416918762, "בזב": null, "מצביעים": null, "כשרים": null, "אמת": null, "אצ": null, "ב": null, "ג": null, "ד": null, "ום": null, "ז": null, "זך": null, "זנ": null, "זץ": null, "ט": null, "י": null, "יז": null, "ינ": null, "יץ": null, "יק": null, "כן": null, "ך": null, "ל": null, "מחל": null, "מרצ": null, "נז": null, "ני": null, "נף": null, "נץ": null, "נק": null, "נר": null, "עם": null, "פה": null, "ף": null, "צ": null, "ץ": null, "ק": null, "קי": null, "קך": null, "קנ": null, "קץ": null, "רז": null, "שס": null, "ת": null, "n_stations": null, "turnout_pct": null, "אמת_pct": null, "אצ_pct": null, "ב_pct": null, "ג_pct": null, "ד_pct": null, "ום_pct": null, "ז_pct": null, "זך_pct": null, "זנ_pct": null, "זץ_pct": null, "ט_pct": null, "י_pct": null, "יז_pct": null, "ינ_pct": null, "יץ_pct": null, "יק_pct": null, "כן_pct": null, "ך_pct": null, "ל_pct": null, "מחל_pct": null, "מרצ_pct": null, "נז_pct": null, "ני_pct": null, "נף_pct": null, "נץ_pct": null, "נק_pct": null, "נר_pct": null, "עם_pct": null, "פה_pct": null, "ף_pct": null, "צ_pct": null, "ץ_pct": null, "ק_pct": null, "קי_pct": null, "קך_pct": null, "קנ_pct": null, "קץ_pct": null, "רז_pct": null, "שס_pct": null, "ת_pct": null }, "geometry": { "type": "Polygon", "coordinates": [ [ [ 35.006563208853102, 32.782424471865305 ], [ 35.006302095926365, 32.782530999358677 ], [ 35.006095754145711, 32.78263374024246 ], [ 35.00587053469328, 32.782774313046346 ], [ 35.005562916454842, 32.782957499530937 ], [ 35.005074205854555, 32.783265017793397 ], [ 35.004864040500735, 32.783390282100854 ], [ 35.0047582414755, 32.783453336775906 ], [ 35.004381991156059, 32.783682124158524 ], [ 35.004375148749098, 32.7836859887176 ], [ 35.004310824437759, 32.783724747236526 ], [ 35.004242835648157, 32.783765841568503 ], [ 35.004043907502741, 32.783886625687245 ], [ 35.003706430491349, 32.784103126119554 ], [ 35.003365854067859, 32.784317271742019 ], [ 35.003349393783388, 32.784327337092783 ], [ 35.003137536665179, 32.784455569545344 ], [ 35.00297608022634, 32.784576959478457 ], [ 35.002952769822343, 32.784594686282446 ], [ 35.00292945494013, 32.784612501440911 ], [ 35.002806628551426, 32.784737914423395 ], [ 35.002651265109435, 32.784900511269072 ], [ 35.002643673209974, 32.78491192892416 ], [ 35.002613459875853, 32.78495734731365 ], [ 35.002613634513352, 32.784932003659925 ], [ 35.002460394646683, 32.784863558826096 ], [ 35.001708749521022, 32.78457064654053 ], [ 35.000891994476213, 32.784102149652718 ], [ 35.000511557418569, 32.783615149562884 ], [ 35.000033644717519, 32.783286210615053 ], [ 34.999624718390969, 32.783127323278102 ], [ 34.999590830801168, 32.782725173223064 ], [ 34.999465838493478, 32.782497283586892 ], [ 34.999392520701235, 32.782350431681728 ], [ 34.999315549066957, 32.782196262804987 ], [ 34.999242814033167, 32.782050578553878 ], [ 34.999167152095829, 32.78189896983384 ], [ 34.999154931014154, 32.781874414686008 ], [ 34.999046084376722, 32.781656383142476 ], [ 34.998732802494644, 32.781028831236632 ], [ 34.998758098637055, 32.781028073863553 ], [ 34.998801448173211, 32.781026722143949 ], [ 34.999564150381261, 32.781003057776672 ], [ 34.999884589364228, 32.781048035819097 ], [ 35.000110233409593, 32.781054085588103 ], [ 35.00040779748614, 32.780919314409381 ], [ 35.000411045752799, 32.780917848132212 ], [ 35.000449911554703, 32.780900359916551 ], [ 35.000462311726743, 32.780894703932695 ], [ 35.000523772424884, 32.780951617091851 ], [ 35.000582112828383, 32.780967479973732 ], [ 35.000758703955782, 32.7809046494013 ], [ 35.001015035482546, 32.780835723666755 ], [ 35.001332465143818, 32.780751207866778 ], [ 35.001644105719478, 32.780675611379273 ], [ 35.001787763867632, 32.780635899613074 ], [ 35.001911440098979, 32.780601834261461 ], [ 35.001936335879741, 32.780594923331449 ], [ 35.002107716660156, 32.780563107061987 ], [ 35.002122931192375, 32.78052358958206 ], [ 35.002170860414381, 32.78039919873472 ], [ 35.002301443881933, 32.780236464993699 ], [ 35.002547206449208, 32.779981143111677 ], [ 35.002564403724811, 32.779964400186643 ], [ 35.002707777454887, 32.779824867402901 ], [ 35.002746639616532, 32.779866313282433 ], [ 35.002956627489908, 32.780090277026183 ], [ 35.002987560040971, 32.780098146267292 ], [ 35.003320523763492, 32.780182850837996 ], [ 35.005259515253236, 32.780676093672696 ], [ 35.00619950554546, 32.781534448466616 ], [ 35.006237306268382, 32.781568966557657 ], [ 35.006253961096746, 32.781612816198503 ], [ 35.006542942308812, 32.782371601416948 ], [ 35.006563208853102, 32.782424471865305 ] ] ] } },
{ "type": "Feature", "properties": { "OBJECTID_12": 67, "OBJECTID": 2472, "Shape_Leng": 3018.6172106499998, "Shape_Area": 397425.63819229836, "OBJECTID_1": 94, "SEMEL_YISH": 4000, "SHEM_YISHU": "חיפה", "SHEM_YIS_1": "HAIFA", "ROVA": 9, "TAT_ROVA": 91, "SchName": "רמת בן גוריון", "Shape_Length": 3018.6172106504914, "בזב": 3821.0, "מצביעים": 2053.0, "כשרים": 2036.0, "אמת": 137.0, "אצ": 6.0, "ב": 28.0, "ג": 3.0, "ד": 2.0, "ום": 5.0, "ז": 0.0, "זך": 0.0, "זנ": 0.0, "זץ": 0.0, "ט": 82.0, "י": 0.0, "יז": 10.0, "ינ": 0.0, "יץ": 0.0, "יק": 0.0, "כן": 251.0, "ך": 1.0, "ל": 241.0, "מחל": 361.0, "מרצ": 98.0, "נז": 0.0, "ני": 1.0, "נף": 0.0, "נץ": 1.0, "נק": 0.0, "נר": 1.0, "עם": 2.0, "פה": 776.0, "ף": 0.0, "צ": 1.0, "ץ": 0.0, "ק": 1.0, "קי": 0.0, "קך": 1.0, "קנ": 3.0, "קץ": 12.0, "רז": 0.0, "שס": 12.0, "ת": 0.0, "n_stations": 7.0, "turnout_pct": 53.729390211986392, "אמת_pct": 6.7288801571709227, "אצ_pct": 0.29469548133595286, "ב_pct": 1.37524557956778, "ג_pct": 0.14734774066797643, "ד_pct": 0.098231827111984277, "ום_pct": 0.24557956777996071, "ז_pct": 0.0, "זך_pct": 0.0, "זנ_pct": 0.0, "זץ_pct": 0.0, "ט_pct": 4.0275049115913557, "י_pct": 0.0, "יז_pct": 0.49115913555992141, "ינ_pct": 0.0, "יץ_pct": 0.0, "יק_pct": 0.0, "כן_pct": 12.328094302554026, "ך_pct": 0.049115913555992138, "ל_pct": 11.836935166994106, "מחל_pct": 17.730844793713164, "מרצ_pct": 4.8133595284872301, "נז_pct": 0.0, "ני_pct": 0.049115913555992138, "נף_pct": 0.0, "נץ_pct": 0.049115913555992138, "נק_pct": 0.0, "נר_pct": 0.049115913555992138, "עם_pct": 0.098231827111984277, "פה_pct": 38.113948919449903, "ף_pct": 0.0, "צ_pct": 0.049115913555992138, "ץ_pct": 0.0, "ק_pct": 0.049115913555992138, "קי_pct": 0.0, "קך_pct": 0.049115913555992138, "קנ_pct": 0.14734774066797643, "קץ_pct": 0.58939096267190572, "רז_pct": 0.0, "שס_pct": 0.58939096267190572, "ת_pct": 0.0 }, "geometry": { "type": "Polygon", "coordinates": [ [ [ 34.998675319285333, 32.787174785118275 ], [ 34.998605055162528, 32.787136889602529 ], [ 34.998455293718727, 32.787085967331379 ], [ 34.99824627797225, 32.78703999054801 ], [ 34.998110535497759, 32.787026797090668 ], [ 34.998053980884258, 32.787017320904511 ], [ 34.998042870687783, 32.787015409043065 ], [ 34.997906512054065, 32.786992639257114 ], [ 34.997515285729136, 32.786942388772815 ], [ 34.99731433008597, 32.78691952876418 ], [ 34.997182401440377, 32.786915341319961 ], [ 34.996932744218107, 32.786903107741409 ], [ 34.996721828627024, 32.786894290405307 ], [ 34.996606112711312, 32.786896622335249 ], [ 34.996489327165193, 32.786898958694671 ], [ 34.99633954803862, 32.786904928976462 ], [ 34.996251239310411, 32.786906942717948 ], [ 34.996198517833577, 32.786908660287644 ], [ 34.995988178538035, 32.7869296860517 ], [ 34.995805785706608, 32.786957600062046 ], [ 34.99559007097627, 32.786996643779361 ], [ 34.995539331908752, 32.787010624713758 ], [ 34.995363512193215, 32.787057762341455 ], [ 34.995262583450227, 32.787078969429132 ], [ 34.995177984590747, 32.787103085527917 ], [ 34.99503932742163, 32.787149488571906 ], [ 34.994884728605619, 32.787201233484907 ], [ 34.994588702514449, 32.787300465358776 ], [ 34.994295186701308, 32.787413230662509 ], [ 34.994086401415785, 32.787498538515997 ], [ 34.993866200225582, 32.787581040596613 ], [ 34.993657195344049, 32.787668595284906 ], [ 34.993505043654451, 32.787730291897297 ], [ 34.993399157325904, 32.787770051406845 ], [ 34.993346176624115, 32.787784114235656 ], [ 34.993276842444558, 32.787804297229201 ], [ 34.993190116576365, 32.787827234388701 ], [ 34.993070389122757, 32.787850199669748 ], [ 34.992910204921415, 32.787878062161987 ], [ 34.992862407172055, 32.787885181475126 ], [ 34.992742015753159, 32.787903114768852 ], [ 34.992595080798012, 32.787926584551187 ], [ 34.99241878068063, 32.787949373280803 ], [ 34.992318101405957, 32.787956506572925 ], [ 34.99226024701926, 32.787953608840098 ], [ 34.992233777383227, 32.787951855296278 ], [ 34.992125317442799, 32.787951671531502 ], [ 34.992002706004847, 32.787933419876147 ], [ 34.991842561931222, 32.787897084057121 ], [ 34.991549211574352, 32.787808131511227 ], [ 34.991298748429969, 32.787732950689872 ], [ 34.991276556369172, 32.787726247608923 ], [ 34.991266315628458, 32.787723247379652 ], [ 34.990983894052228, 32.787622326787783 ], [ 34.990798750591253, 32.787544819866895 ], [ 34.990589475358412, 32.787430043236292 ], [ 34.990537564655959, 32.787402809112656 ], [ 34.990554796065481, 32.787338095089957 ], [ 34.990566110908439, 32.787295916924243 ], [ 34.99062040651372, 32.787130283627654 ], [ 34.990669052188416, 32.787010886753983 ], [ 34.990734156255876, 32.786882505501325 ], [ 34.990822362672318, 32.786804521425331 ], [ 34.990845412305376, 32.786784148171527 ], [ 34.991013878687689, 32.786728614998147 ], [ 34.991234710957592, 32.786699502000928 ], [ 34.991199568322848, 32.7863966514496 ], [ 34.991794443478973, 32.786348165863409 ], [ 34.991798743036483, 32.786347810680041 ], [ 34.993065043498852, 32.785775271285878 ], [ 34.993071142032903, 32.785772519685061 ], [ 34.992743299831851, 32.78528703035515 ], [ 34.992784558925628, 32.785262390931202 ], [ 34.992801666592982, 32.785252236094202 ], [ 34.992839474733572, 32.785229326584208 ], [ 34.992912095613548, 32.785185334715493 ], [ 34.992997607334075, 32.785133098727073 ], [ 34.993087309164707, 32.785077968095393 ], [ 34.993108044384243, 32.785063579567975 ], [ 34.993143758065919, 32.785038842304033 ], [ 34.993183089962443, 32.785010679281484 ], [ 34.993361467910084, 32.784882943820449 ], [ 34.993567106896108, 32.784724953443842 ], [ 34.99378921019899, 32.784556258438208 ], [ 34.993851161001992, 32.784503610744252 ], [ 34.9940711521662, 32.784316617196865 ], [ 34.994163493209712, 32.784223892252314 ], [ 34.994633146698355, 32.783973683885989 ], [ 34.995146106443059, 32.783700400490495 ], [ 34.995371527721659, 32.783580304120854 ], [ 34.995977474590859, 32.783112561426165 ], [ 34.996253652995293, 32.782899370348403 ], [ 34.996428530755125, 32.782764302877055 ], [ 34.996451608902184, 32.782738475169232 ], [ 34.99648071686287, 32.782705799173826 ], [ 34.99649663866893, 32.782697525498307 ], [ 34.99673123318022, 32.782574744907031 ], [ 34.996902554086383, 32.782485157772911 ], [ 34.997142398887412, 32.782359756660618 ], [ 34.997157217788221, 32.782352000451894 ], [ 34.997674021500806, 32.782463138011316 ], [ 34.998399618905907, 32.78261906603295 ], [ 34.998416124056611, 32.782612332265579 ], [ 34.998620780309835, 32.782528713610802 ], [ 34.998753439734649, 32.782474619668911 ], [ 34.998760864267901, 32.782471583226489 ], [ 34.999167152095829, 32.78189896983384 ], [ 34.999242814033167, 32.782050578553878 ], [ 34.999315549066957, 32.782196262804987 ], [ 34.999392520701235, 32.782350431681728 ], [ 34.999465838493478, 32.782497283586892 ], [ 34.999590830801168, 32.782725173223064 ], [ 34.999624718390969, 32.783127323278102 ], [ 35.000033644717519, 32.783286210615053 ], [ 35.000511557418569, 32.783615149562884 ], [ 35.000891994476213, 32.784102149652718 ], [ 35.001708749521022, 32.78457064654053 ], [ 35.002460394646683, 32.784863558826096 ], [ 35.002613634513352, 32.784932003659925 ], [ 35.002613459875853, 32.78495734731365 ], [ 35.0025981439086, 32.784981031802047 ], [ 35.002572829122457, 32.78501934460288 ], [ 35.002534519508906, 32.785077320453489 ], [ 35.002410582338676, 32.785314896659195 ], [ 35.002338793957747, 32.785526685442044 ], [ 35.002224667717016, 32.785862918155551 ], [ 35.002128463419361, 32.786111907372991 ], [ 35.002093469092053, 32.786208340294316 ], [ 35.00202179779761, 32.786405952609257 ], [ 35.001946409247459, 32.786560204493661 ], [ 35.001913331039411, 32.786647520715576 ], [ 35.001810652133969, 32.786924627546078 ], [ 35.001731790312142, 32.787055790291028 ], [ 35.001631826258311, 32.787172836160345 ], [ 35.001617905581853, 32.787189140605463 ], [ 35.001455157990357, 32.787312860003802 ], [ 35.001240669510409, 32.787418467700569 ], [ 35.001050651988493, 32.787466666907342 ], [ 35.000803387702675, 32.787483664330701 ], [ 35.000583134477623, 32.787451746824047 ], [ 35.000576423547727, 32.787450186792881 ], [ 35.000286949628752, 32.787383103639641 ], [ 35.000153924784819, 32.787346274397663 ], [ 35.000009685023926, 32.787263718023276 ], [ 34.999594033919536, 32.787158256785773 ], [ 34.999430915163771, 32.787159162167633 ], [ 34.999292625511643, 32.787177512502076 ], [ 34.999206619200841, 32.787213437608543 ], [ 34.999200325554398, 32.78721333532539 ], [ 34.999056211030933, 32.787211483312078 ], [ 34.998949910810033, 32.787205087308337 ], [ 34.998840096720016, 32.787193004773329 ], [ 34.998675319285333, 32.787174785118275 ] ] ] } },
{ "type": "Feature", "properties": { "OBJECTID_12": 68, "OBJECTID": 2473, "Shape_Leng": 3661.1444174899998, "Shape_Area": 519186.71699368552, "OBJECTID_1": 95, "SEMEL_YISH": 4000, "SHEM_YISHU": "חיפה", "SHEM_YIS_1": "HAIFA", "ROVA": 9, "TAT_ROVA": 91, "SchName": "רוממה", "Shape_Length": 3661.1444174892085, "בזב": 3336.0, "מצביעים": 2125.0, "כשרים": 2119.0, "אמת": 153.0, "אצ": 12.0, "ב": 16.0, "ג": 1.0, "ד": 6.0, "ום": 11.0, "ז": 2.0, "זך": 0.0, "זנ": 0.0, "זץ": 0.0, "ט": 68.0, "י": 0.0, "יז": 2.0, "ינ": 0.0, "יץ": 0.0, "יק": 0.0, "כן": 315.0, "ך": 0.0, "ל": 143.0, "מחל": 334.0, "מרצ": 117.0, "נז": 0.0, "ני": 0.0, "נף": 0.0, "נץ": 0.0, "נק": 0.0, "נר": 0.0, "עם": 5.0, "פה": 900.0, "ף": 0.0, "צ": 4.0, "ץ": 0.0, "ק": 1.0, "קי": 0.0, "קך": 0.0, "קנ": 1.0, "קץ": 12.0, "רז": 0.0, "שס": 16.0, "ת": 0.0, "n_stations": 5.0, "turnout_pct": 63.699040767386094, "אמת_pct": 7.2203869749882017, "אצ_pct": 0.56630486078338849, "ב_pct": 0.7550731477111845, "ג_pct": 0.047192071731949031, "ד_pct": 0.28315243039169424, "ום_pct": 0.51911278905143932, "ז_pct": 0.094384143463898063, "זך_pct": 0.0, "זנ_pct": 0.0, "זץ_pct": 0.0, "ט_pct": 3.2090608777725342, "י_pct": 0.0, "יז_pct": 0.094384143463898063, "ינ_pct": 0.0, "יץ_pct": 0.0, "יק_pct": 0.0, "כן_pct": 14.865502595563946, "ך_pct": 0.0, "ל_pct": 6.7484662576687118, "מחל_pct": 15.762151958470977, "מרצ_pct": 5.5214723926380369, "נז_pct": 0.0, "ני_pct": 0.0, "נף_pct": 0.0, "נץ_pct": 0.0, "נק_pct": 0.0, "נר_pct": 0.0, "עם_pct": 0.23596035865974516, "פה_pct": 42.472864558754132, "ף_pct": 0.0, "צ_pct": 0.18876828692779613, "ץ_pct": 0.0, "ק_pct": 0.047192071731949031, "קי_pct": 0.0, "קך_pct": 0.0, "קנ_pct": 0.047192071731949031, "קץ_pct": 0.56630486078338849, "רז_pct": 0.0, "שס_pct": 0.7550731477111845, "ת_pct": 0.0 }, "geometry": { "type": "Polygon", "coordinates": [ [ [ 34.991334053145813, 32.78977165422679 ], [ 34.991064754314671, 32.789255339488626 ], [ 34.991077773460233, 32.789162396121398 ], [ 34.991091036653017, 32.789066482987259 ], [ 34.991134305737184, 32.788753851016651 ], [ 34.991276556369172, 32.787726247608923 ], [ 34.991298748429969, 32.787732950689872 ], [ 34.991549211574352, 32.787808131511227 ], [ 34.991842561931222, 32.787897084057121 ], [ 34.992002706004847, 32.787933419876147 ], [ 34.992125317442799, 32.787951671531502 ], [ 34.992233777383227, 32.787951855296278 ], [ 34.99226024701926, 32.787953608840098 ], [ 34.992318101405957, 32.787956506572925 ], [ 34.99241878068063, 32.787949373280803 ], [ 34.992595080798012, 32.787926584551187 ], [ 34.992742015753159, 32.787903114768852 ], [ 34.992862407172055, 32.787885181475126 ], [ 34.992910204921415, 32.787878062161987 ], [ 34.993070389122757, 32.787850199669748 ], [ 34.993190116576365, 32.787827234388701 ], [ 34.993276842444558, 32.787804297229201 ], [ 34.993346176624115, 32.787784114235656 ], [ 34.993399157325904, 32.787770051406845 ], [ 34.993505043654451, 32.787730291897297 ], [ 34.993657195344049, 32.787668595284906 ], [ 34.993866200225582, 32.787581040596613 ], [ 34.994086401415785, 32.787498538515997 ], [ 34.994295186701308, 32.787413230662509 ], [ 34.994588702514449, 32.787300465358776 ], [ 34.994884728605619, 32.787201233484907 ], [ 34.99503932742163, 32.787149488571906 ], [ 34.995177984590747, 32.787103085527917 ], [ 34.995262583450227, 32.787078969429132 ], [ 34.995363512193215, 32.787057762341455 ], [ 34.995539331908752, 32.787010624713758 ], [ 34.99559007097627, 32.786996643779361 ], [ 34.995805785706608, 32.786957600062046 ], [ 34.995988178538035, 32.7869296860517 ], [ 34.996198517833577, 32.786908660287644 ], [ 34.996251239310411, 32.786906942717948 ], [ 34.99633954803862, 32.786904928976462 ], [ 34.996489327165193, 32.786898958694671 ], [ 34.996606112711312, 32.786896622335249 ], [ 34.996721828627024, 32.786894290405307 ], [ 34.996932744218107, 32.786903107741409 ], [ 34.997182401440377, 32.786915341319961 ], [ 34.99731433008597, 32.78691952876418 ], [ 34.997515285729136, 32.786942388772815 ], [ 34.997906512054065, 32.786992639257114 ], [ 34.998042870687783, 32.787015409043065 ], [ 34.998053980884258, 32.787017320904511 ], [ 34.998110535497759, 32.787026797090668 ], [ 34.99824627797225, 32.78703999054801 ], [ 34.998455293718727, 32.787085967331379 ], [ 34.998605055162528, 32.787136889602529 ], [ 34.998675319285333, 32.787174785118275 ], [ 34.998789707230493, 32.787237557742387 ], [ 34.998958460004637, 32.787337554821377 ], [ 34.99901939983512, 32.78739175912412 ], [ 34.999060525463364, 32.787429063821676 ], [ 34.999067338097582, 32.787434665494736 ], [ 34.99913802675519, 32.787519367496877 ], [ 34.999254673154795, 32.787622619551847 ], [ 34.999412704326382, 32.787746316621963 ], [ 34.999586687848371, 32.787842360267646 ], [ 34.999771412624483, 32.787911461462201 ], [ 34.99979924677497, 32.787918758357137 ], [ 34.999916617644324, 32.787949481393071 ], [ 34.999937014328893, 32.787954564177781 ], [ 35.000124617432967, 32.7879751556926 ], [ 35.000372015994081, 32.787995847948793 ], [ 35.000635717645913, 32.788029551538891 ], [ 35.000858419232657, 32.788066526026959 ], [ 35.001097309001437, 32.788118757815518 ], [ 35.001342239448739, 32.78819237540803 ], [ 35.001548869199986, 32.788255829719652 ], [ 35.001616713382958, 32.788279106807046 ], [ 35.00174978294455, 32.788350290921976 ], [ 35.001874965485847, 32.788411358658649 ], [ 35.002087176505761, 32.788554252254578 ], [ 35.002103481132707, 32.788565728302672 ], [ 35.002269106666198, 32.788684757842503 ], [ 35.002495073032037, 32.788884661818877 ], [ 35.002693643099839, 32.789072168959009 ], [ 35.002714390090311, 32.789096283013023 ], [ 35.002728921738409, 32.789112976031838 ], [ 35.002903067766667, 32.789312990581465 ], [ 35.002997987204743, 32.789442392986132 ], [ 35.003011937280071, 32.789461405095295 ], [ 35.003126300618895, 32.789636339950576 ], [ 35.003213573312266, 32.78980166330976 ], [ 35.003268119770205, 32.789943143759537 ], [ 35.003284286153473, 32.790063183395439 ], [ 35.003298223901957, 32.790182140121011 ], [ 35.003279972793834, 32.790320523554023 ], [ 35.00327651161232, 32.790347209040739 ], [ 35.003259036964756, 32.790421845751432 ], [ 35.003245992737646, 32.790476462048943 ], [ 35.003240720509837, 32.790498632548626 ], [ 35.003226423751251, 32.790541529318382 ], [ 35.00320019863603, 32.79062038541641 ], [ 35.003189986433611, 32.790650846267376 ], [ 35.0031842648633, 32.790725591111936 ], [ 35.003180305556249, 32.790778149000154 ], [ 35.003112485537102, 32.790886243297919 ], [ 35.002990550624673, 32.791037721210969 ], [ 35.002814233914265, 32.79121488279835 ], [ 35.002716603976793, 32.791283439207341 ], [ 35.002618765538237, 32.791352076355658 ], [ 35.002407058892828, 32.791502228709142 ], [ 35.002148859880833, 32.791628052773518 ], [ 35.001880135205106, 32.791779819947784 ], [ 35.001796160328347, 32.791812870974653 ], [ 35.001698385091501, 32.791851668647631 ], [ 35.001515791861721, 32.791871564631144 ], [ 35.001472754257414, 32.791876634562655 ], [ 35.001396394734435, 32.791891931586846 ], [ 35.001355920776511, 32.791900069588721 ], [ 35.001290821118381, 32.791892574655229 ], [ 35.001252198658264, 32.791882226395828 ], [ 35.00123843158206, 32.791878510727607 ], [ 35.001192874000459, 32.791865991643824 ], [ 35.00095896989864, 32.791728108138805 ], [ 35.000711570497927, 32.79161327569107 ], [ 35.000520455318785, 32.791527935014173 ], [ 35.000486013104677, 32.791512645729298 ], [ 35.000246989033492, 32.791418667748459 ], [ 34.999985891117205, 32.791313452446687 ], [ 34.999697709593164, 32.791203065307521 ], [ 34.999406779926801, 32.791119188215468 ], [ 34.999107943262125, 32.791038720317616 ], [ 34.998795463242317, 32.790997610788679 ], [ 34.998480341565305, 32.790997650344679 ], [ 34.998224735692432, 32.79101526101671 ], [ 34.99814049682761, 32.791021351221204 ], [ 34.99805149531543, 32.791032233238688 ], [ 34.997817478068541, 32.791060854061421 ], [ 34.997619182817743, 32.79108188976916 ], [ 34.997488732021026, 32.791125587719904 ], [ 34.997262409115599, 32.791220521756507 ], [ 34.99722543668004, 32.791235068044109 ], [ 34.997027975025546, 32.791328161243946 ], [ 34.99685855787078, 32.791408037591502 ], [ 34.9965952248061, 32.791536722595168 ], [ 34.996375684153598, 32.791649518904002 ], [ 34.99602246342041, 32.791821973962684 ], [ 34.995718625088358, 32.791966366645433 ], [ 34.995449730279248, 32.79209495429361 ], [ 34.995072134255274, 32.792281419778952 ], [ 34.994770647303021, 32.792422398458889 ], [ 34.994729713088759, 32.79244206981322 ], [ 34.994516919655943, 32.792544600236226 ], [ 34.994455788013852, 32.792573980450591 ], [ 34.99434355730066, 32.792626435842713 ], [ 34.994186677298991, 32.792699769754229 ], [ 34.993967152935141, 32.792810400474394 ], [ 34.993725231823596, 32.792948669712544 ], [ 34.993540649726377, 32.793088122468774 ], [ 34.993469502339238, 32.793155629669791 ], [ 34.993358751288696, 32.79326085105388 ], [ 34.993217841958838, 32.793442664521173 ], [ 34.993093108332722, 32.793636857411919 ], [ 34.993011736642508, 32.793830045842476 ], [ 34.992990155056134, 32.793927395893611 ], [ 34.992976546346178, 32.79399030930675 ], [ 34.992976768687953, 32.794036204966382 ], [ 34.992976828089262, 32.794057570687848 ], [ 34.992903470880769, 32.794063669416481 ], [ 34.992843514331483, 32.794088904831874 ], [ 34.992813739616821, 32.794127809484309 ], [ 34.992789590713883, 32.794183491521864 ], [ 34.9927860438371, 32.794195388781077 ], [ 34.992653559789275, 32.794196788810765 ], [ 34.992479651775383, 32.79419199160909 ], [ 34.992242840136242, 32.794206287378024 ], [ 34.991726512712006, 32.794229123494738 ], [ 34.991452112203845, 32.794242812015156 ], [ 34.991434275279325, 32.794243714036746 ], [ 34.991313518974223, 32.794249783523668 ], [ 34.99109359732779, 32.79425275624223 ], [ 34.991041021280594, 32.79424938993337 ], [ 34.990949491502839, 32.794243488383749 ], [ 34.990870686858749, 32.794211793889936 ], [ 34.990808087858106, 32.794180127886811 ], [ 34.990759073102801, 32.794142898134474 ], [ 34.99073183107722, 32.794106242918872 ], [ 34.990704594689738, 32.794067239697767 ], [ 34.990688473530618, 32.794028351919032 ], [ 34.990680171635105, 32.793971440010807 ], [ 34.99067944794016, 32.793958003547296 ], [ 34.990676786191017, 32.793909487911193 ], [ 34.990676079155421, 32.793895335531559 ], [ 34.990674753012108, 32.793869992984433 ], [ 34.990689885414099, 32.793835303618224 ], [ 34.990731427403205, 32.793739347776032 ], [ 34.990816515484312, 32.793617315279626 ], [ 34.990926927149054, 32.7934589759274 ], [ 34.991171005820725, 32.793084648876558 ], [ 34.991212691199998, 32.793023086394406 ], [ 34.991352807624196, 32.792816166178461 ], [ 34.991523488656547, 32.792558930960375 ], [ 34.991538050207801, 32.792539572907707 ], [ 34.991546298632919, 32.792528582659614 ], [ 34.99158345854363, 32.792478963400988 ], [ 34.991650857555179, 32.792407884701525 ], [ 34.99165388202541, 32.792404697844233 ], [ 34.991671846571386, 32.792391288617246 ], [ 34.991778694508568, 32.792306257314856 ], [ 34.991987611324568, 32.792173073705428 ], [ 34.992285270508901, 32.79202035609724 ], [ 34.9924222029913, 32.791950100742056 ], [ 34.992791503048508, 32.791750095711151 ], [ 34.99291907741506, 32.791664651198822 ], [ 34.992957271725899, 32.791625853592627 ], [ 34.992972989282556, 32.791594626524606 ], [ 34.993027865321409, 32.79148567553711 ], [ 34.993083489704681, 32.791298571490742 ], [ 34.993133199579376, 32.791127338065898 ], [ 34.993148913201608, 32.791051652959979 ], [ 34.993154701069528, 32.791023771533261 ], [ 34.993141215184451, 32.790946471835312 ], [ 34.993128713486207, 32.790900818735388 ], [ 34.99312185623873, 32.790874851915319 ], [ 34.993072893501335, 32.790808307272997 ], [ 34.993010351567847, 32.790760862813627 ], [ 34.992885158396213, 32.790700961135684 ], [ 34.992858004497201, 32.790692085891727 ], [ 34.992844372060034, 32.790687639156872 ], [ 34.99271139732317, 32.790644212532555 ], [ 34.9927030655141, 32.790641417626958 ], [ 34.99255119606638, 32.79058930173386 ], [ 34.99254500275832, 32.790586404936654 ], [ 34.992439442630129, 32.790536090366622 ], [ 34.992338999253889, 32.790481277705531 ], [ 34.992305995641864, 32.790444888073516 ], [ 34.992268198099531, 32.790403433614919 ], [ 34.992200380114809, 32.790329469115825 ], [ 34.992166369720458, 32.790265755518135 ], [ 34.992141173936758, 32.790218645309182 ], [ 34.992132988789855, 32.790203117796459 ], [ 34.992095653636952, 32.790127076898379 ], [ 34.992059241565812, 32.78999818567339 ], [ 34.992042425208645, 32.789943285488526 ], [ 34.991334053145813, 32.78977165422679 ] ] ] } },
{ "type": "Feature", "properties": { "OBJECTID_12": 69, "OBJECTID": 2474, "Shape_Leng": 10500.4154143, "Shape_Area": 2373224.2365578315, "OBJECTID_1": 96, "SEMEL_YISH": 4000, "SHEM_YISHU": "חיפה", "SHEM_YIS_1": "HAIFA", "ROVA": 9, "TAT_ROVA": 92, "SchName": "אחוזה", "Shape_Length": 10500.415414337884, "בזב": 17942.0, "מצביעים": 11208.0, "כשרים": 11181.0, "אמת": 897.0, "אצ": 55.0, "ב": 141.0, "ג": 50.0, "ד": 33.0, "ום": 66.0, "ז": 0.0, "זך": 0.0, "זנ": 0.0, "זץ": 0.0, "ט": 435.0, "י": 3.0, "יז": 30.0, "ינ": 0.0, "יץ": 0.0, "יק": 0.0, "כן": 1600.0, "ך": 1.0, "ל": 500.0, "מחל": 1702.0, "מרצ": 895.0, "נז": 0.0, "ני": 3.0, "נף": 1.0, "נץ": 1.0, "נק": 0.0, "נר": 0.0, "עם": 14.0, "פה": 4602.0, "ף": 4.0, "צ": 9.0, "ץ": 1.0, "ק": 6.0, "קי": 0.0, "קך": 3.0, "קנ": 0.0, "קץ": 70.0, "רז": 4.0, "שס": 54.0, "ת": 1.0, "n_stations": 30.0, "turnout_pct": 62.467952290714521, "אמת_pct": 8.0225382345049638, "אצ_pct": 0.49190591181468557, "ב_pct": 1.2610678830158306, "ג_pct": 0.44718719255880512, "ד_pct": 0.29514354708881135, "ום_pct": 0.59028709417762271, "ז_pct": 0.0, "זך_pct": 0.0, "זנ_pct": 0.0, "זץ_pct": 0.0, "ט_pct": 3.8905285752616043, "י_pct": 0.026831231553528307, "יז_pct": 0.26831231553528306, "ינ_pct": 0.0, "יץ_pct": 0.0, "יק_pct": 0.0, "כן_pct": 14.309990161881764, "ך_pct": 0.0089437438511761023, "ל_pct": 4.4718719255880508, "מחל_pct": 15.222252034701725, "מרצ_pct": 8.0046507468026125, "נז_pct": 0.0, "ני_pct": 0.026831231553528307, "נף_pct": 0.0089437438511761023, "נץ_pct": 0.0089437438511761023, "נק_pct": 0.0, "נר_pct": 0.0, "עם_pct": 0.12521241391646543, "פה_pct": 41.159109203112422, "ף_pct": 0.035774975404704409, "צ_pct": 0.080493694660584911, "ץ_pct": 0.0089437438511761023, "ק_pct": 0.053662463107056614, "קי_pct": 0.0, "קך_pct": 0.026831231553528307, "קנ_pct": 0.0, "קץ_pct": 0.62606206958232724, "רז_pct": 0.035774975404704409, "שס_pct": 0.48296216796350949, "ת_pct": 0.0089437438511761023 }, "geometry": { "type": "Polygon", "coordinates": [ [ [ 34.991134305735031, 32.788753851918344 ], [ 34.991091036650865, 32.789066483888952 ], [ 34.991077773460233, 32.789162396121398 ], [ 34.991064754312518, 32.789255340390319 ], [ 34.991334053145813, 32.78977165422679 ], [ 34.992042425206513, 32.789943286390226 ], [ 34.992059242631171, 32.789998186576881 ], [ 34.99209565470445, 32.790127076900191 ], [ 34.992132988787709, 32.790203118698145 ], [ 34.992141173936758, 32.790218645309182 ], [ 34.992166370785846, 32.79026575642164 ], [ 34.992200380112664, 32.790329470017525 ], [ 34.99226819916705, 32.790403433616738 ], [ 34.992305995639725, 32.79044488897523 ], [ 34.992339000321408, 32.790481277707343 ], [ 34.992439443697663, 32.790536090368427 ], [ 34.99254500275832, 32.790586404936654 ], [ 34.992551196064255, 32.790589302635553 ], [ 34.992703066581626, 32.790641417628763 ], [ 34.99271139732317, 32.790644212532555 ], [ 34.992844372060034, 32.790687639156872 ], [ 34.992858004497201, 32.790692085891727 ], [ 34.992885158396213, 32.790700961135684 ], [ 34.993010352635373, 32.790760862815439 ], [ 34.993072893501335, 32.790808307272997 ], [ 34.993121857306242, 32.790874851917124 ], [ 34.99312871348409, 32.790900819637081 ], [ 34.993141215184451, 32.790946471835312 ], [ 34.993154701069528, 32.791023771533261 ], [ 34.993148913201608, 32.791051652959979 ], [ 34.993133199579376, 32.791127338065898 ], [ 34.993083489702542, 32.791298572392414 ], [ 34.993027866388942, 32.791485675538929 ], [ 34.992972989282556, 32.791594626524606 ], [ 34.99295727172376, 32.791625854494342 ], [ 34.99291907741506, 32.791664651198822 ], [ 34.992791503046369, 32.79175009661283 ], [ 34.9924222029913, 32.791950100742056 ], [ 34.992285271576435, 32.792020356099044 ], [ 34.991987611322422, 32.79217307460712 ], [ 34.991778694508568, 32.792306257314856 ], [ 34.991671846569233, 32.792391289518925 ], [ 34.99165388202541, 32.792404697844233 ], [ 34.991650857555179, 32.792407884701525 ], [ 34.991583458541498, 32.792478964302667 ], [ 34.991546298632919, 32.792528582659614 ], [ 34.991538050207801, 32.792539572907707 ], [ 34.991523489724081, 32.79255893096218 ], [ 34.991352807624196, 32.792816166178461 ], [ 34.991212691199998, 32.793023086394406 ], [ 34.991171005818579, 32.793084649778251 ], [ 34.990926927149054, 32.7934589759274 ], [ 34.990816515482152, 32.793617316181304 ], [ 34.990731427401052, 32.793739348677718 ], [ 34.990689885411946, 32.793835304519902 ], [ 34.990674754077517, 32.793869993887945 ], [ 34.990676079155421, 32.793895335531559 ], [ 34.990676786191017, 32.793909487911193 ], [ 34.990537777561215, 32.793913578747492 ], [ 34.990048700673029, 32.793928084063097 ], [ 34.989537722062948, 32.793943244200236 ], [ 34.988778104838126, 32.793785312819267 ], [ 34.988074754507842, 32.793639037345919 ], [ 34.987851290273021, 32.793592554812534 ], [ 34.987549928935486, 32.793589065016292 ], [ 34.987503487139172, 32.793588531947179 ], [ 34.987305255403868, 32.793586291330776 ], [ 34.987290406145164, 32.793586090662032 ], [ 34.987289604573462, 32.793521439675871 ], [ 34.987304357800909, 32.793513707081694 ], [ 34.987708297522033, 32.793301868509531 ], [ 34.987781534107036, 32.793214626535665 ], [ 34.987969607867186, 32.793096294260202 ], [ 34.988161303503581, 32.793019797502879 ], [ 34.988485710595668, 32.792984745706811 ], [ 34.989186389565276, 32.792967091856909 ], [ 34.989322826702711, 32.792963643712966 ], [ 34.989596686543337, 32.792951760501992 ], [ 34.989787749789507, 32.792919170826231 ], [ 34.989812677164849, 32.792895143736231 ], [ 34.989854431332986, 32.79284796653797 ], [ 34.989881748198684, 32.792806896112843 ], [ 34.989890328096116, 32.792747754314618 ], [ 34.989897808769143, 32.792696466185156 ], [ 34.989899320823014, 32.792686514080124 ], [ 34.989922111479075, 32.792536816106285 ], [ 34.98993545200063, 32.792448559561464 ], [ 34.989936906189797, 32.792437804849349 ], [ 34.989967727136218, 32.79220966607005 ], [ 34.989967880569417, 32.792104804796516 ], [ 34.989940596820155, 32.792040557508244 ], [ 34.989896824724134, 32.791991971442023 ], [ 34.98989376884596, 32.791989544259742 ], [ 34.989859116309759, 32.791962055391657 ], [ 34.989815404762176, 32.791937189348559 ], [ 34.989760897041727, 32.791919062079756 ], [ 34.989602198061561, 32.791887394849482 ], [ 34.9895871977902, 32.791884404355095 ], [ 34.989386132021373, 32.791854754305611 ], [ 34.989127884410053, 32.791813736298728 ], [ 34.988809893069714, 32.791761340161038 ], [ 34.988546094007631, 32.791719768579895 ], [ 34.988285302292539, 32.791672520963871 ], [ 34.98828362911371, 32.791672224124724 ], [ 34.988068049052657, 32.791633282916401 ], [ 34.987815301133701, 32.791569101788639 ], [ 34.987475306625221, 32.791478338634512 ], [ 34.98745727415934, 32.791431599679733 ], [ 34.987394669381956, 32.791314817499362 ], [ 34.987239438749562, 32.791016452182674 ], [ 34.987092364614107, 32.79069104459645 ], [ 34.986923671577877, 32.790394808750357 ], [ 34.986811898744648, 32.790178749171204 ], [ 34.986730211277255, 32.790056434959403 ], [ 34.986752228823839, 32.790001643033058 ], [ 34.986754694764301, 32.789995515801174 ], [ 34.986766166055553, 32.789935124061543 ], [ 34.986768214931764, 32.789924036789394 ], [ 34.986763871882275, 32.78991105026418 ], [ 34.986752006477452, 32.789873784287138 ], [ 34.986686861943781, 32.78984157257711 ], [ 34.986655583099704, 32.789840973580922 ], [ 34.986655778700602, 32.789806262320759 ], [ 34.986657879667142, 32.789773801393487 ], [ 34.986668089033223, 32.789616210295101 ], [ 34.986544589250009, 32.789611571838066 ], [ 34.986461965059661, 32.789608452509704 ], [ 34.986171950649513, 32.789597671846522 ], [ 34.985690437662832, 32.789231820943144 ], [ 34.985608915046484, 32.789131228078112 ], [ 34.985576126425002, 32.789090758687571 ], [ 34.985572912270229, 32.789086792833174 ], [ 34.985439906198685, 32.788922645084831 ], [ 34.985371020855652, 32.788887538925408 ], [ 34.985097772032695, 32.788748385703805 ], [ 34.984184185196987, 32.788669592401341 ], [ 34.9833617566077, 32.788726028871338 ], [ 34.983182719461425, 32.788861507869626 ], [ 34.983132876016697, 32.788899294571671 ], [ 34.98268877920291, 32.789046713441287 ], [ 34.982521970084981, 32.789102085021121 ], [ 34.981166718128598, 32.789551883498525 ], [ 34.979291197897624, 32.790532539430423 ], [ 34.975975114551723, 32.792301700778708 ], [ 34.975881998247395, 32.792351309784529 ], [ 34.975722821503375, 32.792436223839033 ], [ 34.975097393451648, 32.792588649494199 ], [ 34.974465538965646, 32.792742658018895 ], [ 34.9740081844404, 32.792915579176949 ], [ 34.973879441949961, 32.792913984335726 ], [ 34.973755074471235, 32.792912318070087 ], [ 34.972861469897772, 32.793347626015844 ], [ 34.972841913440853, 32.793357063045136 ], [ 34.972834313371017, 32.79336741485416 ], [ 34.972831931282627, 32.793336664528013 ], [ 34.972379307781729, 32.793539420056554 ], [ 34.971233849043635, 32.79356272053159 ], [ 34.971144629975626, 32.793104314130112 ], [ 34.971246576042518, 32.792490184214309 ], [ 34.97125265024679, 32.792453411861267 ], [ 34.971267078173703, 32.792366239603133 ], [ 34.971401734821711, 32.791521703038228 ], [ 34.971573024575271, 32.790447564038338 ], [ 34.971625189339093, 32.790119991086335 ], [ 34.971818722295019, 32.788904848142657 ], [ 34.971979586281428, 32.788580636286106 ], [ 34.972410875758044, 32.78771184077079 ], [ 34.972416231284257, 32.787700761661632 ], [ 34.972421280835306, 32.78769076401786 ], [ 34.972424705804301, 32.787684004052046 ], [ 34.972418220636158, 32.787634312328962 ], [ 34.972398429975343, 32.787483595452215 ], [ 34.972589163115444, 32.787364605823292 ], [ 34.972843895432064, 32.787157517927135 ], [ 34.973082114672103, 32.786782206071059 ], [ 34.973134016887229, 32.786370761644022 ], [ 34.973094255861284, 32.785365101147974 ], [ 34.973074647818763, 32.7847567009984 ], [ 34.973101343868763, 32.784262903256987 ], [ 34.973182455654445, 32.784023285315044 ], [ 34.973463408476583, 32.783501327705025 ], [ 34.973820622076673, 32.782975930085392 ], [ 34.974130715897047, 32.782650848169425 ], [ 34.974232553800853, 32.78258662008686 ], [ 34.974639315342181, 32.782321996348351 ], [ 34.97516798281876, 32.782113019770946 ], [ 34.975775461630377, 32.782006772403555 ], [ 34.976170833243231, 32.782014649221402 ], [ 34.97650396939688, 32.782062971606884 ], [ 34.977537236033342, 32.782219920586392 ], [ 34.978178188844616, 32.782278337345602 ], [ 34.978621704855556, 32.782233807529778 ], [ 34.978842114779575, 32.782186490529469 ], [ 34.97907953480793, 32.782112959015016 ], [ 34.979413135315617, 32.78197757225854 ], [ 34.979625610730125, 32.781847213383848 ], [ 34.979743463935556, 32.781883930809713 ], [ 34.980582984775907, 32.782145673511124 ], [ 34.980635027928358, 32.782161910428115 ], [ 34.981010981141104, 32.782203511157633 ], [ 34.981794889380538, 32.78229038911585 ], [ 34.982252581266344, 32.782298238449997 ], [ 34.982842733436456, 32.782308107622598 ], [ 34.983412598867787, 32.782278016597431 ], [ 34.983422952041067, 32.782277492041281 ], [ 34.983499421268064, 32.782261490186066 ], [ 34.984171931107454, 32.782120747568982 ], [ 34.984199168768754, 32.78211241149431 ], [ 34.984250552315181, 32.782096812320411 ], [ 34.985051928949908, 32.781853581129418 ], [ 34.985260319357153, 32.781807279544289 ], [ 34.985969442417876, 32.781649697141681 ], [ 34.986273013145762, 32.781742584914632 ], [ 34.986854632121563, 32.781920562964281 ], [ 34.987016801931404, 32.781970187037068 ], [ 34.987372052987652, 32.782078900002382 ], [ 34.987549964587949, 32.782308510906454 ], [ 34.987663409961421, 32.782454868359963 ], [ 34.987678032647011, 32.78247379318195 ], [ 34.987683304132069, 32.782480617311094 ], [ 34.987677198968669, 32.782487448808588 ], [ 34.987670995146743, 32.782494467687584 ], [ 34.987534268852613, 32.782665021058349 ], [ 34.987504819489601, 32.782701564449845 ], [ 34.987328226090995, 32.782942467301901 ], [ 34.987197433611918, 32.783174426961729 ], [ 34.987190445895138, 32.78319299516523 ], [ 34.987185725816246, 32.783201731615243 ], [ 34.987181223496677, 32.783210466639275 ], [ 34.987150878278626, 32.783269388451188 ], [ 34.987126306608374, 32.783317404354328 ], [ 34.98717722699832, 32.783405496259327 ], [ 34.987236609237094, 32.783479900661469 ], [ 34.98725704801609, 32.783505603732372 ], [ 34.987262683991624, 32.783512675574336 ], [ 34.987268676827398, 32.783508184702924 ], [ 34.987275305063314, 32.783503141292115 ], [ 34.987301294198261, 32.783480642168676 ], [ 34.987548641405873, 32.783251684904066 ], [ 34.987751228110788, 32.783080711657405 ], [ 34.987772722871284, 32.783062714937657 ], [ 34.987981177436495, 32.78289174965591 ], [ 34.988221889161437, 32.782671250088377 ], [ 34.988514584174006, 32.782406211165046 ], [ 34.988676182342843, 32.782280342457447 ], [ 34.988815935984185, 32.782174087482531 ], [ 34.988863413989534, 32.782146153524614 ], [ 34.988994557729185, 32.782068988439192 ], [ 34.989056023507139, 32.782035572710946 ], [ 34.989165047411248, 32.781976316751958 ], [ 34.989322108613315, 32.781906710574567 ], [ 34.989403319078683, 32.781872489997426 ], [ 34.989442639835566, 32.781855968095002 ], [ 34.98945418388675, 32.781851120554904 ], [ 34.989663398554086, 32.781755800524508 ], [ 34.989834276245283, 32.78167882168254 ], [ 34.990040413239136, 32.78158107018676 ], [ 34.990233077973251, 32.781491771249456 ], [ 34.990491805638612, 32.781365440416828 ], [ 34.99069797714008, 32.78125533106094 ], [ 34.990837809740093, 32.781162602970163 ], [ 34.990997036974193, 32.781039432273168 ], [ 34.991177584149625, 32.780887630971073 ], [ 34.991393942232399, 32.780709822295357 ], [ 34.991582612158318, 32.78055126067585 ], [ 34.991727872785312, 32.780423015811536 ], [ 34.991902798026054, 32.780255323242926 ], [ 34.992036806615921, 32.780141758360003 ], [ 34.992113576553699, 32.780086711945977 ], [ 34.992187674743732, 32.780032097378701 ], [ 34.992209029166254, 32.780019475554255 ], [ 34.992264628892109, 32.779986607348953 ], [ 34.992364261955856, 32.779972157746315 ], [ 34.992496571062169, 32.779944704991578 ], [ 34.992659741583928, 32.779912346743856 ], [ 34.992867114178722, 32.779879420923749 ], [ 34.993027502445166, 32.779852637188327 ], [ 34.993182127955777, 32.779825315137344 ], [ 34.993329136078316, 32.779780065178613 ], [ 34.993364246843846, 32.77976925710054 ], [ 34.993537662691274, 32.77969570027669 ], [ 34.993661264778851, 32.779606919956912 ], [ 34.993767877515005, 32.77952197922157 ], [ 34.993849570172223, 32.779415532555497 ], [ 34.993897063634002, 32.779323534846561 ], [ 34.993903926650212, 32.779270167815532 ], [ 34.993910245883718, 32.779215642093057 ], [ 34.993903341141959, 32.779110844468534 ], [ 34.993879928659027, 32.779035784067638 ], [ 34.993823172850398, 32.778933706924228 ], [ 34.993766395041312, 32.778838304066454 ], [ 34.993750271128789, 32.778792108344376 ], [ 34.993729916837076, 32.778732930108184 ], [ 34.993722926163827, 32.778712713159983 ], [ 34.993710900648615, 32.778654001577735 ], [ 34.993713139305676, 32.778607198330739 ], [ 34.993725513575498, 32.778565925095201 ], [ 34.993734219417341, 32.778536811364688 ], [ 34.993799725105646, 32.778465867900096 ], [ 34.993992277504695, 32.778372685631787 ], [ 34.994129293832223, 32.778302226364701 ], [ 34.994242562014485, 32.778243977544889 ], [ 34.99437710526491, 32.778173791577778 ], [ 34.994627800616094, 32.778052385334036 ], [ 34.994858842832414, 32.777937353162216 ], [ 34.995095703883337, 32.777836858402623 ], [ 34.995299826619373, 32.777773534154839 ], [ 34.995507086074781, 32.77773898610829 ], [ 34.995645336619823, 32.777732367281054 ], [ 34.995750292416332, 32.777754673350344 ], [ 34.995781666039932, 32.777761358473427 ], [ 34.995860216026294, 32.777800680556375 ], [ 34.995988396413452, 32.777864854745928 ], [ 34.996011415485661, 32.777876701645248 ], [ 34.996217177498281, 32.777981910953841 ], [ 34.996513332037068, 32.778140199491048 ], [ 34.996731780928926, 32.778249580412052 ], [ 34.996834134431289, 32.778300782406987 ], [ 34.997029728295303, 32.778411564043083 ], [ 34.997119377329213, 32.778461305667498 ], [ 34.997180488658543, 32.778484490175671 ], [ 34.99719062901427, 32.778486221973786 ], [ 34.997313871472123, 32.778501567035136 ], [ 34.997452603916983, 32.778513164870887 ], [ 34.997516312373349, 32.778518330414414 ], [ 34.997577477247262, 32.778518431410596 ], [ 34.997693607680226, 32.778518623084388 ], [ 34.997837522984462, 32.778503605581868 ], [ 34.997978100606659, 32.778457589333058 ], [ 34.998107110267668, 32.77838178349463 ], [ 34.998182851450188, 32.77833178293799 ], [ 34.998277402765666, 32.778269351852394 ], [ 34.99847181390718, 32.77810565855183 ], [ 34.99870977767479, 32.777906588999677 ], [ 34.998910349722131, 32.777731042411844 ], [ 34.998920574361271, 32.777722087310472 ], [ 34.999109625004948, 32.777579750790323 ], [ 34.999268244014019, 32.777432942237738 ], [ 34.999435186312766, 32.77728777736376 ], [ 34.999563568613659, 32.777158408246166 ], [ 34.999596034618875, 32.777104815834718 ], [ 34.999676462994927, 32.77717266465158 ], [ 34.999870238680714, 32.777341504507376 ], [ 34.999968688773443, 32.777461684519572 ], [ 35.000009160375804, 32.777530205497534 ], [ 35.000011325126046, 32.777533884341388 ], [ 35.000024149801405, 32.777571594344565 ], [ 35.000080187446081, 32.77757123670807 ], [ 35.00013040062737, 32.777598369467306 ], [ 35.000150919596607, 32.777636734010464 ], [ 35.000271725750324, 32.777599683665784 ], [ 35.000447510209945, 32.777508177340898 ], [ 35.000703089640361, 32.777346827139276 ], [ 35.000974599700804, 32.777168552200706 ], [ 35.001155902720072, 32.777047115726312 ], [ 35.001246807286883, 32.777016338611759 ], [ 35.001323593811584, 32.776949375130457 ], [ 35.001443724591205, 32.77683118254518 ], [ 35.001463001410073, 32.776806593867995 ], [ 35.001486359016496, 32.776813389012197 ], [ 35.001817116471365, 32.776909513095177 ], [ 35.002353223777227, 32.777067272164452 ], [ 35.002349790201478, 32.77707429985476 ], [ 35.002916597404422, 32.777200546667366 ], [ 35.002918179059776, 32.77721009817072 ], [ 35.00293865842584, 32.777219162492152 ], [ 35.003420028512956, 32.777432061439427 ], [ 35.0036754710612, 32.77754504050241 ], [ 35.003730932378879, 32.777750083017835 ], [ 35.003767449362542, 32.777984043206011 ], [ 35.003792537953132, 32.778172896679422 ], [ 35.003794389000262, 32.778297429239515 ], [ 35.003794740393964, 32.778330150537897 ], [ 35.003741178717533, 32.778463611306307 ], [ 35.003597056184475, 32.77862172355168 ], [ 35.003361220660992, 32.778785899357956 ], [ 35.003212605396982, 32.778849143753206 ], [ 35.003198184314321, 32.778855160149789 ], [ 35.003074121752867, 32.779106620478132 ], [ 35.002972271795137, 32.779313138010615 ], [ 35.002777204620457, 32.77970865773694 ], [ 35.002743427463962, 32.779777040255517 ], [ 35.002730988756397, 32.779802276723053 ], [ 35.002707777452834, 32.779824868304573 ], [ 35.002564403724811, 32.779964400186643 ], [ 35.002547206447183, 32.779981144013398 ], [ 35.002301443881933, 32.780236464993699 ], [ 35.002170861479733, 32.780399199638147 ], [ 35.002122931190328, 32.780523590483753 ], [ 35.002107716660156, 32.780563107061987 ], [ 35.001936336947139, 32.780594923333169 ], [ 35.001911440096933, 32.780601835163147 ], [ 35.001787763867632, 32.780635899613074 ], [ 35.001644105717446, 32.780675612280987 ], [ 35.001332465141765, 32.780751208768471 ], [ 35.001015035482546, 32.780835723666755 ], [ 35.000758705023195, 32.780904649403027 ], [ 35.000582112826315, 32.780967480875432 ], [ 35.000523772424884, 32.780951617091851 ], [ 35.000462312792088, 32.780894704836115 ], [ 35.000449911554703, 32.780900359916551 ], [ 35.000411045750738, 32.780917849033926 ], [ 35.000407797484087, 32.780919315311088 ], [ 35.000110233407533, 32.781054086489803 ], [ 34.999884590431627, 32.781048035820838 ], [ 34.9995641503792, 32.781003058678358 ], [ 34.998801449238528, 32.781026723047404 ], [ 34.998758098634973, 32.781028074765239 ], [ 34.998732803559967, 32.781028832140073 ], [ 34.999046085444135, 32.781656383144231 ], [ 34.999154931014154, 32.781874414686008 ], [ 34.999167152095829, 32.78189896983384 ], [ 34.998760864267901, 32.782471583226489 ], [ 34.998753440800016, 32.782474620572351 ], [ 34.998620780309835, 32.782528713610802 ], [ 34.998416124056611, 32.782612332265579 ], [ 34.998399618905907, 32.78261906603295 ], [ 34.997674021500806, 32.782463138011316 ], [ 34.997157217786132, 32.78235200135358 ], [ 34.997142398887412, 32.782359756660618 ], [ 34.996902554084286, 32.782485158674596 ], [ 34.99673123318022, 32.782574744907031 ], [ 34.99649663866893, 32.782697525498307 ], [ 34.996480716860781, 32.782705800075519 ], [ 34.996451608900095, 32.782738476070932 ], [ 34.996428530753036, 32.782764303778755 ], [ 34.996253652995293, 32.782899370348403 ], [ 34.995977474588749, 32.783112562327872 ], [ 34.995371527721659, 32.783580304120854 ], [ 34.995146106440941, 32.783700401392174 ], [ 34.994633146698355, 32.783973683885989 ], [ 34.994163493209712, 32.784223892252314 ], [ 34.9940711521662, 32.784316617196865 ], [ 34.993851161001992, 32.784503610744252 ], [ 34.993789210196873, 32.784556259339908 ], [ 34.993567106896108, 32.784724953443842 ], [ 34.993361468975401, 32.784882944723918 ], [ 34.993183089962443, 32.785010679281484 ], [ 34.993143758063795, 32.785038843205712 ], [ 34.993108044384243, 32.785063579567975 ], [ 34.993087310232163, 32.785077968097191 ], [ 34.992997607331937, 32.785133099628773 ], [ 34.992912095613548, 32.785185334715493 ], [ 34.992839474733572, 32.785229326584208 ], [ 34.992801666592982, 32.785252236094202 ], [ 34.992784558925628, 32.785262390931202 ], [ 34.992743300897168, 32.785287031258662 ], [ 34.993071142032903, 32.785772519685061 ], [ 34.993065044564169, 32.785775272189376 ], [ 34.9917987441018, 32.786347811583546 ], [ 34.991794443476834, 32.786348166765102 ], [ 34.991199568322848, 32.7863966514496 ], [ 34.991234710957592, 32.786699502000928 ], [ 34.991013878687689, 32.786728614998147 ], [ 34.990845413372831, 32.786784148173354 ], [ 34.990822362672318, 32.786804521425331 ], [ 34.990734156253723, 32.786882506403003 ], [ 34.990669053255893, 32.787010886755795 ], [ 34.99062040651372, 32.787130283627654 ], [ 34.990566110908439, 32.787295916924243 ], [ 34.990554797132965, 32.787338095091798 ], [ 34.990537564655959, 32.787402809112656 ], [ 34.990589475356259, 32.787430044137977 ], [ 34.990798750589093, 32.787544820768581 ], [ 34.990983894052228, 32.787622326787783 ], [ 34.991266315628458, 32.787723247379652 ], [ 34.991276556369172, 32.787726247608923 ], [ 34.991134305735031, 32.788753851918344 ] ] ] } },
{ "type": "Feature", "properties": { "OBJECTID_12": 70, "OBJECTID": 2476, "Shape_Leng": 4551.85551519, "Shape_Area": 943960.64406153315, "OBJECTID_1": 98, "SEMEL_YISH": 4000, "SHEM_YISHU": "חיפה", "SHEM_YIS_1": "HAIFA", "ROVA": 9, "TAT_ROVA": 93, "SchName": "רמת אשכול", "Shape_Length": 4551.8555151929768, "בזב": 1322.0, "מצביעים": 902.0, "כשרים": 900.0, "אמת": 50.0, "אצ": 5.0, "ב": 16.0, "ג": 1.0, "ד": 0.0, "ום": 4.0, "ז": 0.0, "זך": 0.0, "זנ": 0.0, "זץ": 0.0, "ט": 37.0, "י": 0.0, "יז": 4.0, "ינ": 0.0, "יץ": 0.0, "יק": 0.0, "כן": 130.0, "ך": 0.0, "ל": 45.0, "מחל": 168.0, "מרצ": 65.0, "נז": 0.0, "ני": 0.0, "נף": 0.0, "נץ": 0.0, "נק": 0.0, "נר": 0.0, "עם": 1.0, "פה": 356.0, "ף": 0.0, "צ": 2.0, "ץ": 0.0, "ק": 0.0, "קי": 0.0, "קך": 0.0, "קנ": 0.0, "קץ": 10.0, "רז": 0.0, "שס": 6.0, "ת": 0.0, "n_stations": 2.0, "turnout_pct": 68.229954614220873, "אמת_pct": 5.5555555555555554, "אצ_pct": 0.55555555555555558, "ב_pct": 1.7777777777777777, "ג_pct": 0.1111111111111111, "ד_pct": 0.0, "ום_pct": 0.44444444444444442, "ז_pct": 0.0, "זך_pct": 0.0, "זנ_pct": 0.0, "זץ_pct": 0.0, "ט_pct": 4.1111111111111116, "י_pct": 0.0, "יז_pct": 0.44444444444444442, "ינ_pct": 0.0, "יץ_pct": 0.0, "יק_pct": 0.0, "כן_pct": 14.444444444444443, "ך_pct": 0.0, "ל_pct": 5.0, "מחל_pct": 18.666666666666668, "מרצ_pct": 7.2222222222222214, "נז_pct": 0.0, "ני_pct": 0.0, "נף_pct": 0.0, "נץ_pct": 0.0, "נק_pct": 0.0, "נר_pct": 0.0, "עם_pct": 0.1111111111111111, "פה_pct": 39.555555555555557, "ף_pct": 0.0, "צ_pct": 0.22222222222222221, "ץ_pct": 0.0, "ק_pct": 0.0, "קי_pct": 0.0, "קך_pct": 0.0, "קנ_pct": 0.0, "קץ_pct": 1.1111111111111112, "רז_pct": 0.0, "שס_pct": 0.66666666666666674, "ת_pct": 0.0 }, "geometry": { "type": "Polygon", "coordinates": [ [ [ 34.972260271144947, 32.777013403257001 ], [ 34.973181118211393, 32.777000686309265 ], [ 34.973287091103465, 32.77704569249898 ], [ 34.973301938449509, 32.777044729827509 ], [ 34.973314421007558, 32.77704357974806 ], [ 34.973433242177251, 32.777034333775369 ], [ 34.973676230474176, 32.777015575418737 ], [ 34.973853530905508, 32.777091294368844 ], [ 34.973997158059703, 32.777152681815643 ], [ 34.974064857942409, 32.777181570384478 ], [ 34.974243384130411, 32.777235820772368 ], [ 34.974262903828695, 32.777241720356066 ], [ 34.974312177272473, 32.777256776298501 ], [ 34.97437361721115, 32.777230917600541 ], [ 34.974737022955125, 32.777078207791796 ], [ 34.974917188843655, 32.77703805183576 ], [ 34.975002417410785, 32.777018998214153 ], [ 34.975073600186889, 32.777024635191573 ], [ 34.975391285415029, 32.777049556692305 ], [ 34.975620472307561, 32.776999125240572 ], [ 34.975727477960952, 32.776975513148273 ], [ 34.975850566034282, 32.776968800122113 ], [ 34.975865190031804, 32.776967927810482 ], [ 34.975992759323645, 32.776961034364966 ], [ 34.976257991749421, 32.776961517661874 ], [ 34.976320907991081, 32.77694116103536 ], [ 34.976382439551145, 32.776921335660404 ], [ 34.976424737465244, 32.776907711380346 ], [ 34.976488088276874, 32.776887264389067 ], [ 34.976587949405925, 32.776780422004826 ], [ 34.976683312207122, 32.776678705615197 ], [ 34.976815065078071, 32.776618973276868 ], [ 34.977038401996239, 32.776517768557021 ], [ 34.977267109606878, 32.77648536080828 ], [ 34.977598652550604, 32.776561432469826 ], [ 34.977726554043841, 32.776590786913303 ], [ 34.97789444620345, 32.776591090580183 ], [ 34.977974179450179, 32.77659123471507 ], [ 34.978221603935125, 32.77654453111154 ], [ 34.978318537618605, 32.776537480794829 ], [ 34.980202646435863, 32.776401018319866 ], [ 34.981619156103314, 32.775836377908583 ], [ 34.982256591580942, 32.775269348703347 ], [ 34.983009120177613, 32.775250210512603 ], [ 34.984449269978704, 32.775213435090947 ], [ 34.986192521377525, 32.775854648775514 ], [ 34.987346640215627, 32.776279154007774 ], [ 34.987968801586213, 32.776997163179509 ], [ 34.988115071031991, 32.777165967940569 ], [ 34.988235714671532, 32.777305191472379 ], [ 34.988300515181614, 32.777379929394321 ], [ 34.98849723755945, 32.777606902536547 ], [ 34.988953764344998, 32.77813374033456 ], [ 34.989038598950835, 32.778498982673021 ], [ 34.989247028068775, 32.779396695372874 ], [ 34.989248830341431, 32.77940446296607 ], [ 34.989248295199928, 32.779626819190568 ], [ 34.989248102464302, 32.77970690201834 ], [ 34.98924807535095, 32.779718167751675 ], [ 34.988936690189647, 32.779858475549034 ], [ 34.988896519008655, 32.779876532325453 ], [ 34.988942104565638, 32.779960109514214 ], [ 34.988968600589864, 32.780056206356335 ], [ 34.988963398091315, 32.780113786874992 ], [ 34.988959133399135, 32.780159587457099 ], [ 34.988916008240473, 32.780250855900938 ], [ 34.988886887917836, 32.78029493296178 ], [ 34.988853540118448, 32.78034543182762 ], [ 34.988782522337104, 32.780404453595374 ], [ 34.988653100421878, 32.780474112133668 ], [ 34.988639291514311, 32.780479386710688 ], [ 34.988526590540019, 32.780522405382044 ], [ 34.98834151372661, 32.780568253095147 ], [ 34.988128982862477, 32.780612430087942 ], [ 34.987971739777109, 32.780663372992372 ], [ 34.987828416673452, 32.780737614316948 ], [ 34.987727439822599, 32.780829770566918 ], [ 34.987676096354448, 32.780918763805694 ], [ 34.987669406918442, 32.780949138451874 ], [ 34.987655259505473, 32.781013406630152 ], [ 34.987663411078351, 32.781087022488173 ], [ 34.987664867168789, 32.781100170818441 ], [ 34.987693879954989, 32.781197237979825 ], [ 34.987776145555166, 32.781343821838355 ], [ 34.987857371112668, 32.78148847060838 ], [ 34.987889870307939, 32.781546357888587 ], [ 34.987949775519645, 32.781669898937089 ], [ 34.987968440026265, 32.781810234008518 ], [ 34.987972430983248, 32.781923586653633 ], [ 34.987972931343499, 32.781936479049506 ], [ 34.987933612887801, 32.782082397310418 ], [ 34.987885885175736, 32.782220368811444 ], [ 34.987828973476432, 32.782319452350535 ], [ 34.987683303064649, 32.782480617309261 ], [ 34.987678032647011, 32.78247379318195 ], [ 34.987663409961421, 32.782454868359963 ], [ 34.987549964587949, 32.782308510906454 ], [ 34.987372052989841, 32.782078899100689 ], [ 34.987016800866186, 32.781970186133528 ], [ 34.986854632121563, 32.781920562964281 ], [ 34.986273013145762, 32.781742584914632 ], [ 34.985969442417876, 32.781649697141681 ], [ 34.985260319357153, 32.781807279544289 ], [ 34.985051928949908, 32.781853581129418 ], [ 34.984250551249978, 32.782096811416835 ], [ 34.984199168768754, 32.78211241149431 ], [ 34.984171931107454, 32.782120747568982 ], [ 34.983499421268064, 32.782261490186066 ], [ 34.983422952041067, 32.782277492041281 ], [ 34.983412598870025, 32.782278015695745 ], [ 34.982842733436456, 32.782308107622598 ], [ 34.982252581266344, 32.782298238449997 ], [ 34.981794889380538, 32.78229038911585 ], [ 34.981010981141104, 32.782203511157633 ], [ 34.98063502793061, 32.782161909526401 ], [ 34.980582984775907, 32.782145673511124 ], [ 34.979743463935556, 32.781883930809713 ], [ 34.979625609662719, 32.781847213381944 ], [ 34.978768871642814, 32.781392655440577 ], [ 34.978302145593815, 32.781327529389465 ], [ 34.977957718335041, 32.781279485327467 ], [ 34.976976302858844, 32.781293654788215 ], [ 34.976594084767456, 32.781326864910341 ], [ 34.97625904954797, 32.781356189643311 ], [ 34.97604234414657, 32.78136426891303 ], [ 34.975409642405786, 32.781387732897208 ], [ 34.974862524776782, 32.781369508299974 ], [ 34.974727183724106, 32.781319052974595 ], [ 34.974221088211408, 32.781130101790147 ], [ 34.973409955894567, 32.78117557979472 ], [ 34.973274436037393, 32.781203382448119 ], [ 34.973232245574373, 32.781212045624983 ], [ 34.973181961769804, 32.780938525657106 ], [ 34.972185492180898, 32.781301700117005 ], [ 34.971795382838728, 32.781444121254559 ], [ 34.9712866645866, 32.781582740777573 ], [ 34.971056743414962, 32.781604391591443 ], [ 34.971131446353425, 32.7814260989106 ], [ 34.971223029153656, 32.781228526911114 ], [ 34.971228491160488, 32.781216634710376 ], [ 34.971250373323109, 32.781169068673329 ], [ 34.971316615309682, 32.781026360824434 ], [ 34.971388103320848, 32.7806301972456 ], [ 34.971396767156918, 32.780581981715649 ], [ 34.971411966233553, 32.78052411217331 ], [ 34.971616258232039, 32.779748681068696 ], [ 34.971669940548729, 32.779545352161222 ], [ 34.971707678379857, 32.779402147471473 ], [ 34.971742279396409, 32.77927110891941 ], [ 34.971793865086063, 32.779093920690073 ], [ 34.971816160913981, 32.779017501970309 ], [ 34.971918473716819, 32.778666667475711 ], [ 34.972007759268195, 32.77836024964779 ], [ 34.972008049200227, 32.778248712321755 ], [ 34.972008799231176, 32.777960171314824 ], [ 34.972021658973446, 32.777941264082777 ], [ 34.972050685250295, 32.777898485604737 ], [ 34.972075448873397, 32.777862104856034 ], [ 34.972088518524373, 32.777842915775494 ], [ 34.972114446777134, 32.777804830269645 ], [ 34.972150061630217, 32.777611749614145 ], [ 34.972260271144947, 32.777013403257001 ] ] ] } },
{ "type": "Feature", "properties": { "OBJECTID_12": 71, "OBJECTID": 2477, "Shape_Leng": 7214.1389896600003, "Shape_Area": 1591462.654892277, "OBJECTID_1": 99, "SEMEL_YISH": 4000, "SHEM_YISHU": "חיפה", "SHEM_YIS_1": "HAIFA", "ROVA": 9, "TAT_ROVA": 93, "SchName": "רמת בגין", "Shape_Length": 7214.1389896639366, "בזב": 7453.0, "מצביעים": 4988.0, "כשרים": 4973.0, "אמת": 287.0, "אצ": 17.0, "ב": 54.0, "ג": 12.0, "ד": 1.0, "ום": 16.0, "ז": 0.0, "זך": 0.0, "זנ": 0.0, "זץ": 1.0, "ט": 323.0, "י": 0.0, "יז": 17.0, "ינ": 1.0, "יץ": 0.0, "יק": 1.0, "כן": 755.0, "ך": 0.0, "ל": 201.0, "מחל": 1295.0, "מרצ": 228.0, "נז": 0.0, "ני": 1.0, "נף": 0.0, "נץ": 1.0, "נק": 0.0, "נר": 0.0, "עם": 3.0, "פה": 1660.0, "ף": 0.0, "צ": 3.0, "ץ": 0.0, "ק": 0.0, "קי": 0.0, "קך": 0.0, "קנ": 0.0, "קץ": 21.0, "רז": 0.0, "שס": 74.0, "ת": 1.0, "n_stations": 11.0, "turnout_pct": 66.926070038910495, "אמת_pct": 5.7711642871506132, "אצ_pct": 0.34184596822843355, "ב_pct": 1.0858636637844361, "ג_pct": 0.24130303639654133, "ד_pct": 0.020108586366378443, "ום_pct": 0.32173738186205508, "ז_pct": 0.0, "זך_pct": 0.0, "זנ_pct": 0.0, "זץ_pct": 0.020108586366378443, "ט_pct": 6.4950733963402367, "י_pct": 0.0, "יז_pct": 0.34184596822843355, "ינ_pct": 0.020108586366378443, "יץ_pct": 0.0, "יק_pct": 0.020108586366378443, "כן_pct": 15.181982706615724, "ך_pct": 0.0, "ל_pct": 4.0418258596420671, "מחל_pct": 26.040619344460087, "מרצ_pct": 4.5847576915342847, "נז_pct": 0.0, "ני_pct": 0.020108586366378443, "נף_pct": 0.0, "נץ_pct": 0.020108586366378443, "נק_pct": 0.0, "נר_pct": 0.0, "עם_pct": 0.060325759099135332, "פה_pct": 33.380253368188221, "ף_pct": 0.0, "צ_pct": 0.060325759099135332, "ץ_pct": 0.0, "ק_pct": 0.0, "קי_pct": 0.0, "קך_pct": 0.0, "קנ_pct": 0.0, "קץ_pct": 0.42228031369394736, "רז_pct": 0.0, "שס_pct": 1.4880353911120048, "ת_pct": 0.020108586366378443 }, "geometry": { "type": "Polygon", "coordinates": [ [ [ 34.996731780928926, 32.778249580412052 ], [ 34.996513330969698, 32.778140199489258 ], [ 34.996217177498281, 32.777981910953841 ], [ 34.996011415485661, 32.777876701645248 ], [ 34.995988396415555, 32.777864853844243 ], [ 34.995860216026294, 32.777800680556375 ], [ 34.995781666039932, 32.777761358473427 ], [ 34.995750292416332, 32.777754673350344 ], [ 34.995645335552467, 32.777732367279285 ], [ 34.995507086076891, 32.777738985206611 ], [ 34.995299826619373, 32.777773534154839 ], [ 34.995095703883337, 32.777836858402623 ], [ 34.99485884283451, 32.77793735226053 ], [ 34.994627799548731, 32.778052385332245 ], [ 34.99437710526491, 32.778173791577778 ], [ 34.994242562014485, 32.778243977544889 ], [ 34.994129293832223, 32.778302226364701 ], [ 34.993992276437318, 32.778372685630004 ], [ 34.993799725107763, 32.778465866998403 ], [ 34.993734219417341, 32.778536811364688 ], [ 34.993725513577623, 32.778565924193508 ], [ 34.993713139305676, 32.778607198330739 ], [ 34.993710900650726, 32.778654000676042 ], [ 34.993722925096463, 32.7787127131582 ], [ 34.993729916837076, 32.778732930108184 ], [ 34.993750271128789, 32.778792108344376 ], [ 34.993766395043423, 32.778838303164761 ], [ 34.993823172850398, 32.778933706924228 ], [ 34.993879927593774, 32.779035783164169 ], [ 34.993903341144076, 32.779110843566841 ], [ 34.993910244818451, 32.779215641189587 ], [ 34.993903926650212, 32.779270167815532 ], [ 34.993897063636119, 32.779323533944883 ], [ 34.993849570174348, 32.779415531653797 ], [ 34.993767877517129, 32.779521978319863 ], [ 34.993661263713584, 32.77960691905345 ], [ 34.993537662691274, 32.77969570027669 ], [ 34.993364246845978, 32.779769256198847 ], [ 34.993329136078316, 32.779780065178613 ], [ 34.99318212795793, 32.779825314235673 ], [ 34.993027502445166, 32.779852637188327 ], [ 34.992867114180854, 32.77987942002207 ], [ 34.992659741583928, 32.779912346743856 ], [ 34.992496571062169, 32.779944704991578 ], [ 34.992364261955856, 32.779972157746315 ], [ 34.992264628892109, 32.779986607348953 ], [ 34.992209029166254, 32.780019475554255 ], [ 34.992187674745885, 32.780032096477015 ], [ 34.992113576553699, 32.780086711945977 ], [ 34.992036806615921, 32.780141758360003 ], [ 34.991902796958655, 32.780255323241121 ], [ 34.991727872785312, 32.780423015811536 ], [ 34.991582612158318, 32.78055126067585 ], [ 34.991393942234545, 32.78070982139365 ], [ 34.991177584149625, 32.780887630971073 ], [ 34.990997036974193, 32.781039432273168 ], [ 34.990837809740093, 32.781162602970163 ], [ 34.99069797714008, 32.78125533106094 ], [ 34.990491805640765, 32.781365439515149 ], [ 34.990233077973251, 32.781491771249456 ], [ 34.990040413239136, 32.78158107018676 ], [ 34.989834276245283, 32.78167882168254 ], [ 34.989663398554086, 32.781755800524508 ], [ 34.989454182819337, 32.781851120553078 ], [ 34.989442639837741, 32.781855967193323 ], [ 34.989403319078683, 32.781872489997426 ], [ 34.989322108615482, 32.781906709672867 ], [ 34.989165046346017, 32.781976315848425 ], [ 34.989056023509299, 32.782035571809224 ], [ 34.988994557731367, 32.782068987537492 ], [ 34.988863413991695, 32.782146152622914 ], [ 34.988815935984185, 32.782174087482531 ], [ 34.988676182342843, 32.782280342457447 ], [ 34.988514584174006, 32.782406211165046 ], [ 34.988221889163626, 32.782671249186691 ], [ 34.987981177436495, 32.78289174965591 ], [ 34.987772722873466, 32.783062714035957 ], [ 34.98775122811297, 32.783080710755698 ], [ 34.987548641408068, 32.78325168400238 ], [ 34.987301294198261, 32.783480642168676 ], [ 34.987275303998068, 32.783503140388547 ], [ 34.987268676829594, 32.783508183801231 ], [ 34.987262683991624, 32.783512675574336 ], [ 34.987257048018279, 32.783505602830687 ], [ 34.987236609239275, 32.783479899759762 ], [ 34.98717722699832, 32.783405496259327 ], [ 34.987126306610584, 32.783317403452649 ], [ 34.987150878280808, 32.78326938754951 ], [ 34.987181223498865, 32.783210465737596 ], [ 34.987185725818449, 32.783201730713564 ], [ 34.987190445895138, 32.78319299516523 ], [ 34.987197432546658, 32.783174426058174 ], [ 34.987328225023568, 32.782942467300046 ], [ 34.987504819491782, 32.782701563548137 ], [ 34.987534268854795, 32.782665020156664 ], [ 34.987670995146743, 32.782494467687584 ], [ 34.987677198968669, 32.782487448808588 ], [ 34.987683303064649, 32.782480617309261 ], [ 34.987828973476432, 32.782319452350535 ], [ 34.987885885175736, 32.782220368811444 ], [ 34.987933612887801, 32.782082397310418 ], [ 34.987972931343499, 32.781936479049506 ], [ 34.987972430983248, 32.781923586653633 ], [ 34.987968440026265, 32.781810234008518 ], [ 34.987949775519645, 32.781669898937089 ], [ 34.987889870307939, 32.781546357888587 ], [ 34.987857371112668, 32.78148847060838 ], [ 34.987776145555166, 32.781343821838355 ], [ 34.987693879954989, 32.781197237979825 ], [ 34.987664867168789, 32.781100170818441 ], [ 34.987663411078351, 32.781087022488173 ], [ 34.987655259505473, 32.781013406630152 ], [ 34.987669406918442, 32.780949138451874 ], [ 34.987676096354448, 32.780918763805694 ], [ 34.987727439822599, 32.780829770566918 ], [ 34.987828416673452, 32.780737614316948 ], [ 34.987971739777109, 32.780663372992372 ], [ 34.988128982862477, 32.780612430087942 ], [ 34.98834151372661, 32.780568253095147 ], [ 34.988526590540019, 32.780522405382044 ], [ 34.988639291514311, 32.780479386710688 ], [ 34.988653100421878, 32.780474112133668 ], [ 34.988782522337104, 32.780404453595374 ], [ 34.988853540118448, 32.78034543182762 ], [ 34.988886887917836, 32.78029493296178 ], [ 34.988916008240473, 32.780250855900938 ], [ 34.988959133399135, 32.780159587457099 ], [ 34.988963398091315, 32.780113786874992 ], [ 34.988968600589864, 32.780056206356335 ], [ 34.988942104565638, 32.779960109514214 ], [ 34.988896519008655, 32.779876532325453 ], [ 34.988936690189647, 32.779858475549034 ], [ 34.98924807535095, 32.779718167751675 ], [ 34.989248102464302, 32.77970690201834 ], [ 34.989248295199928, 32.779626819190568 ], [ 34.989248830341431, 32.77940446296607 ], [ 34.989247028068775, 32.779396695372874 ], [ 34.989038598950835, 32.778498982673021 ], [ 34.988953764344998, 32.77813374033456 ], [ 34.98849723755945, 32.777606902536547 ], [ 34.988300515181614, 32.777379929394321 ], [ 34.988235714671532, 32.777305191472379 ], [ 34.988115071031991, 32.777165967940569 ], [ 34.987968801586213, 32.776997163179509 ], [ 34.987346640215627, 32.776279154007774 ], [ 34.986192521377525, 32.775854648775514 ], [ 34.984449269978704, 32.775213435090947 ], [ 34.983009120177613, 32.775250210512603 ], [ 34.982256591580942, 32.775269348703347 ], [ 34.981619156103314, 32.775836377908583 ], [ 34.980202646435863, 32.776401018319866 ], [ 34.978318537618605, 32.776537480794829 ], [ 34.978221603935125, 32.77654453111154 ], [ 34.977974179450179, 32.77659123471507 ], [ 34.97789444620345, 32.776591090580183 ], [ 34.977726554043841, 32.776590786913303 ], [ 34.977598652550604, 32.776561432469826 ], [ 34.977267109606878, 32.77648536080828 ], [ 34.977038401996239, 32.776517768557021 ], [ 34.976815065078071, 32.776618973276868 ], [ 34.976683312207122, 32.776678705615197 ], [ 34.976587949405925, 32.776780422004826 ], [ 34.976488088276874, 32.776887264389067 ], [ 34.976424737465244, 32.776907711380346 ], [ 34.976382439551145, 32.776921335660404 ], [ 34.976320907991081, 32.77694116103536 ], [ 34.976257991749421, 32.776961517661874 ], [ 34.975992759323645, 32.776961034364966 ], [ 34.975865190031804, 32.776967927810482 ], [ 34.975850566034282, 32.776968800122113 ], [ 34.975727477960952, 32.776975513148273 ], [ 34.975620472307561, 32.776999125240572 ], [ 34.975391285415029, 32.777049556692305 ], [ 34.975073600186889, 32.777024635191573 ], [ 34.975002417410785, 32.777018998214153 ], [ 34.974917188843655, 32.77703805183576 ], [ 34.974737022955125, 32.777078207791796 ], [ 34.97437361721115, 32.777230917600541 ], [ 34.974312177272473, 32.777256776298501 ], [ 34.974262903828695, 32.777241720356066 ], [ 34.974243384130411, 32.777235820772368 ], [ 34.974064857942409, 32.777181570384478 ], [ 34.973997158059703, 32.777152681815643 ], [ 34.973853530905508, 32.777091294368844 ], [ 34.973676230474176, 32.777015575418737 ], [ 34.973433242177251, 32.777034333775369 ], [ 34.973314421007558, 32.77704357974806 ], [ 34.973301938449509, 32.777044729827509 ], [ 34.973287091103465, 32.77704569249898 ], [ 34.973181118211393, 32.777000686309265 ], [ 34.972260271144947, 32.777013403257001 ], [ 34.972288416320872, 32.776860894896444 ], [ 34.972344286708825, 32.77655883402516 ], [ 34.972375571566324, 32.776388298445539 ], [ 34.972415084564062, 32.77617331549569 ], [ 34.972946290525847, 32.773292199674778 ], [ 34.972999567529861, 32.772998628412026 ], [ 34.973008221823136, 32.772867265519764 ], [ 34.973035777895674, 32.772448478708917 ], [ 34.973043470747626, 32.772389187477899 ], [ 34.973043775673574, 32.772386837319907 ], [ 34.973113020888462, 32.772346589034136 ], [ 34.973192552171625, 32.772300361611578 ], [ 34.973272082305407, 32.772254134135835 ], [ 34.973337184623261, 32.77219590006947 ], [ 34.973402286856292, 32.772137665968351 ], [ 34.973443832599067, 32.772100502521361 ], [ 34.973467389006821, 32.772079430930802 ], [ 34.973450313677937, 32.771992479577143 ], [ 34.97343323838404, 32.77190552731841 ], [ 34.973430312976475, 32.771890627712075 ], [ 34.97341616418781, 32.771818575959941 ], [ 34.973420356283, 32.771819500713335 ], [ 34.973448322786062, 32.771825670276357 ], [ 34.973457380866364, 32.771826116180812 ], [ 34.973460796380039, 32.771826881704591 ], [ 34.973478445598836, 32.771827153185292 ], [ 34.97348840950356, 32.771827306804163 ], [ 34.973498196244549, 32.771827457390664 ], [ 34.973501353187586, 32.771827506490226 ], [ 34.97350934587076, 32.771827629423683 ], [ 34.973528801145228, 32.771821214543472 ], [ 34.973595255416683, 32.771799304043434 ], [ 34.973600998098625, 32.771797411142394 ], [ 34.973627460405737, 32.7717834619596 ], [ 34.973633137615721, 32.771780469769112 ], [ 34.97367003947371, 32.7717610196229 ], [ 34.973675253606672, 32.771759216816335 ], [ 34.97368027331764, 32.771757481278719 ], [ 34.973718516690965, 32.7717442597991 ], [ 34.973720887141823, 32.771743439111809 ], [ 34.973721263721707, 32.771743507432355 ], [ 34.973782388195154, 32.771754553925106 ], [ 34.973782889592584, 32.771754644115937 ], [ 34.973813385159524, 32.771760155506257 ], [ 34.973843890333576, 32.771765667808538 ], [ 34.973898351251364, 32.771767776995567 ], [ 34.973905943251104, 32.771768071390454 ], [ 34.973948261668824, 32.771769709171707 ], [ 34.973982769083534, 32.771756635831125 ], [ 34.973989975499414, 32.771751657295525 ], [ 34.973997256759723, 32.771746626598748 ], [ 34.974047990318077, 32.771711580795625 ], [ 34.974054649299063, 32.771710708474863 ], [ 34.974145147124212, 32.771698865137353 ], [ 34.974151117376543, 32.771695630003961 ], [ 34.974164261329285, 32.77168851002159 ], [ 34.974196234116015, 32.771671187681108 ], [ 34.974245816227196, 32.771644324375913 ], [ 34.974247323215501, 32.771643508404289 ], [ 34.974270008591972, 32.771670471110554 ], [ 34.974307367145393, 32.771714870706987 ], [ 34.97431585391984, 32.771711283115735 ], [ 34.974381150665216, 32.771683681272066 ], [ 34.974411334623994, 32.771670921780824 ], [ 34.974454934133746, 32.771652491793276 ], [ 34.974527242010794, 32.771621926242105 ], [ 34.974528719685615, 32.771621302274589 ], [ 34.974576356947438, 32.771621059647416 ], [ 34.97463366724412, 32.771620767114847 ], [ 34.974693437688778, 32.77162046283609 ], [ 34.974738615866883, 32.771620232770822 ], [ 34.974843565558572, 32.771619697439178 ], [ 34.974930610771182, 32.771605663299837 ], [ 34.974940499091566, 32.771604069177904 ], [ 34.975037432591122, 32.771588440841427 ], [ 34.975048601126126, 32.771586639861141 ], [ 34.975134367126849, 32.771572811530064 ], [ 34.975231300559543, 32.771557183043221 ], [ 34.975328235028428, 32.771541553581457 ], [ 34.975425169461538, 32.771525924946197 ], [ 34.975522102793953, 32.771510296233821 ], [ 34.975619037160222, 32.771494667448195 ], [ 34.975715971495354, 32.771479037685658 ], [ 34.975812904727455, 32.771463408747735 ], [ 34.975909838993417, 32.77144777973654 ], [ 34.976006772158669, 32.771432150648216 ], [ 34.976103707425054, 32.771416521488618 ], [ 34.976202942461008, 32.771411432761248 ], [ 34.976302178555741, 32.771406343055467 ], [ 34.976401414637394, 32.771401254172716 ], [ 34.976493660087193, 32.771396523993914 ], [ 34.976500650708218, 32.771396165211328 ], [ 34.976599886765932, 32.771391077072956 ], [ 34.976699122815134, 32.771385987954261 ], [ 34.976702071065951, 32.771385836417302 ], [ 34.976798358853536, 32.771380898756895 ], [ 34.976897594881123, 32.77137580948088 ], [ 34.976996830897917, 32.771370720126207 ], [ 34.977096067971161, 32.771365630694824 ], [ 34.977189977606578, 32.771378406747068 ], [ 34.977283888336544, 32.77139118273098 ], [ 34.977377799093766, 32.771403958644584 ], [ 34.97747171094553, 32.771416734489826 ], [ 34.977471986750842, 32.771414036212953 ], [ 34.977473129300407, 32.77140288610498 ], [ 34.977476219905149, 32.771372712835799 ], [ 34.977578249739416, 32.771368591993841 ], [ 34.977680280632093, 32.771364471070704 ], [ 34.977782311515874, 32.771360350064391 ], [ 34.977884342390773, 32.771356228974973 ], [ 34.977986374324061, 32.771352107804326 ], [ 34.978077132830066, 32.77131451326008 ], [ 34.978167892327342, 32.771276918651466 ], [ 34.978226470134352, 32.771252654269858 ], [ 34.978226629987972, 32.771253171230313 ], [ 34.978227090775533, 32.771254548952179 ], [ 34.978240119792247, 32.771291456352479 ], [ 34.97859546599814, 32.771360897608943 ], [ 34.978808278862857, 32.771402398322067 ], [ 34.978810794306007, 32.771418542310478 ], [ 34.979045915992849, 32.771335105897627 ], [ 34.980510578654432, 32.770815741667555 ], [ 34.981206971609922, 32.77065368066517 ], [ 34.982483474802379, 32.770427285171607 ], [ 34.982705426955874, 32.77039882381866 ], [ 34.982986218574645, 32.770362886407874 ], [ 34.983953480506628, 32.770103288519756 ], [ 34.985152274810794, 32.770007367718996 ], [ 34.985397179039666, 32.770022043747822 ], [ 34.986273398859716, 32.770074618224093 ], [ 34.986698784401213, 32.7702647134521 ], [ 34.987007211396751, 32.770402576464377 ], [ 34.98739374389644, 32.770372128100867 ], [ 34.988731862053584, 32.770612581183187 ], [ 34.989425469271069, 32.770737257844651 ], [ 34.989716538884622, 32.770789563905147 ], [ 34.989788549717275, 32.770802494972727 ], [ 34.990833223479569, 32.771062435784728 ], [ 34.991438376016688, 32.770975909332684 ], [ 34.992187004836012, 32.770868793864423 ], [ 34.993347860157826, 32.770478798037679 ], [ 34.993389537877881, 32.770454242000554 ], [ 34.993416050022653, 32.770438506957774 ], [ 34.994088035282481, 32.770740535632839 ], [ 34.99422944071565, 32.770836533098802 ], [ 34.994616042418642, 32.771098939036442 ], [ 34.995156216009036, 32.772642644122051 ], [ 34.995825118738594, 32.774554457455345 ], [ 34.996685907476454, 32.777014570797476 ], [ 34.996798106784084, 32.777335241993349 ], [ 34.996923170968977, 32.77769264511781 ], [ 34.996925286098083, 32.777698335615476 ], [ 34.996891554774983, 32.777794121881968 ], [ 34.9967534793048, 32.778187675301851 ], [ 34.996731780928926, 32.778249580412052 ] ] ] } },
{ "type": "Feature", "properties": { "OBJECTID_12": 72, "OBJECTID": 2480, "Shape_Leng": 3739.6504677799999, "Shape_Area": 675821.27313458326, "OBJECTID_1": 102, "SEMEL_YISH": 4000, "SHEM_YISHU": "חיפה", "SHEM_YIS_1": "HAIFA", "ROVA": 9, "TAT_ROVA": 94, "SchName": "רמת גולדה", "Shape_Length": 3739.6504677791586, "בזב": 1382.0, "מצביעים": 989.0, "כשרים": 985.0, "אמת": 63.0, "אצ": 4.0, "ב": 16.0, "ג": 2.0, "ד": 0.0, "ום": 3.0, "ז": 0.0, "זך": 0.0, "זנ": 0.0, "זץ": 0.0, "ט": 38.0, "י": 1.0, "יז": 0.0, "ינ": 0.0, "יץ": 0.0, "יק": 0.0, "כן": 172.0, "ך": 0.0, "ל": 54.0, "מחל": 167.0, "מרצ": 62.0, "נז": 1.0, "ני": 0.0, "נף": 0.0, "נץ": 0.0, "נק": 1.0, "נר": 0.0, "עם": 1.0, "פה": 387.0, "ף": 0.0, "צ": 2.0, "ץ": 0.0, "ק": 1.0, "קי": 0.0, "קך": 0.0, "קנ": 0.0, "קץ": 2.0, "רז": 0.0, "שס": 8.0, "ת": 0.0, "n_stations": 3.0, "turnout_pct": 71.562952243125892, "אמת_pct": 6.3959390862944163, "אצ_pct": 0.40609137055837563, "ב_pct": 1.6243654822335025, "ג_pct": 0.20304568527918782, "ד_pct": 0.0, "ום_pct": 0.3045685279187817, "ז_pct": 0.0, "זך_pct": 0.0, "זנ_pct": 0.0, "זץ_pct": 0.0, "ט_pct": 3.857868020304569, "י_pct": 0.10152284263959391, "יז_pct": 0.0, "ינ_pct": 0.0, "יץ_pct": 0.0, "יק_pct": 0.0, "כן_pct": 17.461928934010153, "ך_pct": 0.0, "ל_pct": 5.4822335025380715, "מחל_pct": 16.954314720812182, "מרצ_pct": 6.2944162436548226, "נז_pct": 0.10152284263959391, "ני_pct": 0.0, "נף_pct": 0.0, "נץ_pct": 0.0, "נק_pct": 0.10152284263959391, "נר_pct": 0.0, "עם_pct": 0.10152284263959391, "פה_pct": 39.289340101522839, "ף_pct": 0.0, "צ_pct": 0.20304568527918782, "ץ_pct": 0.0, "ק_pct": 0.10152284263959391, "קי_pct": 0.0, "קך_pct": 0.0, "קנ_pct": 0.0, "קץ_pct": 0.20304568527918782, "רז_pct": 0.0, "שס_pct": 0.81218274111675126, "ת_pct": 0.0 }, "geometry": { "type": "Polygon", "coordinates": [ [ [ 34.999596034618875, 32.777104815834718 ], [ 34.999563568613659, 32.777158408246166 ], [ 34.999435186312766, 32.77728777736376 ], [ 34.999268244014019, 32.777432942237738 ], [ 34.999109625007023, 32.777579749888623 ], [ 34.998920574361271, 32.777722087310472 ], [ 34.998910349722131, 32.777731042411844 ], [ 34.998709776607427, 32.777906588997908 ], [ 34.99847181283981, 32.778105658550061 ], [ 34.998277402765666, 32.778269351852394 ], [ 34.99818285145227, 32.778331782036268 ], [ 34.998107110267668, 32.77838178349463 ], [ 34.997978100606659, 32.778457589333058 ], [ 34.997837522986536, 32.778503604680175 ], [ 34.997693607682308, 32.778518622182688 ], [ 34.99757747724933, 32.778518430508903 ], [ 34.997516312375424, 32.778518329512721 ], [ 34.997452603916983, 32.778513164870887 ], [ 34.997313871472123, 32.778501567035136 ], [ 34.997190627949003, 32.77848622107031 ], [ 34.997180488660632, 32.778484489273978 ], [ 34.997119377331309, 32.778461304765798 ], [ 34.997029728295303, 32.778411564043083 ], [ 34.996834134431289, 32.778300782406987 ], [ 34.996731780928926, 32.778249580412052 ], [ 34.9967534793048, 32.778187675301851 ], [ 34.996891554774983, 32.777794121881968 ], [ 34.996925286098083, 32.777698335615476 ], [ 34.996923170968977, 32.77769264511781 ], [ 34.996798106784084, 32.777335241993349 ], [ 34.996685907476454, 32.777014570797476 ], [ 34.995825118738594, 32.774554457455345 ], [ 34.995156216009036, 32.772642644122051 ], [ 34.994616042418642, 32.771098939036442 ], [ 34.99422944071565, 32.770836533098802 ], [ 34.994088035282481, 32.770740535632839 ], [ 34.993416050022653, 32.770438506957774 ], [ 34.99369029097938, 32.770277034570874 ], [ 34.993885446992223, 32.770162113167331 ], [ 34.994122174975566, 32.770022743199078 ], [ 34.994642684406593, 32.769978087229376 ], [ 34.99524358055708, 32.769926611234659 ], [ 34.996196209212322, 32.770165068234334 ], [ 34.996557378042965, 32.770255390328387 ], [ 34.99698810216384, 32.770178293092854 ], [ 34.997638771855527, 32.770061781884721 ], [ 34.998074356819828, 32.769952224237088 ], [ 34.998357033224693, 32.769881095596055 ], [ 34.998414825348391, 32.769857385826235 ], [ 34.998507774360291, 32.769819396828375 ], [ 34.998667159522242, 32.769754287427666 ], [ 34.999021829987839, 32.769609240753105 ], [ 34.999154967146531, 32.769586375480948 ], [ 34.999387721998247, 32.769546454305292 ], [ 34.999721916086365, 32.769489021583702 ], [ 35.000188555851899, 32.769474629105979 ], [ 35.000672964544961, 32.769581549237387 ], [ 35.001088537477749, 32.769727851944104 ], [ 35.001408148762891, 32.769840268960017 ], [ 35.003626192974089, 32.770162868719353 ], [ 35.004045497301519, 32.770223858055672 ], [ 35.004188971796076, 32.770254381719155 ], [ 35.004575301972494, 32.770162628637465 ], [ 35.005990210454769, 32.769826557858984 ], [ 35.006218189584665, 32.769772405681962 ], [ 35.006514558428421, 32.769827698202128 ], [ 35.006792159759669, 32.769879529465719 ], [ 35.006827305460057, 32.769909352616807 ], [ 35.006883548289906, 32.769956948104436 ], [ 35.007031948703322, 32.770082794672746 ], [ 35.007066779081747, 32.770112421591094 ], [ 35.007114294252609, 32.770152623739378 ], [ 35.00707426762839, 32.770155721153799 ], [ 35.007049715254951, 32.77015747505628 ], [ 35.007067870480796, 32.770246595824311 ], [ 35.007080912888611, 32.770382412833136 ], [ 35.007080213484443, 32.770506394162858 ], [ 35.007065400956208, 32.770642167295527 ], [ 35.007058121677517, 32.770681520311591 ], [ 35.007053413176912, 32.770706987636835 ], [ 35.007042394109789, 32.770766654500946 ], [ 35.007002692787538, 32.770907528084763 ], [ 35.006949035093399, 32.771036478161363 ], [ 35.006873987863536, 32.771191906182587 ], [ 35.006832763778931, 32.771260954442916 ], [ 35.006736126600195, 32.771422802673683 ], [ 35.00659012302976, 32.771665390171918 ], [ 35.006505742346071, 32.771786980572429 ], [ 35.006421579138959, 32.771908581175538 ], [ 35.006310259941429, 32.772054930937252 ], [ 35.006166012857065, 32.772224925990649 ], [ 35.006054215335936, 32.772343076900611 ], [ 35.005957489932534, 32.772451653922694 ], [ 35.005849761743832, 32.77256536843079 ], [ 35.005712963281752, 32.772698152713168 ], [ 35.005557226827079, 32.772844979565512 ], [ 35.005435758476423, 32.772945587381166 ], [ 35.005402351790536, 32.772973308381225 ], [ 35.005368502416829, 32.773001388445842 ], [ 35.005176973896653, 32.773166724783358 ], [ 35.004921696318235, 32.773347191695279 ], [ 35.004617831297772, 32.77358683649404 ], [ 35.004464520544566, 32.773699850407986 ], [ 35.00435462154077, 32.773781455234605 ], [ 35.004173744319147, 32.773910205356579 ], [ 35.003948809641123, 32.774076024701564 ], [ 35.003729271130275, 32.774212095398767 ], [ 35.003705894088085, 32.774224171341054 ], [ 35.00357262445916, 32.774292996160412 ], [ 35.00333594686159, 32.774408116626411 ], [ 35.003104651498376, 32.774504144657264 ], [ 35.002870488285097, 32.7745956582622 ], [ 35.002652868443825, 32.774687093472082 ], [ 35.0024627620503, 32.77478886641704 ], [ 35.002435612470123, 32.774803417507563 ], [ 35.002092621626154, 32.775015941230905 ], [ 35.001952299325438, 32.775099120550131 ], [ 35.001943271275955, 32.77510452605658 ], [ 35.001869787681649, 32.775148579575379 ], [ 35.001570511420141, 32.775332402996987 ], [ 35.001263291069769, 32.775541457600276 ], [ 35.000925607762298, 32.775762466246171 ], [ 35.000623839710428, 32.775962595012928 ], [ 35.0003163117604, 32.776160467535576 ], [ 35.000141916829172, 32.776294264606648 ], [ 35.000097114963474, 32.776329178256837 ], [ 35.00001401215831, 32.776412643445312 ], [ 34.999963296702113, 32.776463575044041 ], [ 34.999865836450766, 32.776602645929415 ], [ 34.999754950157914, 32.776786237678984 ], [ 34.99966603250023, 32.776976528760649 ], [ 34.999626465877867, 32.777055089265239 ], [ 34.999596034618875, 32.777104815834718 ] ] ] } },
{ "type": "Feature", "properties": { "OBJECTID_12": 73, "OBJECTID": 2481, "Shape_Leng": 3623.91897346, "Shape_Area": 278977.76252404694, "OBJECTID_1": 103, "SEMEL_YISH": 4000, "SHEM_YISHU": "חיפה", "SHEM_YIS_1": "HAIFA", "ROVA": 9, "TAT_ROVA": 94, "SchName": "רמת אלמוגי", "Shape_Length": 3623.91897345999, "בזב": 1892.0, "מצביעים": 1244.0, "כשרים": 1240.0, "אמת": 69.0, "אצ": 4.0, "ב": 10.0, "ג": 1.0, "ד": 3.0, "ום": 2.0, "ז": 0.0, "זך": 0.0, "זנ": 0.0, "זץ": 0.0, "ט": 44.0, "י": 0.0, "יז": 1.0, "ינ": 0.0, "יץ": 0.0, "יק": 0.0, "כן": 208.0, "ך": 0.0, "ל": 54.0, "מחל": 246.0, "מרצ": 62.0, "נז": 0.0, "ני": 0.0, "נף": 0.0, "נץ": 0.0, "נק": 0.0, "נר": 0.0, "עם": 0.0, "פה": 516.0, "ף": 0.0, "צ": 1.0, "ץ": 0.0, "ק": 1.0, "קי": 0.0, "קך": 0.0, "קנ": 0.0, "קץ": 6.0, "רז": 0.0, "שס": 12.0, "ת": 0.0, "n_stations": 3.0, "turnout_pct": 65.750528541226217, "אמת_pct": 5.564516129032258, "אצ_pct": 0.32258064516129031, "ב_pct": 0.80645161290322576, "ג_pct": 0.080645161290322578, "ד_pct": 0.24193548387096775, "ום_pct": 0.16129032258064516, "ז_pct": 0.0, "זך_pct": 0.0, "זנ_pct": 0.0, "זץ_pct": 0.0, "ט_pct": 3.5483870967741935, "י_pct": 0.0, "יז_pct": 0.080645161290322578, "ינ_pct": 0.0, "יץ_pct": 0.0, "יק_pct": 0.0, "כן_pct": 16.7741935483871, "ך_pct": 0.0, "ל_pct": 4.354838709677419, "מחל_pct": 19.838709677419356, "מרצ_pct": 5.0, "נז_pct": 0.0, "ני_pct": 0.0, "נף_pct": 0.0, "נץ_pct": 0.0, "נק_pct": 0.0, "נר_pct": 0.0, "עם_pct": 0.0, "פה_pct": 41.612903225806456, "ף_pct": 0.0, "צ_pct": 0.080645161290322578, "ץ_pct": 0.0, "ק_pct": 0.080645161290322578, "קי_pct": 0.0, "קך_pct": 0.0, "קנ_pct": 0.0, "קץ_pct": 0.4838709677419355, "רז_pct": 0.0, "שס_pct": 0.967741935483871, "ת_pct": 0.0 }, "geometry": { "type": "Polygon", "coordinates": [ [ [ 35.002349790201478, 32.77707429985476 ], [ 35.002353223779267, 32.777067271262766 ], [ 35.001817116471365, 32.776909513095177 ], [ 35.001486359016496, 32.776813389012197 ], [ 35.001463000342717, 32.776806593866269 ], [ 35.001443724593258, 32.776831181643495 ], [ 35.001323593811584, 32.776949375130457 ], [ 35.001246807288936, 32.777016337710045 ], [ 35.001155902720072, 32.777047115726312 ], [ 35.000974599700804, 32.777168552200706 ], [ 35.000703088575058, 32.777346826235849 ], [ 35.000447509142582, 32.777508177339129 ], [ 35.000271724685028, 32.777599682762364 ], [ 35.00015091959866, 32.777636733108785 ], [ 35.000130400629423, 32.777598368565613 ], [ 35.000080187446081, 32.77757123670807 ], [ 35.000024149801405, 32.777571594344565 ], [ 35.000011325126046, 32.777533884341388 ], [ 35.000009160375804, 32.777530205497534 ], [ 34.999968688773443, 32.777461684519572 ], [ 34.999870238682782, 32.777341503605676 ], [ 34.999676462994927, 32.77717266465158 ], [ 34.999596034618875, 32.777104815834718 ], [ 34.999626465877867, 32.777055089265239 ], [ 34.99966603250023, 32.776976528760649 ], [ 34.999754950157914, 32.776786237678984 ], [ 34.999865836450766, 32.776602645929415 ], [ 34.999963296702113, 32.776463575044041 ], [ 35.00001401215831, 32.776412643445312 ], [ 35.000097114963474, 32.776329178256837 ], [ 35.000141916829172, 32.776294264606648 ], [ 35.0003163117604, 32.776160467535576 ], [ 35.000623839710428, 32.775962595012928 ], [ 35.000925607762298, 32.775762466246171 ], [ 35.001263291069769, 32.775541457600276 ], [ 35.001570511420141, 32.775332402996987 ], [ 35.001869787681649, 32.775148579575379 ], [ 35.001943271275955, 32.77510452605658 ], [ 35.001952299325438, 32.775099120550131 ], [ 35.002092621626154, 32.775015941230905 ], [ 35.002435612470123, 32.774803417507563 ], [ 35.0024627620503, 32.77478886641704 ], [ 35.002652868443825, 32.774687093472082 ], [ 35.002870488285097, 32.7745956582622 ], [ 35.003104651498376, 32.774504144657264 ], [ 35.00333594686159, 32.774408116626411 ], [ 35.00357262445916, 32.774292996160412 ], [ 35.003705894088085, 32.774224171341054 ], [ 35.003729271130275, 32.774212095398767 ], [ 35.003948809641123, 32.774076024701564 ], [ 35.004173744319147, 32.773910205356579 ], [ 35.00435462154077, 32.773781455234605 ], [ 35.004464520544566, 32.773699850407986 ], [ 35.004617831297772, 32.77358683649404 ], [ 35.004921696318235, 32.773347191695279 ], [ 35.005176973896653, 32.773166724783358 ], [ 35.005368502416829, 32.773001388445842 ], [ 35.005402351790536, 32.772973308381225 ], [ 35.005435758476423, 32.772945587381166 ], [ 35.005557226827079, 32.772844979565512 ], [ 35.005712963281752, 32.772698152713168 ], [ 35.005849761743832, 32.77256536843079 ], [ 35.005957489932534, 32.772451653922694 ], [ 35.006054215335936, 32.772343076900611 ], [ 35.006166012857065, 32.772224925990649 ], [ 35.006310259941429, 32.772054930937252 ], [ 35.006421579138959, 32.771908581175538 ], [ 35.006505742346071, 32.771786980572429 ], [ 35.00659012302976, 32.771665390171918 ], [ 35.006736126600195, 32.771422802673683 ], [ 35.006832763778931, 32.771260954442916 ], [ 35.006873987863536, 32.771191906182587 ], [ 35.006949035093399, 32.771036478161363 ], [ 35.007002692787538, 32.770907528084763 ], [ 35.007042394109789, 32.770766654500946 ], [ 35.007053413176912, 32.770706987636835 ], [ 35.007058121677517, 32.770681520311591 ], [ 35.007065400956208, 32.770642167295527 ], [ 35.007080213484443, 32.770506394162858 ], [ 35.007080912888611, 32.770382412833136 ], [ 35.007067870480796, 32.770246595824311 ], [ 35.007049715254951, 32.77015747505628 ], [ 35.00707426762839, 32.770155721153799 ], [ 35.007114294252609, 32.770152623739378 ], [ 35.007138088885355, 32.770150856007497 ], [ 35.007212408466785, 32.7701379885603 ], [ 35.007339200813853, 32.770089766918048 ], [ 35.007465412167136, 32.770011613302223 ], [ 35.007534837732933, 32.76994122502785 ], [ 35.007574742589433, 32.769900781687767 ], [ 35.007637062615011, 32.769803946237793 ], [ 35.007685405571543, 32.769713861457774 ], [ 35.007720819731752, 32.769620750104771 ], [ 35.007744331063208, 32.769558944114195 ], [ 35.007805690583197, 32.769418202531682 ], [ 35.007859700984426, 32.769319093368615 ], [ 35.007955512854736, 32.769234130630544 ], [ 35.007981711839207, 32.769218731042841 ], [ 35.008040572979844, 32.769184124194368 ], [ 35.008161616792336, 32.769131296748625 ], [ 35.008261022776828, 32.769113954969654 ], [ 35.008374786558953, 32.769114679438381 ], [ 35.008477634610813, 32.769132327821865 ], [ 35.008594291235035, 32.769170836825339 ], [ 35.008674258385618, 32.769225964398473 ], [ 35.008700869018483, 32.769244305909865 ], [ 35.008765609630899, 32.769312576222426 ], [ 35.008816455320364, 32.769388757942998 ], [ 35.008848106441697, 32.769468253178331 ], [ 35.008863272879353, 32.769553932667051 ], [ 35.008862136500746, 32.769633375820838 ], [ 35.008861870684456, 32.769655371405591 ], [ 35.00884337922755, 32.769720714684297 ], [ 35.008762938617025, 32.769903723785276 ], [ 35.008709712679625, 32.770020191322004 ], [ 35.008674671452169, 32.770096912484114 ], [ 35.008621422474604, 32.77024281223607 ], [ 35.008598928577122, 32.770322216592817 ], [ 35.008594950985874, 32.770336275948416 ], [ 35.008572141203686, 32.770472669760906 ], [ 35.008565046010126, 32.770581792860767 ], [ 35.008560760289654, 32.770647848089048 ], [ 35.00856342866512, 32.770837848825821 ], [ 35.008591113314679, 32.771017591277563 ], [ 35.008618682458341, 32.77119798005446 ], [ 35.008665112853905, 32.771342324101717 ], [ 35.008742917853283, 32.771539734199052 ], [ 35.008853996444181, 32.771747296987748 ], [ 35.008948227896475, 32.771948160834924 ], [ 35.009070478462071, 32.77216864412933 ], [ 35.009170504840419, 32.772356983247839 ], [ 35.009286918347861, 32.772562294291333 ], [ 35.009350558995095, 32.772746166386945 ], [ 35.009377951750444, 32.772823874870575 ], [ 35.00940562149659, 32.772902328579882 ], [ 35.009452694460052, 32.773091205392959 ], [ 35.00949180048498, 32.773223104203488 ], [ 35.009502393919334, 32.773259194860188 ], [ 35.009549106872178, 32.773420480053119 ], [ 35.009591927377564, 32.773511262730587 ], [ 35.009645946704232, 32.773604310731059 ], [ 35.009713449569361, 32.773678265497239 ], [ 35.00979186692075, 32.773740972285857 ], [ 35.009878622921654, 32.773798002267192 ], [ 35.009935717326009, 32.773824959655947 ], [ 35.009970738649308, 32.773841511451245 ], [ 35.010065250197627, 32.773870968638136 ], [ 35.010156886515581, 32.773888597349206 ], [ 35.010290163314721, 32.773906299533913 ], [ 35.010345659895073, 32.77390926552544 ], [ 35.010431676278479, 32.773914361667309 ], [ 35.010570081497328, 32.773924756931962 ], [ 35.010783816673317, 32.773945383715926 ], [ 35.010865321972489, 32.773964084599555 ], [ 35.010934024525554, 32.773979429383118 ], [ 35.011039988102766, 32.774031980638824 ], [ 35.011140298567994, 32.77409867070299 ], [ 35.01116022826443, 32.774112236811476 ], [ 35.011255981043746, 32.774200841798354 ], [ 35.011337627723677, 32.774307458002632 ], [ 35.011372127209349, 32.774390923498991 ], [ 35.01139870146315, 32.774495818216622 ], [ 35.011408703176635, 32.774606209387827 ], [ 35.011402958055221, 32.774649570333935 ], [ 35.011396110991058, 32.774702039421122 ], [ 35.011356094549754, 32.774798911035994 ], [ 35.011294047382208, 32.774910985546548 ], [ 35.011228945469952, 32.774984463609556 ], [ 35.011195834886074, 32.775021836559155 ], [ 35.01108652738899, 32.77512418631138 ], [ 35.010979643462633, 32.775190568334551 ], [ 35.010850037952423, 32.775252947700075 ], [ 35.01074548039081, 32.7752848847081 ], [ 35.010667329826056, 32.775298114396634 ], [ 35.01065857113722, 32.775299631932313 ], [ 35.01062653394964, 32.775304989856643 ], [ 35.010510390589147, 32.775312654017426 ], [ 35.010382958134038, 32.775311373794132 ], [ 35.010285748783112, 32.775301124212241 ], [ 35.010199656448037, 32.775281245440816 ], [ 35.010074414717252, 32.775251747007637 ], [ 35.010036105386142, 32.775246010498783 ], [ 35.010027461143913, 32.775245450659511 ], [ 35.00987993947863, 32.775202390214012 ], [ 35.009710041248717, 32.775148024520142 ], [ 35.00962670632007, 32.775134916871302 ], [ 35.00951880874355, 32.775129153148754 ], [ 35.009485266406415, 32.775141455108667 ], [ 35.00939468365695, 32.775175126855537 ], [ 35.009339738021353, 32.775212822393982 ], [ 35.009316640879923, 32.775234789623553 ], [ 35.009290985497039, 32.775205802513639 ], [ 35.009243898465826, 32.77516190763216 ], [ 35.009170578353562, 32.775063783511797 ], [ 35.009123398249571, 32.774966778523797 ], [ 35.009108315308211, 32.774832575379278 ], [ 35.009103980952034, 32.774814451738976 ], [ 35.009047044644603, 32.774630933577349 ], [ 35.009002451664514, 32.774487246337927 ], [ 35.008872300650289, 32.774062881658324 ], [ 35.008596741257193, 32.773984031648851 ], [ 35.007919973149569, 32.774056617261309 ], [ 35.007841639286369, 32.774111290479823 ], [ 35.007669762791437, 32.774196435699842 ], [ 35.007475026985162, 32.774267040965739 ], [ 35.007297776765569, 32.774315450228478 ], [ 35.007013818467776, 32.77435634955026 ], [ 35.006959995159676, 32.774350062870148 ], [ 35.006850286494284, 32.774229271799683 ], [ 35.006530327030433, 32.774376868696052 ], [ 35.006465469617474, 32.774406774699258 ], [ 35.005986805074087, 32.774627499407046 ], [ 35.00592433630581, 32.774656301627978 ], [ 35.005554956859612, 32.774826624317775 ], [ 35.005098865496528, 32.775116661462363 ], [ 35.004459055133189, 32.77552351615379 ], [ 35.004449007812198, 32.77552990576789 ], [ 35.004434330557643, 32.775651696083223 ], [ 35.004389746134166, 32.776021149903535 ], [ 35.004113671421997, 32.776102819088223 ], [ 35.00369123234735, 32.776227781732182 ], [ 35.003674361176429, 32.776232804199523 ], [ 35.003675881696928, 32.776249647612971 ], [ 35.003694667162833, 32.776456451038861 ], [ 35.003697068867474, 32.776482532837214 ], [ 35.003696299344469, 32.776487745210787 ], [ 35.003655851598239, 32.776583437815276 ], [ 35.003604863616225, 32.776712395110394 ], [ 35.003582714127532, 32.776781155403462 ], [ 35.003570684847524, 32.776818284190696 ], [ 35.003566672578515, 32.776942806479092 ], [ 35.003566433786695, 32.777049110637712 ], [ 35.003566342030133, 32.777089958218028 ], [ 35.003579909734611, 32.777270326364864 ], [ 35.003646629786992, 32.777458969796456 ], [ 35.003669634926865, 32.777524018932425 ], [ 35.0036754710612, 32.77754504050241 ], [ 35.003420028512956, 32.777432061439427 ], [ 35.00293865842584, 32.777219162492152 ], [ 35.002918179059776, 32.77721009817072 ], [ 35.002916597404422, 32.777200546667366 ], [ 35.002349790201478, 32.77707429985476 ] ] ] } },
{ "type": "Feature", "properties": { "OBJECTID_12": 74, "OBJECTID": 2482, "Shape_Leng": 3394.09652886, "Shape_Area": 415319.935580483, "OBJECTID_1": 104, "SEMEL_YISH": 4000, "SHEM_YISHU": "חיפה", "SHEM_YIS_1": "HAIFA", "ROVA": 9, "TAT_ROVA": 94, "SchName": "סביוני הכרמל", "Shape_Length": 3394.0965288599955, "בזב": null, "מצביעים": null, "כשרים": null, "אמת": null, "אצ": null, "ב": null, "ג": null, "ד": null, "ום": null, "ז": null, "זך": null, "זנ": null, "זץ": null, "ט": null, "י": null, "יז": null, "ינ": null, "יץ": null, "יק": null, "כן": null, "ך": null, "ל": null, "מחל": null, "מרצ": null, "נז": null, "ני": null, "נף": null, "נץ": null, "נק": null, "נר": null, "עם": null, "פה": null, "ף": null, "צ": null, "ץ": null, "ק": null, "קי": null, "קך": null, "קנ": null, "קץ": null, "רז": null, "שס": null, "ת": null, "n_stations": null, "turnout_pct": null, "אמת_pct": null, "אצ_pct": null, "ב_pct": null, "ג_pct": null, "ד_pct": null, "ום_pct": null, "ז_pct": null, "זך_pct": null, "זנ_pct": null, "זץ_pct": null, "ט_pct": null, "י_pct": null, "יז_pct": null, "ינ_pct": null, "יץ_pct": null, "יק_pct": null, "כן_pct": null, "ך_pct": null, "ל_pct": null, "מחל_pct": null, "מרצ_pct": null, "נז_pct": null, "ני_pct": null, "נף_pct": null, "נץ_pct": null, "נק_pct": null, "נר_pct": null, "עם_pct": null, "פה_pct": null, "ף_pct": null, "צ_pct": null, "ץ_pct": null, "ק_pct": null, "קי_pct": null, "קך_pct": null, "קנ_pct": null, "קץ_pct": null, "רז_pct": null, "שס_pct": null, "ת_pct": null }, "geometry": { "type": "Polygon", "coordinates": [ [ [ 35.01142392978285, 32.773236287056918 ], [ 35.011214350272425, 32.773463106858365 ], [ 35.011210939841462, 32.77346771287602 ], [ 35.011128513529258, 32.773579018315559 ], [ 35.011051214823446, 32.773683229849624 ], [ 35.010942025550534, 32.773835710405791 ], [ 35.010901421667405, 32.773903627505192 ], [ 35.010865321972489, 32.773964084599555 ], [ 35.010783816673317, 32.773945383715926 ], [ 35.010570081497328, 32.773924756931962 ], [ 35.010431676278479, 32.773914361667309 ], [ 35.010345659895073, 32.77390926552544 ], [ 35.010290163314721, 32.773906299533913 ], [ 35.010156886515581, 32.773888597349206 ], [ 35.010065250197627, 32.773870968638136 ], [ 35.009970738649308, 32.773841511451245 ], [ 35.009935717326009, 32.773824959655947 ], [ 35.009878622921654, 32.773798002267192 ], [ 35.00979186692075, 32.773740972285857 ], [ 35.009713449569361, 32.773678265497239 ], [ 35.009645946704232, 32.773604310731059 ], [ 35.009591927377564, 32.773511262730587 ], [ 35.009549106872178, 32.773420480053119 ], [ 35.009502393919334, 32.773259194860188 ], [ 35.00949180048498, 32.773223104203488 ], [ 35.009452694460052, 32.773091205392959 ], [ 35.00940562149659, 32.772902328579882 ], [ 35.009377951750444, 32.772823874870575 ], [ 35.009350558995095, 32.772746166386945 ], [ 35.009286918347861, 32.772562294291333 ], [ 35.009170504840419, 32.772356983247839 ], [ 35.009070478462071, 32.77216864412933 ], [ 35.008948227896475, 32.771948160834924 ], [ 35.008853996444181, 32.771747296987748 ], [ 35.008742917853283, 32.771539734199052 ], [ 35.008665112853905, 32.771342324101717 ], [ 35.008618682458341, 32.77119798005446 ], [ 35.008591113314679, 32.771017591277563 ], [ 35.00856342866512, 32.770837848825821 ], [ 35.008560760289654, 32.770647848089048 ], [ 35.008565046010126, 32.770581792860767 ], [ 35.008572141203686, 32.770472669760906 ], [ 35.008594950985874, 32.770336275948416 ], [ 35.008598928577122, 32.770322216592817 ], [ 35.008621422474604, 32.77024281223607 ], [ 35.008674671452169, 32.770096912484114 ], [ 35.008709712679625, 32.770020191322004 ], [ 35.008762938617025, 32.769903723785276 ], [ 35.00884337922755, 32.769720714684297 ], [ 35.008861870684456, 32.769655371405591 ], [ 35.008862136500746, 32.769633375820838 ], [ 35.008863272879353, 32.769553932667051 ], [ 35.008848106441697, 32.769468253178331 ], [ 35.008816455320364, 32.769388757942998 ], [ 35.008765609630899, 32.769312576222426 ], [ 35.008700869018483, 32.769244305909865 ], [ 35.008674258385618, 32.769225964398473 ], [ 35.008594291235035, 32.769170836825339 ], [ 35.008477634610813, 32.769132327821865 ], [ 35.008374786558953, 32.769114679438381 ], [ 35.008261022776828, 32.769113954969654 ], [ 35.008161616792336, 32.769131296748625 ], [ 35.008040572979844, 32.769184124194368 ], [ 35.007981711839207, 32.769218731042841 ], [ 35.007955512854736, 32.769234130630544 ], [ 35.007859700984426, 32.769319093368615 ], [ 35.007805690583197, 32.769418202531682 ], [ 35.007744331063208, 32.769558944114195 ], [ 35.007720819731752, 32.769620750104771 ], [ 35.007685405571543, 32.769713861457774 ], [ 35.007637062615011, 32.769803946237793 ], [ 35.007574742589433, 32.769900781687767 ], [ 35.007534837732933, 32.76994122502785 ], [ 35.007465412167136, 32.770011613302223 ], [ 35.007339200813853, 32.770089766918048 ], [ 35.007212408466785, 32.7701379885603 ], [ 35.007138088885355, 32.770150856007497 ], [ 35.007114294252609, 32.770152623739378 ], [ 35.007066779081747, 32.770112421591094 ], [ 35.007031948703322, 32.770082794672746 ], [ 35.007027641102631, 32.770054291556072 ], [ 35.007020515128886, 32.769990349109342 ], [ 35.007019163883385, 32.769977808883404 ], [ 35.00702114298295, 32.769808392143545 ], [ 35.007032566590269, 32.769753493181568 ], [ 35.007062781038172, 32.769607471257835 ], [ 35.007091645360028, 32.769530592937663 ], [ 35.007097126606894, 32.769517167184304 ], [ 35.00712423859558, 32.769465364095936 ], [ 35.007136356083279, 32.769441313272068 ], [ 35.007210003291746, 32.76934395123611 ], [ 35.00730224271431, 32.769230843212384 ], [ 35.007430363286744, 32.769065951157813 ], [ 35.00753908646562, 32.768914838885244 ], [ 35.007563212155837, 32.768881304799287 ], [ 35.007650121214937, 32.768770891423088 ], [ 35.007685542390888, 32.768725868491359 ], [ 35.007835743993432, 32.768564965515871 ], [ 35.007996868708815, 32.768434562256154 ], [ 35.008153843921129, 32.768346262451608 ], [ 35.008305122115587, 32.768274370735192 ], [ 35.008481454314477, 32.768215937974695 ], [ 35.008683138228598, 32.768176855318472 ], [ 35.008879583400727, 32.768146777528671 ], [ 35.009213978487736, 32.768086961825247 ], [ 35.009409994692433, 32.768054722969097 ], [ 35.009617340020363, 32.768015459162129 ], [ 35.009791296036695, 32.767968390361048 ], [ 35.009984273208488, 32.767914593513439 ], [ 35.010174215601083, 32.767831470266863 ], [ 35.010488076234658, 32.767692203222502 ], [ 35.010697249252445, 32.767594422090433 ], [ 35.010886994066091, 32.767498411292024 ], [ 35.011048817371567, 32.767391439366385 ], [ 35.011194169719005, 32.76729374735023 ], [ 35.011311890703077, 32.767194116314926 ], [ 35.011353070950221, 32.767153780112956 ], [ 35.011374569967465, 32.7671328009775 ], [ 35.011385570360176, 32.767123260831468 ], [ 35.011438714210115, 32.767078531925286 ], [ 35.011461918735066, 32.767058994510307 ], [ 35.01181012329954, 32.766729147314756 ], [ 35.012289709006041, 32.76624495596532 ], [ 35.012409568619276, 32.76613918839729 ], [ 35.01284250004624, 32.765865010842383 ], [ 35.012960479950323, 32.765790263678184 ], [ 35.013483272118727, 32.765456802869089 ], [ 35.013703697066596, 32.765338922339481 ], [ 35.013854174358862, 32.765240236812005 ], [ 35.013865162882141, 32.765233029118654 ], [ 35.014047709732417, 32.765113304109583 ], [ 35.014079669838928, 32.765092704678366 ], [ 35.014059343308077, 32.765115398392695 ], [ 35.014097752994907, 32.765122212254724 ], [ 35.014165275206167, 32.765134127029768 ], [ 35.014333947837983, 32.765163964101752 ], [ 35.014350803735852, 32.765166875102352 ], [ 35.014397741920398, 32.765175057961464 ], [ 35.014636952878028, 32.765630876172644 ], [ 35.014778168727503, 32.765899964527343 ], [ 35.014845346808798, 32.766027748383756 ], [ 35.014907840339376, 32.766146775944108 ], [ 35.014930166439889, 32.766189283277747 ], [ 35.014984941893388, 32.766172777561081 ], [ 35.015015546145058, 32.766187760445689 ], [ 35.01501617871984, 32.766189411508691 ], [ 35.015048762459578, 32.76627458102142 ], [ 35.015078394643929, 32.766352524367818 ], [ 35.015098646139052, 32.766405132058679 ], [ 35.015119713320097, 32.766460122361764 ], [ 35.015140781592208, 32.76651511356426 ], [ 35.015170121423452, 32.766569894535813 ], [ 35.015199461288574, 32.766624676401861 ], [ 35.015219128283441, 32.766661036399626 ], [ 35.015246714813365, 32.766712248490556 ], [ 35.01527430137098, 32.766763462378535 ], [ 35.015281850453505, 32.766777359917292 ], [ 35.015314479248602, 32.766849514317833 ], [ 35.015347108096073, 32.76692166870923 ], [ 35.015379738061299, 32.76699382399481 ], [ 35.015412368078884, 32.76706597927123 ], [ 35.015444998150777, 32.767138133636841 ], [ 35.015477628271242, 32.767210289796679 ], [ 35.015503654095134, 32.767267901527056 ], [ 35.01552967995049, 32.767325514153292 ], [ 35.015562646746822, 32.767369194284854 ], [ 35.015571597254784, 32.767381053375502 ], [ 35.015571717518249, 32.767381212255522 ], [ 35.015571715254303, 32.767381273567558 ], [ 35.01557171405571, 32.767381335782872 ], [ 35.015571465869705, 32.767390206309791 ], [ 35.015571457833595, 32.767390474101859 ], [ 35.015570679821799, 32.767418271364448 ], [ 35.015607319862205, 32.767441353229657 ], [ 35.015615444686944, 32.767446471785178 ], [ 35.015616757088168, 32.767449654049969 ], [ 35.015645940007495, 32.767520406436041 ], [ 35.015676435374374, 32.767594342882177 ], [ 35.015707674078612, 32.76767007481773 ], [ 35.015738912835438, 32.767745806744784 ], [ 35.015770151642982, 32.767821539565013 ], [ 35.015785992275667, 32.76790127347379 ], [ 35.015801832936233, 32.767981007379653 ], [ 35.015795392181502, 32.768026497341054 ], [ 35.015788951420127, 32.768071987301767 ], [ 35.015779081795749, 32.768141655626749 ], [ 35.015805851639904, 32.768200937448896 ], [ 35.015840949522762, 32.768258608742819 ], [ 35.015837256449231, 32.768314463343344 ], [ 35.015833562301772, 32.768370318843324 ], [ 35.015858656123385, 32.768415170068856 ], [ 35.015853754433152, 32.768462141129895 ], [ 35.015863825236423, 32.768512195984087 ], [ 35.01587389605082, 32.768562250837086 ], [ 35.015880910622563, 32.768634401694335 ], [ 35.015887925205334, 32.768706552550377 ], [ 35.015884544764504, 32.768791307922143 ], [ 35.015914863855535, 32.768862586729192 ], [ 35.015945184060008, 32.768933866431546 ], [ 35.015928493775839, 32.769004445132488 ], [ 35.015936831579189, 32.769087353418278 ], [ 35.015945169395721, 32.769170262604121 ], [ 35.015953507227323, 32.769253171788414 ], [ 35.015961845073974, 32.769336080971087 ], [ 35.015967381344517, 32.769391132508687 ], [ 35.015970181866543, 32.769418991052248 ], [ 35.015876026350085, 32.769412810746537 ], [ 35.015781869781648, 32.7694066294668 ], [ 35.015687714293847, 32.769400448117935 ], [ 35.015593558817528, 32.769394267600063 ], [ 35.015499402289208, 32.769388086108165 ], [ 35.015405247908816, 32.769381904548794 ], [ 35.015309427762489, 32.769375614004431 ], [ 35.015213608697273, 32.769369323388453 ], [ 35.015117789645899, 32.769363032699218 ], [ 35.015021970608409, 32.76935674193674 ], [ 35.014926151584753, 32.769350451101047 ], [ 35.01483033364223, 32.769344160193747 ], [ 35.014827981705153, 32.769344006051718 ], [ 35.014727599926637, 32.769362468768207 ], [ 35.014627219172425, 32.769380932307371 ], [ 35.014526838379084, 32.769399394864216 ], [ 35.014426457544694, 32.7694178573404 ], [ 35.014326076669242, 32.769436319735988 ], [ 35.014225696818109, 32.76945478295427 ], [ 35.014125315860561, 32.7694732451886 ], [ 35.014024934861979, 32.769491707342283 ], [ 35.013924553822342, 32.769510169415348 ], [ 35.013824172739753, 32.769528632309473 ], [ 35.013723792685276, 32.769547094222908 ], [ 35.013767756787743, 32.76960219982049 ], [ 35.013782886591002, 32.769621163891941 ], [ 35.013841978461819, 32.769695232627647 ], [ 35.013901071495695, 32.769769302238295 ], [ 35.013960164627278, 32.769843371820556 ], [ 35.014019258923838, 32.769917441376045 ], [ 35.01407835225276, 32.769991509999848 ], [ 35.014137445677477, 32.770065579496936 ], [ 35.014196539199908, 32.77013964896566 ], [ 35.014255633889242, 32.770213717505925 ], [ 35.014314727607108, 32.770287786917876 ], [ 35.01431485001828, 32.770287940392095 ], [ 35.014314969235265, 32.770288090254681 ], [ 35.014213929600295, 32.770301681489933 ], [ 35.014112889935035, 32.770315272643572 ], [ 35.014011850239477, 32.770328863715591 ], [ 35.013910810513593, 32.770342454705975 ], [ 35.013809771824718, 32.770356045616332 ], [ 35.013708732038246, 32.770369636443462 ], [ 35.013607692221477, 32.770383227188944 ], [ 35.013506652374431, 32.770396817852827 ], [ 35.013405612499014, 32.770410407533397 ], [ 35.013304572591366, 32.770423998034033 ], [ 35.013229702496439, 32.770434067584603 ], [ 35.013232506592551, 32.770441396348723 ], [ 35.013239894667315, 32.770460710251179 ], [ 35.013244414972284, 32.770472525773179 ], [ 35.013304583642629, 32.770505733286498 ], [ 35.013364753423133, 32.770538941674232 ], [ 35.013403491814834, 32.770560321362503 ], [ 35.013451437214876, 32.770672897385282 ], [ 35.013500209803084, 32.770823008690094 ], [ 35.01354463727084, 32.770959779959632 ], [ 35.013549203194621, 32.770973755103753 ], [ 35.013566128871219, 32.771042495609272 ], [ 35.01364262570705, 32.771354777802422 ], [ 35.013703779957616, 32.771603827627118 ], [ 35.013754891917777, 32.771812013458458 ], [ 35.01375424007032, 32.772019644409255 ], [ 35.013753218375143, 32.772346181554106 ], [ 35.013741595197324, 32.772419367222611 ], [ 35.013631823531995, 32.773110366035112 ], [ 35.013605245584031, 32.773166232562808 ], [ 35.013553359447833, 32.773275081202684 ], [ 35.013548641727979, 32.773285165805518 ], [ 35.013544250191082, 32.77329444478822 ], [ 35.013522445804263, 32.773310019037972 ], [ 35.013507260434103, 32.773320818966674 ], [ 35.013314426125042, 32.773459108566321 ], [ 35.013218061163975, 32.773499993257758 ], [ 35.013138257595195, 32.773533952881067 ], [ 35.013128106669519, 32.773538276348226 ], [ 35.013113801018932, 32.773541935232544 ], [ 35.01309311551806, 32.773532346564721 ], [ 35.013063774136953, 32.773527707612701 ], [ 35.013055237838365, 32.773528146325567 ], [ 35.013040714290298, 32.773528390143483 ], [ 35.013023369153366, 32.773507000651882 ], [ 35.012933739356065, 32.773393602489406 ], [ 35.012812829477156, 32.773287384431491 ], [ 35.012656446455061, 32.773198142315628 ], [ 35.012466840921505, 32.773124549455069 ], [ 35.012239059934998, 32.77308028766214 ], [ 35.011989663231866, 32.77306412519701 ], [ 35.011868897701994, 32.773038322465077 ], [ 35.011853644886614, 32.773080869027098 ], [ 35.011848945523653, 32.773084822958239 ], [ 35.011826603376733, 32.773103180525709 ], [ 35.011793598780173, 32.773110618381253 ], [ 35.011729811041754, 32.773125809469533 ], [ 35.01169962680531, 32.773133001867564 ], [ 35.011633038757878, 32.773127232266695 ], [ 35.011574726597587, 32.773096754451856 ], [ 35.01142392978285, 32.773236287056918 ] ] ] } },
{ "type": "Feature", "properties": { "OBJECTID_12": 75, "OBJECTID": 2483, "Shape_Leng": 9825.3644452999997, "Shape_Area": 2987406.2797762752, "OBJECTID_1": 105, "SEMEL_YISH": 4000, "SHEM_YISHU": "חיפה", "SHEM_YIS_1": "HAIFA", "ROVA": 9, "TAT_ROVA": 94, "SchName": "הוד הכרמל", "Shape_Length": 9825.364445302077, "בזב": 7362.0, "מצביעים": 5175.0, "כשרים": 5143.0, "אמת": 279.0, "אצ": 5.0, "ב": 51.0, "ג": 4.0, "ד": 20.0, "ום": 27.0, "ז": 0.0, "זך": 0.0, "זנ": 0.0, "זץ": 0.0, "ט": 198.0, "י": 1.0, "יז": 8.0, "ינ": 0.0, "יץ": 0.0, "יק": 0.0, "כן": 838.0, "ך": 0.0, "ל": 228.0, "מחל": 886.0, "מרצ": 382.0, "נז": 0.0, "ני": 1.0, "נף": 0.0, "נץ": 1.0, "נק": 0.0, "נר": 0.0, "עם": 3.0, "פה": 2162.0, "ף": 0.0, "צ": 3.0, "ץ": 0.0, "ק": 0.0, "קי": 0.0, "קך": 0.0, "קנ": 1.0, "קץ": 19.0, "רז": 0.0, "שס": 26.0, "ת": 0.0, "n_stations": 12.0, "turnout_pct": 70.293398533007334, "אמת_pct": 5.4248493097413961, "אצ_pct": 0.097219521679953333, "ב_pct": 0.9916391211355241, "ג_pct": 0.077775617343962669, "ד_pct": 0.38887808671981333, "ום_pct": 0.52498541707174806, "ז_pct": 0.0, "זך_pct": 0.0, "זנ_pct": 0.0, "זץ_pct": 0.0, "ט_pct": 3.8498930585261522, "י_pct": 0.019443904335990667, "יז_pct": 0.15555123468792534, "ינ_pct": 0.0, "יץ_pct": 0.0, "יק_pct": 0.0, "כן_pct": 16.293991833560177, "ך_pct": 0.0, "ל_pct": 4.4332101886058721, "מחל_pct": 17.227299241687728, "מרצ_pct": 7.427571456348435, "נז_pct": 0.0, "ני_pct": 0.019443904335990667, "נף_pct": 0.0, "נץ_pct": 0.019443904335990667, "נק_pct": 0.0, "נר_pct": 0.0, "עם_pct": 0.058331713007971998, "פה_pct": 42.037721174411821, "ף_pct": 0.0, "צ_pct": 0.058331713007971998, "ץ_pct": 0.0, "ק_pct": 0.0, "קי_pct": 0.0, "קך_pct": 0.0, "קנ_pct": 0.019443904335990667, "קץ_pct": 0.36943418238382264, "רז_pct": 0.0, "שס_pct": 0.50554151273575731, "ת_pct": 0.0 }, "geometry": { "type": "Polygon", "coordinates": [ [ [ 34.993416050022653, 32.770438506957774 ], [ 34.993389537877881, 32.770454242000554 ], [ 34.993347860157826, 32.770478798037679 ], [ 34.992187004836012, 32.770868793864423 ], [ 34.991438376016688, 32.770975909332684 ], [ 34.990833223479569, 32.771062435784728 ], [ 34.989788549717275, 32.770802494972727 ], [ 34.989716538884622, 32.770789563905147 ], [ 34.989425469271069, 32.770737257844651 ], [ 34.988731862053584, 32.770612581183187 ], [ 34.98739374389644, 32.770372128100867 ], [ 34.987007211396751, 32.770402576464377 ], [ 34.986698784401213, 32.7702647134521 ], [ 34.986273398859716, 32.770074618224093 ], [ 34.985397179039666, 32.770022043747822 ], [ 34.985152274810794, 32.770007367718996 ], [ 34.983953480506628, 32.770103288519756 ], [ 34.982986218574645, 32.770362886407874 ], [ 34.982705426955874, 32.77039882381866 ], [ 34.982483474802379, 32.770427285171607 ], [ 34.981206971609922, 32.77065368066517 ], [ 34.980510578654432, 32.770815741667555 ], [ 34.979045915992849, 32.771335105897627 ], [ 34.978810794306007, 32.771418542310478 ], [ 34.978808278862857, 32.771402398322067 ], [ 34.97859546599814, 32.771360897608943 ], [ 34.978240119792247, 32.771291456352479 ], [ 34.978227090775533, 32.771254548952179 ], [ 34.978226629987972, 32.771253171230313 ], [ 34.978226470134352, 32.771252654269858 ], [ 34.978258652815917, 32.771239323978449 ], [ 34.978235863322602, 32.771167005583493 ], [ 34.978218178302313, 32.771110885451805 ], [ 34.978213073863529, 32.771094688085441 ], [ 34.978190285510536, 32.771022369682747 ], [ 34.978167497191805, 32.770950052176964 ], [ 34.978154707085821, 32.770892990485393 ], [ 34.978141916995952, 32.770835928792067 ], [ 34.97812646843488, 32.770767007695639 ], [ 34.978111020962317, 32.7706980875003 ], [ 34.978110741304462, 32.770696833637444 ], [ 34.978097778186978, 32.770639000675182 ], [ 34.978084534359361, 32.770579914747948 ], [ 34.978083338653086, 32.77057414804402 ], [ 34.978075002537821, 32.770533911021552 ], [ 34.977981764118958, 32.770530327835708 ], [ 34.977975273533467, 32.770530078058215 ], [ 34.977875545600867, 32.770526246820836 ], [ 34.977775817679571, 32.770522414602404 ], [ 34.977676089767321, 32.770518582304646 ], [ 34.977576361864109, 32.770514749927536 ], [ 34.977573386568821, 32.770514635435774 ], [ 34.977476635037206, 32.770510917472976 ], [ 34.977476753586394, 32.770510465036203 ], [ 34.977495403638123, 32.770439240465045 ], [ 34.977495884308738, 32.770437402776928 ], [ 34.977509299815011, 32.770386172854074 ], [ 34.977515134610989, 32.770363889882169 ], [ 34.977534384883512, 32.770290376081789 ], [ 34.977553634056761, 32.770216862275518 ], [ 34.977572884262983, 32.770143349368908 ], [ 34.977592134437202, 32.770069836458333 ], [ 34.977634407765628, 32.770000156848965 ], [ 34.977655121593386, 32.76996601553887 ], [ 34.977676682092905, 32.769930478127911 ], [ 34.977718955284509, 32.769860800291298 ], [ 34.977716280056761, 32.769854314057909 ], [ 34.977688446904438, 32.769786825828334 ], [ 34.977657939641787, 32.769712851359195 ], [ 34.977627432429266, 32.769638876882027 ], [ 34.977596926329561, 32.769564904202056 ], [ 34.977564311135559, 32.769493541713288 ], [ 34.977531697058289, 32.769422180119115 ], [ 34.977499083032789, 32.769350818515839 ], [ 34.97746646905901, 32.769279456903512 ], [ 34.977459780272113, 32.769264821075993 ], [ 34.977433856201955, 32.769208096185729 ], [ 34.977425697125774, 32.769188258511207 ], [ 34.977398936186496, 32.769123193208571 ], [ 34.977364017304161, 32.769038290222738 ], [ 34.977329098485406, 32.768953388128004 ], [ 34.977298728077685, 32.768879544557116 ], [ 34.977294179732489, 32.768868486022718 ], [ 34.977259261047749, 32.768783583005117 ], [ 34.977224343491521, 32.768698681782269 ], [ 34.977302554843234, 32.768658638561234 ], [ 34.977309869754578, 32.768654893548494 ], [ 34.977369265315218, 32.768624485072493 ], [ 34.977395398068616, 32.768611105259566 ], [ 34.977480926296863, 32.768567317813257 ], [ 34.977410644153068, 32.768547082673201 ], [ 34.977383437171532, 32.768539249936055 ], [ 34.977369957928467, 32.768535368956577 ], [ 34.977340364173536, 32.768526848399347 ], [ 34.977256692864387, 32.768499651255098 ], [ 34.97724300375706, 32.768495202714405 ], [ 34.977231151169136, 32.768487065054757 ], [ 34.977176287293709, 32.768449399089064 ], [ 34.977160435203636, 32.768438516618808 ], [ 34.977149133383556, 32.768426160010549 ], [ 34.977112509730865, 32.768386113256909 ], [ 34.977038913071496, 32.768338106856064 ], [ 34.976965318623435, 32.768290101317504 ], [ 34.976964448118771, 32.768289533471908 ], [ 34.976891723184977, 32.76824209663544 ], [ 34.97681812889514, 32.768194091010379 ], [ 34.976744534684443, 32.76814608534211 ], [ 34.976721202012108, 32.768124839550737 ], [ 34.976693543187167, 32.768096276740543 ], [ 34.976660730074357, 32.768060380074473 ], [ 34.97663398249793, 32.768019752403774 ], [ 34.976607233880763, 32.767979123823572 ], [ 34.976586552675613, 32.767933025757713 ], [ 34.976565900187829, 32.767875662844922 ], [ 34.976553022439241, 32.767825923484303 ], [ 34.976543734430308, 32.767748733988654 ], [ 34.976543458778032, 32.767708217553675 ], [ 34.976544668301202, 32.767653209947859 ], [ 34.976549399948475, 32.76760985145345 ], [ 34.976554874833312, 32.767581402962179 ], [ 34.976563207208542, 32.767538106017987 ], [ 34.976576604695111, 32.767491471184904 ], [ 34.97659586233808, 32.767432716479611 ], [ 34.97661571662703, 32.767390692033608 ], [ 34.976635570894928, 32.767348668485752 ], [ 34.976670171185617, 32.767278174515056 ], [ 34.976704534310016, 32.767220329103971 ], [ 34.976744906246502, 32.767159439652197 ], [ 34.976774782718536, 32.767116220605985 ], [ 34.976803242823678, 32.767073882642279 ], [ 34.976844784111272, 32.767023143877175 ], [ 34.976886326418906, 32.766972405099651 ], [ 34.976927867607472, 32.766921668109134 ], [ 34.976967672782436, 32.766879994513985 ], [ 34.977007477917958, 32.766838321807427 ], [ 34.977047287481234, 32.76679489259061 ], [ 34.9770870970058, 32.766751463360649 ], [ 34.97713528342959, 32.766703339749803 ], [ 34.977183469803784, 32.766655215218087 ], [ 34.977225072188169, 32.766611773865364 ], [ 34.977266674534363, 32.766568331596652 ], [ 34.977320866368018, 32.766512114347819 ], [ 34.977358120919526, 32.766469428807028 ], [ 34.977389882096055, 32.7664306394528 ], [ 34.977421643244952, 32.766391850090159 ], [ 34.977465764931736, 32.766334605535199 ], [ 34.977508962371296, 32.766274823718859 ], [ 34.977540833682966, 32.766226220455763 ], [ 34.977572706027118, 32.766177617185903 ], [ 34.977607480717296, 32.766119946286992 ], [ 34.977637170518662, 32.766067968506349 ], [ 34.977672090494238, 32.766007682028516 ], [ 34.977699243017611, 32.765957125223615 ], [ 34.977726394442968, 32.76590656841033 ], [ 34.977753546094824, 32.765849592410831 ], [ 34.977778593063967, 32.765799386145432 ], [ 34.977803640004836, 32.765749179874511 ], [ 34.977826667445996, 32.765699505554323 ], [ 34.977855553422771, 32.765631490485788 ], [ 34.977884439357645, 32.765563474507999 ], [ 34.97790955960302, 32.765497334459184 ], [ 34.977934680878199, 32.765431194406389 ], [ 34.977961877352811, 32.765356402708633 ], [ 34.977979741260867, 32.765302984196275 ], [ 34.977997363253216, 32.765242675376946 ], [ 34.97801498522157, 32.765182366554434 ], [ 34.978033509584954, 32.765112535635133 ], [ 34.978056558669465, 32.765027622084212 ], [ 34.978073181500477, 32.764960197958388 ], [ 34.978081529371366, 32.764923040575788 ], [ 34.978084500875639, 32.764909817145423 ], [ 34.978095820237876, 32.764859436330958 ], [ 34.978103596069317, 32.764805402652449 ], [ 34.97811137189116, 32.764751368972931 ], [ 34.978123317865119, 32.764678974351895 ], [ 34.97813639656929, 32.764614844926463 ], [ 34.978140391608562, 32.764595254655703 ], [ 34.9781494741895, 32.764550714595295 ], [ 34.978162514785801, 32.764501637126905 ], [ 34.978175555367606, 32.764452559656675 ], [ 34.97820230785743, 32.764375890660446 ], [ 34.978229059231538, 32.764299222557142 ], [ 34.978253881449788, 32.764242235014244 ], [ 34.978278703638466, 32.764185246564068 ], [ 34.978303487120151, 32.764143136943567 ], [ 34.978328271645594, 32.764101027319697 ], [ 34.978360697077001, 32.764050999244503 ], [ 34.97839312353922, 32.764000971162275 ], [ 34.978434017308203, 32.763950888008701 ], [ 34.978468816407769, 32.763910029035038 ], [ 34.978503615473208, 32.763869170952994 ], [ 34.978564711552266, 32.763812639168144 ], [ 34.978625808623534, 32.763756106452881 ], [ 34.978686903480884, 32.763699574604836 ], [ 34.978747999330423, 32.763643041826384 ], [ 34.978798012724461, 32.763612969207983 ], [ 34.978816985375779, 32.76360156172931 ], [ 34.97885306236622, 32.763579869620109 ], [ 34.978885973491664, 32.763560081597539 ], [ 34.978954960476472, 32.763518601425311 ], [ 34.978964010171225, 32.763513159733513 ], [ 34.979023946330216, 32.763477121212617 ], [ 34.979053521762104, 32.763462239592585 ], [ 34.979100315852243, 32.763438692957678 ], [ 34.979176685308857, 32.763400264655679 ], [ 34.979253055767217, 32.763361836308519 ], [ 34.97919601223451, 32.763300662742019 ], [ 34.979138969846915, 32.763239489151204 ], [ 34.979081927534985, 32.763178316435869 ], [ 34.979024885300959, 32.763117143694352 ], [ 34.978967843147103, 32.763055970024858 ], [ 34.978910802133846, 32.762994798134478 ], [ 34.97890964259274, 32.762992906991904 ], [ 34.978863137767554, 32.762917033829829 ], [ 34.978832022641832, 32.762866269968612 ], [ 34.978815473481561, 32.762839270408136 ], [ 34.978767809278139, 32.762761506967713 ], [ 34.97872014622444, 32.762683743510493 ], [ 34.978672482186148, 32.762605980032589 ], [ 34.978624818230415, 32.762528216535969 ], [ 34.978577155424432, 32.762450453022524 ], [ 34.978529491631541, 32.762372690390158 ], [ 34.978493566624756, 32.762314076610366 ], [ 34.978457641660306, 32.76225546462333 ], [ 34.978421716742794, 32.76219685262565 ], [ 34.978512630607106, 32.762169622978988 ], [ 34.978603544416444, 32.762142393266004 ], [ 34.978694460305135, 32.762115163490527 ], [ 34.978728921904185, 32.762062234601807 ], [ 34.978763383457789, 32.762009307506389 ], [ 34.978797843903301, 32.761956380398921 ], [ 34.978824841336191, 32.761914950917209 ], [ 34.97888552887175, 32.761900912517461 ], [ 34.978946218522765, 32.761886874092056 ], [ 34.978965268255401, 32.761904860260948 ], [ 34.978980053018049, 32.761918818987034 ], [ 34.978983028390033, 32.761919213872865 ], [ 34.979014272465534, 32.761923360174571 ], [ 34.979055851933403, 32.761928879405161 ], [ 34.979056177315329, 32.761928922370082 ], [ 34.979132301630088, 32.761939025706958 ], [ 34.979208428094417, 32.761949129903172 ], [ 34.979294234284779, 32.76194721017405 ], [ 34.979349586205949, 32.76196060963656 ], [ 34.979404940278194, 32.761974009078536 ], [ 34.979412965476826, 32.761974435563758 ], [ 34.97946992294532, 32.761977461120935 ], [ 34.979495213435314, 32.761978141310863 ], [ 34.97953464205824, 32.761979201234851 ], [ 34.979599363310477, 32.761980940417438 ], [ 34.97961090645753, 32.761980311903173 ], [ 34.979657105725813, 32.761977796981654 ], [ 34.979688162223461, 32.761981866134711 ], [ 34.979703010371281, 32.761983810671609 ], [ 34.979704858121174, 32.761984052934778 ], [ 34.979707352371797, 32.761984379313368 ], [ 34.979707977116334, 32.761984202799241 ], [ 34.979767376102082, 32.761967337545123 ], [ 34.979782631660782, 32.761963006988211 ], [ 34.979783069517829, 32.761962882437132 ], [ 34.979798875067026, 32.761958395067005 ], [ 34.979818118329575, 32.761962705407086 ], [ 34.979818638821939, 32.761962821757223 ], [ 34.979834179981026, 32.761966303111521 ], [ 34.979911143157871, 32.761958145398872 ], [ 34.979988108455323, 32.761949987642673 ], [ 34.980000897503025, 32.761947880736408 ], [ 34.980030860321378, 32.761942944396125 ], [ 34.980041169280994, 32.761941246022467 ], [ 34.980054928800513, 32.761940253543024 ], [ 34.980083864245977, 32.761938165616613 ], [ 34.980172526056101, 32.761923950341746 ], [ 34.980179522103761, 32.761922828525009 ], [ 34.980275579918931, 32.761918221374714 ], [ 34.980281807449636, 32.76191843539511 ], [ 34.980333555920751, 32.761920215917421 ], [ 34.980349832226139, 32.761920776120611 ], [ 34.980350452205698, 32.761920797066516 ], [ 34.980361267149334, 32.761921169868714 ], [ 34.980414580220632, 32.761917791838187 ], [ 34.980420809273291, 32.761917398110256 ], [ 34.980467895413369, 32.761914417395545 ], [ 34.980560596342158, 32.761914733608137 ], [ 34.980610325473641, 32.761914902682186 ], [ 34.980615986819515, 32.761914921809854 ], [ 34.980653297274287, 32.761915048850462 ], [ 34.98066529441909, 32.761915089207569 ], [ 34.980672142457927, 32.761915113156626 ], [ 34.980746000339572, 32.761915364929735 ], [ 34.98075391190276, 32.761921120158789 ], [ 34.980757292988066, 32.761923578810588 ], [ 34.980769861802997, 32.761932720109712 ], [ 34.980846695044654, 32.761951744164655 ], [ 34.980860131079744, 32.761955071052654 ], [ 34.980867355694421, 32.761956860284947 ], [ 34.980950402531796, 32.761977423737861 ], [ 34.981009563137171, 32.761987547080366 ], [ 34.981049513109426, 32.762011044397276 ], [ 34.981101214453062, 32.762022754913794 ], [ 34.98115291794474, 32.762034465412839 ], [ 34.981241233278297, 32.762057296811783 ], [ 34.981329549722197, 32.762080129052158 ], [ 34.981417867278715, 32.762102961232337 ], [ 34.981431425447582, 32.762106543456831 ], [ 34.981460910436738, 32.762114336090384 ], [ 34.981472609137221, 32.762117666133626 ], [ 34.981495590633266, 32.76212420825631 ], [ 34.981500307342152, 32.762123876706681 ], [ 34.981503754946608, 32.762123634872545 ], [ 34.981540078608461, 32.762121086360828 ], [ 34.981608674094375, 32.762135166618705 ], [ 34.981693564331913, 32.762154000695908 ], [ 34.981694885460215, 32.76216730759117 ], [ 34.981695137402973, 32.762169844514133 ], [ 34.981695427868388, 32.762172768333812 ], [ 34.981700053397525, 32.762172625971125 ], [ 34.981704065249275, 32.762172502354986 ], [ 34.981705456963084, 32.762172459743454 ], [ 34.981708526419339, 32.762172365110054 ], [ 34.981774704350833, 32.762170330350656 ], [ 34.981859379897486, 32.762172536631425 ], [ 34.981896711774361, 32.762171818449545 ], [ 34.981989093612533, 32.762160657134693 ], [ 34.982047836136772, 32.762141578671674 ], [ 34.982051532641172, 32.762140378759618 ], [ 34.982059999040587, 32.762137628276065 ], [ 34.982064472013313, 32.762136176364407 ], [ 34.982067349327892, 32.762135241900843 ], [ 34.982092013581443, 32.762070164160953 ], [ 34.982116676727195, 32.762005088216917 ], [ 34.982172009011116, 32.76195440726034 ], [ 34.982227340165124, 32.761903726276778 ], [ 34.982193285130691, 32.761861286104441 ], [ 34.982183501025673, 32.761808952258981 ], [ 34.982173175358007, 32.761764128592993 ], [ 34.982164849106603, 32.761730669861933 ], [ 34.982150075174758, 32.761652884862919 ], [ 34.982135301263732, 32.761575101664732 ], [ 34.982084361218782, 32.761601926973505 ], [ 34.982033423277706, 32.761628752265118 ], [ 34.981959797491527, 32.761693192155924 ], [ 34.981959284575353, 32.761696037003098 ], [ 34.98195873704546, 32.76169906844023 ], [ 34.981947484503287, 32.761761383722138 ], [ 34.981943414762036, 32.761763336787808 ], [ 34.981939052262838, 32.76176543090012 ], [ 34.981914811161069, 32.761777069354324 ], [ 34.981886415057673, 32.761794043885608 ], [ 34.981875124587447, 32.761800792879917 ], [ 34.981836352854039, 32.761823971588974 ], [ 34.981832270088866, 32.761817002330154 ], [ 34.981831570853529, 32.761815809043974 ], [ 34.981791847348752, 32.761748000252432 ], [ 34.981747344048621, 32.761672030706663 ], [ 34.981681847554484, 32.761643546904693 ], [ 34.98166116434583, 32.761569065083734 ], [ 34.981657840012517, 32.761557095450414 ], [ 34.981640481166778, 32.761494585061996 ], [ 34.98162864656539, 32.761429722043886 ], [ 34.981626670447397, 32.76141889184705 ], [ 34.981617503686927, 32.761368644678875 ], [ 34.981616813045825, 32.761364859927625 ], [ 34.98162384235556, 32.761361069965751 ], [ 34.981701223543318, 32.761319329968217 ], [ 34.981753209026579, 32.761274204913768 ], [ 34.981761226945657, 32.761267244528241 ], [ 34.981768750759151, 32.761260714275807 ], [ 34.981805591691298, 32.761240990165803 ], [ 34.981844875416613, 32.761219958413299 ], [ 34.981857988154893, 32.761212937639392 ], [ 34.981858130149277, 32.761212484337634 ], [ 34.981878878309118, 32.761145476353832 ], [ 34.981888104481762, 32.761115680808004 ], [ 34.98189976736213, 32.761078015963697 ], [ 34.981920655316195, 32.761010555567339 ], [ 34.981923947014316, 32.760924939802777 ], [ 34.98192491115261, 32.760899855382029 ], [ 34.981927237636235, 32.760839324936747 ], [ 34.981927560123573, 32.760839243454789 ], [ 34.982026812314523, 32.76081381772326 ], [ 34.982107631274005, 32.760793113866718 ], [ 34.98212638587151, 32.760788309526724 ], [ 34.982142325623158, 32.760784226057993 ], [ 34.98222596043933, 32.760762801252589 ], [ 34.982320258725515, 32.760738644210207 ], [ 34.982323957742999, 32.760737696769517 ], [ 34.982325534953048, 32.760737291997309 ], [ 34.982301994947456, 32.760659235386122 ], [ 34.982278454982591, 32.760581178769726 ], [ 34.982254915056146, 32.760503123049801 ], [ 34.982157203089024, 32.760533745475243 ], [ 34.98205949212479, 32.760564366924299 ], [ 34.981961781091847, 32.760594989198381 ], [ 34.981867278259585, 32.760624605388436 ], [ 34.981864071061793, 32.760625610496021 ], [ 34.981863197110734, 32.760623871372381 ], [ 34.981854901512733, 32.760607350160562 ], [ 34.981846963780953, 32.760591541023288 ], [ 34.981841033974007, 32.760530025686244 ], [ 34.981893800981631, 32.760469524400364 ], [ 34.981946567913333, 32.760409024894749 ], [ 34.981949699110366, 32.760405534570936 ], [ 34.981984999384011, 32.760366205660866 ], [ 34.981985977478466, 32.760365116342555 ], [ 34.982025388072039, 32.760321207779356 ], [ 34.982035638602802, 32.760308578755939 ], [ 34.982083801900977, 32.760256551489285 ], [ 34.982131964073666, 32.760204525103248 ], [ 34.982180127257415, 32.76015249869991 ], [ 34.982237035989222, 32.7601317487456 ], [ 34.982293946829095, 32.760110998769065 ], [ 34.982364678932797, 32.760084451895615 ], [ 34.982435412061889, 32.760057904983874 ], [ 34.982491220924786, 32.760036957296848 ], [ 34.982521390565516, 32.760013718962128 ], [ 34.982552533171415, 32.759989727621416 ], [ 34.982611157914825, 32.759950382113615 ], [ 34.982669783676108, 32.759911035678158 ], [ 34.982756471770323, 32.759871942637055 ], [ 34.982756695055222, 32.759871842041825 ], [ 34.982756921548294, 32.759871738747179 ], [ 34.98277283033763, 32.759872322330729 ], [ 34.982878333750534, 32.759876176989039 ], [ 34.982983838237971, 32.759880032462164 ], [ 34.983020165577429, 32.759888550964597 ], [ 34.983069156012682, 32.759902162070794 ], [ 34.98313161568484, 32.759929324213928 ], [ 34.983219827646451, 32.759978227535953 ], [ 34.983308039704681, 32.760027130795898 ], [ 34.983396251859574, 32.760076033993776 ], [ 34.983484464111122, 32.760124937129603 ], [ 34.983532439197312, 32.760157843500977 ], [ 34.9835395728214, 32.760162736063187 ], [ 34.983548483460822, 32.760168847245623 ], [ 34.983561371578197, 32.760177482977625 ], [ 34.983666895169783, 32.760187592988274 ], [ 34.983772419852912, 32.760197702912009 ], [ 34.983877944560405, 32.760207812746998 ], [ 34.98398346822735, 32.760217921589643 ], [ 34.984088992983594, 32.76022803124706 ], [ 34.984194517766447, 32.760238139914009 ], [ 34.984300043638598, 32.760248249395751 ], [ 34.984389142325462, 32.760256785339479 ], [ 34.984478242094639, 32.760265322123516 ], [ 34.984503338077538, 32.760270279516838 ], [ 34.984596242722141, 32.76028863517022 ], [ 34.984686235114062, 32.760297433962862 ], [ 34.984776226456901, 32.760306232689082 ], [ 34.984866218884974, 32.760315031352583 ], [ 34.984956211328914, 32.760323830853203 ], [ 34.985046202726004, 32.760332629385722 ], [ 34.985136196273274, 32.760341428759098 ], [ 34.985218825094144, 32.760349462268607 ], [ 34.985301454997334, 32.760357495725522 ], [ 34.985384084913463, 32.760365530029702 ], [ 34.985489613146498, 32.760374356299913 ], [ 34.985595140333743, 32.760383182479465 ], [ 34.985700668609482, 32.760392008572111 ], [ 34.985801142203549, 32.760404582231693 ], [ 34.985901615826322, 32.760417155810856 ], [ 34.986002089477815, 32.760429729309514 ], [ 34.98610256315802, 32.760442302727739 ], [ 34.986191347127956, 32.760452263328546 ], [ 34.986280131117987, 32.760462223866519 ], [ 34.986368916195346, 32.760472184343499 ], [ 34.986457700225664, 32.760482144755805 ], [ 34.986544253445246, 32.760491855063357 ], [ 34.98654648427393, 32.76049210600695 ], [ 34.986549698197891, 32.760491383022483 ], [ 34.98655291318677, 32.760490660941485 ], [ 34.986636397153873, 32.760471918182212 ], [ 34.986719882153452, 32.760453175368973 ], [ 34.98680336818552, 32.760434432501782 ], [ 34.986832939417852, 32.760427793249342 ], [ 34.986916053890667, 32.760396377199065 ], [ 34.986999168303164, 32.760364961994931 ], [ 34.986999480713067, 32.760364633417197 ], [ 34.986999794194496, 32.760364303037917 ], [ 34.987061718353246, 32.76029888136047 ], [ 34.987123643488509, 32.760233459653243 ], [ 34.9871855685331, 32.760168037914333 ], [ 34.987218492247415, 32.76012552401577 ], [ 34.987245281874408, 32.760090934420624 ], [ 34.987280523220804, 32.760045416456911 ], [ 34.987323035455773, 32.759990507270111 ], [ 34.987365547634077, 32.759935599871582 ], [ 34.987375747815193, 32.759932400279148 ], [ 34.98740835077885, 32.759922180989165 ], [ 34.987453154209391, 32.759908137973326 ], [ 34.987531047215228, 32.759881221862663 ], [ 34.987608940174447, 32.7598543057033 ], [ 34.987686833087025, 32.759827389495193 ], [ 34.987764725952985, 32.759800473238357 ], [ 34.987817791497484, 32.759783656324373 ], [ 34.987847425870278, 32.759774178394828 ], [ 34.987915254464895, 32.759752487123698 ], [ 34.987983081957481, 32.759730796715537 ], [ 34.988050910484503, 32.759709106272268 ], [ 34.988131513065902, 32.759668329955261 ], [ 34.988212114504684, 32.759627554485661 ], [ 34.988292716937352, 32.759586778965534 ], [ 34.988373318229577, 32.759546003391115 ], [ 34.988453920515688, 32.759505227766148 ], [ 34.98850555828075, 32.759478969123165 ], [ 34.988583579567937, 32.759439288137308 ], [ 34.9886615986496, 32.759399608000336 ], [ 34.988739620868067, 32.759359926016394 ], [ 34.988817640881031, 32.759320244881359 ], [ 34.988895660824959, 32.759280563697175 ], [ 34.98896719725856, 32.759244196780685 ], [ 34.989038733634132, 32.759207829822877 ], [ 34.98911026995173, 32.759171462823801 ], [ 34.989181807278456, 32.759135095785254 ], [ 34.989210407023599, 32.759090651506263 ], [ 34.989246819717444, 32.759034061234907 ], [ 34.989283231293598, 32.758977472753834 ], [ 34.989328887823241, 32.758921194984133 ], [ 34.989374543228209, 32.758864917195204 ], [ 34.989416082210141, 32.758810134556256 ], [ 34.989457622208263, 32.758755351904689 ], [ 34.989499161083927, 32.758700571040187 ], [ 34.989501250908113, 32.75869775591535 ], [ 34.989503340732156, 32.758694940790484 ], [ 34.989543387506544, 32.758648233863092 ], [ 34.989583434234731, 32.758601528725762 ], [ 34.989656372593977, 32.75858672882871 ], [ 34.989712890300204, 32.758575262289327 ], [ 34.98977695770931, 32.758559029654144 ], [ 34.989874522996921, 32.758527072812925 ], [ 34.989972087145937, 32.758495116795146 ], [ 34.990069653362063, 32.758463159802929 ], [ 34.990155947775463, 32.758442597160901 ], [ 34.99024224321883, 32.758422033559349 ], [ 34.990328538622826, 32.758401469898132 ], [ 34.990414833987472, 32.758380906177244 ], [ 34.99047310343272, 32.758361521767377 ], [ 34.990531372852843, 32.758342137330253 ], [ 34.990616363283287, 32.758313864427478 ], [ 34.99070135366032, 32.758285591466759 ], [ 34.990759259390295, 32.758266527307583 ], [ 34.990842421136378, 32.75823892560355 ], [ 34.990925582831416, 32.758211323843987 ], [ 34.991008745542551, 32.758183722030708 ], [ 34.991096013520789, 32.758154758371774 ], [ 34.991183283577094, 32.758125794655328 ], [ 34.991248426410614, 32.758106284519776 ], [ 34.991313570283012, 32.758086774351995 ], [ 34.99139790636459, 32.75806151598524 ], [ 34.991482241329585, 32.758036258461317 ], [ 34.991566577314373, 32.758011000882156 ], [ 34.991650912184681, 32.757985743244106 ], [ 34.991735249144099, 32.757960484650951 ], [ 34.991804979423968, 32.757947678022354 ], [ 34.99187471075124, 32.757934871356682 ], [ 34.991877960519204, 32.757934276336883 ], [ 34.991881210289279, 32.75793368041532 ], [ 34.991945877385213, 32.757998000911591 ], [ 34.992010544574036, 32.758062321374233 ], [ 34.992075211855763, 32.758126641803202 ], [ 34.992139879228247, 32.758190963100226 ], [ 34.992200679978538, 32.758251435679249 ], [ 34.992261480806697, 32.758311910031892 ], [ 34.992264159693718, 32.758312653959507 ], [ 34.992266838582928, 32.758313396985344 ], [ 34.992366221893093, 32.758341003864864 ], [ 34.992465605262865, 32.758368611567349 ], [ 34.992525816581129, 32.758410007562205 ], [ 34.992586026888013, 32.758451403526252 ], [ 34.992646238317853, 32.758492799463141 ], [ 34.992701889856207, 32.758531061479616 ], [ 34.992757540375088, 32.758569323469573 ], [ 34.992813192006643, 32.758607586338258 ], [ 34.992903639838786, 32.758635529366238 ], [ 34.992994086660637, 32.758663472327243 ], [ 34.993084534606439, 32.75869141522486 ], [ 34.993168194125801, 32.758717261888052 ], [ 34.993251853693778, 32.758743108495501 ], [ 34.993335512243242, 32.758768955045376 ], [ 34.99341917190845, 32.758794801541299 ], [ 34.993502831622273, 32.758820647981466 ], [ 34.993558081385892, 32.758865263208975 ], [ 34.993630169681865, 32.758914411619429 ], [ 34.993657555024136, 32.758938313007739 ], [ 34.993702100059046, 32.758977179875558 ], [ 34.99374664512839, 32.759016048530853 ], [ 34.993803836511461, 32.759083231011104 ], [ 34.99385267076083, 32.759140599766589 ], [ 34.993901507202793, 32.759197970309735 ], [ 34.99395034264014, 32.7592553408318 ], [ 34.994006994308805, 32.75930756584205 ], [ 34.994063646039351, 32.75935979262993 ], [ 34.994127383845303, 32.759412874370391 ], [ 34.994191121726878, 32.759465956078323 ], [ 34.994270278622061, 32.759503283890851 ], [ 34.994349435583487, 32.75954061165347 ], [ 34.994428592613268, 32.75957793846441 ], [ 34.994507749707175, 32.759615266127092 ], [ 34.994550359329807, 32.759687473347697 ], [ 34.994592967953814, 32.75975968055144 ], [ 34.994635577713495, 32.759831887741953 ], [ 34.994678187541702, 32.759904094917417 ], [ 34.994720796371283, 32.759976302076076 ], [ 34.994763406336581, 32.760048509221448 ], [ 34.994806016370376, 32.760120716351793 ], [ 34.994848625405538, 32.760192923465297 ], [ 34.9948912355743, 32.760265131467257 ], [ 34.994945504599137, 32.760268039094314 ], [ 34.994999774694804, 32.76027094669967 ], [ 34.995089771636792, 32.760313363256557 ], [ 34.995179768664393, 32.760355779748878 ], [ 34.995269767907665, 32.760398197983562 ], [ 34.995313259553654, 32.760411233371997 ], [ 34.995361729784506, 32.760433294031941 ], [ 34.995410528794281, 32.760457609466755 ], [ 34.995434799124247, 32.760489209376658 ], [ 34.99546357543452, 32.760554910902535 ], [ 34.99549235284978, 32.760620614226454 ], [ 34.995527038924344, 32.760690552749544 ], [ 34.99553941111823, 32.760693524629573 ], [ 34.995553037599258, 32.760696797060923 ], [ 34.995600949979163, 32.760698254699918 ], [ 34.995611727598643, 32.760698581940382 ], [ 34.995612353618995, 32.760698756109484 ], [ 34.995612975374918, 32.760698928468074 ], [ 34.995614223153289, 32.760699274094058 ], [ 34.995622396630338, 32.760701540154038 ], [ 34.995648555180054, 32.760708789203662 ], [ 34.995719549365006, 32.760768329356971 ], [ 34.995790543644496, 32.760827869469871 ], [ 34.995861538016356, 32.760887410444049 ], [ 34.995913274629629, 32.760930799681887 ], [ 34.995965010225895, 32.760974188896483 ], [ 34.996016746939532, 32.761017578091412 ], [ 34.996087765048181, 32.76107713700975 ], [ 34.996158782184246, 32.761136695885916 ], [ 34.996229800479931, 32.761196255625116 ], [ 34.996300817805121, 32.761255814420409 ], [ 34.996371836292035, 32.761315373177055 ], [ 34.996442853806329, 32.761374931891488 ], [ 34.996513872480293, 32.761434491468954 ], [ 34.996584890183719, 32.761494050102527 ], [ 34.996655909048883, 32.761553608697426 ], [ 34.996726926941456, 32.761613167250118 ], [ 34.996797945993677, 32.761672726665857 ], [ 34.996868964077464, 32.761732284235983 ], [ 34.996939984385975, 32.76179184357261 ], [ 34.996987448871614, 32.761851421589 ], [ 34.997034913420329, 32.761910999587094 ], [ 34.99708238016234, 32.761970579373802 ], [ 34.997134059693032, 32.762035446453631 ], [ 34.997152635483737, 32.762058762625685 ], [ 34.997179011447955, 32.762117039703057 ], [ 34.99720538744635, 32.762175316774481 ], [ 34.997231764541922, 32.7622335956451 ], [ 34.997240909313774, 32.762246010913586 ], [ 34.997308034277445, 32.762310513018143 ], [ 34.997375159335803, 32.762375015988177 ], [ 34.997442284492948, 32.762439518020273 ], [ 34.997509408679683, 32.762504020014376 ], [ 34.99757653403033, 32.762568521974011 ], [ 34.997643659475628, 32.762633024799108 ], [ 34.997710785017667, 32.762697527587967 ], [ 34.997712603742961, 32.762699274471601 ], [ 34.99771442246832, 32.76270102135517 ], [ 34.997720835812672, 32.762703996716162 ], [ 34.997773095627437, 32.762728242995578 ], [ 34.997825356537788, 32.762752489255014 ], [ 34.997847453906985, 32.762788030937031 ], [ 34.997858583554738, 32.762842150251934 ], [ 34.997869713211628, 32.762896271368845 ], [ 34.997929153617726, 32.762970758495598 ], [ 34.997988595187742, 32.763045246497157 ], [ 34.99804803578936, 32.763119734468241 ], [ 34.998107476489778, 32.763194222410661 ], [ 34.998166918356191, 32.763268710326116 ], [ 34.998226359252129, 32.76334319911286 ], [ 34.998310565417199, 32.763368696985118 ], [ 34.998394770565412, 32.763394193897462 ], [ 34.998478977894223, 32.763419691658477 ], [ 34.998495476623503, 32.763495801323955 ], [ 34.99851739979681, 32.763533034183432 ], [ 34.998546977109143, 32.763579010753055 ], [ 34.99857655444761, 32.763624989118838 ], [ 34.998615159136136, 32.763659432456876 ], [ 34.99865542259132, 32.763698383388494 ], [ 34.99875473351338, 32.76373123115512 ], [ 34.998812550020183, 32.76374992625032 ], [ 34.998904585776081, 32.763794455177639 ], [ 34.998988187272239, 32.763834904455962 ], [ 34.999071788842173, 32.76387535458025 ], [ 34.999147097904327, 32.763911792937634 ], [ 34.999222407028014, 32.763948231249806 ], [ 34.999297715148067, 32.76398466861329 ], [ 34.999373024394814, 32.764021106834988 ], [ 34.999448333703057, 32.764057545011468 ], [ 34.999536232051973, 32.764077585613954 ], [ 34.999624130440573, 32.764097626154864 ], [ 34.999719718351173, 32.764119422176854 ], [ 34.999815305243594, 32.764141217222573 ], [ 34.999910893248114, 32.764163013098923 ], [ 35.000006481299593, 32.764184808902471 ], [ 35.000102068332879, 32.764206603729782 ], [ 35.000196913021377, 32.764228229558647 ], [ 35.000197286349604, 32.76422831492664 ], [ 35.000197656480339, 32.764228398486011 ], [ 35.00020706385483, 32.764227494986748 ], [ 35.000308603315105, 32.764217729116545 ], [ 35.00041014382294, 32.764207962263995 ], [ 35.000511684309039, 32.764198195329058 ], [ 35.000613225840617, 32.764188428313489 ], [ 35.000714766283266, 32.764178661213776 ], [ 35.000816306704216, 32.764168894031712 ], [ 35.000917847103423, 32.764159126767211 ], [ 35.000989163663561, 32.764175385654717 ], [ 35.000989568992054, 32.764175478285843 ], [ 35.000989970055862, 32.764175569106719 ], [ 35.001064158264889, 32.764167988118459 ], [ 35.0011678253274, 32.764157393638797 ], [ 35.00127149343303, 32.764146799074958 ], [ 35.00137516258178, 32.764136204426997 ], [ 35.001478830639229, 32.764125609691398 ], [ 35.001582499739804, 32.764115014871656 ], [ 35.001592415329334, 32.764114001182072 ], [ 35.001692705712493, 32.764101483792999 ], [ 35.001792997135212, 32.76408896632519 ], [ 35.001893287463105, 32.764076448775292 ], [ 35.001993578830557, 32.764063931146715 ], [ 35.002093870170384, 32.764051413437706 ], [ 35.002195887149703, 32.7640365377883 ], [ 35.002297903026331, 32.764021662955621 ], [ 35.002399919938675, 32.764006787139763 ], [ 35.002501936817545, 32.763991911240673 ], [ 35.002603952593688, 32.76397703615833 ], [ 35.002705970472782, 32.763962160094508 ], [ 35.002767056362956, 32.763948386688021 ], [ 35.002768927055705, 32.763947965900307 ], [ 35.00286025051777, 32.763960040479184 ], [ 35.002951576137228, 32.763972115896692 ], [ 35.00304290071449, 32.76398419124601 ], [ 35.003134225316778, 32.763996266528842 ], [ 35.003225551013308, 32.764008340845194 ], [ 35.003316876732804, 32.764020415996747 ], [ 35.003419660436769, 32.764034200143875 ], [ 35.003522445240044, 32.764047984208517 ], [ 35.003625230075457, 32.764061768188938 ], [ 35.00372801494099, 32.764075552986824 ], [ 35.003830799840642, 32.764089336798783 ], [ 35.003933584772447, 32.764103120526556 ], [ 35.004036369734322, 32.764116905071766 ], [ 35.004139154730382, 32.764130688631077 ], [ 35.004241939756533, 32.764144473007867 ], [ 35.004344724816825, 32.764158256398744 ], [ 35.004447509907223, 32.764172040607107 ], [ 35.004549709309622, 32.764185745349316 ], [ 35.00455000377152, 32.764185784591973 ], [ 35.004550295033773, 32.764185822927807 ], [ 35.004653862433884, 32.764179064833492 ], [ 35.004757430888027, 32.76417230575349 ], [ 35.004860998259772, 32.764165546586113 ], [ 35.004964566681537, 32.764158788236465 ], [ 35.005068134022885, 32.764152028897755 ], [ 35.005171702416277, 32.764145269475058 ], [ 35.005275269727264, 32.764138509965008 ], [ 35.005369996368429, 32.764170558025619 ], [ 35.005464723077807, 32.76420260601467 ], [ 35.005559449855397, 32.764234653932263 ], [ 35.005654176701164, 32.764266701778325 ], [ 35.005748903615149, 32.764298749552864 ], [ 35.00584363059734, 32.76433079725588 ], [ 35.005938357647707, 32.76436284488738 ], [ 35.006033084764297, 32.764394893349092 ], [ 35.006127811951089, 32.764426940837595 ], [ 35.006221371484251, 32.764458593267427 ], [ 35.006221959076392, 32.764458792570295 ], [ 35.006222539206085, 32.764458988254553 ], [ 35.006323368287006, 32.76443972150819 ], [ 35.006424198392111, 32.764420454682124 ], [ 35.006525027388996, 32.764401186871332 ], [ 35.006625856340854, 32.764381919880904 ], [ 35.006726685249696, 32.764362652809083 ], [ 35.006827515182728, 32.764343385657604 ], [ 35.00692834400752, 32.764324117521355 ], [ 35.007029172787298, 32.76430485020547 ], [ 35.007130002591254, 32.764285582809883 ], [ 35.007230831284986, 32.76426631533127 ], [ 35.007331659935687, 32.764247047771299 ], [ 35.007432489612562, 32.764227779229934 ], [ 35.007533318177217, 32.764208511507221 ], [ 35.007634146698855, 32.764189243703171 ], [ 35.00773497517747, 32.764169975817751 ], [ 35.007835804680262, 32.764150707852643 ], [ 35.007936634140023, 32.764131439806178 ], [ 35.008020666363258, 32.764085622812068 ], [ 35.008104698500595, 32.764039805760909 ], [ 35.008188730552, 32.763993988652764 ], [ 35.008272762517521, 32.763948171487591 ], [ 35.008356793329945, 32.763902354263713 ], [ 35.008440825123643, 32.763856536984513 ], [ 35.008524855764243, 32.763810719646614 ], [ 35.008608888455292, 32.763764901353355 ], [ 35.008692919991283, 32.763719083903091 ], [ 35.008776951441369, 32.763673266395827 ], [ 35.008860982805544, 32.763627448831528 ], [ 35.008945013016607, 32.763581631208552 ], [ 35.00902904314178, 32.76353581352857 ], [ 35.009113075317394, 32.763489994893206 ], [ 35.009197105270751, 32.763444177099203 ], [ 35.009297314147581, 32.763420743846623 ], [ 35.009397521903161, 32.763397311413677 ], [ 35.009497730675768, 32.763373878000266 ], [ 35.009597938329073, 32.763350444504752 ], [ 35.009698146997472, 32.763327010930482 ], [ 35.009798354546575, 32.763303577274144 ], [ 35.009898563110752, 32.763280143538999 ], [ 35.009998771622833, 32.7632567097235 ], [ 35.010098979013641, 32.763233276727547 ], [ 35.010199187421485, 32.763209842751159 ], [ 35.010299394710025, 32.763186408692711 ], [ 35.01039960301366, 32.763162974555463 ], [ 35.010499810197977, 32.763139540336169 ], [ 35.010600018397398, 32.76311610603809 ], [ 35.010600402334646, 32.763027063042102 ], [ 35.010600785199586, 32.762938021846587 ], [ 35.010601168065243, 32.762848979748085 ], [ 35.010601551996864, 32.762759937649989 ], [ 35.010601935927234, 32.76267089555062 ], [ 35.010602318787249, 32.762581854350017 ], [ 35.010602701646036, 32.762492813148157 ], [ 35.010642918984999, 32.76248772844859 ], [ 35.01072426740749, 32.762477445907336 ], [ 35.010805615809609, 32.762467164214897 ], [ 35.01088696419329, 32.762456882469536 ], [ 35.010968313625746, 32.762446600672938 ], [ 35.011025431500194, 32.762520233140457 ], [ 35.01108255053375, 32.762593866484771 ], [ 35.011139011564197, 32.762668815266899 ], [ 35.011195472687092, 32.762743764924707 ], [ 35.011251933904404, 32.762818714556566 ], [ 35.011308395216133, 32.762893664162419 ], [ 35.011364856622279, 32.762968613742302 ], [ 35.011421319188074, 32.763043564199535 ], [ 35.011467617869613, 32.763103672359378 ], [ 35.011467714713774, 32.763103797844536 ], [ 35.011467807298914, 32.763103918814629 ], [ 35.011562856759916, 32.763094171695535 ], [ 35.011657907267782, 32.763084424505898 ], [ 35.011752956688113, 32.763074677242422 ], [ 35.011848006088108, 32.76306492990674 ], [ 35.011943056534953, 32.763055182500537 ], [ 35.012038105894263, 32.763045435020494 ], [ 35.012133155233229, 32.763035687468225 ], [ 35.012228205619031, 32.763025939845448 ], [ 35.012323255984519, 32.763016192150459 ], [ 35.012331878659133, 32.763038182456789 ], [ 35.012365161997145, 32.763115892222352 ], [ 35.012398444325484, 32.763193601976731 ], [ 35.012431727776622, 32.763271312624802 ], [ 35.01246501128719, 32.763349022361609 ], [ 35.012498294851426, 32.763426733892238 ], [ 35.012518884177254, 32.763498449519766 ], [ 35.012539473533899, 32.763570166044929 ], [ 35.012560062923264, 32.763641882565992 ], [ 35.012580651278157, 32.763713599081342 ], [ 35.012601240731044, 32.763785316495927 ], [ 35.012630385895612, 32.763841151867766 ], [ 35.012659126154773, 32.763896211152463 ], [ 35.0126593302206, 32.76389660189998 ], [ 35.012659531094499, 32.763896988134107 ], [ 35.012723850684196, 32.763880461934065 ], [ 35.012788171319393, 32.763863934800796 ], [ 35.012844730960737, 32.763848524696044 ], [ 35.012901291649925, 32.763833114567312 ], [ 35.012984827163692, 32.763810136193349 ], [ 35.013068363703937, 32.76378715686338 ], [ 35.013151899132389, 32.763764178377514 ], [ 35.013248547096445, 32.763737274910824 ], [ 35.013345195002728, 32.76371037136925 ], [ 35.013441842851222, 32.763683467752806 ], [ 35.013538491709113, 32.763656564063091 ], [ 35.01363434514623, 32.763629799752515 ], [ 35.013730199593546, 32.763603035369925 ], [ 35.01382605398382, 32.763576270913696 ], [ 35.013921908317108, 32.763549506383811 ], [ 35.014012883868212, 32.763524003056794 ], [ 35.014103859367744, 32.76349849966347 ], [ 35.014194834815719, 32.763472996203795 ], [ 35.014285811279315, 32.763447492679362 ], [ 35.01436210066678, 32.763426615068731 ], [ 35.014438391086038, 32.763405737413052 ], [ 35.014514681469926, 32.76338485971074 ], [ 35.014590971818393, 32.763363981961746 ], [ 35.014692304563148, 32.763335769798317 ], [ 35.014793637242427, 32.763307558454294 ], [ 35.014894969858197, 32.76327934702794 ], [ 35.014995299522738, 32.763251508208114 ], [ 35.015095630194274, 32.763223668407512 ], [ 35.015195959736545, 32.763195828524616 ], [ 35.015286457527566, 32.763170831204626 ], [ 35.015376956337398, 32.763145832918909 ], [ 35.015467454029768, 32.763120834565939 ], [ 35.01555795273903, 32.763095836148942 ], [ 35.015628934888149, 32.763076229275811 ], [ 35.015682838137209, 32.763077619735462 ], [ 35.015738854053986, 32.763079190987362 ], [ 35.015776738511256, 32.763080165048578 ], [ 35.015469384724852, 32.763537126278223 ], [ 35.015041021424068, 32.764032947427076 ], [ 35.014105986684356, 32.765063980485792 ], [ 35.014079669838928, 32.765092704678366 ], [ 35.014047709732417, 32.765113304109583 ], [ 35.013865162882141, 32.765233029118654 ], [ 35.013854174358862, 32.765240236812005 ], [ 35.013703697066596, 32.765338922339481 ], [ 35.013483272118727, 32.765456802869089 ], [ 35.012960479950323, 32.765790263678184 ], [ 35.01284250004624, 32.765865010842383 ], [ 35.012409568619276, 32.76613918839729 ], [ 35.012289709006041, 32.76624495596532 ], [ 35.01181012329954, 32.766729147314756 ], [ 35.011461918735066, 32.767058994510307 ], [ 35.011438714210115, 32.767078531925286 ], [ 35.011385570360176, 32.767123260831468 ], [ 35.011374569967465, 32.7671328009775 ], [ 35.011353070950221, 32.767153780112956 ], [ 35.011311890703077, 32.767194116314926 ], [ 35.011194169719005, 32.76729374735023 ], [ 35.011048817371567, 32.767391439366385 ], [ 35.010886994066091, 32.767498411292024 ], [ 35.010697249252445, 32.767594422090433 ], [ 35.010488076234658, 32.767692203222502 ], [ 35.010174215601083, 32.767831470266863 ], [ 35.009984273208488, 32.767914593513439 ], [ 35.009791296036695, 32.767968390361048 ], [ 35.009617340020363, 32.768015459162129 ], [ 35.009409994692433, 32.768054722969097 ], [ 35.009213978487736, 32.768086961825247 ], [ 35.008879583400727, 32.768146777528671 ], [ 35.008683138228598, 32.768176855318472 ], [ 35.008481454314477, 32.768215937974695 ], [ 35.008305122115587, 32.768274370735192 ], [ 35.008153843921129, 32.768346262451608 ], [ 35.007996868708815, 32.768434562256154 ], [ 35.007835743993432, 32.768564965515871 ], [ 35.007685542390888, 32.768725868491359 ], [ 35.007650121214937, 32.768770891423088 ], [ 35.007563212155837, 32.768881304799287 ], [ 35.00753908646562, 32.768914838885244 ], [ 35.007430363286744, 32.769065951157813 ], [ 35.00730224271431, 32.769230843212384 ], [ 35.007210003291746, 32.76934395123611 ], [ 35.007136356083279, 32.769441313272068 ], [ 35.00712423859558, 32.769465364095936 ], [ 35.007097126606894, 32.769517167184304 ], [ 35.007091645360028, 32.769530592937663 ], [ 35.007062781038172, 32.769607471257835 ], [ 35.007032566590269, 32.769753493181568 ], [ 35.00702114298295, 32.769808392143545 ], [ 35.007019163883385, 32.769977808883404 ], [ 35.007020515128886, 32.769990349109342 ], [ 35.007027641102631, 32.770054291556072 ], [ 35.007031948703322, 32.770082794672746 ], [ 35.006883548289906, 32.769956948104436 ], [ 35.006827305460057, 32.769909352616807 ], [ 35.006792159759669, 32.769879529465719 ], [ 35.006514558428421, 32.769827698202128 ], [ 35.006218189584665, 32.769772405681962 ], [ 35.005990210454769, 32.769826557858984 ], [ 35.004575301972494, 32.770162628637465 ], [ 35.004188971796076, 32.770254381719155 ], [ 35.004045497301519, 32.770223858055672 ], [ 35.003626192974089, 32.770162868719353 ], [ 35.001408148762891, 32.769840268960017 ], [ 35.001088537477749, 32.769727851944104 ], [ 35.000672964544961, 32.769581549237387 ], [ 35.000188555851899, 32.769474629105979 ], [ 34.999721916086365, 32.769489021583702 ], [ 34.999387721998247, 32.769546454305292 ], [ 34.999154967146531, 32.769586375480948 ], [ 34.999021829987839, 32.769609240753105 ], [ 34.998667159522242, 32.769754287427666 ], [ 34.998507774360291, 32.769819396828375 ], [ 34.998414825348391, 32.769857385826235 ], [ 34.998357033224693, 32.769881095596055 ], [ 34.998074356819828, 32.769952224237088 ], [ 34.997638771855527, 32.770061781884721 ], [ 34.99698810216384, 32.770178293092854 ], [ 34.996557378042965, 32.770255390328387 ], [ 34.996196209212322, 32.770165068234334 ], [ 34.99524358055708, 32.769926611234659 ], [ 34.994642684406593, 32.769978087229376 ], [ 34.994122174975566, 32.770022743199078 ], [ 34.993885446992223, 32.770162113167331 ], [ 34.99369029097938, 32.770277034570874 ], [ 34.993416050022653, 32.770438506957774 ] ] ] } },
{ "type": "Feature", "properties": { "OBJECTID_12": 76, "OBJECTID": 2484, "Shape_Leng": 3692.8546303399999, "Shape_Area": 732249.93888412288, "OBJECTID_1": 106, "SEMEL_YISH": 4000, "SHEM_YISHU": "חיפה", "SHEM_YIS_1": "HAIFA", "ROVA": 9, "TAT_ROVA": 94, "SchName": "אוניברסיטת חיפה", "Shape_Length": 3692.8546303373018, "בזב": null, "מצביעים": null, "כשרים": null, "אמת": null, "אצ": null, "ב": null, "ג": null, "ד": null, "ום": null, "ז": null, "זך": null, "זנ": null, "זץ": null, "ט": null, "י": null, "יז": null, "ינ": null, "יץ": null, "יק": null, "כן": null, "ך": null, "ל": null, "מחל": null, "מרצ": null, "נז": null, "ני": null, "נף": null, "נץ": null, "נק": null, "נר": null, "עם": null, "פה": null, "ף": null, "צ": null, "ץ": null, "ק": null, "קי": null, "קך": null, "קנ": null, "קץ": null, "רז": null, "שס": null, "ת": null, "n_stations": null, "turnout_pct": null, "אמת_pct": null, "אצ_pct": null, "ב_pct": null, "ג_pct": null, "ד_pct": null, "ום_pct": null, "ז_pct": null, "זך_pct": null, "זנ_pct": null, "זץ_pct": null, "ט_pct": null, "י_pct": null, "יז_pct": null, "ינ_pct": null, "יץ_pct": null, "יק_pct": null, "כן_pct": null, "ך_pct": null, "ל_pct": null, "מחל_pct": null, "מרצ_pct": null, "נז_pct": null, "ני_pct": null, "נף_pct": null, "נץ_pct": null, "נק_pct": null, "נר_pct": null, "עם_pct": null, "פה_pct": null, "ף_pct": null, "צ_pct": null, "ץ_pct": null, "ק_pct": null, "קי_pct": null, "קך_pct": null, "קנ_pct": null, "קץ_pct": null, "רז_pct": null, "שס_pct": null, "ת_pct": null }, "geometry": { "type": "Polygon", "coordinates": [ [ [ 35.027183049626032, 32.765976532833498 ], [ 35.027202713131942, 32.766056369936692 ], [ 35.02722381441194, 32.766142043956854 ], [ 35.027244916799248, 32.766227717973933 ], [ 35.027252630633463, 32.766259036736606 ], [ 35.027266018159338, 32.766313391984895 ], [ 35.02726620719617, 32.766313862036817 ], [ 35.027266394102135, 32.766314330282292 ], [ 35.027268063547197, 32.766318494880323 ], [ 35.027223338600351, 32.766328907572465 ], [ 35.027142954527406, 32.766339118321795 ], [ 35.027062571503578, 32.76634932902099 ], [ 35.027011228165115, 32.766354576360783 ], [ 35.026986357190673, 32.76635679449074 ], [ 35.026965543660758, 32.766358028297198 ], [ 35.026920474622038, 32.766374014690669 ], [ 35.026868516218364, 32.766419747339874 ], [ 35.026846618436615, 32.766429544819317 ], [ 35.026794642227223, 32.766430463023099 ], [ 35.026765614388822, 32.766429971024657 ], [ 35.026717705922913, 32.766451047912881 ], [ 35.026669799568971, 32.766472124785672 ], [ 35.026654264965131, 32.766478524642245 ], [ 35.026643843408131, 32.766482817269036 ], [ 35.026643209134548, 32.766482985888437 ], [ 35.026642547096763, 32.766483162583704 ], [ 35.026568777005672, 32.766502773531215 ], [ 35.02649371163713, 32.766522729749781 ], [ 35.026485465091916, 32.766525415019025 ], [ 35.026482007139059, 32.7665265408381 ], [ 35.026385316861557, 32.766558013426902 ], [ 35.026376889508846, 32.766558237698398 ], [ 35.026373022703375, 32.76655834040811 ], [ 35.026346786479991, 32.766559040716828 ], [ 35.026342808963079, 32.766559538211986 ], [ 35.026342155650504, 32.766559620239754 ], [ 35.026341499136223, 32.766559702263017 ], [ 35.026265001839036, 32.766569275060881 ], [ 35.026187195765502, 32.76657901186293 ], [ 35.026087696424895, 32.766595461545286 ], [ 35.026026426909844, 32.766599972996062 ], [ 35.025958987919452, 32.766608112178567 ], [ 35.025891547849703, 32.766616251323178 ], [ 35.02588651034025, 32.766616859104211 ], [ 35.025883917394665, 32.766617171905921 ], [ 35.025881055176512, 32.766619253455261 ], [ 35.02587549319707, 32.766623297761107 ], [ 35.025855032287318, 32.766638177279958 ], [ 35.025843944659648, 32.766646240693248 ], [ 35.025794677171923, 32.766699431966757 ], [ 35.025794497487333, 32.766699626477383 ], [ 35.025794316737326, 32.766699820084767 ], [ 35.025776228212813, 32.766726484557125 ], [ 35.025768401922122, 32.766743696731396 ], [ 35.025756301987315, 32.76676378734355 ], [ 35.025749083988948, 32.766770326985721 ], [ 35.025747570036735, 32.766771699014683 ], [ 35.025740800023499, 32.76677783172768 ], [ 35.025704816483767, 32.766786617053356 ], [ 35.025666688372148, 32.766800448817705 ], [ 35.025564864747807, 32.76680490218606 ], [ 35.025493497975503, 32.766788568840617 ], [ 35.025422133362099, 32.766772236359294 ], [ 35.025383408724593, 32.766764156828231 ], [ 35.025356308672478, 32.766760240805368 ], [ 35.025327168416467, 32.766762543576313 ], [ 35.02528365959553, 32.766776194407889 ], [ 35.025272811755322, 32.766779598138449 ], [ 35.025181838925533, 32.766823918147331 ], [ 35.025100733742903, 32.766863433537253 ], [ 35.025019628490583, 32.766902947972461 ], [ 35.025004227364647, 32.766907087258176 ], [ 35.024995614353017, 32.766909401306521 ], [ 35.024940330251461, 32.766924256056342 ], [ 35.024883240449924, 32.766939596914852 ], [ 35.024876434177528, 32.766941426626715 ], [ 35.024850235028374, 32.766948052633211 ], [ 35.024784637831011, 32.766964644533978 ], [ 35.024719042743968, 32.766981236403367 ], [ 35.024646328429426, 32.766998174195678 ], [ 35.024573616222014, 32.767015111948723 ], [ 35.024491684102799, 32.767025138432807 ], [ 35.024409754099949, 32.767035164866307 ], [ 35.024346959208394, 32.767055002166657 ], [ 35.024284166423605, 32.767074839438436 ], [ 35.024218069910717, 32.767091786494689 ], [ 35.024189993307353, 32.767095803756206 ], [ 35.024113569752693, 32.767099691041331 ], [ 35.024037147257026, 32.767103579183086 ], [ 35.023960725824004, 32.767107466378015 ], [ 35.023951790369424, 32.76710770869019 ], [ 35.023942289244445, 32.767107966417576 ], [ 35.023932335582025, 32.767108237017936 ], [ 35.023916552063618, 32.767102443417436 ], [ 35.023839066539864, 32.767050843931933 ], [ 35.023761583238255, 32.76699924530314 ], [ 35.023739719215818, 32.766992091268953 ], [ 35.023707273134775, 32.766993036349476 ], [ 35.023631061516262, 32.76699770541817 ], [ 35.023554852024482, 32.767002374443557 ], [ 35.023494796292574, 32.767008107306033 ], [ 35.023434740553128, 32.767013840139668 ], [ 35.023430124904053, 32.767014280715316 ], [ 35.023419925431512, 32.767015253342535 ], [ 35.023394090948479, 32.767030944339091 ], [ 35.023382366750582, 32.76703806343798 ], [ 35.023345127545937, 32.767060681020354 ], [ 35.023298620739716, 32.76707679567749 ], [ 35.023286815147728, 32.767080885846788 ], [ 35.023285035053682, 32.767081379207468 ], [ 35.023212415200248, 32.76710156331697 ], [ 35.023138017351236, 32.76712224164757 ], [ 35.023107227090733, 32.767130799297412 ], [ 35.023063619469838, 32.767142919032104 ], [ 35.023013126361192, 32.76715695390866 ], [ 35.022922291074728, 32.767180086179287 ], [ 35.022831457876038, 32.767203218386868 ], [ 35.022740623563436, 32.767226350526833 ], [ 35.022679257659341, 32.767226532050131 ], [ 35.022601340737261, 32.767230476660309 ], [ 35.022522022276611, 32.767241361358671 ], [ 35.022449094223767, 32.767258659144403 ], [ 35.02237476661751, 32.767281905157859 ], [ 35.022280457475652, 32.76731693432567 ], [ 35.022223547885396, 32.767329385192284 ], [ 35.022123903951332, 32.767346895514855 ], [ 35.022024262113142, 32.767364405761086 ], [ 35.021924620236305, 32.767381915927935 ], [ 35.021889568877008, 32.767388075769574 ], [ 35.021834170616842, 32.7673978109435 ], [ 35.021778773412009, 32.76740754609439 ], [ 35.021707838126396, 32.767415197284791 ], [ 35.021636904963358, 32.767422848438116 ], [ 35.021580798426996, 32.767423499665561 ], [ 35.021577848484213, 32.767423534134267 ], [ 35.02151682395214, 32.767424243079219 ], [ 35.02145284947823, 32.767424985558527 ], [ 35.021445763854459, 32.767425067185584 ], [ 35.02135351411475, 32.767426138921678 ], [ 35.02125417981631, 32.767427292207593 ], [ 35.021154844446627, 32.767428446314902 ], [ 35.021154460229369, 32.767428450261463 ], [ 35.021154069608677, 32.767428454198672 ], [ 35.021134208350752, 32.767430950805043 ], [ 35.021132393562169, 32.767431178985213 ], [ 35.021063808429922, 32.767439799868299 ], [ 35.021024842779148, 32.767444696773644 ], [ 35.02099522328465, 32.767448420713741 ], [ 35.020902546998656, 32.767453988259788 ], [ 35.020809871768719, 32.767459555738817 ], [ 35.020717196527578, 32.767465123149243 ], [ 35.020624522342501, 32.767470690492644 ], [ 35.020538290483884, 32.767469300704903 ], [ 35.020537987660674, 32.767469166809292 ], [ 35.02053767951049, 32.767469028397358 ], [ 35.020536093961361, 32.767468323648153 ], [ 35.02049203131822, 32.76744871648684 ], [ 35.020472583577806, 32.767440064103333 ], [ 35.020442327048997, 32.767426599717794 ], [ 35.020407582070021, 32.767403091936806 ], [ 35.020385238332949, 32.767387974622956 ], [ 35.020306227997928, 32.767334517730568 ], [ 35.020289729083451, 32.767333651302351 ], [ 35.020285065718632, 32.767333407303404 ], [ 35.020265571366522, 32.767332384083446 ], [ 35.020166156090305, 32.76735838717665 ], [ 35.020128458566596, 32.767370414489889 ], [ 35.02003283353303, 32.767370273818116 ], [ 35.019954905963935, 32.767379266273409 ], [ 35.019935491557369, 32.767379840026386 ], [ 35.019931653503228, 32.767379953399903 ], [ 35.019925875073419, 32.767380125231917 ], [ 35.019901605918633, 32.767386313015258 ], [ 35.019885473460057, 32.767390428051463 ], [ 35.019874193127499, 32.767393304085324 ], [ 35.019835002015924, 32.767404517582527 ], [ 35.019806396338929, 32.7674061886676 ], [ 35.019729705613422, 32.767384705423154 ], [ 35.019656302105297, 32.767398844037224 ], [ 35.01958290071051, 32.767412981709647 ], [ 35.019489268552185, 32.767408533447608 ], [ 35.01939563746889, 32.767404086018914 ], [ 35.019302006397147, 32.767399637618574 ], [ 35.019208375335062, 32.767395189148303 ], [ 35.019114745349874, 32.767390740609692 ], [ 35.019046877049355, 32.767386582589069 ], [ 35.018968380192625, 32.767377719072783 ], [ 35.018889885484313, 32.767368856412268 ], [ 35.018811390791804, 32.76735999370257 ], [ 35.018732115189991, 32.767349958481283 ], [ 35.018638673179424, 32.767326465109093 ], [ 35.018569394299178, 32.767307291472427 ], [ 35.018500117581404, 32.767288118702375 ], [ 35.018429652890653, 32.767274668107575 ], [ 35.01835919035392, 32.767261218378088 ], [ 35.018296105279639, 32.767254128420404 ], [ 35.018233021282761, 32.767247038432558 ], [ 35.01823231493178, 32.767246958935345 ], [ 35.018231604313705, 32.767246878530088 ], [ 35.018226668389204, 32.767246324767264 ], [ 35.018218992717209, 32.76724839628362 ], [ 35.018213201789649, 32.767249960239305 ], [ 35.018143370014549, 32.767268812841451 ], [ 35.018073540344652, 32.767287665407686 ], [ 35.018043578336687, 32.767289784922212 ], [ 35.018041038981401, 32.767289965993342 ], [ 35.018038952210247, 32.767290112571359 ], [ 35.018025308661656, 32.767291077833157 ], [ 35.017958296006277, 32.767295822055196 ], [ 35.017875554085968, 32.767301678965637 ], [ 35.017792813222336, 32.767307535822958 ], [ 35.017763873255745, 32.767315968676293 ], [ 35.017732706752369, 32.767317364964107 ], [ 35.017655363459554, 32.76730201102275 ], [ 35.017581333793466, 32.767283686372139 ], [ 35.017507306292408, 32.767265361681034 ], [ 35.017460255608711, 32.767258258249107 ], [ 35.017410118981154, 32.767246821143694 ], [ 35.017348478968117, 32.767224458107336 ], [ 35.017304117171541, 32.767207439956721 ], [ 35.01726827313631, 32.767200082677029 ], [ 35.017204697816076, 32.767184568680022 ], [ 35.017122993579754, 32.767162264822716 ], [ 35.01707196884653, 32.76714126825938 ], [ 35.017020946268019, 32.767120273481851 ], [ 35.017003042223848, 32.767111086358646 ], [ 35.016988436687868, 32.767103592144686 ], [ 35.016909338698404, 32.767063002912487 ], [ 35.016830240779001, 32.767022414532029 ], [ 35.01674600329158, 32.766979188152078 ], [ 35.016715622805911, 32.766963598281777 ], [ 35.016661765885765, 32.766935961715454 ], [ 35.016577528561534, 32.766892735222235 ], [ 35.016493292384283, 32.766849509575671 ], [ 35.016409055223278, 32.766806282969171 ], [ 35.016324818141989, 32.766763057207733 ], [ 35.016240581144181, 32.766719830487958 ], [ 35.016156344228001, 32.766676603711574 ], [ 35.016071369598876, 32.76663505563247 ], [ 35.015986393983553, 32.7665935065924 ], [ 35.015901419514599, 32.766551957496347 ], [ 35.01582461814089, 32.766514401638993 ], [ 35.015747815766503, 32.766476844831281 ], [ 35.01567101452207, 32.766439288879816 ], [ 35.015594212277001, 32.766401731977965 ], [ 35.015585779133971, 32.766397616545419 ], [ 35.015502539642924, 32.766356912880184 ], [ 35.015419299162524, 32.766316208256434 ], [ 35.015336059823376, 32.766275504480653 ], [ 35.015252819494869, 32.766234799746272 ], [ 35.015169580307621, 32.766194095859952 ], [ 35.01508634013102, 32.766153391015017 ], [ 35.015003101095672, 32.766112687018129 ], [ 35.01498306429005, 32.766102889539255 ], [ 35.014999620430707, 32.76614615007275 ], [ 35.015015546145058, 32.766187760445689 ], [ 35.014984941893388, 32.766172777561081 ], [ 35.014930166439889, 32.766189283277747 ], [ 35.014907840339376, 32.766146775944108 ], [ 35.014845346808798, 32.766027748383756 ], [ 35.014778168727503, 32.765899964527343 ], [ 35.014636952878028, 32.765630876172644 ], [ 35.014397741920398, 32.765175057961464 ], [ 35.014350803735852, 32.765166875102352 ], [ 35.014333947837983, 32.765163964101752 ], [ 35.014165275206167, 32.765134127029768 ], [ 35.014097752994907, 32.765122212254724 ], [ 35.014059343308077, 32.765115398392695 ], [ 35.014079669838928, 32.765092704678366 ], [ 35.014105986684356, 32.765063980485792 ], [ 35.015041021424068, 32.764032947427076 ], [ 35.015469384724852, 32.763537126278223 ], [ 35.015776738511256, 32.763080165048578 ], [ 35.015738854053986, 32.763079190987362 ], [ 35.015682838137209, 32.763077619735462 ], [ 35.015628934888149, 32.763076229275811 ], [ 35.01564845139422, 32.763070839469677 ], [ 35.0156921357203, 32.763020371392308 ], [ 35.015735818927951, 32.762969904199181 ], [ 35.01577950208813, 32.762919436088538 ], [ 35.015832100934887, 32.762858650622611 ], [ 35.015884698642871, 32.762797865132164 ], [ 35.01593729627929, 32.76273707961878 ], [ 35.015986939801678, 32.762680375235597 ], [ 35.016036583259144, 32.762623671733699 ], [ 35.016086226653591, 32.762566968211424 ], [ 35.016135869983138, 32.762510265570413 ], [ 35.01614556667159, 32.762499008909863 ], [ 35.016155119885923, 32.762474789218047 ], [ 35.016154825940689, 32.76245675481011 ], [ 35.016153513068801, 32.762447735854593 ], [ 35.016149033270246, 32.76243645699379 ], [ 35.016132081177439, 32.762410506796421 ], [ 35.016129419145244, 32.762407685891191 ], [ 35.016126757113241, 32.762404864985918 ], [ 35.016114933431787, 32.762396392896591 ], [ 35.016111934999572, 32.762394698608418 ], [ 35.016108937634684, 32.762393004321773 ], [ 35.016101109607831, 32.762389046726838 ], [ 35.016091111996701, 32.762385085870939 ], [ 35.016086943101207, 32.762384798276003 ], [ 35.016082775272928, 32.762384510682509 ], [ 35.016050760939159, 32.762383899905444 ], [ 35.016061287410913, 32.762321171049159 ], [ 35.016071813865807, 32.762258443093025 ], [ 35.01608234030379, 32.762195716036977 ], [ 35.016160992589846, 32.762167467687341 ], [ 35.01623964589362, 32.762139219289587 ], [ 35.016318298078836, 32.762110971742281 ], [ 35.016403030192564, 32.762072965168713 ], [ 35.016487761165436, 32.762034959437422 ], [ 35.016572494202762, 32.76199695274989 ], [ 35.016660286447049, 32.761957070546977 ], [ 35.016748079680433, 32.761917188283597 ], [ 35.016835872835777, 32.761877305958194 ], [ 35.01691624257203, 32.761826235912153 ], [ 35.016996609013219, 32.76177516671072 ], [ 35.017076977499002, 32.761724096558503 ], [ 35.017157345893153, 32.761673026353975 ], [ 35.017237714193762, 32.761621956998866 ], [ 35.017318082404621, 32.761570886689753 ], [ 35.017398143851025, 32.761520004325675 ], [ 35.017478204139294, 32.7614691219081 ], [ 35.017525785986656, 32.761440169006157 ], [ 35.017573367803266, 32.761411216085925 ], [ 35.017637037347555, 32.761371485679788 ], [ 35.01770070683537, 32.761331755240867 ], [ 35.017764376264815, 32.761292025670826 ], [ 35.017828988232388, 32.761252673479689 ], [ 35.017893601212258, 32.761213320354663 ], [ 35.017958211999137, 32.761173968094411 ], [ 35.018022713881749, 32.761134613835075 ], [ 35.018087216774887, 32.761095259543708 ], [ 35.018151718542285, 32.761055906118763 ], [ 35.018233776581525, 32.761006153305374 ], [ 35.018315834529616, 32.760956400437522 ], [ 35.018361672020539, 32.760924909047844 ], [ 35.018407508412054, 32.760893417639537 ], [ 35.018472465342441, 32.760849554426812 ], [ 35.018534918140524, 32.760806441285766 ], [ 35.018597370878453, 32.760763328113057 ], [ 35.018659822489084, 32.760720214907138 ], [ 35.018731698406725, 32.760662086121094 ], [ 35.018803575298115, 32.760603957294556 ], [ 35.018875453163311, 32.760545828427439 ], [ 35.018945770251392, 32.760488450126878 ], [ 35.019016087251146, 32.760431070884287 ], [ 35.019086403091698, 32.760373692501517 ], [ 35.019139016723521, 32.760331785403821 ], [ 35.019191629238897, 32.760289878281959 ], [ 35.019233136145743, 32.760254998797933 ], [ 35.019274645154539, 32.760220119303 ], [ 35.019344907309353, 32.760162738889839 ], [ 35.019415169374064, 32.760105358436412 ], [ 35.019485431346787, 32.760047978844462 ], [ 35.019555640745715, 32.759989659564724 ], [ 35.019625850053124, 32.759931340244776 ], [ 35.019696058201859, 32.759873020883084 ], [ 35.01976698765295, 32.75981470344577 ], [ 35.019837917011614, 32.759756385967421 ], [ 35.019908846275953, 32.759698069349739 ], [ 35.019977884948773, 32.759641063683965 ], [ 35.02004692460261, 32.759584057079167 ], [ 35.020115962032342, 32.759527051334068 ], [ 35.020170644709843, 32.759476973839973 ], [ 35.020225328393273, 32.759426896322992 ], [ 35.020280010946472, 32.759376819681648 ], [ 35.020330254271911, 32.759323542677848 ], [ 35.020380496468469, 32.759270266553379 ], [ 35.020430739672285, 32.759216990409648 ], [ 35.02047704259973, 32.759161265759751 ], [ 35.020523344402314, 32.759105541090484 ], [ 35.020569646145248, 32.759049817305105 ], [ 35.020609454988659, 32.758989573681326 ], [ 35.020648926687393, 32.758931866028888 ], [ 35.020688397264237, 32.758874160165163 ], [ 35.020713333484508, 32.758828827737943 ], [ 35.020738269675711, 32.758783497108745 ], [ 35.02077921337083, 32.758718747498179 ], [ 35.020820157008366, 32.758653996971617 ], [ 35.020861100584618, 32.758589247332523 ], [ 35.020902043032457, 32.758524498579312 ], [ 35.020927611593372, 32.758480857718041 ], [ 35.020937015055978, 32.758464814029693 ], [ 35.0209382037335, 32.758463309932637 ], [ 35.020939395612395, 32.758461805840241 ], [ 35.020954397905193, 32.758442859662821 ], [ 35.020998995548673, 32.758377926870097 ], [ 35.021043593123572, 32.758312995864003 ], [ 35.021088190633584, 32.758248064841119 ], [ 35.021106278796154, 32.758227666013113 ], [ 35.021139930825477, 32.758189713124786 ], [ 35.021173582826215, 32.758151760227101 ], [ 35.021254344239154, 32.758208867468497 ], [ 35.021335106822391, 32.758265974659231 ], [ 35.021415869508807, 32.758323081797776 ], [ 35.021494086945701, 32.758379776699336 ], [ 35.021572305547103, 32.758436472455166 ], [ 35.021650525314818, 32.75849316816354 ], [ 35.021728744114597, 32.758549863821408 ], [ 35.021806963013582, 32.758606559430291 ], [ 35.021871783891278, 32.758677446251461 ], [ 35.021936603806282, 32.758748332135426 ], [ 35.022001424889176, 32.758819218888696 ], [ 35.022066245009377, 32.75889010470474 ], [ 35.022131066297455, 32.758960991390033 ], [ 35.022195886622875, 32.759031877138149 ], [ 35.022260708116171, 32.759102763755536 ], [ 35.022325528646768, 32.759173649435702 ], [ 35.022390350345283, 32.759244535985147 ], [ 35.022455171081099, 32.759315421597378 ], [ 35.022519992984812, 32.759386308078867 ], [ 35.022584813925839, 32.75945719362317 ], [ 35.022649637101921, 32.75952808003828 ], [ 35.022692424974387, 32.759586752517116 ], [ 35.022735213968168, 32.759645425884216 ], [ 35.022778003019795, 32.759704098334687 ], [ 35.022821635543373, 32.759777840281743 ], [ 35.022865268138688, 32.759851582213003 ], [ 35.02282523034598, 32.759868499586943 ], [ 35.022787476080509, 32.75988445183301 ], [ 35.022717716435892, 32.759913656824452 ], [ 35.022647957814854, 32.759942860876585 ], [ 35.022578201284567, 32.759972063991022 ], [ 35.022499989316067, 32.760003509941498 ], [ 35.022421777290951, 32.760034956744512 ], [ 35.022343568416183, 32.760066401699582 ], [ 35.022269633288481, 32.760098980842486 ], [ 35.022193198249553, 32.760131838538236 ], [ 35.022116764221821, 32.760164696188511 ], [ 35.022145424143993, 32.760212244777243 ], [ 35.022163342062981, 32.760241970990393 ], [ 35.022209919982537, 32.760319246675977 ], [ 35.022256499049462, 32.760396522345111 ], [ 35.022303077129436, 32.760473797994742 ], [ 35.022349656356802, 32.760551073627937 ], [ 35.022396234597224, 32.760628349241586 ], [ 35.022442812917873, 32.760705624837271 ], [ 35.022526000989536, 32.760747504173267 ], [ 35.022609190206438, 32.760789383455588 ], [ 35.022692378436055, 32.760831261779437 ], [ 35.022775566741899, 32.760873140949727 ], [ 35.022858756192988, 32.760915020066349 ], [ 35.022941944656793, 32.760956898224499 ], [ 35.023022558945087, 32.761013105101753 ], [ 35.023103173334782, 32.761069311927017 ], [ 35.023183787825829, 32.761125518700268 ], [ 35.023264401352897, 32.761181724518245 ], [ 35.023345016046719, 32.761237931187495 ], [ 35.023425630841906, 32.761294137804711 ], [ 35.02350624573846, 32.761350344369937 ], [ 35.023586860736422, 32.761406550883144 ], [ 35.023667475835751, 32.761462757344319 ], [ 35.023748089971093, 32.761518962850275 ], [ 35.023828705273175, 32.761575169207433 ], [ 35.023909320676637, 32.761631375512607 ], [ 35.023989936181472, 32.761687581765742 ], [ 35.024070551787688, 32.761743787966864 ], [ 35.024151167495312, 32.761799994115989 ], [ 35.024231783304288, 32.761856200213124 ], [ 35.024312398149291, 32.76191240535497 ], [ 35.024393014161014, 32.76196861134806 ], [ 35.024473630274144, 32.762024817289138 ], [ 35.024554246488648, 32.762081023178183 ], [ 35.02463486280454, 32.762137229015217 ], [ 35.024715479221818, 32.762193434800245 ], [ 35.024796094675096, 32.762249639630035 ], [ 35.024876711295114, 32.762305845311019 ], [ 35.024957328016541, 32.762362050939998 ], [ 35.025037944839326, 32.762418256516973 ], [ 35.025118561763513, 32.762474462041922 ], [ 35.025199178789073, 32.762530667514866 ], [ 35.025279794850647, 32.762586872032557 ], [ 35.025360412078967, 32.762643077401449 ], [ 35.025441029408682, 32.76269928271833 ], [ 35.025521646839785, 32.762755487983192 ], [ 35.02560226437226, 32.762811693196035 ], [ 35.025682882006116, 32.762867898356845 ], [ 35.025763499741373, 32.762924103465657 ], [ 35.025844116512623, 32.76298030761923 ], [ 35.025924734450641, 32.763036512624005 ], [ 35.026005352490039, 32.763092717576725 ], [ 35.026085970630838, 32.76314892247747 ], [ 35.026166588872996, 32.763205127326174 ], [ 35.026247207216564, 32.763261332122866 ], [ 35.026327824596116, 32.763317535964326 ], [ 35.026408443142451, 32.763373740656967 ], [ 35.026489061790166, 32.763429945297581 ], [ 35.026569680539268, 32.76348614988617 ], [ 35.026590780618051, 32.763571824043915 ], [ 35.026611881804065, 32.763657498198576 ], [ 35.026632981962933, 32.763743172347176 ], [ 35.026654083229026, 32.763828846492686 ], [ 35.026675183467944, 32.763914520632078 ], [ 35.02669628374872, 32.764000193865215 ], [ 35.02671738513493, 32.764085867996975 ], [ 35.026738485493979, 32.764171542122611 ], [ 35.026759586960274, 32.76425721624517 ], [ 35.026780687399395, 32.764342890361632 ], [ 35.026799071317619, 32.764417531951715 ], [ 35.026801788945775, 32.764428564475068 ], [ 35.026822889464988, 32.764514238582365 ], [ 35.026843990024233, 32.764599912685078 ], [ 35.026865091690745, 32.764685586784729 ], [ 35.026886192330075, 32.76477126087827 ], [ 35.026907293009437, 32.764856934967213 ], [ 35.026928394797849, 32.764942608151401 ], [ 35.026949495557304, 32.765028282231185 ], [ 35.02697059635679, 32.765113956306408 ], [ 35.026991698263544, 32.765199630378525 ], [ 35.027012799143129, 32.765285304444539 ], [ 35.027033901129954, 32.765370978507477 ], [ 35.027055002089618, 32.765456652564332 ], [ 35.027076104156563, 32.765542326618096 ], [ 35.027097205196284, 32.765628000665764 ], [ 35.027118307343329, 32.765713674710398 ], [ 35.02713940846315, 32.765799348748892 ], [ 35.027160509624814, 32.765885021881097 ], [ 35.027181611891969, 32.765970695911939 ], [ 35.027183049626032, 32.765976532833498 ] ] ] } }
]
}
