{
"type": "FeatureCollection",
"name": "stations",
"crs": { "type": "name", "properties": { "name": "urn:ogc:def:crs:OGC:1.3:CRS84" } },
"features": [
{ "type": "Feature", "properties": { "סמל ועדה": 7, "ברזל": 2812, "שם ישוב": "חיפה", "סמל ישוב": 4000, "קלפי": "2", "ריכוז": 33, "שופט": 0, "בזב": 549, "מצביעים": 152, "פסולים": 1, "כשרים": 151, "אמת": 14, "אצ": 1, "ב": 0, "ג": 0, "ד": 22, "ום": 31, "ז": 0, "זך": 0, "זנ": 0, "זץ": 0, "ט": 5, "י": 0, "יז": 1, "ינ": 0, "יץ": 0, "יק": 0, "כן": 9, "ך": 1, "ל": 5, "מחל": 25, "מרצ": 11, "נז": 0, "ני": 0, "נף": 0, "נץ": 0, "נק": 1, "נר": 0, "עם": 5, "פה": 17, "ף": 0, "צ": 0, "ץ": 1, "ק": 0, "קי": 0, "קך": 0, "קנ": 0, "קץ": 1, "רז": 0, "שס": 1, "ת": 0, "כתובת קלפי": "התשעים ושלוש,8 ", "מקום קלפי": "בי\"ס טכנולוגי אורט הכרמל", "נגישה": " ", "נגישה מיוחדת": " ", "בוחרי כנסת בפועל": 549, "turnout_pct": 27.686703096539162, "אמת_pct": 9.2715231788079464, "אצ_pct": 0.66225165562913912, "ב_pct": 0.0, "ג_pct": 0.0, "ד_pct": 14.569536423841059, "ום_pct": 20.52980132450331, "ז_pct": 0.0, "זך_pct": 0.0, "זנ_pct": 0.0, "זץ_pct": 0.0, "ט_pct": 3.3112582781456954, "י_pct": 0.0, "יז_pct": 0.66225165562913912, "ינ_pct": 0.0, "יץ_pct": 0.0, "יק_pct": 0.0, "כן_pct": 5.9602649006622519, "ך_pct": 0.66225165562913912, "ל_pct": 3.3112582781456954, "מחל_pct": 16.556291390728479, "מרצ_pct": 7.2847682119205297, "נז_pct": 0.0, "ני_pct": 0.0, "נף_pct": 0.0, "נץ_pct": 0.0, "נק_pct": 0.66225165562913912, "נר_pct": 0.0, "עם_pct": 3.3112582781456954, "פה_pct": 11.258278145695364, "ף_pct": 0.0, "צ_pct": 0.0, "ץ_pct": 0.66225165562913912, "ק_pct": 0.0, "קי_pct": 0.0, "קך_pct": 0.0, "קנ_pct": 0.0, "קץ_pct": 0.66225165562913912, "רז_pct": 0.0, "שס_pct": 0.66225165562913912, "ת_pct": 0.0, "lat": 32.8167412, "lon": 34.9977514, "neighborhood": "ואדי ניסנאס" }, "geometry": { "type": "Point", "coordinates": [ 34.9977514, 32.8167412 ] } },
{ "type": "Feature", "properties": { "סמל ועדה": 7, "ברזל": 2813, "שם ישוב": "חיפה", "סמל ישוב": 4000, "קלפי": "50", "ריכוז": 5, "שופט": 0, "בזב": 514, "מצביעים": 212, "פסולים": 6, "כשרים": 206, "אמת": 0, "אצ": 0, "ב": 0, "ג": 0, "ד": 39, "ום": 118, "ז": 0, "זך": 0, "זנ": 0, "זץ": 0, "ט": 0, "י": 1, "יז": 2, "ינ": 0, "יץ": 0, "יק": 0, "כן": 1, "ך": 0, "ל": 0, "מחל": 6, "מרצ": 10, "נז": 0, "ני": 0, "נף": 0, "נץ": 0, "נק": 0, "נר": 0, "עם": 18, "פה": 10, "ף": 0, "צ": 0, "ץ": 0, "ק": 0, "קי": 0, "קך": 0, "קנ": 1, "קץ": 0, "רז": 0, "שס": 0, "ת": 0, "כתובת קלפי": "קיסריה,20 ", "מקום קלפי": "בי\"ס אחוה", "נגישה": "כ", "נגישה מיוחדת": " ", "בוחרי כנסת בפועל": 514, "turnout_pct": 41.245136186770424, "אמת_pct": 0.0, "אצ_pct": 0.0, "ב_pct": 0.0, "ג_pct": 0.0, "ד_pct": 18.932038834951456, "ום_pct": 57.28155339805825, "ז_pct": 0.0, "זך_pct": 0.0, "זנ_pct": 0.0, "זץ_pct": 0.0, "ט_pct": 0.0, "י_pct": 0.48543689320388345, "יז_pct": 0.97087378640776689, "ינ_pct": 0.0, "יץ_pct": 0.0, "יק_pct": 0.0, "כן_pct": 0.48543689320388345, "ך_pct": 0.0, "ל_pct": 0.0, "מחל_pct": 2.912621359223301, "מרצ_pct": 4.8543689320388346, "נז_pct": 0.0, "ני_pct": 0.0, "נף_pct": 0.0, "נץ_pct": 0.0, "נק_pct": 0.0, "נר_pct": 0.0, "עם_pct": 8.7378640776699026, "פה_pct": 4.8543689320388346, "ף_pct": 0.0, "צ_pct": 0.0, "ץ_pct": 0.0, "ק_pct": 0.0, "קי_pct": 0.0, "קך_pct": 0.0, "קנ_pct": 0.48543689320388345, "קץ_pct": 0.0, "רז_pct": 0.0, "שס_pct": 0.0, "ת_pct": 0.0, "lat": 32.8163008, "lon": 34.9958991, "neighborhood": "ואדי ניסנאס" }, "geometry": { "type": "Point", "coordinates": [ 34.9958991, 32.8163008 ] } },
{ "type": "Feature", "properties": { "סמל ועדה": 7, "ברזל": 2814, "שם ישוב": "חיפה", "סמל ישוב": 4000, "קלפי": "74", "ריכוז": 33, "שופט": 0, "בזב": 574, "מצביעים": 109, "פסולים": 0, "כשרים": 109, "אמת": 10, "אצ": 1, "ב": 0, "ג": 1, "ד": 5, "ום": 7, "ז": 0, "זך": 0, "זנ": 0, "זץ": 0, "ט": 6, "י": 1, "יז": 2, "ינ": 0, "יץ": 0, "יק": 0, "כן": 15, "ך": 0, "ל": 8, "מחל": 11, "מרצ": 11, "נז": 0, "ני": 0, "נף": 0, "נץ": 0, "נק": 0, "נר": 0, "עם": 1, "פה": 29, "ף": 0, "צ": 0, "ץ": 0, "ק": 0, "קי": 0, "קך": 0, "קנ": 0, "קץ": 1, "רז": 0, "שס": 0, "ת": 0, "כתובת קלפי": "התשעים ושלוש,8 ", "מקום קלפי": "בי\"ס טכנולוגי אורט הכרמל", "נגישה": " ", "נגישה מיוחדת": " ", "בוחרי כנסת בפועל": 574, "turnout_pct": 18.989547038327526, "אמת_pct": 9.1743119266055047, "אצ_pct": 0.91743119266055051, "ב_pct": 0.0, "ג_pct": 0.91743119266055051, "ד_pct": 4.5871559633027523, "ום_pct": 6.4220183486238538, "ז_pct": 0.0, "זך_pct": 0.0, "זנ_pct": 0.0, "זץ_pct": 0.0, "ט_pct": 5.5045871559633035, "י_pct": 0.91743119266055051, "יז_pct": 1.834862385321101, "ינ_pct": 0.0, "יץ_pct": 0.0, "יק_pct": 0.0, "כן_pct": 13.761467889908257, "ך_pct": 0.0, "ל_pct": 7.3394495412844041, "מחל_pct": 10.091743119266056, "מרצ_pct": 10.091743119266056, "נז_pct": 0.0, "ני_pct": 0.0, "נף_pct": 0.0, "נץ_pct": 0.0, "נק_pct": 0.0, "נר_pct": 0.0, "עם_pct": 0.91743119266055051, "פה_pct": 26.605504587155966, "ף_pct": 0.0, "צ_pct": 0.0, "ץ_pct": 0.0, "ק_pct": 0.0, "קי_pct": 0.0, "קך_pct": 0.0, "קנ_pct": 0.0, "קץ_pct": 0.91743119266055051, "רז_pct": 0.0, "שס_pct": 0.0, "ת_pct": 0.0, "lat": 32.8167412, "lon": 34.9977514, "neighborhood": "ואדי ניסנאס" }, "geometry": { "type": "Point", "coordinates": [ 34.9977514, 32.8167412 ] } },
{ "type": "Feature", "properties": { "סמל ועדה": 7, "ברזל": 2815, "שם ישוב": "חיפה", "סמל ישוב": 4000, "קלפי": "75", "ריכוז": 236, "שופט": 0, "בזב": 696, "מצביעים": 349, "פסולים": 8, "כשרים": 341, "אמת": 6, "אצ": 0, "ב": 0, "ג": 0, "ד": 73, "ום": 190, "ז": 0, "זך": 1, "זנ": 0, "זץ": 0, "ט": 0, "י": 0, "יז": 0, "ינ": 1, "יץ": 0, "יק": 0, "כן": 2, "ך": 1, "ל": 3, "מחל": 11, "מרצ": 7, "נז": 0, "ני": 0, "נף": 0, "נץ": 0, "נק": 0, "נר": 0, "עם": 19, "פה": 22, "ף": 0, "צ": 1, "ץ": 2, "ק": 0, "קי": 0, "קך": 0, "קנ": 1, "קץ": 0, "רז": 0, "שס": 1, "ת": 0, "כתובת קלפי": "צהיון,5 ", "מקום קלפי": "מתחם אלחיוואל גן + בי\"ס", "נגישה": "כ", "נגישה מיוחדת": "כ", "בוחרי כנסת בפועל": 696, "turnout_pct": 50.143678160919535, "אמת_pct": 1.7595307917888565, "אצ_pct": 0.0, "ב_pct": 0.0, "ג_pct": 0.0, "ד_pct": 21.407624633431084, "ום_pct": 55.718475073313776, "ז_pct": 0.0, "זך_pct": 0.2932551319648094, "זנ_pct": 0.0, "זץ_pct": 0.0, "ט_pct": 0.0, "י_pct": 0.0, "יז_pct": 0.0, "ינ_pct": 0.2932551319648094, "יץ_pct": 0.0, "יק_pct": 0.0, "כן_pct": 0.5865102639296188, "ך_pct": 0.2932551319648094, "ל_pct": 0.87976539589442826, "מחל_pct": 3.225806451612903, "מרצ_pct": 2.0527859237536656, "נז_pct": 0.0, "ני_pct": 0.0, "נף_pct": 0.0, "נץ_pct": 0.0, "נק_pct": 0.0, "נר_pct": 0.0, "עם_pct": 5.5718475073313778, "פה_pct": 6.4516129032258061, "ף_pct": 0.0, "צ_pct": 0.2932551319648094, "ץ_pct": 0.5865102639296188, "ק_pct": 0.0, "קי_pct": 0.0, "קך_pct": 0.0, "קנ_pct": 0.2932551319648094, "קץ_pct": 0.0, "רז_pct": 0.0, "שס_pct": 0.2932551319648094, "ת_pct": 0.0, "lat": 32.817552, "lon": 34.9953654, "neighborhood": "ואדי ניסנאס" }, "geometry": { "type": "Point", "coordinates": [ 34.9953654, 32.817552 ] } },
{ "type": "Feature", "properties": { "סמל ועדה": 7, "ברזל": 2816, "שם ישוב": "חיפה", "סמל ישוב": 4000, "קלפי": "77", "ריכוז": 236, "שופט": 0, "בזב": 631, "מצביעים": 300, "פסולים": 4, "כשרים": 296, "אמת": 8, "אצ": 1, "ב": 0, "ג": 0, "ד": 42, "ום": 176, "ז": 0, "זך": 0, "זנ": 0, "זץ": 0, "ט": 1, "י": 1, "יז": 0, "ינ": 0, "יץ": 0, "יק": 0, "כן": 5, "ך": 1, "ל": 0, "מחל": 13, "מרצ": 11, "נז": 0, "ני": 0, "נף": 0, "נץ": 1, "נק": 0, "נר": 0, "עם": 11, "פה": 21, "ף": 1, "צ": 0, "ץ": 0, "ק": 0, "קי": 0, "קך": 0, "קנ": 0, "קץ": 2, "רז": 0, "שס": 1, "ת": 0, "כתובת קלפי": "צהיון,5 ", "מקום קלפי": "מתחם אלחיוואל גן + בי\"ס", "נגישה": "כ", "נגישה מיוחדת": " ", "בוחרי כנסת בפועל": 631, "turnout_pct": 47.543581616481774, "אמת_pct": 2.7027027027027026, "אצ_pct": 0.33783783783783783, "ב_pct": 0.0, "ג_pct": 0.0, "ד_pct": 14.189189189189189, "ום_pct": 59.45945945945946, "ז_pct": 0.0, "זך_pct": 0.0, "זנ_pct": 0.0, "זץ_pct": 0.0, "ט_pct": 0.33783783783783783, "י_pct": 0.33783783783783783, "יז_pct": 0.0, "ינ_pct": 0.0, "יץ_pct": 0.0, "יק_pct": 0.0, "כן_pct": 1.6891891891891893, "ך_pct": 0.33783783783783783, "ל_pct": 0.0, "מחל_pct": 4.3918918918918921, "מרצ_pct": 3.7162162162162162, "נז_pct": 0.0, "ני_pct": 0.0, "נף_pct": 0.0, "נץ_pct": 0.33783783783783783, "נק_pct": 0.0, "נר_pct": 0.0, "עם_pct": 3.7162162162162162, "פה_pct": 7.0945945945945947, "ף_pct": 0.33783783783783783, "צ_pct": 0.0, "ץ_pct": 0.0, "ק_pct": 0.0, "קי_pct": 0.0, "קך_pct": 0.0, "קנ_pct": 0.0, "קץ_pct": 0.67567567567567566, "רז_pct": 0.0, "שס_pct": 0.33783783783783783, "ת_pct": 0.0, "lat": 32.817552, "lon": 34.9953654, "neighborhood": "ואדי ניסנאס" }, "geometry": { "type": "Point", "coordinates": [ 34.9953654, 32.817552 ] } },
{ "type": "Feature", "properties": { "סמל ועדה": 7, "ברזל": 2817, "שם ישוב": "חיפה", "סמל ישוב": 4000, "קלפי": "79", "ריכוז": 5, "שופט": 0, "בזב": 445, "מצביעים": 218, "פסולים": 0, "כשרים": 218, "אמת": 5, "אצ": 0, "ב": 0, "ג": 0, "ד": 24, "ום": 142, "ז": 0, "זך": 0, "זנ": 0, "זץ": 0, "ט": 0, "י": 0, "יז": 0, "ינ": 0, "יץ": 0, "יק": 0, "כן": 2, "ך": 0, "ל": 0, "מחל": 7, "מרצ": 10, "נז": 0, "ני": 0, "נף": 0, "נץ": 0, "נק": 0, "נר": 0, "עם": 13, "פה": 15, "ף": 0, "צ": 0, "ץ": 0, "ק": 0, "קי": 0, "קך": 0, "קנ": 0, "קץ": 0, "רז": 0, "שס": 0, "ת": 0, "כתובת קלפי": "קיסריה,20 ", "מקום קלפי": "בי\"ס אחוה", "נגישה": "כ", "נגישה מיוחדת": "כ", "בוחרי כנסת בפועל": 445, "turnout_pct": 48.988764044943821, "אמת_pct": 2.2935779816513762, "אצ_pct": 0.0, "ב_pct": 0.0, "ג_pct": 0.0, "ד_pct": 11.009174311926607, "ום_pct": 65.137614678899084, "ז_pct": 0.0, "זך_pct": 0.0, "זנ_pct": 0.0, "זץ_pct": 0.0, "ט_pct": 0.0, "י_pct": 0.0, "יז_pct": 0.0, "ינ_pct": 0.0, "יץ_pct": 0.0, "יק_pct": 0.0, "כן_pct": 0.91743119266055051, "ך_pct": 0.0, "ל_pct": 0.0, "מחל_pct": 3.2110091743119269, "מרצ_pct": 4.5871559633027523, "נז_pct": 0.0, "ני_pct": 0.0, "נף_pct": 0.0, "נץ_pct": 0.0, "נק_pct": 0.0, "נר_pct": 0.0, "עם_pct": 5.9633027522935782, "פה_pct": 6.8807339449541285, "ף_pct": 0.0, "צ_pct": 0.0, "ץ_pct": 0.0, "ק_pct": 0.0, "קי_pct": 0.0, "קך_pct": 0.0, "קנ_pct": 0.0, "קץ_pct": 0.0, "רז_pct": 0.0, "שס_pct": 0.0, "ת_pct": 0.0, "lat": 32.8163008, "lon": 34.9958991, "neighborhood": "ואדי ניסנאס" }, "geometry": { "type": "Point", "coordinates": [ 34.9958991, 32.8163008 ] } },
{ "type": "Feature", "properties": { "סמל ועדה": 7, "ברזל": 2818, "שם ישוב": "חיפה", "סמל ישוב": 4000, "קלפי": "80", "ריכוז": 5, "שופט": 0, "בזב": 508, "מצביעים": 267, "פסולים": 4, "כשרים": 263, "אמת": 4, "אצ": 0, "ב": 0, "ג": 1, "ד": 64, "ום": 137, "ז": 0, "זך": 0, "זנ": 0, "זץ": 1, "ט": 0, "י": 0, "יז": 0, "ינ": 0, "יץ": 0, "יק": 0, "כן": 2, "ך": 0, "ל": 6, "מחל": 7, "מרצ": 12, "נז": 0, "ני": 0, "נף": 1, "נץ": 0, "נק": 0, "נר": 0, "עם": 17, "פה": 10, "ף": 0, "צ": 0, "ץ": 0, "ק": 0, "קי": 0, "קך": 0, "קנ": 0, "קץ": 0, "רז": 0, "שס": 0, "ת": 1, "כתובת קלפי": "קיסריה,20 ", "מקום קלפי": "בי\"ס אחוה", "נגישה": "כ", "נגישה מיוחדת": " ", "בוחרי כנסת בפועל": 508, "turnout_pct": 52.55905511811023, "אמת_pct": 1.520912547528517, "אצ_pct": 0.0, "ב_pct": 0.0, "ג_pct": 0.38022813688212925, "ד_pct": 24.334600760456272, "ום_pct": 52.091254752851711, "ז_pct": 0.0, "זך_pct": 0.0, "זנ_pct": 0.0, "זץ_pct": 0.38022813688212925, "ט_pct": 0.0, "י_pct": 0.0, "יז_pct": 0.0, "ינ_pct": 0.0, "יץ_pct": 0.0, "יק_pct": 0.0, "כן_pct": 0.76045627376425851, "ך_pct": 0.0, "ל_pct": 2.2813688212927756, "מחל_pct": 2.6615969581749046, "מרצ_pct": 4.5627376425855513, "נז_pct": 0.0, "ני_pct": 0.0, "נף_pct": 0.38022813688212925, "נץ_pct": 0.0, "נק_pct": 0.0, "נר_pct": 0.0, "עם_pct": 6.4638783269961975, "פה_pct": 3.8022813688212929, "ף_pct": 0.0, "צ_pct": 0.0, "ץ_pct": 0.0, "ק_pct": 0.0, "קי_pct": 0.0, "קך_pct": 0.0, "קנ_pct": 0.0, "קץ_pct": 0.0, "רז_pct": 0.0, "שס_pct": 0.0, "ת_pct": 0.38022813688212925, "lat": 32.8163008, "lon": 34.9958991, "neighborhood": "ואדי ניסנאס" }, "geometry": { "type": "Point", "coordinates": [ 34.9958991, 32.8163008 ] } },
{ "type": "Feature", "properties": { "סמל ועדה": 7, "ברזל": 2819, "שם ישוב": "חיפה", "סמל ישוב": 4000, "קלפי": "81", "ריכוז": 58, "שופט": 0, "בזב": 683, "מצביעים": 316, "פסולים": 3, "כשרים": 313, "אמת": 5, "אצ": 0, "ב": 0, "ג": 0, "ד": 63, "ום": 157, "ז": 0, "זך": 0, "זנ": 0, "זץ": 0, "ט": 0, "י": 0, "יז": 0, "ינ": 0, "יץ": 1, "יק": 0, "כן": 4, "ך": 0, "ל": 1, "מחל": 18, "מרצ": 22, "נז": 0, "ני": 1, "נף": 0, "נץ": 0, "נק": 0, "נר": 0, "עם": 27, "פה": 12, "ף": 0, "צ": 0, "ץ": 0, "ק": 1, "קי": 1, "קך": 0, "קנ": 0, "קץ": 0, "רז": 0, "שס": 0, "ת": 0, "כתובת קלפי": "פרץ י. ל.,20 ", "מקום קלפי": "בית ארדשטיין", "נגישה": " ", "נגישה מיוחדת": " ", "בוחרי כנסת בפועל": 683, "turnout_pct": 46.266471449487554, "אמת_pct": 1.5974440894568689, "אצ_pct": 0.0, "ב_pct": 0.0, "ג_pct": 0.0, "ד_pct": 20.12779552715655, "ום_pct": 50.159744408945684, "ז_pct": 0.0, "זך_pct": 0.0, "זנ_pct": 0.0, "זץ_pct": 0.0, "ט_pct": 0.0, "י_pct": 0.0, "יז_pct": 0.0, "ינ_pct": 0.0, "יץ_pct": 0.31948881789137379, "יק_pct": 0.0, "כן_pct": 1.2779552715654952, "ך_pct": 0.0, "ל_pct": 0.31948881789137379, "מחל_pct": 5.7507987220447285, "מרצ_pct": 7.0287539936102235, "נז_pct": 0.0, "ני_pct": 0.31948881789137379, "נף_pct": 0.0, "נץ_pct": 0.0, "נק_pct": 0.0, "נר_pct": 0.0, "עם_pct": 8.6261980830670915, "פה_pct": 3.8338658146964857, "ף_pct": 0.0, "צ_pct": 0.0, "ץ_pct": 0.0, "ק_pct": 0.31948881789137379, "קי_pct": 0.31948881789137379, "קך_pct": 0.0, "קנ_pct": 0.0, "קץ_pct": 0.0, "רז_pct": 0.0, "שס_pct": 0.0, "ת_pct": 0.0, "lat": 32.7948824, "lon": 34.9766255, "neighborhood": "כרמליה" }, "geometry": { "type": "Point", "coordinates": [ 34.9766255, 32.7948824 ] } },
{ "type": "Feature", "properties": { "סמל ועדה": 7, "ברזל": 2820, "שם ישוב": "חיפה", "סמל ישוב": 4000, "קלפי": "83", "ריכוז": 114, "שופט": 0, "בזב": 466, "מצביעים": 198, "פסולים": 4, "כשרים": 194, "אמת": 5, "אצ": 0, "ב": 0, "ג": 0, "ד": 32, "ום": 107, "ז": 0, "זך": 0, "זנ": 0, "זץ": 0, "ט": 0, "י": 0, "יז": 0, "ינ": 0, "יץ": 0, "יק": 0, "כן": 8, "ך": 0, "ל": 0, "מחל": 11, "מרצ": 8, "נז": 0, "ני": 0, "נף": 0, "נץ": 0, "נק": 0, "נר": 0, "עם": 9, "פה": 13, "ף": 0, "צ": 0, "ץ": 0, "ק": 0, "קי": 0, "קך": 1, "קנ": 0, "קץ": 0, "רז": 0, "שס": 0, "ת": 0, "כתובת קלפי": "שד הציונות,33 ", "מקום קלפי": "מרכז \"ערבי יהודי\" תיאטרון", "נגישה": " ", "נגישה מיוחדת": " ", "בוחרי כנסת בפועל": 466, "turnout_pct": 42.489270386266092, "אמת_pct": 2.5773195876288657, "אצ_pct": 0.0, "ב_pct": 0.0, "ג_pct": 0.0, "ד_pct": 16.494845360824741, "ום_pct": 55.154639175257735, "ז_pct": 0.0, "זך_pct": 0.0, "זנ_pct": 0.0, "זץ_pct": 0.0, "ט_pct": 0.0, "י_pct": 0.0, "יז_pct": 0.0, "ינ_pct": 0.0, "יץ_pct": 0.0, "יק_pct": 0.0, "כן_pct": 4.1237113402061851, "ך_pct": 0.0, "ל_pct": 0.0, "מחל_pct": 5.6701030927835054, "מרצ_pct": 4.1237113402061851, "נז_pct": 0.0, "ני_pct": 0.0, "נף_pct": 0.0, "נץ_pct": 0.0, "נק_pct": 0.0, "נר_pct": 0.0, "עם_pct": 4.6391752577319592, "פה_pct": 6.7010309278350517, "ף_pct": 0.0, "צ_pct": 0.0, "ץ_pct": 0.0, "ק_pct": 0.0, "קי_pct": 0.0, "קך_pct": 0.51546391752577314, "קנ_pct": 0.0, "קץ_pct": 0.0, "רז_pct": 0.0, "שס_pct": 0.0, "ת_pct": 0.0, "lat": 32.8159287, "lon": 34.9926262, "neighborhood": "ואדי ניסנאס" }, "geometry": { "type": "Point", "coordinates": [ 34.9926262, 32.8159287 ] } },
{ "type": "Feature", "properties": { "סמל ועדה": 7, "ברזל": 2821, "שם ישוב": "חיפה", "סמל ישוב": 4000, "קלפי": "88", "ריכוז": 273, "שופט": 0, "בזב": 608, "מצביעים": 279, "פסולים": 4, "כשרים": 275, "אמת": 7, "אצ": 0, "ב": 0, "ג": 1, "ד": 70, "ום": 108, "ז": 0, "זך": 0, "זנ": 0, "זץ": 0, "ט": 2, "י": 0, "יז": 1, "ינ": 1, "יץ": 0, "יק": 0, "כן": 11, "ך": 0, "ל": 12, "מחל": 14, "מרצ": 13, "נז": 0, "ני": 0, "נף": 0, "נץ": 0, "נק": 0, "נר": 0, "עם": 12, "פה": 19, "ף": 0, "צ": 4, "ץ": 0, "ק": 0, "קי": 0, "קך": 0, "קנ": 0, "קץ": 0, "רז": 0, "שס": 0, "ת": 0, "כתובת קלפי": "שומאכר גוטליב,4 ", "מקום קלפי": "מועדון הנוער הנוצרי", "נגישה": " ", "נגישה מיוחדת": " ", "בוחרי כנסת בפועל": 608, "turnout_pct": 45.888157894736842, "אמת_pct": 2.5454545454545454, "אצ_pct": 0.0, "ב_pct": 0.0, "ג_pct": 0.36363636363636365, "ד_pct": 25.454545454545453, "ום_pct": 39.272727272727273, "ז_pct": 0.0, "זך_pct": 0.0, "זנ_pct": 0.0, "זץ_pct": 0.0, "ט_pct": 0.72727272727272729, "י_pct": 0.0, "יז_pct": 0.36363636363636365, "ינ_pct": 0.36363636363636365, "יץ_pct": 0.0, "יק_pct": 0.0, "כן_pct": 4.0, "ך_pct": 0.0, "ל_pct": 4.3636363636363642, "מחל_pct": 5.0909090909090908, "מרצ_pct": 4.7272727272727275, "נז_pct": 0.0, "ני_pct": 0.0, "נף_pct": 0.0, "נץ_pct": 0.0, "נק_pct": 0.0, "נר_pct": 0.0, "עם_pct": 4.3636363636363642, "פה_pct": 6.9090909090909092, "ף_pct": 0.0, "צ_pct": 1.4545454545454546, "ץ_pct": 0.0, "ק_pct": 0.0, "קי_pct": 0.0, "קך_pct": 0.0, "קנ_pct": 0.0, "קץ_pct": 0.0, "רז_pct": 0.0, "שס_pct": 0.0, "ת_pct": 0.0, "lat": 32.8202079, "lon": 34.9885744, "neighborhood": "מושבה גרמנית" }, "geometry": { "type": "Point", "coordinates": [ 34.9885744, 32.8202079 ] } },
{ "type": "Feature", "properties": { "סמל ועדה": 7, "ברזל": 2822, "שם ישוב": "חיפה", "סמל ישוב": 4000, "קלפי": "275.1", "ריכוז": 26, "שופט": 0, "בזב": 580, "מצביעים": 341, "פסולים": 0, "כשרים": 341, "אמת": 6, "אצ": 0, "ב": 0, "ג": 0, "ד": 106, "ום": 156, "ז": 0, "זך": 0, "זנ": 0, "זץ": 0, "ט": 0, "י": 0, "יז": 0, "ינ": 0, "יץ": 0, "יק": 0, "כן": 3, "ך": 0, "ל": 1, "מחל": 9, "מרצ": 22, "נז": 0, "ני": 0, "נף": 0, "נץ": 0, "נק": 0, "נר": 0, "עם": 17, "פה": 21, "ף": 0, "צ": 0, "ץ": 0, "ק": 0, "קי": 0, "קך": 0, "קנ": 0, "קץ": 0, "רז": 0, "שס": 0, "ת": 0, "כתובת קלפי": "הבישוף חג'אר,1 ", "מקום קלפי": "בי\"ס שיזף", "נגישה": "כ", "נגישה מיוחדת": "כ", "בוחרי כנסת בפועל": 580, "turnout_pct": 58.793103448275865, "אמת_pct": 1.7595307917888565, "אצ_pct": 0.0, "ב_pct": 0.0, "ג_pct": 0.0, "ד_pct": 31.085043988269796, "ום_pct": 45.747800586510259, "ז_pct": 0.0, "זך_pct": 0.0, "זנ_pct": 0.0, "זץ_pct": 0.0, "ט_pct": 0.0, "י_pct": 0.0, "יז_pct": 0.0, "ינ_pct": 0.0, "יץ_pct": 0.0, "יק_pct": 0.0, "כן_pct": 0.87976539589442826, "ך_pct": 0.0, "ל_pct": 0.2932551319648094, "מחל_pct": 2.6392961876832843, "מרצ_pct": 6.4516129032258061, "נז_pct": 0.0, "ני_pct": 0.0, "נף_pct": 0.0, "נץ_pct": 0.0, "נק_pct": 0.0, "נר_pct": 0.0, "עם_pct": 4.9853372434017595, "פה_pct": 6.1583577712609969, "ף_pct": 0.0, "צ_pct": 0.0, "ץ_pct": 0.0, "ק_pct": 0.0, "קי_pct": 0.0, "קך_pct": 0.0, "קנ_pct": 0.0, "קץ_pct": 0.0, "רז_pct": 0.0, "שס_pct": 0.0, "ת_pct": 0.0, "lat": 32.8187705, "lon": 34.9812757, "neighborhood": "עבאס" }, "geometry": { "type": "Point", "coordinates": [ 34.9812757, 32.8187705 ] } },
{ "type": "Feature", "properties": { "סמל ועדה": 7, "ברזל": 2823, "שם ישוב": "חיפה", "סמל ישוב": 4000, "קלפי": "275.2", "ריכוז": 26, "שופט": 0, "בזב": 580, "מצביעים": 319, "פסולים": 0, "כשרים": 319, "אמת": 5, "אצ": 0, "ב": 0, "ג": 0, "ד": 102, "ום": 156, "ז": 0, "זך": 0, "זנ": 0, "זץ": 0, "ט": 0, "י": 0, "יז": 0, "ינ": 0, "יץ": 0, "יק": 0, "כן": 5, "ך": 0, "ל": 1, "מחל": 5, "מרצ": 20, "נז": 0, "ני": 0, "נף": 0, "נץ": 0, "נק": 0, "נר": 0, "עם": 7, "פה": 18, "ף": 0, "צ": 0, "ץ": 0, "ק": 0, "קי": 0, "קך": 0, "קנ": 0, "קץ": 0, "רז": 0, "שס": 0, "ת": 0, "כתובת קלפי": "הבישוף חג'אר,1 ", "מקום קלפי": "בי\"ס שיזף", "נגישה": "כ", "נגישה מיוחדת": " ", "בוחרי כנסת בפועל": 580, "turnout_pct": 55.000000000000007, "אמת_pct": 1.5673981191222568, "אצ_pct": 0.0, "ב_pct": 0.0, "ג_pct": 0.0, "ד_pct": 31.974921630094045, "ום_pct": 48.902821316614421, "ז_pct": 0.0, "זך_pct": 0.0, "זנ_pct": 0.0, "זץ_pct": 0.0, "ט_pct": 0.0, "י_pct": 0.0, "יז_pct": 0.0, "ינ_pct": 0.0, "יץ_pct": 0.0, "יק_pct": 0.0, "כן_pct": 1.5673981191222568, "ך_pct": 0.0, "ל_pct": 0.31347962382445138, "מחל_pct": 1.5673981191222568, "מרצ_pct": 6.2695924764890272, "נז_pct": 0.0, "ני_pct": 0.0, "נף_pct": 0.0, "נץ_pct": 0.0, "נק_pct": 0.0, "נר_pct": 0.0, "עם_pct": 2.1943573667711598, "פה_pct": 5.6426332288401255, "ף_pct": 0.0, "צ_pct": 0.0, "ץ_pct": 0.0, "ק_pct": 0.0, "קי_pct": 0.0, "קך_pct": 0.0, "קנ_pct": 0.0, "קץ_pct": 0.0, "רז_pct": 0.0, "שס_pct": 0.0, "ת_pct": 0.0, "lat": 32.8187705, "lon": 34.9812757, "neighborhood": "עבאס" }, "geometry": { "type": "Point", "coordinates": [ 34.9812757, 32.8187705 ] } },
{ "type": "Feature", "properties": { "סמל ועדה": 7, "ברזל": 2824, "שם ישוב": "חיפה", "סמל ישוב": 4000, "קלפי": "275.3", "ריכוז": 26, "שופט": 0, "בזב": 580, "מצביעים": 297, "פסולים": 4, "כשרים": 293, "אמת": 10, "אצ": 0, "ב": 0, "ג": 0, "ד": 64, "ום": 127, "ז": 0, "זך": 0, "זנ": 0, "זץ": 0, "ט": 2, "י": 1, "יז": 0, "ינ": 0, "יץ": 0, "יק": 0, "כן": 11, "ך": 0, "ל": 5, "מחל": 5, "מרצ": 24, "נז": 0, "ני": 0, "נף": 0, "נץ": 1, "נק": 0, "נר": 0, "עם": 15, "פה": 26, "ף": 0, "צ": 0, "ץ": 1, "ק": 0, "קי": 0, "קך": 0, "קנ": 0, "קץ": 1, "רז": 0, "שס": 0, "ת": 0, "כתובת קלפי": "הבישוף חג'אר,1 ", "מקום קלפי": "בי\"ס שיזף", "נגישה": "כ", "נגישה מיוחדת": " ", "בוחרי כנסת בפועל": 580, "turnout_pct": 51.206896551724135, "אמת_pct": 3.4129692832764507, "אצ_pct": 0.0, "ב_pct": 0.0, "ג_pct": 0.0, "ד_pct": 21.843003412969285, "ום_pct": 43.344709897610926, "ז_pct": 0.0, "זך_pct": 0.0, "זנ_pct": 0.0, "זץ_pct": 0.0, "ט_pct": 0.68259385665529015, "י_pct": 0.34129692832764508, "יז_pct": 0.0, "ינ_pct": 0.0, "יץ_pct": 0.0, "יק_pct": 0.0, "כן_pct": 3.7542662116040959, "ך_pct": 0.0, "ל_pct": 1.7064846416382253, "מחל_pct": 1.7064846416382253, "מרצ_pct": 8.1911262798634805, "נז_pct": 0.0, "ני_pct": 0.0, "נף_pct": 0.0, "נץ_pct": 0.34129692832764508, "נק_pct": 0.0, "נר_pct": 0.0, "עם_pct": 5.1194539249146755, "פה_pct": 8.8737201365187719, "ף_pct": 0.0, "צ_pct": 0.0, "ץ_pct": 0.34129692832764508, "ק_pct": 0.0, "קי_pct": 0.0, "קך_pct": 0.0, "קנ_pct": 0.0, "קץ_pct": 0.34129692832764508, "רז_pct": 0.0, "שס_pct": 0.0, "ת_pct": 0.0, "lat": 32.8187705, "lon": 34.9812757, "neighborhood": "עבאס" }, "geometry": { "type": "Point", "coordinates": [ 34.9812757, 32.8187705 ] } },
{ "type": "Feature", "properties": { "סמל ועדה": 7, "ברזל": 2825, "שם ישוב": "חיפה", "סמל ישוב": 4000, "קלפי": "275.4", "ריכוז": 26, "שופט": 0, "בזב": 580, "מצביעים": 315, "פסולים": 3, "כשרים": 312, "אמת": 3, "אצ": 0, "ב": 0, "ג": 0, "ד": 72, "ום": 185, "ז": 0, "זך": 0, "זנ": 0, "זץ": 0, "ט": 0, "י": 0, "יז": 0, "ינ": 0, "יץ": 0, "יק": 0, "כן": 5, "ך": 0, "ל": 0, "מחל": 1, "מרצ": 20, "נז": 0, "ני": 0, "נף": 0, "נץ": 0, "נק": 0, "נר": 0, "עם": 12, "פה": 12, "ף": 0, "צ": 1, "ץ": 0, "ק": 0, "קי": 0, "קך": 0, "קנ": 0, "קץ": 1, "רז": 0, "שס": 0, "ת": 0, "כתובת קלפי": "הבישוף חג'אר,1 ", "מקום קלפי": "בי\"ס שיזף", "נגישה": "כ", "נגישה מיוחדת": " ", "בוחרי כנסת בפועל": 580, "turnout_pct": 54.310344827586206, "אמת_pct": 0.96153846153846156, "אצ_pct": 0.0, "ב_pct": 0.0, "ג_pct": 0.0, "ד_pct": 23.076923076923077, "ום_pct": 59.294871794871796, "ז_pct": 0.0, "זך_pct": 0.0, "זנ_pct": 0.0, "זץ_pct": 0.0, "ט_pct": 0.0, "י_pct": 0.0, "יז_pct": 0.0, "ינ_pct": 0.0, "יץ_pct": 0.0, "יק_pct": 0.0, "כן_pct": 1.6025641025641024, "ך_pct": 0.0, "ל_pct": 0.0, "מחל_pct": 0.32051282051282048, "מרצ_pct": 6.4102564102564097, "נז_pct": 0.0, "ני_pct": 0.0, "נף_pct": 0.0, "נץ_pct": 0.0, "נק_pct": 0.0, "נר_pct": 0.0, "עם_pct": 3.8461538461538463, "פה_pct": 3.8461538461538463, "ף_pct": 0.0, "צ_pct": 0.32051282051282048, "ץ_pct": 0.0, "ק_pct": 0.0, "קי_pct": 0.0, "קך_pct": 0.0, "קנ_pct": 0.0, "קץ_pct": 0.32051282051282048, "רז_pct": 0.0, "שס_pct": 0.0, "ת_pct": 0.0, "lat": 32.8187705, "lon": 34.9812757, "neighborhood": "עבאס" }, "geometry": { "type": "Point", "coordinates": [ 34.9812757, 32.8187705 ] } },
{ "type": "Feature", "properties": { "סמל ועדה": 7, "ברזל": 2826, "שם ישוב": "חיפה", "סמל ישוב": 4000, "קלפי": "275.5", "ריכוז": 26, "שופט": 0, "בזב": 578, "מצביעים": 316, "פסולים": 2, "כשרים": 314, "אמת": 6, "אצ": 0, "ב": 0, "ג": 0, "ד": 88, "ום": 108, "ז": 0, "זך": 0, "זנ": 0, "זץ": 0, "ט": 1, "י": 1, "יז": 0, "ינ": 0, "יץ": 0, "יק": 0, "כן": 9, "ך": 3, "ל": 7, "מחל": 14, "מרצ": 30, "נז": 0, "ני": 0, "נף": 0, "נץ": 0, "נק": 0, "נר": 0, "עם": 19, "פה": 28, "ף": 0, "צ": 0, "ץ": 0, "ק": 0, "קי": 0, "קך": 0, "קנ": 0, "קץ": 0, "רז": 0, "שס": 0, "ת": 0, "כתובת קלפי": "הבישוף חג'אר,1 ", "מקום קלפי": "בי\"ס שיזף", "נגישה": " ", "נגישה מיוחדת": " ", "בוחרי כנסת בפועל": 578, "turnout_pct": 54.671280276816617, "אמת_pct": 1.910828025477707, "אצ_pct": 0.0, "ב_pct": 0.0, "ג_pct": 0.0, "ד_pct": 28.02547770700637, "ום_pct": 34.394904458598724, "ז_pct": 0.0, "זך_pct": 0.0, "זנ_pct": 0.0, "זץ_pct": 0.0, "ט_pct": 0.31847133757961787, "י_pct": 0.31847133757961787, "יז_pct": 0.0, "ינ_pct": 0.0, "יץ_pct": 0.0, "יק_pct": 0.0, "כן_pct": 2.8662420382165608, "ך_pct": 0.95541401273885351, "ל_pct": 2.2292993630573248, "מחל_pct": 4.4585987261146496, "מרצ_pct": 9.5541401273885356, "נז_pct": 0.0, "ני_pct": 0.0, "נף_pct": 0.0, "נץ_pct": 0.0, "נק_pct": 0.0, "נר_pct": 0.0, "עם_pct": 6.0509554140127388, "פה_pct": 8.9171974522292992, "ף_pct": 0.0, "צ_pct": 0.0, "ץ_pct": 0.0, "ק_pct": 0.0, "קי_pct": 0.0, "קך_pct": 0.0, "קנ_pct": 0.0, "קץ_pct": 0.0, "רז_pct": 0.0, "שס_pct": 0.0, "ת_pct": 0.0, "lat": 32.8187705, "lon": 34.9812757, "neighborhood": "עבאס" }, "geometry": { "type": "Point", "coordinates": [ 34.9812757, 32.8187705 ] } },
{ "type": "Feature", "properties": { "סמל ועדה": 7, "ברזל": 2827, "שם ישוב": "חיפה", "סמל ישוב": 4000, "קלפי": "277", "ריכוז": 114, "שופט": 0, "בזב": 458, "מצביעים": 232, "פסולים": 2, "כשרים": 230, "אמת": 7, "אצ": 0, "ב": 0, "ג": 0, "ד": 43, "ום": 120, "ז": 0, "זך": 0, "זנ": 0, "זץ": 0, "ט": 0, "י": 0, "יז": 1, "ינ": 0, "יץ": 1, "יק": 0, "כן": 5, "ך": 0, "ל": 7, "מחל": 15, "מרצ": 12, "נז": 0, "ני": 0, "נף": 0, "נץ": 0, "נק": 0, "נר": 0, "עם": 4, "פה": 13, "ף": 0, "צ": 0, "ץ": 0, "ק": 0, "קי": 0, "קך": 0, "קנ": 0, "קץ": 0, "רז": 0, "שס": 1, "ת": 1, "כתובת קלפי": "שד הציונות,33 ", "מקום קלפי": "מרכז \"ערבי יהודי\" תיאטרון", "נגישה": "כ", "נגישה מיוחדת": "כ", "בוחרי כנסת בפועל": 458, "turnout_pct": 50.655021834061131, "אמת_pct": 3.0434782608695654, "אצ_pct": 0.0, "ב_pct": 0.0, "ג_pct": 0.0, "ד_pct": 18.695652173913043, "ום_pct": 52.173913043478258, "ז_pct": 0.0, "זך_pct": 0.0, "זנ_pct": 0.0, "זץ_pct": 0.0, "ט_pct": 0.0, "י_pct": 0.0, "יז_pct": 0.43478260869565216, "ינ_pct": 0.0, "יץ_pct": 0.43478260869565216, "יק_pct": 0.0, "כן_pct": 2.1739130434782608, "ך_pct": 0.0, "ל_pct": 3.0434782608695654, "מחל_pct": 6.5217391304347823, "מרצ_pct": 5.2173913043478262, "נז_pct": 0.0, "ני_pct": 0.0, "נף_pct": 0.0, "נץ_pct": 0.0, "נק_pct": 0.0, "נר_pct": 0.0, "עם_pct": 1.7391304347826086, "פה_pct": 5.6521739130434785, "ף_pct": 0.0, "צ_pct": 0.0, "ץ_pct": 0.0, "ק_pct": 0.0, "קי_pct": 0.0, "קך_pct": 0.0, "קנ_pct": 0.0, "קץ_pct": 0.0, "רז_pct": 0.0, "שס_pct": 0.43478260869565216, "ת_pct": 0.43478260869565216, "lat": 32.8159287, "lon": 34.9926262, "neighborhood": "ואדי ניסנאס" }, "geometry": { "type": "Point", "coordinates": [ 34.9926262, 32.8159287 ] } },
{ "type": "Feature", "properties": { "סמל ועדה": 7, "ברזל": 2828, "שם ישוב": "חיפה", "סמל ישוב": 4000, "קלפי": "279", "ריכוז": 273, "שופט": 0, "בזב": 487, "מצביעים": 247, "פסולים": 2, "כשרים": 245, "אמת": 7, "אצ": 0, "ב": 0, "ג": 1, "ד": 66, "ום": 123, "ז": 0, "זך": 0, "זנ": 0, "זץ": 0, "ט": 0, "י": 0, "יז": 0, "ינ": 0, "יץ": 0, "יק": 0, "כן": 2, "ך": 0, "ל": 1, "מחל": 11, "מרצ": 8, "נז": 0, "ני": 0, "נף": 0, "נץ": 0, "נק": 0, "נר": 0, "עם": 8, "פה": 14, "ף": 0, "צ": 0, "ץ": 1, "ק": 0, "קי": 0, "קך": 0, "קנ": 0, "קץ": 3, "רז": 0, "שס": 0, "ת": 0, "כתובת קלפי": "שומאכר גוטליב,4 ", "מקום קלפי": "מועדון הנוער הנוצרי", "נגישה": " ", "נגישה מיוחדת": " ", "בוחרי כנסת בפועל": 487, "turnout_pct": 50.718685831622182, "אמת_pct": 2.8571428571428572, "אצ_pct": 0.0, "ב_pct": 0.0, "ג_pct": 0.40816326530612246, "ד_pct": 26.938775510204081, "ום_pct": 50.204081632653065, "ז_pct": 0.0, "זך_pct": 0.0, "זנ_pct": 0.0, "זץ_pct": 0.0, "ט_pct": 0.0, "י_pct": 0.0, "יז_pct": 0.0, "ינ_pct": 0.0, "יץ_pct": 0.0, "יק_pct": 0.0, "כן_pct": 0.81632653061224492, "ך_pct": 0.0, "ל_pct": 0.40816326530612246, "מחל_pct": 4.4897959183673466, "מרצ_pct": 3.2653061224489797, "נז_pct": 0.0, "ני_pct": 0.0, "נף_pct": 0.0, "נץ_pct": 0.0, "נק_pct": 0.0, "נר_pct": 0.0, "עם_pct": 3.2653061224489797, "פה_pct": 5.7142857142857144, "ף_pct": 0.0, "צ_pct": 0.0, "ץ_pct": 0.40816326530612246, "ק_pct": 0.0, "קי_pct": 0.0, "קך_pct": 0.0, "קנ_pct": 0.0, "קץ_pct": 1.2244897959183674, "רז_pct": 0.0, "שס_pct": 0.0, "ת_pct": 0.0, "lat": 32.8202079, "lon": 34.9885744, "neighborhood": "מושבה גרמנית" }, "geometry": { "type": "Point", "coordinates": [ 34.9885744, 32.8202079 ] } },
{ "type": "Feature", "properties": { "סמל ועדה": 7, "ברזל": 2829, "שם ישוב": "חיפה", "סמל ישוב": 4000, "קלפי": "280", "ריכוז": 186, "שופט": 0, "בזב": 595, "מצביעים": 193, "פסולים": 2, "כשרים": 191, "אמת": 2, "אצ": 0, "ב": 0, "ג": 0, "ד": 35, "ום": 54, "ז": 0, "זך": 0, "זנ": 0, "זץ": 0, "ט": 2, "י": 0, "יז": 2, "ינ": 0, "יץ": 0, "יק": 0, "כן": 2, "ך": 1, "ל": 21, "מחל": 29, "מרצ": 10, "נז": 0, "ני": 0, "נף": 0, "נץ": 0, "נק": 0, "נר": 0, "עם": 10, "פה": 19, "ף": 0, "צ": 0, "ץ": 1, "ק": 0, "קי": 0, "קך": 0, "קנ": 0, "קץ": 1, "רז": 1, "שס": 1, "ת": 0, "כתובת קלפי": "שבתאי לוי,24 ", "מקום קלפי": "בית המהנדס", "נגישה": " ", "נגישה מיוחדת": " ", "בוחרי כנסת בפועל": 595, "turnout_pct": 32.436974789915965, "אמת_pct": 1.0471204188481675, "אצ_pct": 0.0, "ב_pct": 0.0, "ג_pct": 0.0, "ד_pct": 18.32460732984293, "ום_pct": 28.272251308900525, "ז_pct": 0.0, "זך_pct": 0.0, "זנ_pct": 0.0, "זץ_pct": 0.0, "ט_pct": 1.0471204188481675, "י_pct": 0.0, "יז_pct": 1.0471204188481675, "ינ_pct": 0.0, "יץ_pct": 0.0, "יק_pct": 0.0, "כן_pct": 1.0471204188481675, "ך_pct": 0.52356020942408377, "ל_pct": 10.99476439790576, "מחל_pct": 15.183246073298429, "מרצ_pct": 5.2356020942408374, "נז_pct": 0.0, "ני_pct": 0.0, "נף_pct": 0.0, "נץ_pct": 0.0, "נק_pct": 0.0, "נר_pct": 0.0, "עם_pct": 5.2356020942408374, "פה_pct": 9.9476439790575917, "ף_pct": 0.0, "צ_pct": 0.0, "ץ_pct": 0.52356020942408377, "ק_pct": 0.0, "קי_pct": 0.0, "קך_pct": 0.0, "קנ_pct": 0.0, "קץ_pct": 0.52356020942408377, "רז_pct": 0.52356020942408377, "שס_pct": 0.52356020942408377, "ת_pct": 0.0, "lat": 32.8130991, "lon": 34.9949389, "neighborhood": "הדר מרכז" }, "geometry": { "type": "Point", "coordinates": [ 34.9949389, 32.8130991 ] } },
{ "type": "Feature", "properties": { "סמל ועדה": 7, "ברזל": 2830, "שם ישוב": "חיפה", "סמל ישוב": 4000, "קלפי": "281", "ריכוז": 186, "שופט": 0, "בזב": 561, "מצביעים": 303, "פסולים": 1, "כשרים": 302, "אמת": 5, "אצ": 1, "ב": 1, "ג": 0, "ד": 67, "ום": 146, "ז": 0, "זך": 0, "זנ": 0, "זץ": 0, "ט": 3, "י": 0, "יז": 0, "ינ": 0, "יץ": 0, "יק": 0, "כן": 3, "ך": 0, "ל": 8, "מחל": 9, "מרצ": 22, "נז": 0, "ני": 1, "נף": 0, "נץ": 0, "נק": 0, "נר": 0, "עם": 17, "פה": 17, "ף": 0, "צ": 1, "ץ": 1, "ק": 0, "קי": 0, "קך": 0, "קנ": 0, "קץ": 0, "רז": 0, "שס": 0, "ת": 0, "כתובת קלפי": "שבתאי לוי,24 ", "מקום קלפי": "בית המהנדס", "נגישה": " ", "נגישה מיוחדת": " ", "בוחרי כנסת בפועל": 561, "turnout_pct": 54.01069518716578, "אמת_pct": 1.6556291390728477, "אצ_pct": 0.33112582781456956, "ב_pct": 0.33112582781456956, "ג_pct": 0.0, "ד_pct": 22.185430463576157, "ום_pct": 48.344370860927157, "ז_pct": 0.0, "זך_pct": 0.0, "זנ_pct": 0.0, "זץ_pct": 0.0, "ט_pct": 0.99337748344370869, "י_pct": 0.0, "יז_pct": 0.0, "ינ_pct": 0.0, "יץ_pct": 0.0, "יק_pct": 0.0, "כן_pct": 0.99337748344370869, "ך_pct": 0.0, "ל_pct": 2.6490066225165565, "מחל_pct": 2.9801324503311259, "מרצ_pct": 7.2847682119205297, "נז_pct": 0.0, "ני_pct": 0.33112582781456956, "נף_pct": 0.0, "נץ_pct": 0.0, "נק_pct": 0.0, "נר_pct": 0.0, "עם_pct": 5.629139072847682, "פה_pct": 5.629139072847682, "ף_pct": 0.0, "צ_pct": 0.33112582781456956, "ץ_pct": 0.33112582781456956, "ק_pct": 0.0, "קי_pct": 0.0, "קך_pct": 0.0, "קנ_pct": 0.0, "קץ_pct": 0.0, "רז_pct": 0.0, "שס_pct": 0.0, "ת_pct": 0.0, "lat": 32.8130991, "lon": 34.9949389, "neighborhood": "הדר מרכז" }, "geometry": { "type": "Point", "coordinates": [ 34.9949389, 32.8130991 ] } },
{ "type": "Feature", "properties": { "סמל ועדה": 7, "ברזל": 2831, "שם ישוב": "חיפה", "סמל ישוב": 4000, "קלפי": "290", "ריכוז": 150, "שופט": 0, "בזב": 657, "מצביעים": 313, "פסולים": 4, "כשרים": 309, "אמת": 18, "אצ": 1, "ב": 0, "ג": 0, "ד": 58, "ום": 103, "ז": 0, "זך": 0, "זנ": 0, "זץ": 0, "ט": 2, "י": 0, "יז": 1, "ינ": 0, "יץ": 0, "יק": 0, "כן": 12, "ך": 0, "ל": 17, "מחל": 22, "מרצ": 25, "נז": 0, "ני": 0, "נף": 0, "נץ": 0, "נק": 0, "נר": 0, "עם": 12, "פה": 36, "ף": 1, "צ": 0, "ץ": 0, "ק": 0, "קי": 0, "קך": 0, "קנ": 0, "קץ": 0, "רז": 0, "שס": 1, "ת": 0, "כתובת קלפי": "טבריה,15 ", "מקום קלפי": "מתנ\"ס הדר ע\"ש גולד ושנפלד", "נגישה": " ", "נגישה מיוחדת": " ", "בוחרי כנסת בפועל": 657, "turnout_pct": 47.640791476407912, "אמת_pct": 5.825242718446602, "אצ_pct": 0.3236245954692557, "ב_pct": 0.0, "ג_pct": 0.0, "ד_pct": 18.770226537216828, "ום_pct": 33.333333333333329, "ז_pct": 0.0, "זך_pct": 0.0, "זנ_pct": 0.0, "זץ_pct": 0.0, "ט_pct": 0.64724919093851141, "י_pct": 0.0, "יז_pct": 0.3236245954692557, "ינ_pct": 0.0, "יץ_pct": 0.0, "יק_pct": 0.0, "כן_pct": 3.8834951456310676, "ך_pct": 0.0, "ל_pct": 5.5016181229773462, "מחל_pct": 7.1197411003236244, "מרצ_pct": 8.090614886731391, "נז_pct": 0.0, "ני_pct": 0.0, "נף_pct": 0.0, "נץ_pct": 0.0, "נק_pct": 0.0, "נר_pct": 0.0, "עם_pct": 3.8834951456310676, "פה_pct": 11.650485436893204, "ף_pct": 0.3236245954692557, "צ_pct": 0.0, "ץ_pct": 0.0, "ק_pct": 0.0, "קי_pct": 0.0, "קך_pct": 0.0, "קנ_pct": 0.0, "קץ_pct": 0.0, "רז_pct": 0.0, "שס_pct": 0.3236245954692557, "ת_pct": 0.0, "lat": 32.8116005, "lon": 34.9905751, "neighborhood": "מסדה" }, "geometry": { "type": "Point", "coordinates": [ 34.9905751, 32.8116005 ] } },
{ "type": "Feature", "properties": { "סמל ועדה": 7, "ברזל": 2832, "שם ישוב": "חיפה", "סמל ישוב": 4000, "קלפי": "291", "ריכוז": 150, "שופט": 0, "בזב": 556, "מצביעים": 226, "פסולים": 1, "כשרים": 225, "אמת": 19, "אצ": 0, "ב": 2, "ג": 2, "ד": 32, "ום": 43, "ז": 0, "זך": 0, "זנ": 0, "זץ": 0, "ט": 3, "י": 0, "יז": 2, "ינ": 0, "יץ": 0, "יק": 0, "כן": 10, "ך": 0, "ל": 18, "מחל": 32, "מרצ": 18, "נז": 0, "ני": 0, "נף": 1, "נץ": 0, "נק": 1, "נר": 0, "עם": 6, "פה": 30, "ף": 0, "צ": 1, "ץ": 0, "ק": 0, "קי": 0, "קך": 0, "קנ": 0, "קץ": 3, "רז": 0, "שס": 2, "ת": 0, "כתובת קלפי": "טבריה,15 ", "מקום קלפי": "מתנ\"ס הדר ע\"ש גולד ושנפלד", "נגישה": " ", "נגישה מיוחדת": " ", "בוחרי כנסת בפועל": 556, "turnout_pct": 40.647482014388494, "אמת_pct": 8.4444444444444446, "אצ_pct": 0.0, "ב_pct": 0.88888888888888884, "ג_pct": 0.88888888888888884, "ד_pct": 14.222222222222221, "ום_pct": 19.111111111111111, "ז_pct": 0.0, "זך_pct": 0.0, "זנ_pct": 0.0, "זץ_pct": 0.0, "ט_pct": 1.3333333333333335, "י_pct": 0.0, "יז_pct": 0.88888888888888884, "ינ_pct": 0.0, "יץ_pct": 0.0, "יק_pct": 0.0, "כן_pct": 4.4444444444444446, "ך_pct": 0.0, "ל_pct": 8.0, "מחל_pct": 14.222222222222221, "מרצ_pct": 8.0, "נז_pct": 0.0, "ני_pct": 0.0, "נף_pct": 0.44444444444444442, "נץ_pct": 0.0, "נק_pct": 0.44444444444444442, "נר_pct": 0.0, "עם_pct": 2.666666666666667, "פה_pct": 13.333333333333334, "ף_pct": 0.0, "צ_pct": 0.44444444444444442, "ץ_pct": 0.0, "ק_pct": 0.0, "קי_pct": 0.0, "קך_pct": 0.0, "קנ_pct": 0.0, "קץ_pct": 1.3333333333333335, "רז_pct": 0.0, "שס_pct": 0.88888888888888884, "ת_pct": 0.0, "lat": 32.8116005, "lon": 34.9905751, "neighborhood": "מסדה" }, "geometry": { "type": "Point", "coordinates": [ 34.9905751, 32.8116005 ] } },
{ "type": "Feature", "properties": { "סמל ועדה": 7, "ברזל": 2833, "שם ישוב": "חיפה", "סמל ישוב": 4000, "קלפי": "297", "ריכוז": 114, "שופט": 0, "בזב": 594, "מצביעים": 226, "פסולים": 4, "כשרים": 222, "אמת": 12, "אצ": 0, "ב": 1, "ג": 0, "ד": 43, "ום": 43, "ז": 0, "זך": 0, "זנ": 0, "זץ": 0, "ט": 2, "י": 1, "יז": 1, "ינ": 0, "יץ": 0, "יק": 0, "כן": 7, "ך": 0, "ל": 29, "מחל": 35, "מרצ": 10, "נז": 0, "ני": 0, "נף": 0, "נץ": 0, "נק": 0, "נר": 0, "עם": 7, "פה": 29, "ף": 0, "צ": 0, "ץ": 0, "ק": 0, "קי": 0, "קך": 0, "קנ": 0, "קץ": 2, "רז": 0, "שס": 0, "ת": 0, "כתובת קלפי": "שד הציונות,33 ", "מקום קלפי": "מרכז \"ערבי יהודי\" תיאטרון", "נגישה": " ", "נגישה מיוחדת": " ", "בוחרי כנסת בפועל": 594, "turnout_pct": 38.047138047138048, "אמת_pct": 5.4054054054054053, "אצ_pct": 0.0, "ב_pct": 0.45045045045045046, "ג_pct": 0.0, "ד_pct": 19.36936936936937, "ום_pct": 19.36936936936937, "ז_pct": 0.0, "זך_pct": 0.0, "זנ_pct": 0.0, "זץ_pct": 0.0, "ט_pct": 0.90090090090090091, "י_pct": 0.45045045045045046, "יז_pct": 0.45045045045045046, "ינ_pct": 0.0, "יץ_pct": 0.0, "יק_pct": 0.0, "כן_pct": 3.1531531531531529, "ך_pct": 0.0, "ל_pct": 13.063063063063062, "מחל_pct": 15.765765765765765, "מרצ_pct": 4.5045045045045047, "נז_pct": 0.0, "ני_pct": 0.0, "נף_pct": 0.0, "נץ_pct": 0.0, "נק_pct": 0.0, "נר_pct": 0.0, "עם_pct": 3.1531531531531529, "פה_pct": 13.063063063063062, "ף_pct": 0.0, "צ_pct": 0.0, "ץ_pct": 0.0, "ק_pct": 0.0, "קי_pct": 0.0, "קך_pct": 0.0, "קנ_pct": 0.0, "קץ_pct": 0.90090090090090091, "רז_pct": 0.0, "שס_pct": 0.0, "ת_pct": 0.0, "lat": 32.8159287, "lon": 34.9926262, "neighborhood": "ואדי ניסנאס" }, "geometry": { "type": "Point", "coordinates": [ 34.9926262, 32.8159287 ] } },
{ "type": "Feature", "properties": { "סמל ועדה": 7, "ברזל": 2834, "שם ישוב": "חיפה", "סמל ישוב": 4000, "קלפי": "298.1", "ריכוז": 68, "שופט": 0, "בזב": 371, "מצביעים": 164, "פסולים": 3, "כשרים": 161, "אמת": 2, "אצ": 0, "ב": 0, "ג": 0, "ד": 36, "ום": 56, "ז": 0, "זך": 0, "זנ": 0, "זץ": 0, "ט": 2, "י": 0, "יז": 0, "ינ": 0, "יץ": 0, "יק": 0, "כן": 0, "ך": 0, "ל": 6, "מחל": 8, "מרצ": 8, "נז": 0, "ני": 0, "נף": 0, "נץ": 0, "נק": 0, "נר": 0, "עם": 28, "פה": 12, "ף": 1, "צ": 0, "ץ": 0, "ק": 0, "קי": 0, "קך": 0, "קנ": 0, "קץ": 0, "רז": 0, "שס": 2, "ת": 0, "כתובת קלפי": "שפרעם,10 ", "מקום קלפי": "עיריית חיפה - אגף הביטחון", "נגישה": " ", "נגישה מיוחדת": " ", "בוחרי כנסת בפועל": 371, "turnout_pct": 44.204851752021561, "אמת_pct": 1.2422360248447204, "אצ_pct": 0.0, "ב_pct": 0.0, "ג_pct": 0.0, "ד_pct": 22.36024844720497, "ום_pct": 34.782608695652172, "ז_pct": 0.0, "זך_pct": 0.0, "זנ_pct": 0.0, "זץ_pct": 0.0, "ט_pct": 1.2422360248447204, "י_pct": 0.0, "יז_pct": 0.0, "ינ_pct": 0.0, "יץ_pct": 0.0, "יק_pct": 0.0, "כן_pct": 0.0, "ך_pct": 0.0, "ל_pct": 3.7267080745341614, "מחל_pct": 4.9689440993788816, "מרצ_pct": 4.9689440993788816, "נז_pct": 0.0, "ני_pct": 0.0, "נף_pct": 0.0, "נץ_pct": 0.0, "נק_pct": 0.0, "נר_pct": 0.0, "עם_pct": 17.391304347826086, "פה_pct": 7.4534161490683228, "ף_pct": 0.6211180124223602, "צ_pct": 0.0, "ץ_pct": 0.0, "ק_pct": 0.0, "קי_pct": 0.0, "קך_pct": 0.0, "קנ_pct": 0.0, "קץ_pct": 0.0, "רז_pct": 0.0, "שס_pct": 1.2422360248447204, "ת_pct": 0.0, "lat": 32.8128295, "lon": 34.9923065, "neighborhood": "הרצליה" }, "geometry": { "type": "Point", "coordinates": [ 34.9923065, 32.8128295 ] } },
{ "type": "Feature", "properties": { "סמל ועדה": 7, "ברזל": 2835, "שם ישוב": "חיפה", "סמל ישוב": 4000, "קלפי": "298.2", "ריכוז": 68, "שופט": 0, "בזב": 370, "מצביעים": 143, "פסולים": 0, "כשרים": 143, "אמת": 4, "אצ": 0, "ב": 0, "ג": 0, "ד": 35, "ום": 42, "ז": 0, "זך": 0, "זנ": 0, "זץ": 0, "ט": 0, "י": 0, "יז": 0, "ינ": 0, "יץ": 0, "יק": 0, "כן": 3, "ך": 1, "ל": 4, "מחל": 14, "מרצ": 11, "נז": 0, "ני": 0, "נף": 0, "נץ": 0, "נק": 0, "נר": 0, "עם": 16, "פה": 13, "ף": 0, "צ": 0, "ץ": 0, "ק": 0, "קי": 0, "קך": 0, "קנ": 0, "קץ": 0, "רז": 0, "שס": 0, "ת": 0, "כתובת קלפי": "שפרעם,10 ", "מקום קלפי": "עיריית חיפה - אגף הביטחון", "נגישה": " ", "נגישה מיוחדת": " ", "בוחרי כנסת בפועל": 370, "turnout_pct": 38.648648648648646, "אמת_pct": 2.7972027972027971, "אצ_pct": 0.0, "ב_pct": 0.0, "ג_pct": 0.0, "ד_pct": 24.475524475524477, "ום_pct": 29.37062937062937, "ז_pct": 0.0, "זך_pct": 0.0, "זנ_pct": 0.0, "זץ_pct": 0.0, "ט_pct": 0.0, "י_pct": 0.0, "יז_pct": 0.0, "ינ_pct": 0.0, "יץ_pct": 0.0, "יק_pct": 0.0, "כן_pct": 2.0979020979020979, "ך_pct": 0.69930069930069927, "ל_pct": 2.7972027972027971, "מחל_pct": 9.79020979020979, "מרצ_pct": 7.6923076923076925, "נז_pct": 0.0, "ני_pct": 0.0, "נף_pct": 0.0, "נץ_pct": 0.0, "נק_pct": 0.0, "נר_pct": 0.0, "עם_pct": 11.188811188811188, "פה_pct": 9.0909090909090917, "ף_pct": 0.0, "צ_pct": 0.0, "ץ_pct": 0.0, "ק_pct": 0.0, "קי_pct": 0.0, "קך_pct": 0.0, "קנ_pct": 0.0, "קץ_pct": 0.0, "רז_pct": 0.0, "שס_pct": 0.0, "ת_pct": 0.0, "lat": 32.8128295, "lon": 34.9923065, "neighborhood": "הרצליה" }, "geometry": { "type": "Point", "coordinates": [ 34.9923065, 32.8128295 ] } },
{ "type": "Feature", "properties": { "סמל ועדה": 7, "ברזל": 2836, "שם ישוב": "חיפה", "סמל ישוב": 4000, "קלפי": "299", "ריכוז": 114, "שופט": 0, "בזב": 633, "מצביעים": 205, "פסולים": 3, "כשרים": 202, "אמת": 7, "אצ": 0, "ב": 0, "ג": 3, "ד": 34, "ום": 47, "ז": 0, "זך": 0, "זנ": 0, "זץ": 0, "ט": 1, "י": 0, "יז": 0, "ינ": 0, "יץ": 0, "יק": 0, "כן": 1, "ך": 0, "ל": 28, "מחל": 27, "מרצ": 12, "נז": 0, "ני": 0, "נף": 1, "נץ": 0, "נק": 0, "נר": 0, "עם": 7, "פה": 31, "ף": 0, "צ": 0, "ץ": 0, "ק": 0, "קי": 1, "קך": 0, "קנ": 1, "קץ": 1, "רז": 0, "שס": 0, "ת": 0, "כתובת קלפי": "שד הציונות,33 ", "מקום קלפי": "מרכז \"ערבי יהודי\" תיאטרון", "נגישה": " ", "נגישה מיוחדת": " ", "בוחרי כנסת בפועל": 633, "turnout_pct": 32.385466034755133, "אמת_pct": 3.4653465346534658, "אצ_pct": 0.0, "ב_pct": 0.0, "ג_pct": 1.4851485148514851, "ד_pct": 16.831683168316832, "ום_pct": 23.267326732673268, "ז_pct": 0.0, "זך_pct": 0.0, "זנ_pct": 0.0, "זץ_pct": 0.0, "ט_pct": 0.49504950495049505, "י_pct": 0.0, "יז_pct": 0.0, "ינ_pct": 0.0, "יץ_pct": 0.0, "יק_pct": 0.0, "כן_pct": 0.49504950495049505, "ך_pct": 0.0, "ל_pct": 13.861386138613863, "מחל_pct": 13.366336633663368, "מרצ_pct": 5.9405940594059405, "נז_pct": 0.0, "ני_pct": 0.0, "נף_pct": 0.49504950495049505, "נץ_pct": 0.0, "נק_pct": 0.0, "נר_pct": 0.0, "עם_pct": 3.4653465346534658, "פה_pct": 15.346534653465346, "ף_pct": 0.0, "צ_pct": 0.0, "ץ_pct": 0.0, "ק_pct": 0.0, "קי_pct": 0.49504950495049505, "קך_pct": 0.0, "קנ_pct": 0.49504950495049505, "קץ_pct": 0.49504950495049505, "רז_pct": 0.0, "שס_pct": 0.0, "ת_pct": 0.0, "lat": 32.8159287, "lon": 34.9926262, "neighborhood": "ואדי ניסנאס" }, "geometry": { "type": "Point", "coordinates": [ 34.9926262, 32.8159287 ] } },
{ "type": "Feature", "properties": { "סמל ועדה": 7, "ברזל": 2837, "שם ישוב": "חיפה", "סמל ישוב": 4000, "קלפי": "301", "ריכוז": 58, "שופט": 0, "בזב": 582, "מצביעים": 152, "פסולים": 1, "כשרים": 151, "אמת": 3, "אצ": 0, "ב": 0, "ג": 1, "ד": 30, "ום": 60, "ז": 0, "זך": 0, "זנ": 0, "זץ": 0, "ט": 1, "י": 0, "יז": 1, "ינ": 0, "יץ": 0, "יק": 0, "כן": 3, "ך": 0, "ל": 12, "מחל": 16, "מרצ": 5, "נז": 0, "ני": 0, "נף": 0, "נץ": 0, "נק": 0, "נר": 0, "עם": 6, "פה": 7, "ף": 0, "צ": 1, "ץ": 0, "ק": 2, "קי": 0, "קך": 1, "קנ": 0, "קץ": 1, "רז": 0, "שס": 1, "ת": 0, "כתובת קלפי": "פרץ י. ל.,20 ", "מקום קלפי": "בית ארדשטיין", "נגישה": " ", "נגישה מיוחדת": " ", "בוחרי כנסת בפועל": 582, "turnout_pct": 26.116838487972512, "אמת_pct": 1.9867549668874174, "אצ_pct": 0.0, "ב_pct": 0.0, "ג_pct": 0.66225165562913912, "ד_pct": 19.867549668874172, "ום_pct": 39.735099337748345, "ז_pct": 0.0, "זך_pct": 0.0, "זנ_pct": 0.0, "זץ_pct": 0.0, "ט_pct": 0.66225165562913912, "י_pct": 0.0, "יז_pct": 0.66225165562913912, "ינ_pct": 0.0, "יץ_pct": 0.0, "יק_pct": 0.0, "כן_pct": 1.9867549668874174, "ך_pct": 0.0, "ל_pct": 7.9470198675496695, "מחל_pct": 10.596026490066226, "מרצ_pct": 3.3112582781456954, "נז_pct": 0.0, "ני_pct": 0.0, "נף_pct": 0.0, "נץ_pct": 0.0, "נק_pct": 0.0, "נר_pct": 0.0, "עם_pct": 3.9735099337748347, "פה_pct": 4.6357615894039732, "ף_pct": 0.0, "צ_pct": 0.66225165562913912, "ץ_pct": 0.0, "ק_pct": 1.3245033112582782, "קי_pct": 0.0, "קך_pct": 0.66225165562913912, "קנ_pct": 0.0, "קץ_pct": 0.66225165562913912, "רז_pct": 0.0, "שס_pct": 0.66225165562913912, "ת_pct": 0.0, "lat": 32.7948824, "lon": 34.9766255, "neighborhood": "כרמליה" }, "geometry": { "type": "Point", "coordinates": [ 34.9766255, 32.7948824 ] } },
{ "type": "Feature", "properties": { "סמל ועדה": 7, "ברזל": 2838, "שם ישוב": "חיפה", "סמל ישוב": 4000, "קלפי": "52.1", "ריכוז": 47, "שופט": 0, "בזב": 640, "מצביעים": 261, "פסולים": 5, "כשרים": 256, "אמת": 5, "אצ": 0, "ב": 0, "ג": 2, "ד": 36, "ום": 78, "ז": 0, "זך": 0, "זנ": 0, "זץ": 0, "ט": 15, "י": 0, "יז": 1, "ינ": 0, "יץ": 0, "יק": 0, "כן": 5, "ך": 0, "ל": 11, "מחל": 42, "מרצ": 3, "נז": 0, "ני": 1, "נף": 0, "נץ": 0, "נק": 0, "נר": 0, "עם": 36, "פה": 17, "ף": 0, "צ": 0, "ץ": 0, "ק": 0, "קי": 0, "קך": 0, "קנ": 0, "קץ": 0, "רז": 0, "שס": 3, "ת": 1, "כתובת קלפי": "הגבורים,17 ", "מקום קלפי": "בי\"ס שערי תורה", "נגישה": " ", "נגישה מיוחדת": " ", "בוחרי כנסת בפועל": 640, "turnout_pct": 40.78125, "אמת_pct": 1.953125, "אצ_pct": 0.0, "ב_pct": 0.0, "ג_pct": 0.78125, "ד_pct": 14.0625, "ום_pct": 30.46875, "ז_pct": 0.0, "זך_pct": 0.0, "זנ_pct": 0.0, "זץ_pct": 0.0, "ט_pct": 5.859375, "י_pct": 0.0, "יז_pct": 0.390625, "ינ_pct": 0.0, "יץ_pct": 0.0, "יק_pct": 0.0, "כן_pct": 1.953125, "ך_pct": 0.0, "ל_pct": 4.296875, "מחל_pct": 16.40625, "מרצ_pct": 1.171875, "נז_pct": 0.0, "ני_pct": 0.390625, "נף_pct": 0.0, "נץ_pct": 0.0, "נק_pct": 0.0, "נר_pct": 0.0, "עם_pct": 14.0625, "פה_pct": 6.640625, "ף_pct": 0.0, "צ_pct": 0.0, "ץ_pct": 0.0, "ק_pct": 0.0, "קי_pct": 0.0, "קך_pct": 0.0, "קנ_pct": 0.0, "קץ_pct": 0.0, "רז_pct": 0.0, "שס_pct": 1.171875, "ת_pct": 0.390625, "lat": 32.7997052, "lon": 35.0146609, "neighborhood": "נוה פז" }, "geometry": { "type": "Point", "coordinates": [ 35.0146609, 32.7997052 ] } },
{ "type": "Feature", "properties": { "סמל ועדה": 7, "ברזל": 2839, "שם ישוב": "חיפה", "סמל ישוב": 4000, "קלפי": "52.2", "ריכוז": 47, "שופט": 0, "בזב": 640, "מצביעים": 202, "פסולים": 4, "כשרים": 198, "אמת": 2, "אצ": 0, "ב": 0, "ג": 2, "ד": 31, "ום": 49, "ז": 0, "זך": 0, "זנ": 0, "זץ": 0, "ט": 8, "י": 0, "יז": 1, "ינ": 0, "יץ": 0, "יק": 1, "כן": 6, "ך": 0, "ל": 28, "מחל": 14, "מרצ": 7, "נז": 0, "ני": 0, "נף": 0, "נץ": 0, "נק": 0, "נר": 0, "עם": 29, "פה": 15, "ף": 0, "צ": 0, "ץ": 0, "ק": 1, "קי": 0, "קך": 1, "קנ": 0, "קץ": 1, "רז": 0, "שס": 2, "ת": 0, "כתובת קלפי": "הגבורים,17 ", "מקום קלפי": "בי\"ס שערי תורה", "נגישה": " ", "נגישה מיוחדת": " ", "בוחרי כנסת בפועל": 640, "turnout_pct": 31.5625, "אמת_pct": 1.0101010101010102, "אצ_pct": 0.0, "ב_pct": 0.0, "ג_pct": 1.0101010101010102, "ד_pct": 15.656565656565657, "ום_pct": 24.747474747474747, "ז_pct": 0.0, "זך_pct": 0.0, "זנ_pct": 0.0, "זץ_pct": 0.0, "ט_pct": 4.0404040404040407, "י_pct": 0.0, "יז_pct": 0.50505050505050508, "ינ_pct": 0.0, "יץ_pct": 0.0, "יק_pct": 0.50505050505050508, "כן_pct": 3.0303030303030303, "ך_pct": 0.0, "ל_pct": 14.14141414141414, "מחל_pct": 7.0707070707070701, "מרצ_pct": 3.535353535353535, "נז_pct": 0.0, "ני_pct": 0.0, "נף_pct": 0.0, "נץ_pct": 0.0, "נק_pct": 0.0, "נר_pct": 0.0, "עם_pct": 14.646464646464647, "פה_pct": 7.5757575757575761, "ף_pct": 0.0, "צ_pct": 0.0, "ץ_pct": 0.0, "ק_pct": 0.50505050505050508, "קי_pct": 0.0, "קך_pct": 0.50505050505050508, "קנ_pct": 0.0, "קץ_pct": 0.50505050505050508, "רז_pct": 0.0, "שס_pct": 1.0101010101010102, "ת_pct": 0.0, "lat": 32.7997052, "lon": 35.0146609, "neighborhood": "נוה פז" }, "geometry": { "type": "Point", "coordinates": [ 35.0146609, 32.7997052 ] } },
{ "type": "Feature", "properties": { "סמל ועדה": 7, "ברזל": 2840, "שם ישוב": "חיפה", "סמל ישוב": 4000, "קלפי": "52.3", "ריכוז": 47, "שופט": 0, "בזב": 640, "מצביעים": 186, "פסולים": 6, "כשרים": 180, "אמת": 0, "אצ": 0, "ב": 0, "ג": 7, "ד": 22, "ום": 53, "ז": 0, "זך": 0, "זנ": 0, "זץ": 0, "ט": 3, "י": 0, "יז": 0, "ינ": 1, "יץ": 0, "יק": 0, "כן": 2, "ך": 0, "ל": 13, "מחל": 27, "מרצ": 3, "נז": 0, "ני": 0, "נף": 0, "נץ": 0, "נק": 0, "נר": 0, "עם": 29, "פה": 14, "ף": 0, "צ": 0, "ץ": 0, "ק": 0, "קי": 0, "קך": 0, "קנ": 0, "קץ": 0, "רז": 0, "שס": 6, "ת": 0, "כתובת קלפי": "הגבורים,17 ", "מקום קלפי": "בי\"ס שערי תורה", "נגישה": " ", "נגישה מיוחדת": " ", "בוחרי כנסת בפועל": 640, "turnout_pct": 29.0625, "אמת_pct": 0.0, "אצ_pct": 0.0, "ב_pct": 0.0, "ג_pct": 3.8888888888888888, "ד_pct": 12.222222222222221, "ום_pct": 29.444444444444446, "ז_pct": 0.0, "זך_pct": 0.0, "זנ_pct": 0.0, "זץ_pct": 0.0, "ט_pct": 1.6666666666666667, "י_pct": 0.0, "יז_pct": 0.0, "ינ_pct": 0.55555555555555558, "יץ_pct": 0.0, "יק_pct": 0.0, "כן_pct": 1.1111111111111112, "ך_pct": 0.0, "ל_pct": 7.2222222222222214, "מחל_pct": 15.0, "מרצ_pct": 1.6666666666666667, "נז_pct": 0.0, "ני_pct": 0.0, "נף_pct": 0.0, "נץ_pct": 0.0, "נק_pct": 0.0, "נר_pct": 0.0, "עם_pct": 16.111111111111111, "פה_pct": 7.7777777777777777, "ף_pct": 0.0, "צ_pct": 0.0, "ץ_pct": 0.0, "ק_pct": 0.0, "קי_pct": 0.0, "קך_pct": 0.0, "קנ_pct": 0.0, "קץ_pct": 0.0, "רז_pct": 0.0, "שס_pct": 3.3333333333333335, "ת_pct": 0.0, "lat": 32.7997052, "lon": 35.0146609, "neighborhood": "נוה פז" }, "geometry": { "type": "Point", "coordinates": [ 35.0146609, 32.7997052 ] } },
{ "type": "Feature", "properties": { "סמל ועדה": 7, "ברזל": 2841, "שם ישוב": "חיפה", "סמל ישוב": 4000, "קלפי": "52.4", "ריכוז": 47, "שופט": 0, "בזב": 640, "מצביעים": 214, "פסולים": 2, "כשרים": 212, "אמת": 3, "אצ": 0, "ב": 0, "ג": 9, "ד": 17, "ום": 48, "ז": 0, "זך": 0, "זנ": 0, "זץ": 0, "ט": 6, "י": 0, "יז": 0, "ינ": 0, "יץ": 0, "יק": 0, "כן": 7, "ך": 0, "ל": 26, "מחל": 35, "מרצ": 3, "נז": 0, "ני": 0, "נף": 0, "נץ": 0, "נק": 0, "נר": 0, "עם": 22, "פה": 31, "ף": 1, "צ": 2, "ץ": 0, "ק": 0, "קי": 0, "קך": 0, "קנ": 0, "קץ": 1, "רז": 0, "שס": 1, "ת": 0, "כתובת קלפי": "הגבורים,17 ", "מקום קלפי": "בי\"ס שערי תורה", "נגישה": " ", "נגישה מיוחדת": " ", "בוחרי כנסת בפועל": 640, "turnout_pct": 33.4375, "אמת_pct": 1.4150943396226416, "אצ_pct": 0.0, "ב_pct": 0.0, "ג_pct": 4.2452830188679247, "ד_pct": 8.0188679245283012, "ום_pct": 22.641509433962266, "ז_pct": 0.0, "זך_pct": 0.0, "זנ_pct": 0.0, "זץ_pct": 0.0, "ט_pct": 2.8301886792452833, "י_pct": 0.0, "יז_pct": 0.0, "ינ_pct": 0.0, "יץ_pct": 0.0, "יק_pct": 0.0, "כן_pct": 3.3018867924528301, "ך_pct": 0.0, "ל_pct": 12.264150943396226, "מחל_pct": 16.509433962264151, "מרצ_pct": 1.4150943396226416, "נז_pct": 0.0, "ני_pct": 0.0, "נף_pct": 0.0, "נץ_pct": 0.0, "נק_pct": 0.0, "נר_pct": 0.0, "עם_pct": 10.377358490566039, "פה_pct": 14.622641509433961, "ף_pct": 0.47169811320754718, "צ_pct": 0.94339622641509435, "ץ_pct": 0.0, "ק_pct": 0.0, "קי_pct": 0.0, "קך_pct": 0.0, "קנ_pct": 0.0, "קץ_pct": 0.47169811320754718, "רז_pct": 0.0, "שס_pct": 0.47169811320754718, "ת_pct": 0.0, "lat": 32.7997052, "lon": 35.0146609, "neighborhood": "נוה פז" }, "geometry": { "type": "Point", "coordinates": [ 35.0146609, 32.7997052 ] } },
{ "type": "Feature", "properties": { "סמל ועדה": 7, "ברזל": 2842, "שם ישוב": "חיפה", "סמל ישוב": 4000, "קלפי": "306", "ריכוז": 189, "שופט": 0, "בזב": 532, "מצביעים": 140, "פסולים": 5, "כשרים": 135, "אמת": 8, "אצ": 1, "ב": 1, "ג": 1, "ד": 7, "ום": 20, "ז": 0, "זך": 0, "זנ": 0, "זץ": 0, "ט": 6, "י": 0, "יז": 2, "ינ": 0, "יץ": 0, "יק": 0, "כן": 1, "ך": 0, "ל": 19, "מחל": 34, "מרצ": 10, "נז": 0, "ני": 0, "נף": 0, "נץ": 0, "נק": 0, "נר": 0, "עם": 2, "פה": 20, "ף": 0, "צ": 0, "ץ": 0, "ק": 0, "קי": 0, "קך": 0, "קנ": 0, "קץ": 0, "רז": 0, "שס": 3, "ת": 0, "כתובת קלפי": "אימבר נפתלי,1 ", "מקום קלפי": "מועדונית יודפת", "נגישה": " ", "נגישה מיוחדת": " ", "בוחרי כנסת בפועל": 532, "turnout_pct": 26.315789473684209, "אמת_pct": 5.9259259259259265, "אצ_pct": 0.74074074074074081, "ב_pct": 0.74074074074074081, "ג_pct": 0.74074074074074081, "ד_pct": 5.1851851851851851, "ום_pct": 14.814814814814813, "ז_pct": 0.0, "זך_pct": 0.0, "זנ_pct": 0.0, "זץ_pct": 0.0, "ט_pct": 4.4444444444444446, "י_pct": 0.0, "יז_pct": 1.4814814814814816, "ינ_pct": 0.0, "יץ_pct": 0.0, "יק_pct": 0.0, "כן_pct": 0.74074074074074081, "ך_pct": 0.0, "ל_pct": 14.074074074074074, "מחל_pct": 25.185185185185183, "מרצ_pct": 7.4074074074074066, "נז_pct": 0.0, "ני_pct": 0.0, "נף_pct": 0.0, "נץ_pct": 0.0, "נק_pct": 0.0, "נר_pct": 0.0, "עם_pct": 1.4814814814814816, "פה_pct": 14.814814814814813, "ף_pct": 0.0, "צ_pct": 0.0, "ץ_pct": 0.0, "ק_pct": 0.0, "קי_pct": 0.0, "קך_pct": 0.0, "קנ_pct": 0.0, "קץ_pct": 0.0, "רז_pct": 0.0, "שס_pct": 2.2222222222222223, "ת_pct": 0.0, "lat": 32.8096702, "lon": 35.0029791, "neighborhood": "עיר תחתית מזרח, ואדי סאליב" }, "geometry": { "type": "Point", "coordinates": [ 35.0029791, 32.8096702 ] } },
{ "type": "Feature", "properties": { "סמל ועדה": 7, "ברזל": 2843, "שם ישוב": "חיפה", "סמל ישוב": 4000, "קלפי": "335.1", "ריכוז": 185, "שופט": 0, "בזב": 534, "מצביעים": 209, "פסולים": 0, "כשרים": 209, "אמת": 4, "אצ": 0, "ב": 1, "ג": 43, "ד": 1, "ום": 6, "ז": 0, "זך": 0, "זנ": 0, "זץ": 0, "ט": 8, "י": 0, "יז": 0, "ינ": 1, "יץ": 0, "יק": 1, "כן": 7, "ך": 1, "ל": 38, "מחל": 41, "מרצ": 3, "נז": 0, "ני": 0, "נף": 0, "נץ": 0, "נק": 0, "נר": 0, "עם": 7, "פה": 31, "ף": 0, "צ": 0, "ץ": 0, "ק": 0, "קי": 0, "קך": 0, "קנ": 0, "קץ": 0, "רז": 1, "שס": 15, "ת": 0, "כתובת קלפי": "יל\"ג,7 ", "מקום קלפי": "מרכז קהילתי \"עציון\"", "נגישה": " ", "נגישה מיוחדת": " ", "בוחרי כנסת בפועל": 534, "turnout_pct": 39.138576779026216, "אמת_pct": 1.9138755980861244, "אצ_pct": 0.0, "ב_pct": 0.4784688995215311, "ג_pct": 20.574162679425836, "ד_pct": 0.4784688995215311, "ום_pct": 2.8708133971291865, "ז_pct": 0.0, "זך_pct": 0.0, "זנ_pct": 0.0, "זץ_pct": 0.0, "ט_pct": 3.8277511961722488, "י_pct": 0.0, "יז_pct": 0.0, "ינ_pct": 0.4784688995215311, "יץ_pct": 0.0, "יק_pct": 0.4784688995215311, "כן_pct": 3.3492822966507179, "ך_pct": 0.4784688995215311, "ל_pct": 18.181818181818183, "מחל_pct": 19.617224880382775, "מרצ_pct": 1.4354066985645932, "נז_pct": 0.0, "ני_pct": 0.0, "נף_pct": 0.0, "נץ_pct": 0.0, "נק_pct": 0.0, "נר_pct": 0.0, "עם_pct": 3.3492822966507179, "פה_pct": 14.832535885167463, "ף_pct": 0.0, "צ_pct": 0.0, "ץ_pct": 0.0, "ק_pct": 0.0, "קי_pct": 0.0, "קך_pct": 0.0, "קנ_pct": 0.0, "קץ_pct": 0.0, "רז_pct": 0.4784688995215311, "שס_pct": 7.1770334928229662, "ת_pct": 0.0, "lat": 32.8070451, "lon": 35.0028161, "neighborhood": "יל\"ג" }, "geometry": { "type": "Point", "coordinates": [ 35.0028161, 32.8070451 ] } },
{ "type": "Feature", "properties": { "סמל ועדה": 7, "ברזל": 2844, "שם ישוב": "חיפה", "סמל ישוב": 4000, "קלפי": "335.2", "ריכוז": 185, "שופט": 0, "בזב": 534, "מצביעים": 214, "פסולים": 3, "כשרים": 211, "אמת": 4, "אצ": 0, "ב": 1, "ג": 66, "ד": 2, "ום": 8, "ז": 0, "זך": 0, "זנ": 0, "זץ": 0, "ט": 6, "י": 1, "יז": 0, "ינ": 0, "יץ": 0, "יק": 0, "כן": 5, "ך": 0, "ל": 44, "מחל": 34, "מרצ": 5, "נז": 0, "ני": 2, "נף": 0, "נץ": 0, "נק": 0, "נר": 0, "עם": 1, "פה": 27, "ף": 0, "צ": 0, "ץ": 0, "ק": 0, "קי": 0, "קך": 1, "קנ": 0, "קץ": 0, "רז": 0, "שס": 4, "ת": 0, "כתובת קלפי": "יל\"ג,7 ", "מקום קלפי": "מרכז קהילתי \"עציון\"", "נגישה": " ", "נגישה מיוחדת": " ", "בוחרי כנסת בפועל": 534, "turnout_pct": 40.074906367041194, "אמת_pct": 1.8957345971563981, "אצ_pct": 0.0, "ב_pct": 0.47393364928909953, "ג_pct": 31.279620853080569, "ד_pct": 0.94786729857819907, "ום_pct": 3.7914691943127963, "ז_pct": 0.0, "זך_pct": 0.0, "זנ_pct": 0.0, "זץ_pct": 0.0, "ט_pct": 2.8436018957345972, "י_pct": 0.47393364928909953, "יז_pct": 0.0, "ינ_pct": 0.0, "יץ_pct": 0.0, "יק_pct": 0.0, "כן_pct": 2.3696682464454977, "ך_pct": 0.0, "ל_pct": 20.85308056872038, "מחל_pct": 16.113744075829384, "מרצ_pct": 2.3696682464454977, "נז_pct": 0.0, "ני_pct": 0.94786729857819907, "נף_pct": 0.0, "נץ_pct": 0.0, "נק_pct": 0.0, "נר_pct": 0.0, "עם_pct": 0.47393364928909953, "פה_pct": 12.796208530805686, "ף_pct": 0.0, "צ_pct": 0.0, "ץ_pct": 0.0, "ק_pct": 0.0, "קי_pct": 0.0, "קך_pct": 0.47393364928909953, "קנ_pct": 0.0, "קץ_pct": 0.0, "רז_pct": 0.0, "שס_pct": 1.8957345971563981, "ת_pct": 0.0, "lat": 32.8070451, "lon": 35.0028161, "neighborhood": "יל\"ג" }, "geometry": { "type": "Point", "coordinates": [ 35.0028161, 32.8070451 ] } },
{ "type": "Feature", "properties": { "סמל ועדה": 7, "ברזל": 2845, "שם ישוב": "חיפה", "סמל ישוב": 4000, "קלפי": "339", "ריכוז": 93, "שופט": 0, "בזב": 597, "מצביעים": 232, "פסולים": 4, "כשרים": 228, "אמת": 4, "אצ": 0, "ב": 0, "ג": 1, "ד": 2, "ום": 5, "ז": 0, "זך": 0, "זנ": 0, "זץ": 0, "ט": 14, "י": 0, "יז": 1, "ינ": 0, "יץ": 0, "יק": 1, "כן": 13, "ך": 0, "ל": 37, "מחל": 86, "מרצ": 3, "נז": 0, "ני": 0, "נף": 0, "נץ": 0, "נק": 0, "נר": 0, "עם": 1, "פה": 36, "ף": 0, "צ": 0, "ץ": 0, "ק": 1, "קי": 1, "קך": 0, "קנ": 1, "קץ": 2, "רז": 1, "שס": 15, "ת": 3, "כתובת קלפי": "חטיבת כרמלי,42א", "מקום קלפי": "מרכז הנוער בית מגנצא", "נגישה": " ", "נגישה מיוחדת": " ", "בוחרי כנסת בפועל": 597, "turnout_pct": 38.860971524288104, "אמת_pct": 1.7543859649122806, "אצ_pct": 0.0, "ב_pct": 0.0, "ג_pct": 0.43859649122807015, "ד_pct": 0.8771929824561403, "ום_pct": 2.1929824561403506, "ז_pct": 0.0, "זך_pct": 0.0, "זנ_pct": 0.0, "זץ_pct": 0.0, "ט_pct": 6.140350877192982, "י_pct": 0.0, "יז_pct": 0.43859649122807015, "ינ_pct": 0.0, "יץ_pct": 0.0, "יק_pct": 0.43859649122807015, "כן_pct": 5.7017543859649118, "ך_pct": 0.0, "ל_pct": 16.228070175438596, "מחל_pct": 37.719298245614034, "מרצ_pct": 1.3157894736842104, "נז_pct": 0.0, "ני_pct": 0.0, "נף_pct": 0.0, "נץ_pct": 0.0, "נק_pct": 0.0, "נר_pct": 0.0, "עם_pct": 0.43859649122807015, "פה_pct": 15.789473684210526, "ף_pct": 0.0, "צ_pct": 0.0, "ץ_pct": 0.0, "ק_pct": 0.43859649122807015, "קי_pct": 0.43859649122807015, "קך_pct": 0.0, "קנ_pct": 0.43859649122807015, "קץ_pct": 0.8771929824561403, "רז_pct": 0.43859649122807015, "שס_pct": 6.5789473684210522, "ת_pct": 1.3157894736842104, "lat": 32.7950336, "lon": 35.0191531, "neighborhood": "נוה פז" }, "geometry": { "type": "Point", "coordinates": [ 35.0191531, 32.7950336 ] } },
{ "type": "Feature", "properties": { "סמל ועדה": 7, "ברזל": 2846, "שם ישוב": "חיפה", "סמל ישוב": 4000, "קלפי": "375", "ריכוז": 256, "שופט": 0, "בזב": 636, "מצביעים": 228, "פסולים": 1, "כשרים": 227, "אמת": 5, "אצ": 1, "ב": 0, "ג": 1, "ד": 6, "ום": 14, "ז": 0, "זך": 0, "זנ": 0, "זץ": 0, "ט": 7, "י": 0, "יז": 3, "ינ": 0, "יץ": 0, "יק": 0, "כן": 13, "ך": 0, "ל": 43, "מחל": 73, "מרצ": 2, "נז": 0, "ני": 0, "נף": 0, "נץ": 0, "נק": 0, "נר": 0, "עם": 5, "פה": 47, "ף": 0, "צ": 0, "ץ": 0, "ק": 1, "קי": 0, "קך": 0, "קנ": 0, "קץ": 0, "רז": 0, "שס": 6, "ת": 0, "כתובת קלפי": "הירדן,23 ", "מקום קלפי": "מרכז קהילתי", "נגישה": " ", "נגישה מיוחדת": " ", "בוחרי כנסת בפועל": 636, "turnout_pct": 35.849056603773583, "אמת_pct": 2.2026431718061676, "אצ_pct": 0.44052863436123352, "ב_pct": 0.0, "ג_pct": 0.44052863436123352, "ד_pct": 2.643171806167401, "ום_pct": 6.1674008810572687, "ז_pct": 0.0, "זך_pct": 0.0, "זנ_pct": 0.0, "זץ_pct": 0.0, "ט_pct": 3.0837004405286343, "י_pct": 0.0, "יז_pct": 1.3215859030837005, "ינ_pct": 0.0, "יץ_pct": 0.0, "יק_pct": 0.0, "כן_pct": 5.7268722466960353, "ך_pct": 0.0, "ל_pct": 18.942731277533039, "מחל_pct": 32.158590308370044, "מרצ_pct": 0.88105726872246704, "נז_pct": 0.0, "ני_pct": 0.0, "נף_pct": 0.0, "נץ_pct": 0.0, "נק_pct": 0.0, "נר_pct": 0.0, "עם_pct": 2.2026431718061676, "פה_pct": 20.704845814977972, "ף_pct": 0.0, "צ_pct": 0.0, "ץ_pct": 0.0, "ק_pct": 0.44052863436123352, "קי_pct": 0.0, "קך_pct": 0.0, "קנ_pct": 0.0, "קץ_pct": 0.0, "רז_pct": 0.0, "שס_pct": 2.643171806167401, "ת_pct": 0.0, "lat": 32.8007667, "lon": 35.0101456, "neighborhood": "תל עמל" }, "geometry": { "type": "Point", "coordinates": [ 35.0101456, 32.8007667 ] } },
{ "type": "Feature", "properties": { "סמל ועדה": 7, "ברזל": 2847, "שם ישוב": "חיפה", "סמל ישוב": 4000, "קלפי": "377", "ריכוז": 195, "שופט": 0, "בזב": 636, "מצביעים": 226, "פסולים": 3, "כשרים": 223, "אמת": 8, "אצ": 0, "ב": 4, "ג": 0, "ד": 0, "ום": 5, "ז": 0, "זך": 0, "זנ": 0, "זץ": 0, "ט": 20, "י": 0, "יז": 1, "ינ": 0, "יץ": 0, "יק": 0, "כן": 32, "ך": 0, "ל": 33, "מחל": 74, "מרצ": 0, "נז": 0, "ני": 0, "נף": 0, "נץ": 0, "נק": 1, "נר": 0, "עם": 0, "פה": 25, "ף": 1, "צ": 0, "ץ": 0, "ק": 0, "קי": 1, "קך": 1, "קנ": 0, "קץ": 2, "רז": 0, "שס": 14, "ת": 1, "כתובת קלפי": "החשמל,22 ", "מקום קלפי": "המכללה להכשרת מורים", "נגישה": "כ", "נגישה מיוחדת": " ", "בוחרי כנסת בפועל": 636, "turnout_pct": 35.534591194968549, "אמת_pct": 3.5874439461883409, "אצ_pct": 0.0, "ב_pct": 1.7937219730941705, "ג_pct": 0.0, "ד_pct": 0.0, "ום_pct": 2.2421524663677128, "ז_pct": 0.0, "זך_pct": 0.0, "זנ_pct": 0.0, "זץ_pct": 0.0, "ט_pct": 8.9686098654708513, "י_pct": 0.0, "יז_pct": 0.44843049327354262, "ינ_pct": 0.0, "יץ_pct": 0.0, "יק_pct": 0.0, "כן_pct": 14.349775784753364, "ך_pct": 0.0, "ל_pct": 14.798206278026907, "מחל_pct": 33.183856502242151, "מרצ_pct": 0.0, "נז_pct": 0.0, "ני_pct": 0.0, "נף_pct": 0.0, "נץ_pct": 0.0, "נק_pct": 0.44843049327354262, "נר_pct": 0.0, "עם_pct": 0.0, "פה_pct": 11.210762331838566, "ף_pct": 0.44843049327354262, "צ_pct": 0.0, "ץ_pct": 0.0, "ק_pct": 0.0, "קי_pct": 0.44843049327354262, "קך_pct": 0.44843049327354262, "קנ_pct": 0.0, "קץ_pct": 0.89686098654708524, "רז_pct": 0.0, "שס_pct": 6.2780269058295968, "ת_pct": 0.44843049327354262, "lat": 32.8001609, "lon": 35.0131872, "neighborhood": "נוה פז" }, "geometry": { "type": "Point", "coordinates": [ 35.0131872, 32.8001609 ] } },
{ "type": "Feature", "properties": { "סמל ועדה": 7, "ברזל": 2848, "שם ישוב": "חיפה", "סמל ישוב": 4000, "קלפי": "379", "ריכוז": 93, "שופט": 0, "בזב": 617, "מצביעים": 143, "פסולים": 2, "כשרים": 141, "אמת": 1, "אצ": 0, "ב": 0, "ג": 0, "ד": 2, "ום": 4, "ז": 0, "זך": 0, "זנ": 0, "זץ": 0, "ט": 11, "י": 0, "יז": 2, "ינ": 0, "יץ": 0, "יק": 0, "כן": 10, "ך": 1, "ל": 40, "מחל": 43, "מרצ": 3, "נז": 0, "ני": 2, "נף": 0, "נץ": 0, "נק": 0, "נר": 1, "עם": 0, "פה": 19, "ף": 0, "צ": 0, "ץ": 0, "ק": 0, "קי": 0, "קך": 0, "קנ": 0, "קץ": 0, "רז": 0, "שס": 2, "ת": 0, "כתובת קלפי": "חטיבת כרמלי,42א", "מקום קלפי": "מרכז הנוער בית מגנצא", "נגישה": " ", "נגישה מיוחדת": " ", "בוחרי כנסת בפועל": 617, "turnout_pct": 23.176661264181522, "אמת_pct": 0.70921985815602839, "אצ_pct": 0.0, "ב_pct": 0.0, "ג_pct": 0.0, "ד_pct": 1.4184397163120568, "ום_pct": 2.8368794326241136, "ז_pct": 0.0, "זך_pct": 0.0, "זנ_pct": 0.0, "זץ_pct": 0.0, "ט_pct": 7.8014184397163122, "י_pct": 0.0, "יז_pct": 1.4184397163120568, "ינ_pct": 0.0, "יץ_pct": 0.0, "יק_pct": 0.0, "כן_pct": 7.0921985815602842, "ך_pct": 0.70921985815602839, "ל_pct": 28.368794326241137, "מחל_pct": 30.49645390070922, "מרצ_pct": 2.1276595744680851, "נז_pct": 0.0, "ני_pct": 1.4184397163120568, "נף_pct": 0.0, "נץ_pct": 0.0, "נק_pct": 0.0, "נר_pct": 0.70921985815602839, "עם_pct": 0.0, "פה_pct": 13.475177304964539, "ף_pct": 0.0, "צ_pct": 0.0, "ץ_pct": 0.0, "ק_pct": 0.0, "קי_pct": 0.0, "קך_pct": 0.0, "קנ_pct": 0.0, "קץ_pct": 0.0, "רז_pct": 0.0, "שס_pct": 1.4184397163120568, "ת_pct": 0.0, "lat": 32.7950336, "lon": 35.0191531, "neighborhood": "נוה פז" }, "geometry": { "type": "Point", "coordinates": [ 35.0191531, 32.7950336 ] } },
{ "type": "Feature", "properties": { "סמל ועדה": 7, "ברזל": 2849, "שם ישוב": "חיפה", "סמל ישוב": 4000, "קלפי": "381", "ריכוז": 93, "שופט": 0, "בזב": 533, "מצביעים": 224, "פסולים": 6, "כשרים": 218, "אמת": 5, "אצ": 0, "ב": 0, "ג": 1, "ד": 0, "ום": 3, "ז": 0, "זך": 1, "זנ": 0, "זץ": 0, "ט": 22, "י": 0, "יז": 0, "ינ": 0, "יץ": 0, "יק": 0, "כן": 15, "ך": 0, "ל": 48, "מחל": 87, "מרצ": 1, "נז": 0, "ני": 1, "נף": 0, "נץ": 0, "נק": 0, "נר": 0, "עם": 0, "פה": 20, "ף": 0, "צ": 1, "ץ": 0, "ק": 0, "קי": 0, "קך": 1, "קנ": 1, "קץ": 2, "רז": 0, "שס": 9, "ת": 0, "כתובת קלפי": "חטיבת כרמלי,42א", "מקום קלפי": "מרכז הנוער בית מגנצא", "נגישה": " ", "נגישה מיוחדת": " ", "בוחרי כנסת בפועל": 533, "turnout_pct": 42.026266416510325, "אמת_pct": 2.2935779816513762, "אצ_pct": 0.0, "ב_pct": 0.0, "ג_pct": 0.45871559633027525, "ד_pct": 0.0, "ום_pct": 1.3761467889908259, "ז_pct": 0.0, "זך_pct": 0.45871559633027525, "זנ_pct": 0.0, "זץ_pct": 0.0, "ט_pct": 10.091743119266056, "י_pct": 0.0, "יז_pct": 0.0, "ינ_pct": 0.0, "יץ_pct": 0.0, "יק_pct": 0.0, "כן_pct": 6.8807339449541285, "ך_pct": 0.0, "ל_pct": 22.018348623853214, "מחל_pct": 39.908256880733944, "מרצ_pct": 0.45871559633027525, "נז_pct": 0.0, "ני_pct": 0.45871559633027525, "נף_pct": 0.0, "נץ_pct": 0.0, "נק_pct": 0.0, "נר_pct": 0.0, "עם_pct": 0.0, "פה_pct": 9.1743119266055047, "ף_pct": 0.0, "צ_pct": 0.45871559633027525, "ץ_pct": 0.0, "ק_pct": 0.0, "קי_pct": 0.0, "קך_pct": 0.45871559633027525, "קנ_pct": 0.45871559633027525, "קץ_pct": 0.91743119266055051, "רז_pct": 0.0, "שס_pct": 4.1284403669724776, "ת_pct": 0.0, "lat": 32.7950336, "lon": 35.0191531, "neighborhood": "נוה פז" }, "geometry": { "type": "Point", "coordinates": [ 35.0191531, 32.7950336 ] } },
{ "type": "Feature", "properties": { "סמל ועדה": 7, "ברזל": 2850, "שם ישוב": "חיפה", "סמל ישוב": 4000, "קלפי": "382", "ריכוז": 195, "שופט": 0, "בזב": 629, "מצביעים": 218, "פסולים": 1, "כשרים": 217, "אמת": 3, "אצ": 1, "ב": 0, "ג": 1, "ד": 6, "ום": 10, "ז": 0, "זך": 0, "זנ": 0, "זץ": 0, "ט": 13, "י": 0, "יז": 0, "ינ": 1, "יץ": 0, "יק": 0, "כן": 21, "ך": 0, "ל": 54, "מחל": 56, "מרצ": 1, "נז": 0, "ני": 0, "נף": 0, "נץ": 0, "נק": 0, "נר": 0, "עם": 7, "פה": 28, "ף": 2, "צ": 1, "ץ": 0, "ק": 0, "קי": 0, "קך": 3, "קנ": 0, "קץ": 0, "רז": 0, "שס": 8, "ת": 1, "כתובת קלפי": "החשמל,22 ", "מקום קלפי": "המכללה להכשרת מורים", "נגישה": "כ", "נגישה מיוחדת": "כ", "בוחרי כנסת בפועל": 629, "turnout_pct": 34.658187599364069, "אמת_pct": 1.3824884792626728, "אצ_pct": 0.46082949308755761, "ב_pct": 0.0, "ג_pct": 0.46082949308755761, "ד_pct": 2.7649769585253456, "ום_pct": 4.6082949308755765, "ז_pct": 0.0, "זך_pct": 0.0, "זנ_pct": 0.0, "זץ_pct": 0.0, "ט_pct": 5.9907834101382482, "י_pct": 0.0, "יז_pct": 0.0, "ינ_pct": 0.46082949308755761, "יץ_pct": 0.0, "יק_pct": 0.0, "כן_pct": 9.67741935483871, "ך_pct": 0.0, "ל_pct": 24.88479262672811, "מחל_pct": 25.806451612903224, "מרצ_pct": 0.46082949308755761, "נז_pct": 0.0, "ני_pct": 0.0, "נף_pct": 0.0, "נץ_pct": 0.0, "נק_pct": 0.0, "נר_pct": 0.0, "עם_pct": 3.225806451612903, "פה_pct": 12.903225806451612, "ף_pct": 0.92165898617511521, "צ_pct": 0.46082949308755761, "ץ_pct": 0.0, "ק_pct": 0.0, "קי_pct": 0.0, "קך_pct": 1.3824884792626728, "קנ_pct": 0.0, "קץ_pct": 0.0, "רז_pct": 0.0, "שס_pct": 3.6866359447004609, "ת_pct": 0.46082949308755761, "lat": 32.8001609, "lon": 35.0131872, "neighborhood": "נוה פז" }, "geometry": { "type": "Point", "coordinates": [ 35.0131872, 32.8001609 ] } },
{ "type": "Feature", "properties": { "סמל ועדה": 7, "ברזל": 2851, "שם ישוב": "חיפה", "סמל ישוב": 4000, "קלפי": "384", "ריכוז": 255, "שופט": 1, "בזב": 528, "מצביעים": 196, "פסולים": 2, "כשרים": 194, "אמת": 0, "אצ": 0, "ב": 0, "ג": 1, "ד": 26, "ום": 125, "ז": 0, "זך": 0, "זנ": 0, "זץ": 0, "ט": 0, "י": 0, "יז": 0, "ינ": 0, "יץ": 0, "יק": 0, "כן": 0, "ך": 0, "ל": 10, "מחל": 11, "מרצ": 2, "נז": 0, "ני": 0, "נף": 0, "נץ": 0, "נק": 0, "נר": 0, "עם": 17, "פה": 0, "ף": 0, "צ": 0, "ץ": 1, "ק": 0, "קי": 0, "קך": 0, "קנ": 0, "קץ": 0, "רז": 0, "שס": 1, "ת": 0, "כתובת קלפי": "גוש עציון,24 ", "מקום קלפי": "בי\"ס עבד אל רחמן אלחאג'", "נגישה": " ", "נגישה מיוחדת": " ", "בוחרי כנסת בפועל": 528, "turnout_pct": 37.121212121212125, "אמת_pct": 0.0, "אצ_pct": 0.0, "ב_pct": 0.0, "ג_pct": 0.51546391752577314, "ד_pct": 13.402061855670103, "ום_pct": 64.432989690721655, "ז_pct": 0.0, "זך_pct": 0.0, "זנ_pct": 0.0, "זץ_pct": 0.0, "ט_pct": 0.0, "י_pct": 0.0, "יז_pct": 0.0, "ינ_pct": 0.0, "יץ_pct": 0.0, "יק_pct": 0.0, "כן_pct": 0.0, "ך_pct": 0.0, "ל_pct": 5.1546391752577314, "מחל_pct": 5.6701030927835054, "מרצ_pct": 1.0309278350515463, "נז_pct": 0.0, "ני_pct": 0.0, "נף_pct": 0.0, "נץ_pct": 0.0, "נק_pct": 0.0, "נר_pct": 0.0, "עם_pct": 8.7628865979381434, "פה_pct": 0.0, "ף_pct": 0.0, "צ_pct": 0.0, "ץ_pct": 0.51546391752577314, "ק_pct": 0.0, "קי_pct": 0.0, "קך_pct": 0.0, "קנ_pct": 0.0, "קץ_pct": 0.0, "רז_pct": 0.0, "שס_pct": 0.51546391752577314, "ת_pct": 0.0, "lat": 32.8016979, "lon": 35.007083, "neighborhood": "חליסה" }, "geometry": { "type": "Point", "coordinates": [ 35.007083, 32.8016979 ] } },
{ "type": "Feature", "properties": { "סמל ועדה": 7, "ברזל": 2852, "שם ישוב": "חיפה", "סמל ישוב": 4000, "קלפי": "387.1", "ריכוז": 134, "שופט": 0, "בזב": 666, "מצביעים": 237, "פסולים": 1, "כשרים": 236, "אמת": 9, "אצ": 0, "ב": 0, "ג": 0, "ד": 12, "ום": 23, "ז": 0, "זך": 0, "זנ": 0, "זץ": 1, "ט": 22, "י": 1, "יז": 0, "ינ": 0, "יץ": 0, "יק": 0, "כן": 12, "ך": 0, "ל": 40, "מחל": 47, "מרצ": 7, "נז": 0, "ני": 0, "נף": 0, "נץ": 0, "נק": 1, "נר": 0, "עם": 10, "פה": 34, "ף": 0, "צ": 1, "ץ": 1, "ק": 0, "קי": 0, "קך": 0, "קנ": 0, "קץ": 1, "רז": 0, "שס": 13, "ת": 1, "כתובת קלפי": "החשמל,8 ", "מקום קלפי": "בי\"ס תהילת שלמה", "נגישה": " ", "נגישה מיוחדת": " ", "בוחרי כנסת בפועל": 666, "turnout_pct": 35.585585585585584, "אמת_pct": 3.8135593220338984, "אצ_pct": 0.0, "ב_pct": 0.0, "ג_pct": 0.0, "ד_pct": 5.0847457627118651, "ום_pct": 9.7457627118644066, "ז_pct": 0.0, "זך_pct": 0.0, "זנ_pct": 0.0, "זץ_pct": 0.42372881355932202, "ט_pct": 9.3220338983050848, "י_pct": 0.42372881355932202, "יז_pct": 0.0, "ינ_pct": 0.0, "יץ_pct": 0.0, "יק_pct": 0.0, "כן_pct": 5.0847457627118651, "ך_pct": 0.0, "ל_pct": 16.949152542372879, "מחל_pct": 19.915254237288135, "מרצ_pct": 2.9661016949152543, "נז_pct": 0.0, "ני_pct": 0.0, "נף_pct": 0.0, "נץ_pct": 0.0, "נק_pct": 0.42372881355932202, "נר_pct": 0.0, "עם_pct": 4.2372881355932197, "פה_pct": 14.40677966101695, "ף_pct": 0.0, "צ_pct": 0.42372881355932202, "ץ_pct": 0.42372881355932202, "ק_pct": 0.0, "קי_pct": 0.0, "קך_pct": 0.0, "קנ_pct": 0.0, "קץ_pct": 0.42372881355932202, "רז_pct": 0.0, "שס_pct": 5.508474576271186, "ת_pct": 0.42372881355932202, "lat": 32.8001609, "lon": 35.0131872, "neighborhood": "נוה פז" }, "geometry": { "type": "Point", "coordinates": [ 35.0131872, 32.8001609 ] } },
{ "type": "Feature", "properties": { "סמל ועדה": 7, "ברזל": 2853, "שם ישוב": "חיפה", "סמל ישוב": 4000, "קלפי": "387.2", "ריכוז": 134, "שופט": 0, "בזב": 666, "מצביעים": 189, "פסולים": 2, "כשרים": 187, "אמת": 6, "אצ": 0, "ב": 0, "ג": 1, "ד": 10, "ום": 24, "ז": 0, "זך": 0, "זנ": 0, "זץ": 0, "ט": 6, "י": 0, "יז": 0, "ינ": 0, "יץ": 0, "יק": 0, "כן": 8, "ך": 0, "ל": 33, "מחל": 36, "מרצ": 3, "נז": 0, "ני": 0, "נף": 0, "נץ": 0, "נק": 0, "נר": 0, "עם": 5, "פה": 49, "ף": 0, "צ": 0, "ץ": 1, "ק": 0, "קי": 0, "קך": 1, "קנ": 0, "קץ": 2, "רז": 0, "שס": 2, "ת": 0, "כתובת קלפי": "החשמל,8 ", "מקום קלפי": "בי\"ס תהילת שלמה", "נגישה": " ", "נגישה מיוחדת": " ", "בוחרי כנסת בפועל": 666, "turnout_pct": 28.378378378378379, "אמת_pct": 3.2085561497326207, "אצ_pct": 0.0, "ב_pct": 0.0, "ג_pct": 0.53475935828876997, "ד_pct": 5.3475935828877006, "ום_pct": 12.834224598930483, "ז_pct": 0.0, "זך_pct": 0.0, "זנ_pct": 0.0, "זץ_pct": 0.0, "ט_pct": 3.2085561497326207, "י_pct": 0.0, "יז_pct": 0.0, "ינ_pct": 0.0, "יץ_pct": 0.0, "יק_pct": 0.0, "כן_pct": 4.2780748663101598, "ך_pct": 0.0, "ל_pct": 17.647058823529413, "מחל_pct": 19.251336898395721, "מרצ_pct": 1.6042780748663104, "נז_pct": 0.0, "ני_pct": 0.0, "נף_pct": 0.0, "נץ_pct": 0.0, "נק_pct": 0.0, "נר_pct": 0.0, "עם_pct": 2.6737967914438503, "פה_pct": 26.203208556149733, "ף_pct": 0.0, "צ_pct": 0.0, "ץ_pct": 0.53475935828876997, "ק_pct": 0.0, "קי_pct": 0.0, "קך_pct": 0.53475935828876997, "קנ_pct": 0.0, "קץ_pct": 1.0695187165775399, "רז_pct": 0.0, "שס_pct": 1.0695187165775399, "ת_pct": 0.0, "lat": 32.8001609, "lon": 35.0131872, "neighborhood": "נוה פז" }, "geometry": { "type": "Point", "coordinates": [ 35.0131872, 32.8001609 ] } },
{ "type": "Feature", "properties": { "סמל ועדה": 7, "ברזל": 2854, "שם ישוב": "חיפה", "סמל ישוב": 4000, "קלפי": "388", "ריכוז": 256, "שופט": 0, "בזב": 603, "מצביעים": 202, "פסולים": 2, "כשרים": 200, "אמת": 3, "אצ": 1, "ב": 0, "ג": 1, "ד": 11, "ום": 26, "ז": 0, "זך": 0, "זנ": 0, "זץ": 0, "ט": 4, "י": 0, "יז": 1, "ינ": 1, "יץ": 0, "יק": 0, "כן": 15, "ך": 0, "ל": 53, "מחל": 35, "מרצ": 1, "נז": 0, "ני": 0, "נף": 2, "נץ": 0, "נק": 2, "נר": 0, "עם": 7, "פה": 32, "ף": 0, "צ": 2, "ץ": 0, "ק": 0, "קי": 0, "קך": 0, "קנ": 0, "קץ": 0, "רז": 0, "שס": 2, "ת": 1, "כתובת קלפי": "הירדן,23 ", "מקום קלפי": "מרכז קהילתי", "נגישה": " ", "נגישה מיוחדת": " ", "בוחרי כנסת בפועל": 603, "turnout_pct": 33.499170812603644, "אמת_pct": 1.5, "אצ_pct": 0.5, "ב_pct": 0.0, "ג_pct": 0.5, "ד_pct": 5.5, "ום_pct": 13.0, "ז_pct": 0.0, "זך_pct": 0.0, "זנ_pct": 0.0, "זץ_pct": 0.0, "ט_pct": 2.0, "י_pct": 0.0, "יז_pct": 0.5, "ינ_pct": 0.5, "יץ_pct": 0.0, "יק_pct": 0.0, "כן_pct": 7.5, "ך_pct": 0.0, "ל_pct": 26.5, "מחל_pct": 17.5, "מרצ_pct": 0.5, "נז_pct": 0.0, "ני_pct": 0.0, "נף_pct": 1.0, "נץ_pct": 0.0, "נק_pct": 1.0, "נר_pct": 0.0, "עם_pct": 3.5, "פה_pct": 16.0, "ף_pct": 0.0, "צ_pct": 1.0, "ץ_pct": 0.0, "ק_pct": 0.0, "קי_pct": 0.0, "קך_pct": 0.0, "קנ_pct": 0.0, "קץ_pct": 0.0, "רז_pct": 0.0, "שס_pct": 1.0, "ת_pct": 0.5, "lat": 32.8007667, "lon": 35.0101456, "neighborhood": "תל עמל" }, "geometry": { "type": "Point", "coordinates": [ 35.0101456, 32.8007667 ] } },
{ "type": "Feature", "properties": { "סמל ועדה": 7, "ברזל": 2855, "שם ישוב": "חיפה", "סמל ישוב": 4000, "קלפי": "430", "ריכוז": 255, "שופט": 0, "בזב": 509, "מצביעים": 205, "פסולים": 0, "כשרים": 205, "אמת": 0, "אצ": 0, "ב": 0, "ג": 1, "ד": 44, "ום": 97, "ז": 0, "זך": 0, "זנ": 0, "זץ": 0, "ט": 4, "י": 0, "יז": 0, "ינ": 0, "יץ": 0, "יק": 0, "כן": 3, "ך": 0, "ל": 11, "מחל": 15, "מרצ": 2, "נז": 0, "ני": 1, "נף": 0, "נץ": 0, "נק": 0, "נר": 0, "עם": 11, "פה": 11, "ף": 0, "צ": 1, "ץ": 1, "ק": 0, "קי": 0, "קך": 0, "קנ": 0, "קץ": 0, "רז": 0, "שס": 1, "ת": 2, "כתובת קלפי": "גוש עציון,24 ", "מקום קלפי": "בי\"ס עבד אל רחמן אלחאג'", "נגישה": " ", "נגישה מיוחדת": " ", "בוחרי כנסת בפועל": 509, "turnout_pct": 40.275049115913561, "אמת_pct": 0.0, "אצ_pct": 0.0, "ב_pct": 0.0, "ג_pct": 0.48780487804878048, "ד_pct": 21.463414634146343, "ום_pct": 47.317073170731703, "ז_pct": 0.0, "זך_pct": 0.0, "זנ_pct": 0.0, "זץ_pct": 0.0, "ט_pct": 1.9512195121951219, "י_pct": 0.0, "יז_pct": 0.0, "ינ_pct": 0.0, "יץ_pct": 0.0, "יק_pct": 0.0, "כן_pct": 1.4634146341463417, "ך_pct": 0.0, "ל_pct": 5.3658536585365857, "מחל_pct": 7.3170731707317067, "מרצ_pct": 0.97560975609756095, "נז_pct": 0.0, "ני_pct": 0.48780487804878048, "נף_pct": 0.0, "נץ_pct": 0.0, "נק_pct": 0.0, "נר_pct": 0.0, "עם_pct": 5.3658536585365857, "פה_pct": 5.3658536585365857, "ף_pct": 0.0, "צ_pct": 0.48780487804878048, "ץ_pct": 0.48780487804878048, "ק_pct": 0.0, "קי_pct": 0.0, "קך_pct": 0.0, "קנ_pct": 0.0, "קץ_pct": 0.0, "רז_pct": 0.0, "שס_pct": 0.48780487804878048, "ת_pct": 0.97560975609756095, "lat": 32.8016979, "lon": 35.007083, "neighborhood": "חליסה" }, "geometry": { "type": "Point", "coordinates": [ 35.007083, 32.8016979 ] } },
{ "type": "Feature", "properties": { "סמל ועדה": 7, "ברזל": 2856, "שם ישוב": "חיפה", "סמל ישוב": 4000, "קלפי": "58.1", "ריכוז": 199, "שופט": 0, "בזב": 530, "מצביעים": 181, "פסולים": 3, "כשרים": 178, "אמת": 7, "אצ": 2, "ב": 1, "ג": 1, "ד": 19, "ום": 29, "ז": 2, "זך": 0, "זנ": 0, "זץ": 0, "ט": 6, "י": 0, "יז": 0, "ינ": 0, "יץ": 0, "יק": 0, "כן": 6, "ך": 3, "ל": 10, "מחל": 23, "מרצ": 10, "נז": 0, "ני": 0, "נף": 1, "נץ": 0, "נק": 1, "נר": 0, "עם": 23, "פה": 26, "ף": 0, "צ": 1, "ץ": 0, "ק": 0, "קי": 0, "קך": 0, "קנ": 0, "קץ": 0, "רז": 0, "שס": 7, "ת": 0, "כתובת קלפי": "מרכוס הרב,9 ", "מקום קלפי": "אגף חינוך של העירייה", "נגישה": "כ", "נגישה מיוחדת": "כ", "בוחרי כנסת בפועל": 530, "turnout_pct": 34.15094339622641, "אמת_pct": 3.9325842696629212, "אצ_pct": 1.1235955056179776, "ב_pct": 0.5617977528089888, "ג_pct": 0.5617977528089888, "ד_pct": 10.674157303370785, "ום_pct": 16.292134831460675, "ז_pct": 1.1235955056179776, "זך_pct": 0.0, "זנ_pct": 0.0, "זץ_pct": 0.0, "ט_pct": 3.3707865168539324, "י_pct": 0.0, "יז_pct": 0.0, "ינ_pct": 0.0, "יץ_pct": 0.0, "יק_pct": 0.0, "כן_pct": 3.3707865168539324, "ך_pct": 1.6853932584269662, "ל_pct": 5.6179775280898872, "מחל_pct": 12.921348314606742, "מרצ_pct": 5.6179775280898872, "נז_pct": 0.0, "ני_pct": 0.0, "נף_pct": 0.5617977528089888, "נץ_pct": 0.0, "נק_pct": 0.5617977528089888, "נר_pct": 0.0, "עם_pct": 12.921348314606742, "פה_pct": 14.606741573033707, "ף_pct": 0.0, "צ_pct": 0.5617977528089888, "ץ_pct": 0.0, "ק_pct": 0.0, "קי_pct": 0.0, "קך_pct": 0.0, "קנ_pct": 0.0, "קץ_pct": 0.0, "רז_pct": 0.0, "שס_pct": 3.9325842696629212, "ת_pct": 0.0, "lat": 32.8118041, "lon": 35.0011361, "neighborhood": "עיר תחתית מזרח, ואדי סאליב" }, "geometry": { "type": "Point", "coordinates": [ 35.0011361, 32.8118041 ] } },
{ "type": "Feature", "properties": { "סמל ועדה": 7, "ברזל": 2857, "שם ישוב": "חיפה", "סמל ישוב": 4000, "קלפי": "58.2", "ריכוז": 199, "שופט": 0, "בזב": 530, "מצביעים": 169, "פסולים": 2, "כשרים": 167, "אמת": 14, "אצ": 0, "ב": 0, "ג": 0, "ד": 14, "ום": 22, "ז": 0, "זך": 0, "זנ": 0, "זץ": 0, "ט": 9, "י": 1, "יז": 1, "ינ": 0, "יץ": 0, "יק": 0, "כן": 5, "ך": 0, "ל": 19, "מחל": 24, "מרצ": 6, "נז": 0, "ני": 0, "נף": 0, "נץ": 0, "נק": 0, "נר": 0, "עם": 13, "פה": 35, "ף": 0, "צ": 0, "ץ": 0, "ק": 1, "קי": 0, "קך": 0, "קנ": 0, "קץ": 1, "רז": 0, "שס": 2, "ת": 0, "כתובת קלפי": "מרכוס הרב,9 ", "מקום קלפי": "אגף חינוך של העירייה", "נגישה": "כ", "נגישה מיוחדת": " ", "בוחרי כנסת בפועל": 530, "turnout_pct": 31.886792452830186, "אמת_pct": 8.3832335329341312, "אצ_pct": 0.0, "ב_pct": 0.0, "ג_pct": 0.0, "ד_pct": 8.3832335329341312, "ום_pct": 13.17365269461078, "ז_pct": 0.0, "זך_pct": 0.0, "זנ_pct": 0.0, "זץ_pct": 0.0, "ט_pct": 5.3892215568862278, "י_pct": 0.5988023952095809, "יז_pct": 0.5988023952095809, "ינ_pct": 0.0, "יץ_pct": 0.0, "יק_pct": 0.0, "כן_pct": 2.9940119760479043, "ך_pct": 0.0, "ל_pct": 11.377245508982035, "מחל_pct": 14.37125748502994, "מרצ_pct": 3.5928143712574849, "נז_pct": 0.0, "ני_pct": 0.0, "נף_pct": 0.0, "נץ_pct": 0.0, "נק_pct": 0.0, "נר_pct": 0.0, "עם_pct": 7.7844311377245514, "פה_pct": 20.958083832335326, "ף_pct": 0.0, "צ_pct": 0.0, "ץ_pct": 0.0, "ק_pct": 0.5988023952095809, "קי_pct": 0.0, "קך_pct": 0.0, "קנ_pct": 0.0, "קץ_pct": 0.5988023952095809, "רז_pct": 0.0, "שס_pct": 1.1976047904191618, "ת_pct": 0.0, "lat": 32.8118041, "lon": 35.0011361, "neighborhood": "עיר תחתית מזרח, ואדי סאליב" }, "geometry": { "type": "Point", "coordinates": [ 35.0011361, 32.8118041 ] } },
{ "type": "Feature", "properties": { "סמל ועדה": 7, "ברזל": 2858, "שם ישוב": "חיפה", "סמל ישוב": 4000, "קלפי": "304.1", "ריכוז": 270, "שופט": 0, "בזב": 681, "מצביעים": 214, "פסולים": 1, "כשרים": 213, "אמת": 15, "אצ": 1, "ב": 0, "ג": 0, "ד": 20, "ום": 42, "ז": 0, "זך": 0, "זנ": 0, "זץ": 0, "ט": 16, "י": 0, "יז": 0, "ינ": 0, "יץ": 0, "יק": 0, "כן": 5, "ך": 0, "ל": 24, "מחל": 38, "מרצ": 5, "נז": 1, "ני": 0, "נף": 0, "נץ": 0, "נק": 0, "נר": 0, "עם": 10, "פה": 23, "ף": 0, "צ": 0, "ץ": 0, "ק": 0, "קי": 0, "קך": 0, "קנ": 0, "קץ": 4, "רז": 0, "שס": 9, "ת": 0, "כתובת קלפי": "ברוואלד,5 ", "מקום קלפי": "ערית חיפה אגף האכיפה והגביה", "נגישה": " ", "נגישה מיוחדת": " ", "בוחרי כנסת בפועל": 681, "turnout_pct": 31.424375917767989, "אמת_pct": 7.042253521126761, "אצ_pct": 0.46948356807511737, "ב_pct": 0.0, "ג_pct": 0.0, "ד_pct": 9.3896713615023462, "ום_pct": 19.718309859154928, "ז_pct": 0.0, "זך_pct": 0.0, "זנ_pct": 0.0, "זץ_pct": 0.0, "ט_pct": 7.511737089201878, "י_pct": 0.0, "יז_pct": 0.0, "ינ_pct": 0.0, "יץ_pct": 0.0, "יק_pct": 0.0, "כן_pct": 2.3474178403755865, "ך_pct": 0.0, "ל_pct": 11.267605633802818, "מחל_pct": 17.84037558685446, "מרצ_pct": 2.3474178403755865, "נז_pct": 0.46948356807511737, "ני_pct": 0.0, "נף_pct": 0.0, "נץ_pct": 0.0, "נק_pct": 0.0, "נר_pct": 0.0, "עם_pct": 4.6948356807511731, "פה_pct": 10.7981220657277, "ף_pct": 0.0, "צ_pct": 0.0, "ץ_pct": 0.0, "ק_pct": 0.0, "קי_pct": 0.0, "קך_pct": 0.0, "קנ_pct": 0.0, "קץ_pct": 1.8779342723004695, "רז_pct": 0.0, "שס_pct": 4.225352112676056, "ת_pct": 0.0, "lat": 32.8126328, "lon": 34.9984922, "neighborhood": "הדר מרכז" }, "geometry": { "type": "Point", "coordinates": [ 34.9984922, 32.8126328 ] } },
{ "type": "Feature", "properties": { "סמל ועדה": 7, "ברזל": 2859, "שם ישוב": "חיפה", "סמל ישוב": 4000, "קלפי": "304.2", "ריכוז": 270, "שופט": 0, "בזב": 680, "מצביעים": 225, "פסולים": 0, "כשרים": 225, "אמת": 19, "אצ": 0, "ב": 0, "ג": 3, "ד": 17, "ום": 43, "ז": 0, "זך": 0, "זנ": 0, "זץ": 0, "ט": 8, "י": 0, "יז": 1, "ינ": 0, "יץ": 0, "יק": 0, "כן": 14, "ך": 0, "ל": 43, "מחל": 33, "מרצ": 7, "נז": 0, "ני": 0, "נף": 0, "נץ": 0, "נק": 0, "נר": 0, "עם": 9, "פה": 23, "ף": 1, "צ": 0, "ץ": 0, "ק": 0, "קי": 0, "קך": 0, "קנ": 0, "קץ": 3, "רז": 0, "שס": 0, "ת": 1, "כתובת קלפי": "ברוואלד,5 ", "מקום קלפי": "ערית חיפה אגף האכיפה והגביה", "נגישה": " ", "נגישה מיוחדת": " ", "בוחרי כנסת בפועל": 680, "turnout_pct": 33.088235294117645, "אמת_pct": 8.4444444444444446, "אצ_pct": 0.0, "ב_pct": 0.0, "ג_pct": 1.3333333333333335, "ד_pct": 7.5555555555555554, "ום_pct": 19.111111111111111, "ז_pct": 0.0, "זך_pct": 0.0, "זנ_pct": 0.0, "זץ_pct": 0.0, "ט_pct": 3.5555555555555554, "י_pct": 0.0, "יז_pct": 0.44444444444444442, "ינ_pct": 0.0, "יץ_pct": 0.0, "יק_pct": 0.0, "כן_pct": 6.2222222222222223, "ך_pct": 0.0, "ל_pct": 19.111111111111111, "מחל_pct": 14.666666666666666, "מרצ_pct": 3.1111111111111112, "נז_pct": 0.0, "ני_pct": 0.0, "נף_pct": 0.0, "נץ_pct": 0.0, "נק_pct": 0.0, "נר_pct": 0.0, "עם_pct": 4.0, "פה_pct": 10.222222222222223, "ף_pct": 0.44444444444444442, "צ_pct": 0.0, "ץ_pct": 0.0, "ק_pct": 0.0, "קי_pct": 0.0, "קך_pct": 0.0, "קנ_pct": 0.0, "קץ_pct": 1.3333333333333335, "רז_pct": 0.0, "שס_pct": 0.0, "ת_pct": 0.44444444444444442, "lat": 32.8126328, "lon": 34.9984922, "neighborhood": "הדר מרכז" }, "geometry": { "type": "Point", "coordinates": [ 34.9984922, 32.8126328 ] } },
{ "type": "Feature", "properties": { "סמל ועדה": 7, "ברזל": 2860, "שם ישוב": "חיפה", "סמל ישוב": 4000, "קלפי": "318.1", "ריכוז": 122, "שופט": 0, "בזב": 469, "מצביעים": 200, "פסולים": 0, "כשרים": 200, "אמת": 14, "אצ": 1, "ב": 1, "ג": 53, "ד": 0, "ום": 3, "ז": 0, "זך": 0, "זנ": 0, "זץ": 0, "ט": 13, "י": 0, "יז": 0, "ינ": 0, "יץ": 0, "יק": 0, "כן": 3, "ך": 0, "ל": 20, "מחל": 26, "מרצ": 15, "נז": 0, "ני": 0, "נף": 0, "נץ": 0, "נק": 0, "נר": 0, "עם": 0, "פה": 24, "ף": 0, "צ": 1, "ץ": 0, "ק": 0, "קי": 0, "קך": 0, "קנ": 0, "קץ": 0, "רז": 0, "שס": 26, "ת": 0, "כתובת קלפי": "פבזנר,54 ", "מקום קלפי": "ספריה עירונית \"פבזנר\"", "נגישה": " ", "נגישה מיוחדת": " ", "בוחרי כנסת בפועל": 469, "turnout_pct": 42.643923240938165, "אמת_pct": 7.0000000000000009, "אצ_pct": 0.5, "ב_pct": 0.5, "ג_pct": 26.5, "ד_pct": 0.0, "ום_pct": 1.5, "ז_pct": 0.0, "זך_pct": 0.0, "זנ_pct": 0.0, "זץ_pct": 0.0, "ט_pct": 6.5, "י_pct": 0.0, "יז_pct": 0.0, "ינ_pct": 0.0, "יץ_pct": 0.0, "יק_pct": 0.0, "כן_pct": 1.5, "ך_pct": 0.0, "ל_pct": 10.0, "מחל_pct": 13.0, "מרצ_pct": 7.5, "נז_pct": 0.0, "ני_pct": 0.0, "נף_pct": 0.0, "נץ_pct": 0.0, "נק_pct": 0.0, "נר_pct": 0.0, "עם_pct": 0.0, "פה_pct": 12.0, "ף_pct": 0.0, "צ_pct": 0.5, "ץ_pct": 0.0, "ק_pct": 0.0, "קי_pct": 0.0, "קך_pct": 0.0, "קנ_pct": 0.0, "קץ_pct": 0.0, "רז_pct": 0.0, "שס_pct": 13.0, "ת_pct": 0.0, "lat": 32.8085974, "lon": 34.9975411, "neighborhood": "הדר מרכז" }, "geometry": { "type": "Point", "coordinates": [ 34.9975411, 32.8085974 ] } },
{ "type": "Feature", "properties": { "סמל ועדה": 7, "ברזל": 2861, "שם ישוב": "חיפה", "סמל ישוב": 4000, "קלפי": "318.2", "ריכוז": 122, "שופט": 0, "בזב": 469, "מצביעים": 169, "פסולים": 1, "כשרים": 168, "אמת": 10, "אצ": 0, "ב": 1, "ג": 29, "ד": 1, "ום": 1, "ז": 0, "זך": 0, "זנ": 0, "זץ": 0, "ט": 15, "י": 0, "יז": 1, "ינ": 0, "יץ": 0, "יק": 0, "כן": 6, "ך": 1, "ל": 40, "מחל": 32, "מרצ": 6, "נז": 0, "ני": 0, "נף": 0, "נץ": 0, "נק": 0, "נר": 0, "עם": 0, "פה": 17, "ף": 0, "צ": 0, "ץ": 0, "ק": 0, "קי": 0, "קך": 0, "קנ": 0, "קץ": 0, "רז": 0, "שס": 8, "ת": 0, "כתובת קלפי": "פבזנר,54 ", "מקום קלפי": "ספריה עירונית \"פבזנר\"", "נגישה": " ", "נגישה מיוחדת": " ", "בוחרי כנסת בפועל": 469, "turnout_pct": 36.034115138592746, "אמת_pct": 5.9523809523809517, "אצ_pct": 0.0, "ב_pct": 0.59523809523809523, "ג_pct": 17.261904761904763, "ד_pct": 0.59523809523809523, "ום_pct": 0.59523809523809523, "ז_pct": 0.0, "זך_pct": 0.0, "זנ_pct": 0.0, "זץ_pct": 0.0, "ט_pct": 8.9285714285714288, "י_pct": 0.0, "יז_pct": 0.59523809523809523, "ינ_pct": 0.0, "יץ_pct": 0.0, "יק_pct": 0.0, "כן_pct": 3.5714285714285712, "ך_pct": 0.59523809523809523, "ל_pct": 23.809523809523807, "מחל_pct": 19.047619047619047, "מרצ_pct": 3.5714285714285712, "נז_pct": 0.0, "ני_pct": 0.0, "נף_pct": 0.0, "נץ_pct": 0.0, "נק_pct": 0.0, "נר_pct": 0.0, "עם_pct": 0.0, "פה_pct": 10.119047619047619, "ף_pct": 0.0, "צ_pct": 0.0, "ץ_pct": 0.0, "ק_pct": 0.0, "קי_pct": 0.0, "קך_pct": 0.0, "קנ_pct": 0.0, "קץ_pct": 0.0, "רז_pct": 0.0, "שס_pct": 4.7619047619047619, "ת_pct": 0.0, "lat": 32.8085974, "lon": 34.9975411, "neighborhood": "הדר מרכז" }, "geometry": { "type": "Point", "coordinates": [ 34.9975411, 32.8085974 ] } },
{ "type": "Feature", "properties": { "סמל ועדה": 7, "ברזל": 2862, "שם ישוב": "חיפה", "סמל ישוב": 4000, "קלפי": "318.3", "ריכוז": 197, "שופט": 0, "בזב": 468, "מצביעים": 209, "פסולים": 0, "כשרים": 209, "אמת": 10, "אצ": 0, "ב": 0, "ג": 59, "ד": 0, "ום": 2, "ז": 0, "זך": 0, "זנ": 0, "זץ": 0, "ט": 14, "י": 0, "יז": 0, "ינ": 0, "יץ": 0, "יק": 0, "כן": 5, "ך": 1, "ל": 38, "מחל": 25, "מרצ": 12, "נז": 1, "ני": 1, "נף": 0, "נץ": 0, "נק": 0, "נר": 0, "עם": 0, "פה": 20, "ף": 0, "צ": 2, "ץ": 0, "ק": 0, "קי": 0, "קך": 0, "קנ": 0, "קץ": 0, "רז": 0, "שס": 19, "ת": 0, "כתובת קלפי": "פבזנר,33 ", "מקום קלפי": "בית ההגנה \"צוות\"", "נגישה": " ", "נגישה מיוחדת": " ", "בוחרי כנסת בפועל": 468, "turnout_pct": 44.658119658119659, "אמת_pct": 4.7846889952153111, "אצ_pct": 0.0, "ב_pct": 0.0, "ג_pct": 28.229665071770331, "ד_pct": 0.0, "ום_pct": 0.9569377990430622, "ז_pct": 0.0, "זך_pct": 0.0, "זנ_pct": 0.0, "זץ_pct": 0.0, "ט_pct": 6.6985645933014357, "י_pct": 0.0, "יז_pct": 0.0, "ינ_pct": 0.0, "יץ_pct": 0.0, "יק_pct": 0.0, "כן_pct": 2.3923444976076556, "ך_pct": 0.4784688995215311, "ל_pct": 18.181818181818183, "מחל_pct": 11.961722488038278, "מרצ_pct": 5.741626794258373, "נז_pct": 0.4784688995215311, "ני_pct": 0.4784688995215311, "נף_pct": 0.0, "נץ_pct": 0.0, "נק_pct": 0.0, "נר_pct": 0.0, "עם_pct": 0.0, "פה_pct": 9.5693779904306222, "ף_pct": 0.0, "צ_pct": 0.9569377990430622, "ץ_pct": 0.0, "ק_pct": 0.0, "קי_pct": 0.0, "קך_pct": 0.0, "קנ_pct": 0.0, "קץ_pct": 0.0, "רז_pct": 0.0, "שס_pct": 9.0909090909090917, "ת_pct": 0.0, "lat": 32.8054229, "lon": 35.000016, "neighborhood": "הדר מרכז" }, "geometry": { "type": "Point", "coordinates": [ 35.000016, 32.8054229 ] } },
{ "type": "Feature", "properties": { "סמל ועדה": 7, "ברזל": 2863, "שם ישוב": "חיפה", "סמל ישוב": 4000, "קלפי": "320.1", "ריכוז": 188, "שופט": 0, "בזב": 621, "מצביעים": 351, "פסולים": 1, "כשרים": 350, "אמת": 1, "אצ": 0, "ב": 2, "ג": 125, "ד": 0, "ום": 3, "ז": 0, "זך": 0, "זנ": 0, "זץ": 0, "ט": 20, "י": 0, "יז": 0, "ינ": 0, "יץ": 0, "יק": 0, "כן": 7, "ך": 0, "ל": 27, "מחל": 38, "מרצ": 0, "נז": 0, "ני": 0, "נף": 0, "נץ": 0, "נק": 0, "נר": 0, "עם": 0, "פה": 24, "ף": 0, "צ": 0, "ץ": 0, "ק": 1, "קי": 0, "קך": 0, "קנ": 0, "קץ": 1, "רז": 1, "שס": 100, "ת": 0, "כתובת קלפי": "בצלאל,5 ", "מקום קלפי": "ת.דתי לבנות בית יעקב", "נגישה": " ", "נגישה מיוחדת": " ", "בוחרי כנסת בפועל": 621, "turnout_pct": 56.521739130434781, "אמת_pct": 0.2857142857142857, "אצ_pct": 0.0, "ב_pct": 0.5714285714285714, "ג_pct": 35.714285714285715, "ד_pct": 0.0, "ום_pct": 0.85714285714285721, "ז_pct": 0.0, "זך_pct": 0.0, "זנ_pct": 0.0, "זץ_pct": 0.0, "ט_pct": 5.7142857142857144, "י_pct": 0.0, "יז_pct": 0.0, "ינ_pct": 0.0, "יץ_pct": 0.0, "יק_pct": 0.0, "כן_pct": 2.0, "ך_pct": 0.0, "ל_pct": 7.7142857142857135, "מחל_pct": 10.857142857142858, "מרצ_pct": 0.0, "נז_pct": 0.0, "ני_pct": 0.0, "נף_pct": 0.0, "נץ_pct": 0.0, "נק_pct": 0.0, "נר_pct": 0.0, "עם_pct": 0.0, "פה_pct": 6.8571428571428577, "ף_pct": 0.0, "צ_pct": 0.0, "ץ_pct": 0.0, "ק_pct": 0.2857142857142857, "קי_pct": 0.0, "קך_pct": 0.0, "קנ_pct": 0.0, "קץ_pct": 0.2857142857142857, "רז_pct": 0.2857142857142857, "שס_pct": 28.571428571428569, "ת_pct": 0.0, "lat": 32.80353, "lon": 35.0000656, "neighborhood": "גאולה" }, "geometry": { "type": "Point", "coordinates": [ 35.0000656, 32.80353 ] } },
{ "type": "Feature", "properties": { "סמל ועדה": 7, "ברזל": 2864, "שם ישוב": "חיפה", "סמל ישוב": 4000, "קלפי": "320.2", "ריכוז": 188, "שופט": 0, "בזב": 621, "מצביעים": 377, "פסולים": 2, "כשרים": 375, "אמת": 1, "אצ": 0, "ב": 0, "ג": 241, "ד": 0, "ום": 0, "ז": 0, "זך": 0, "זנ": 0, "זץ": 0, "ט": 16, "י": 0, "יז": 1, "ינ": 0, "יץ": 0, "יק": 0, "כן": 1, "ך": 0, "ל": 24, "מחל": 32, "מרצ": 2, "נז": 0, "ני": 0, "נף": 0, "נץ": 0, "נק": 0, "נר": 0, "עם": 0, "פה": 18, "ף": 0, "צ": 0, "ץ": 0, "ק": 0, "קי": 0, "קך": 0, "קנ": 0, "קץ": 0, "רז": 0, "שס": 38, "ת": 1, "כתובת קלפי": "בצלאל,5 ", "מקום קלפי": "ת.דתי לבנות בית יעקב", "נגישה": " ", "נגישה מיוחדת": " ", "בוחרי כנסת בפועל": 621, "turnout_pct": 60.708534621578103, "אמת_pct": 0.26666666666666666, "אצ_pct": 0.0, "ב_pct": 0.0, "ג_pct": 64.266666666666666, "ד_pct": 0.0, "ום_pct": 0.0, "ז_pct": 0.0, "זך_pct": 0.0, "זנ_pct": 0.0, "זץ_pct": 0.0, "ט_pct": 4.2666666666666666, "י_pct": 0.0, "יז_pct": 0.26666666666666666, "ינ_pct": 0.0, "יץ_pct": 0.0, "יק_pct": 0.0, "כן_pct": 0.26666666666666666, "ך_pct": 0.0, "ל_pct": 6.4, "מחל_pct": 8.5333333333333332, "מרצ_pct": 0.53333333333333333, "נז_pct": 0.0, "ני_pct": 0.0, "נף_pct": 0.0, "נץ_pct": 0.0, "נק_pct": 0.0, "נר_pct": 0.0, "עם_pct": 0.0, "פה_pct": 4.8, "ף_pct": 0.0, "צ_pct": 0.0, "ץ_pct": 0.0, "ק_pct": 0.0, "קי_pct": 0.0, "קך_pct": 0.0, "קנ_pct": 0.0, "קץ_pct": 0.0, "רז_pct": 0.0, "שס_pct": 10.133333333333333, "ת_pct": 0.26666666666666666, "lat": 32.80353, "lon": 35.0000656, "neighborhood": "גאולה" }, "geometry": { "type": "Point", "coordinates": [ 35.0000656, 32.80353 ] } },
{ "type": "Feature", "properties": { "סמל ועדה": 7, "ברזל": 2865, "שם ישוב": "חיפה", "סמל ישוב": 4000, "קלפי": "320.3", "ריכוז": 188, "שופט": 0, "בזב": 621, "מצביעים": 359, "פסולים": 4, "כשרים": 355, "אמת": 1, "אצ": 0, "ב": 0, "ג": 211, "ד": 0, "ום": 0, "ז": 0, "זך": 0, "זנ": 0, "זץ": 0, "ט": 11, "י": 0, "יז": 0, "ינ": 0, "יץ": 0, "יק": 0, "כן": 9, "ך": 0, "ל": 23, "מחל": 32, "מרצ": 6, "נז": 0, "ני": 0, "נף": 0, "נץ": 0, "נק": 0, "נר": 0, "עם": 1, "פה": 19, "ף": 0, "צ": 0, "ץ": 0, "ק": 0, "קי": 0, "קך": 0, "קנ": 0, "קץ": 2, "רז": 0, "שס": 40, "ת": 0, "כתובת קלפי": "בצלאל,5 ", "מקום קלפי": "ת.דתי לבנות בית יעקב", "נגישה": " ", "נגישה מיוחדת": " ", "בוחרי כנסת בפועל": 621, "turnout_pct": 57.809983896940423, "אמת_pct": 0.28169014084507044, "אצ_pct": 0.0, "ב_pct": 0.0, "ג_pct": 59.436619718309856, "ד_pct": 0.0, "ום_pct": 0.0, "ז_pct": 0.0, "זך_pct": 0.0, "זנ_pct": 0.0, "זץ_pct": 0.0, "ט_pct": 3.0985915492957745, "י_pct": 0.0, "יז_pct": 0.0, "ינ_pct": 0.0, "יץ_pct": 0.0, "יק_pct": 0.0, "כן_pct": 2.535211267605634, "ך_pct": 0.0, "ל_pct": 6.4788732394366191, "מחל_pct": 9.0140845070422539, "מרצ_pct": 1.6901408450704223, "נז_pct": 0.0, "ני_pct": 0.0, "נף_pct": 0.0, "נץ_pct": 0.0, "נק_pct": 0.0, "נר_pct": 0.0, "עם_pct": 0.28169014084507044, "פה_pct": 5.352112676056338, "ף_pct": 0.0, "צ_pct": 0.0, "ץ_pct": 0.0, "ק_pct": 0.0, "קי_pct": 0.0, "קך_pct": 0.0, "קנ_pct": 0.0, "קץ_pct": 0.56338028169014087, "רז_pct": 0.0, "שס_pct": 11.267605633802818, "ת_pct": 0.0, "lat": 32.80353, "lon": 35.0000656, "neighborhood": "גאולה" }, "geometry": { "type": "Point", "coordinates": [ 35.0000656, 32.80353 ] } },
{ "type": "Feature", "properties": { "סמל ועדה": 7, "ברזל": 2866, "שם ישוב": "חיפה", "סמל ישוב": 4000, "קלפי": "320.4", "ריכוז": 188, "שופט": 0, "בזב": 621, "מצביעים": 354, "פסולים": 1, "כשרים": 353, "אמת": 1, "אצ": 0, "ב": 2, "ג": 157, "ד": 0, "ום": 4, "ז": 0, "זך": 0, "זנ": 0, "זץ": 0, "ט": 14, "י": 0, "יז": 2, "ינ": 0, "יץ": 0, "יק": 0, "כן": 12, "ך": 0, "ל": 25, "מחל": 36, "מרצ": 6, "נז": 0, "ני": 1, "נף": 0, "נץ": 0, "נק": 0, "נר": 0, "עם": 0, "פה": 44, "ף": 0, "צ": 0, "ץ": 0, "ק": 0, "קי": 0, "קך": 0, "קנ": 0, "קץ": 0, "רז": 0, "שס": 49, "ת": 0, "כתובת קלפי": "בצלאל,5 ", "מקום קלפי": "ת.דתי לבנות בית יעקב", "נגישה": " ", "נגישה מיוחדת": " ", "בוחרי כנסת בפועל": 621, "turnout_pct": 57.004830917874393, "אמת_pct": 0.28328611898016998, "אצ_pct": 0.0, "ב_pct": 0.56657223796033995, "ג_pct": 44.475920679886691, "ד_pct": 0.0, "ום_pct": 1.1331444759206799, "ז_pct": 0.0, "זך_pct": 0.0, "זנ_pct": 0.0, "זץ_pct": 0.0, "ט_pct": 3.9660056657223794, "י_pct": 0.0, "יז_pct": 0.56657223796033995, "ינ_pct": 0.0, "יץ_pct": 0.0, "יק_pct": 0.0, "כן_pct": 3.3994334277620402, "ך_pct": 0.0, "ל_pct": 7.0821529745042495, "מחל_pct": 10.198300283286118, "מרצ_pct": 1.6997167138810201, "נז_pct": 0.0, "ני_pct": 0.28328611898016998, "נף_pct": 0.0, "נץ_pct": 0.0, "נק_pct": 0.0, "נר_pct": 0.0, "עם_pct": 0.0, "פה_pct": 12.464589235127479, "ף_pct": 0.0, "צ_pct": 0.0, "ץ_pct": 0.0, "ק_pct": 0.0, "קי_pct": 0.0, "קך_pct": 0.0, "קנ_pct": 0.0, "קץ_pct": 0.0, "רז_pct": 0.0, "שס_pct": 13.881019830028329, "ת_pct": 0.0, "lat": 32.80353, "lon": 35.0000656, "neighborhood": "גאולה" }, "geometry": { "type": "Point", "coordinates": [ 35.0000656, 32.80353 ] } },
{ "type": "Feature", "properties": { "סמל ועדה": 7, "ברזל": 2867, "שם ישוב": "חיפה", "סמל ישוב": 4000, "קלפי": "320.5", "ריכוז": 188, "שופט": 0, "בזב": 621, "מצביעים": 399, "פסולים": 3, "כשרים": 396, "אמת": 4, "אצ": 0, "ב": 1, "ג": 246, "ד": 0, "ום": 1, "ז": 0, "זך": 0, "זנ": 0, "זץ": 0, "ט": 13, "י": 0, "יז": 0, "ינ": 0, "יץ": 0, "יק": 0, "כן": 8, "ך": 1, "ל": 47, "מחל": 17, "מרצ": 3, "נז": 0, "ני": 1, "נף": 0, "נץ": 0, "נק": 0, "נר": 1, "עם": 0, "פה": 23, "ף": 0, "צ": 0, "ץ": 0, "ק": 1, "קי": 0, "קך": 0, "קנ": 0, "קץ": 0, "רז": 0, "שס": 29, "ת": 0, "כתובת קלפי": "בצלאל,5 ", "מקום קלפי": "ת.דתי לבנות בית יעקב", "נגישה": " ", "נגישה מיוחדת": " ", "בוחרי כנסת בפועל": 621, "turnout_pct": 64.251207729468589, "אמת_pct": 1.0101010101010102, "אצ_pct": 0.0, "ב_pct": 0.25252525252525254, "ג_pct": 62.121212121212125, "ד_pct": 0.0, "ום_pct": 0.25252525252525254, "ז_pct": 0.0, "זך_pct": 0.0, "זנ_pct": 0.0, "זץ_pct": 0.0, "ט_pct": 3.2828282828282833, "י_pct": 0.0, "יז_pct": 0.0, "ינ_pct": 0.0, "יץ_pct": 0.0, "יק_pct": 0.0, "כן_pct": 2.0202020202020203, "ך_pct": 0.25252525252525254, "ל_pct": 11.868686868686869, "מחל_pct": 4.2929292929292924, "מרצ_pct": 0.75757575757575757, "נז_pct": 0.0, "ני_pct": 0.25252525252525254, "נף_pct": 0.0, "נץ_pct": 0.0, "נק_pct": 0.0, "נר_pct": 0.25252525252525254, "עם_pct": 0.0, "פה_pct": 5.808080808080808, "ף_pct": 0.0, "צ_pct": 0.0, "ץ_pct": 0.0, "ק_pct": 0.25252525252525254, "קי_pct": 0.0, "קך_pct": 0.0, "קנ_pct": 0.0, "קץ_pct": 0.0, "רז_pct": 0.0, "שס_pct": 7.3232323232323235, "ת_pct": 0.0, "lat": 32.80353, "lon": 35.0000656, "neighborhood": "גאולה" }, "geometry": { "type": "Point", "coordinates": [ 35.0000656, 32.80353 ] } },
{ "type": "Feature", "properties": { "סמל ועדה": 7, "ברזל": 2868, "שם ישוב": "חיפה", "סמל ישוב": 4000, "קלפי": "320.6", "ריכוז": 188, "שופט": 0, "בזב": 617, "מצביעים": 375, "פסולים": 0, "כשרים": 375, "אמת": 0, "אצ": 0, "ב": 1, "ג": 219, "ד": 0, "ום": 0, "ז": 0, "זך": 0, "זנ": 0, "זץ": 0, "ט": 8, "י": 0, "יז": 0, "ינ": 0, "יץ": 0, "יק": 0, "כן": 12, "ך": 0, "ל": 29, "מחל": 20, "מרצ": 4, "נז": 0, "ני": 0, "נף": 0, "נץ": 0, "נק": 0, "נר": 0, "עם": 0, "פה": 25, "ף": 0, "צ": 2, "ץ": 0, "ק": 0, "קי": 0, "קך": 0, "קנ": 0, "קץ": 0, "רז": 0, "שס": 55, "ת": 0, "כתובת קלפי": "בצלאל,5 ", "מקום קלפי": "ת.דתי לבנות בית יעקב", "נגישה": " ", "נגישה מיוחדת": " ", "בוחרי כנסת בפועל": 617, "turnout_pct": 60.777957860615885, "אמת_pct": 0.0, "אצ_pct": 0.0, "ב_pct": 0.26666666666666666, "ג_pct": 58.4, "ד_pct": 0.0, "ום_pct": 0.0, "ז_pct": 0.0, "זך_pct": 0.0, "זנ_pct": 0.0, "זץ_pct": 0.0, "ט_pct": 2.1333333333333333, "י_pct": 0.0, "יז_pct": 0.0, "ינ_pct": 0.0, "יץ_pct": 0.0, "יק_pct": 0.0, "כן_pct": 3.2, "ך_pct": 0.0, "ל_pct": 7.7333333333333334, "מחל_pct": 5.3333333333333339, "מרצ_pct": 1.0666666666666667, "נז_pct": 0.0, "ני_pct": 0.0, "נף_pct": 0.0, "נץ_pct": 0.0, "נק_pct": 0.0, "נר_pct": 0.0, "עם_pct": 0.0, "פה_pct": 6.666666666666667, "ף_pct": 0.0, "צ_pct": 0.53333333333333333, "ץ_pct": 0.0, "ק_pct": 0.0, "קי_pct": 0.0, "קך_pct": 0.0, "קנ_pct": 0.0, "קץ_pct": 0.0, "רז_pct": 0.0, "שס_pct": 14.666666666666666, "ת_pct": 0.0, "lat": 32.80353, "lon": 35.0000656, "neighborhood": "גאולה" }, "geometry": { "type": "Point", "coordinates": [ 35.0000656, 32.80353 ] } },
{ "type": "Feature", "properties": { "סמל ועדה": 7, "ברזל": 2869, "שם ישוב": "חיפה", "סמל ישוב": 4000, "קלפי": "327", "ריכוז": 72, "שופט": 0, "בזב": 561, "מצביעים": 237, "פסולים": 0, "כשרים": 237, "אמת": 6, "אצ": 3, "ב": 0, "ג": 71, "ד": 1, "ום": 1, "ז": 0, "זך": 0, "זנ": 0, "זץ": 0, "ט": 11, "י": 0, "יז": 0, "ינ": 0, "יץ": 0, "יק": 0, "כן": 12, "ך": 0, "ל": 36, "מחל": 48, "מרצ": 10, "נז": 0, "ני": 0, "נף": 0, "נץ": 0, "נק": 0, "נר": 0, "עם": 0, "פה": 23, "ף": 0, "צ": 1, "ץ": 0, "ק": 0, "קי": 0, "קך": 0, "קנ": 0, "קץ": 1, "רז": 0, "שס": 13, "ת": 0, "כתובת קלפי": "בית\"ר,8 ", "מקום קלפי": "מתנ\"ס הדר", "נגישה": " ", "נגישה מיוחדת": " ", "בוחרי כנסת בפועל": 561, "turnout_pct": 42.245989304812838, "אמת_pct": 2.5316455696202533, "אצ_pct": 1.2658227848101267, "ב_pct": 0.0, "ג_pct": 29.957805907172997, "ד_pct": 0.42194092827004215, "ום_pct": 0.42194092827004215, "ז_pct": 0.0, "זך_pct": 0.0, "זנ_pct": 0.0, "זץ_pct": 0.0, "ט_pct": 4.6413502109704643, "י_pct": 0.0, "יז_pct": 0.0, "ינ_pct": 0.0, "יץ_pct": 0.0, "יק_pct": 0.0, "כן_pct": 5.0632911392405067, "ך_pct": 0.0, "ל_pct": 15.18987341772152, "מחל_pct": 20.253164556962027, "מרצ_pct": 4.2194092827004219, "נז_pct": 0.0, "ני_pct": 0.0, "נף_pct": 0.0, "נץ_pct": 0.0, "נק_pct": 0.0, "נר_pct": 0.0, "עם_pct": 0.0, "פה_pct": 9.7046413502109701, "ף_pct": 0.0, "צ_pct": 0.42194092827004215, "ץ_pct": 0.0, "ק_pct": 0.0, "קי_pct": 0.0, "קך_pct": 0.0, "קנ_pct": 0.0, "קץ_pct": 0.42194092827004215, "רז_pct": 0.0, "שס_pct": 5.485232067510549, "ת_pct": 0.0, "lat": 32.8043228, "lon": 35.0004374, "neighborhood": "גאולה" }, "geometry": { "type": "Point", "coordinates": [ 35.0004374, 32.8043228 ] } },
{ "type": "Feature", "properties": { "סמל ועדה": 7, "ברזל": 2870, "שם ישוב": "חיפה", "סמל ישוב": 4000, "קלפי": "328", "ריכוז": 72, "שופט": 1, "בזב": 573, "מצביעים": 367, "פסולים": 0, "כשרים": 367, "אמת": 2, "אצ": 0, "ב": 4, "ג": 237, "ד": 1, "ום": 0, "ז": 0, "זך": 0, "זנ": 0, "זץ": 0, "ט": 19, "י": 0, "יז": 1, "ינ": 0, "יץ": 0, "יק": 0, "כן": 3, "ך": 0, "ל": 14, "מחל": 32, "מרצ": 0, "נז": 1, "ני": 0, "נף": 0, "נץ": 0, "נק": 0, "נר": 0, "עם": 0, "פה": 8, "ף": 0, "צ": 0, "ץ": 0, "ק": 0, "קי": 0, "קך": 0, "קנ": 0, "קץ": 0, "רז": 0, "שס": 45, "ת": 0, "כתובת קלפי": "בית\"ר,8 ", "מקום קלפי": "מתנ\"ס הדר", "נגישה": " ", "נגישה מיוחדת": " ", "בוחרי כנסת בפועל": 573, "turnout_pct": 64.048865619546248, "אמת_pct": 0.54495912806539504, "אצ_pct": 0.0, "ב_pct": 1.0899182561307901, "ג_pct": 64.577656675749324, "ד_pct": 0.27247956403269752, "ום_pct": 0.0, "ז_pct": 0.0, "זך_pct": 0.0, "זנ_pct": 0.0, "זץ_pct": 0.0, "ט_pct": 5.1771117166212539, "י_pct": 0.0, "יז_pct": 0.27247956403269752, "ינ_pct": 0.0, "יץ_pct": 0.0, "יק_pct": 0.0, "כן_pct": 0.81743869209809261, "ך_pct": 0.0, "ל_pct": 3.8147138964577656, "מחל_pct": 8.7193460490463206, "מרצ_pct": 0.0, "נז_pct": 0.27247956403269752, "ני_pct": 0.0, "נף_pct": 0.0, "נץ_pct": 0.0, "נק_pct": 0.0, "נר_pct": 0.0, "עם_pct": 0.0, "פה_pct": 2.1798365122615802, "ף_pct": 0.0, "צ_pct": 0.0, "ץ_pct": 0.0, "ק_pct": 0.0, "קי_pct": 0.0, "קך_pct": 0.0, "קנ_pct": 0.0, "קץ_pct": 0.0, "רז_pct": 0.0, "שס_pct": 12.26158038147139, "ת_pct": 0.0, "lat": 32.8043228, "lon": 35.0004374, "neighborhood": "גאולה" }, "geometry": { "type": "Point", "coordinates": [ 35.0004374, 32.8043228 ] } },
{ "type": "Feature", "properties": { "סמל ועדה": 7, "ברזל": 2871, "שם ישוב": "חיפה", "סמל ישוב": 4000, "קלפי": "343.1", "ריכוז": 130, "שופט": 0, "בזב": 581, "מצביעים": 322, "פסולים": 2, "כשרים": 320, "אמת": 1, "אצ": 0, "ב": 0, "ג": 182, "ד": 3, "ום": 3, "ז": 1, "זך": 0, "זנ": 0, "זץ": 1, "ט": 12, "י": 0, "יז": 0, "ינ": 0, "יץ": 0, "יק": 0, "כן": 5, "ך": 0, "ל": 14, "מחל": 32, "מרצ": 1, "נז": 0, "ני": 0, "נף": 0, "נץ": 0, "נק": 0, "נר": 0, "עם": 0, "פה": 7, "ף": 1, "צ": 0, "ץ": 0, "ק": 0, "קי": 0, "קך": 0, "קנ": 0, "קץ": 0, "רז": 0, "שס": 57, "ת": 0, "כתובת קלפי": "בן בבא,4 ", "מקום קלפי": "תלמוד תורה תורת אמת", "נגישה": " ", "נגישה מיוחדת": " ", "בוחרי כנסת בפועל": 581, "turnout_pct": 55.421686746987952, "אמת_pct": 0.3125, "אצ_pct": 0.0, "ב_pct": 0.0, "ג_pct": 56.875, "ד_pct": 0.9375, "ום_pct": 0.9375, "ז_pct": 0.3125, "זך_pct": 0.0, "זנ_pct": 0.0, "זץ_pct": 0.3125, "ט_pct": 3.75, "י_pct": 0.0, "יז_pct": 0.0, "ינ_pct": 0.0, "יץ_pct": 0.0, "יק_pct": 0.0, "כן_pct": 1.5625, "ך_pct": 0.0, "ל_pct": 4.375, "מחל_pct": 10.0, "מרצ_pct": 0.3125, "נז_pct": 0.0, "ני_pct": 0.0, "נף_pct": 0.0, "נץ_pct": 0.0, "נק_pct": 0.0, "נר_pct": 0.0, "עם_pct": 0.0, "פה_pct": 2.1875, "ף_pct": 0.3125, "צ_pct": 0.0, "ץ_pct": 0.0, "ק_pct": 0.0, "קי_pct": 0.0, "קך_pct": 0.0, "קנ_pct": 0.0, "קץ_pct": 0.0, "רז_pct": 0.0, "שס_pct": 17.8125, "ת_pct": 0.0, "lat": 32.8035016, "lon": 35.0023729, "neighborhood": "גאולה" }, "geometry": { "type": "Point", "coordinates": [ 35.0023729, 32.8035016 ] } },
{ "type": "Feature", "properties": { "סמל ועדה": 7, "ברזל": 2872, "שם ישוב": "חיפה", "סמל ישוב": 4000, "קלפי": "343.2", "ריכוז": 130, "שופט": 0, "בזב": 581, "מצביעים": 409, "פסולים": 1, "כשרים": 408, "אמת": 0, "אצ": 0, "ב": 1, "ג": 327, "ד": 0, "ום": 7, "ז": 0, "זך": 0, "זנ": 0, "זץ": 0, "ט": 6, "י": 0, "יז": 0, "ינ": 0, "יץ": 0, "יק": 0, "כן": 0, "ך": 0, "ל": 11, "מחל": 18, "מרצ": 1, "נז": 0, "ני": 0, "נף": 0, "נץ": 0, "נק": 0, "נר": 0, "עם": 1, "פה": 4, "ף": 0, "צ": 0, "ץ": 0, "ק": 0, "קי": 0, "קך": 0, "קנ": 0, "קץ": 0, "רז": 0, "שס": 32, "ת": 0, "כתובת קלפי": "בן בבא,4 ", "מקום קלפי": "תלמוד תורה תורת אמת", "נגישה": " ", "נגישה מיוחדת": " ", "בוחרי כנסת בפועל": 581, "turnout_pct": 70.395869191049911, "אמת_pct": 0.0, "אצ_pct": 0.0, "ב_pct": 0.24509803921568626, "ג_pct": 80.14705882352942, "ד_pct": 0.0, "ום_pct": 1.715686274509804, "ז_pct": 0.0, "זך_pct": 0.0, "זנ_pct": 0.0, "זץ_pct": 0.0, "ט_pct": 1.4705882352941175, "י_pct": 0.0, "יז_pct": 0.0, "ינ_pct": 0.0, "יץ_pct": 0.0, "יק_pct": 0.0, "כן_pct": 0.0, "ך_pct": 0.0, "ל_pct": 2.6960784313725492, "מחל_pct": 4.4117647058823533, "מרצ_pct": 0.24509803921568626, "נז_pct": 0.0, "ני_pct": 0.0, "נף_pct": 0.0, "נץ_pct": 0.0, "נק_pct": 0.0, "נר_pct": 0.0, "עם_pct": 0.24509803921568626, "פה_pct": 0.98039215686274506, "ף_pct": 0.0, "צ_pct": 0.0, "ץ_pct": 0.0, "ק_pct": 0.0, "קי_pct": 0.0, "קך_pct": 0.0, "קנ_pct": 0.0, "קץ_pct": 0.0, "רז_pct": 0.0, "שס_pct": 7.8431372549019605, "ת_pct": 0.0, "lat": 32.8035016, "lon": 35.0023729, "neighborhood": "גאולה" }, "geometry": { "type": "Point", "coordinates": [ 35.0023729, 32.8035016 ] } },
{ "type": "Feature", "properties": { "סמל ועדה": 7, "ברזל": 2873, "שם ישוב": "חיפה", "סמל ישוב": 4000, "קלפי": "343.3", "ריכוז": 130, "שופט": 0, "בזב": 581, "מצביעים": 378, "פסולים": 0, "כשרים": 378, "אמת": 3, "אצ": 0, "ב": 2, "ג": 297, "ד": 0, "ום": 3, "ז": 0, "זך": 0, "זנ": 0, "זץ": 0, "ט": 8, "י": 0, "יז": 0, "ינ": 0, "יץ": 0, "יק": 1, "כן": 1, "ך": 0, "ל": 11, "מחל": 14, "מרצ": 1, "נז": 0, "ני": 0, "נף": 0, "נץ": 0, "נק": 0, "נר": 0, "עם": 2, "פה": 15, "ף": 0, "צ": 0, "ץ": 0, "ק": 0, "קי": 0, "קך": 0, "קנ": 0, "קץ": 0, "רז": 0, "שס": 20, "ת": 0, "כתובת קלפי": "בן בבא,4 ", "מקום קלפי": "תלמוד תורה תורת אמת", "נגישה": " ", "נגישה מיוחדת": " ", "בוחרי כנסת בפועל": 581, "turnout_pct": 65.060240963855421, "אמת_pct": 0.79365079365079361, "אצ_pct": 0.0, "ב_pct": 0.52910052910052907, "ג_pct": 78.571428571428569, "ד_pct": 0.0, "ום_pct": 0.79365079365079361, "ז_pct": 0.0, "זך_pct": 0.0, "זנ_pct": 0.0, "זץ_pct": 0.0, "ט_pct": 2.1164021164021163, "י_pct": 0.0, "יז_pct": 0.0, "ינ_pct": 0.0, "יץ_pct": 0.0, "יק_pct": 0.26455026455026454, "כן_pct": 0.26455026455026454, "ך_pct": 0.0, "ל_pct": 2.9100529100529098, "מחל_pct": 3.7037037037037033, "מרצ_pct": 0.26455026455026454, "נז_pct": 0.0, "ני_pct": 0.0, "נף_pct": 0.0, "נץ_pct": 0.0, "נק_pct": 0.0, "נר_pct": 0.0, "עם_pct": 0.52910052910052907, "פה_pct": 3.9682539682539679, "ף_pct": 0.0, "צ_pct": 0.0, "ץ_pct": 0.0, "ק_pct": 0.0, "קי_pct": 0.0, "קך_pct": 0.0, "קנ_pct": 0.0, "קץ_pct": 0.0, "רז_pct": 0.0, "שס_pct": 5.2910052910052912, "ת_pct": 0.0, "lat": 32.8035016, "lon": 35.0023729, "neighborhood": "גאולה" }, "geometry": { "type": "Point", "coordinates": [ 35.0023729, 32.8035016 ] } },
{ "type": "Feature", "properties": { "סמל ועדה": 7, "ברזל": 2874, "שם ישוב": "חיפה", "סמל ישוב": 4000, "קלפי": "343.4", "ריכוז": 130, "שופט": 0, "בזב": 581, "מצביעים": 354, "פסולים": 3, "כשרים": 351, "אמת": 0, "אצ": 0, "ב": 1, "ג": 262, "ד": 2, "ום": 3, "ז": 0, "זך": 0, "זנ": 0, "זץ": 0, "ט": 3, "י": 0, "יז": 0, "ינ": 0, "יץ": 0, "יק": 0, "כן": 3, "ך": 2, "ל": 29, "מחל": 5, "מרצ": 3, "נז": 0, "ני": 0, "נף": 0, "נץ": 0, "נק": 0, "נר": 0, "עם": 1, "פה": 15, "ף": 0, "צ": 0, "ץ": 0, "ק": 0, "קי": 0, "קך": 0, "קנ": 0, "קץ": 0, "רז": 0, "שס": 22, "ת": 0, "כתובת קלפי": "בן בבא,4 ", "מקום קלפי": "תלמוד תורה תורת אמת", "נגישה": " ", "נגישה מיוחדת": " ", "בוחרי כנסת בפועל": 581, "turnout_pct": 60.929432013769357, "אמת_pct": 0.0, "אצ_pct": 0.0, "ב_pct": 0.28490028490028491, "ג_pct": 74.643874643874639, "ד_pct": 0.56980056980056981, "ום_pct": 0.85470085470085477, "ז_pct": 0.0, "זך_pct": 0.0, "זנ_pct": 0.0, "זץ_pct": 0.0, "ט_pct": 0.85470085470085477, "י_pct": 0.0, "יז_pct": 0.0, "ינ_pct": 0.0, "יץ_pct": 0.0, "יק_pct": 0.0, "כן_pct": 0.85470085470085477, "ך_pct": 0.56980056980056981, "ל_pct": 8.2621082621082618, "מחל_pct": 1.4245014245014245, "מרצ_pct": 0.85470085470085477, "נז_pct": 0.0, "ני_pct": 0.0, "נף_pct": 0.0, "נץ_pct": 0.0, "נק_pct": 0.0, "נר_pct": 0.0, "עם_pct": 0.28490028490028491, "פה_pct": 4.2735042735042734, "ף_pct": 0.0, "צ_pct": 0.0, "ץ_pct": 0.0, "ק_pct": 0.0, "קי_pct": 0.0, "קך_pct": 0.0, "קנ_pct": 0.0, "קץ_pct": 0.0, "רז_pct": 0.0, "שס_pct": 6.267806267806268, "ת_pct": 0.0, "lat": 32.8035016, "lon": 35.0023729, "neighborhood": "גאולה" }, "geometry": { "type": "Point", "coordinates": [ 35.0023729, 32.8035016 ] } },
{ "type": "Feature", "properties": { "סמל ועדה": 7, "ברזל": 2875, "שם ישוב": "חיפה", "סמל ישוב": 4000, "קלפי": "343.5", "ריכוז": 130, "שופט": 0, "בזב": 577, "מצביעים": 426, "פסולים": 4, "כשרים": 422, "אמת": 0, "אצ": 0, "ב": 1, "ג": 354, "ד": 0, "ום": 1, "ז": 0, "זך": 0, "זנ": 0, "זץ": 0, "ט": 7, "י": 0, "יז": 0, "ינ": 0, "יץ": 0, "יק": 0, "כן": 0, "ך": 0, "ל": 11, "מחל": 14, "מרצ": 1, "נז": 0, "ני": 0, "נף": 0, "נץ": 0, "נק": 0, "נר": 0, "עם": 0, "פה": 7, "ף": 0, "צ": 0, "ץ": 0, "ק": 0, "קי": 0, "קך": 0, "קנ": 0, "קץ": 1, "רז": 0, "שס": 25, "ת": 0, "כתובת קלפי": "בן בבא,4 ", "מקום קלפי": "תלמוד תורה תורת אמת", "נגישה": " ", "נגישה מיוחדת": " ", "בוחרי כנסת בפועל": 577, "turnout_pct": 73.830155979202772, "אמת_pct": 0.0, "אצ_pct": 0.0, "ב_pct": 0.23696682464454977, "ג_pct": 83.886255924170612, "ד_pct": 0.0, "ום_pct": 0.23696682464454977, "ז_pct": 0.0, "זך_pct": 0.0, "זנ_pct": 0.0, "זץ_pct": 0.0, "ט_pct": 1.6587677725118484, "י_pct": 0.0, "יז_pct": 0.0, "ינ_pct": 0.0, "יץ_pct": 0.0, "יק_pct": 0.0, "כן_pct": 0.0, "ך_pct": 0.0, "ל_pct": 2.6066350710900474, "מחל_pct": 3.3175355450236967, "מרצ_pct": 0.23696682464454977, "נז_pct": 0.0, "ני_pct": 0.0, "נף_pct": 0.0, "נץ_pct": 0.0, "נק_pct": 0.0, "נר_pct": 0.0, "עם_pct": 0.0, "פה_pct": 1.6587677725118484, "ף_pct": 0.0, "צ_pct": 0.0, "ץ_pct": 0.0, "ק_pct": 0.0, "קי_pct": 0.0, "קך_pct": 0.0, "קנ_pct": 0.0, "קץ_pct": 0.23696682464454977, "רז_pct": 0.0, "שס_pct": 5.9241706161137442, "ת_pct": 0.0, "lat": 32.8035016, "lon": 35.0023729, "neighborhood": "גאולה" }, "geometry": { "type": "Point", "coordinates": [ 35.0023729, 32.8035016 ] } },
{ "type": "Feature", "properties": { "סמל ועדה": 7, "ברזל": 2876, "שם ישוב": "חיפה", "סמל ישוב": 4000, "קלפי": "344.1", "ריכוז": 63, "שופט": 0, "בזב": 607, "מצביעים": 224, "פסולים": 1, "כשרים": 223, "אמת": 19, "אצ": 0, "ב": 3, "ג": 11, "ד": 9, "ום": 14, "ז": 0, "זך": 0, "זנ": 0, "זץ": 0, "ט": 13, "י": 0, "יז": 1, "ינ": 0, "יץ": 0, "יק": 0, "כן": 4, "ך": 1, "ל": 34, "מחל": 39, "מרצ": 11, "נז": 0, "ני": 0, "נף": 0, "נץ": 0, "נק": 1, "נר": 0, "עם": 0, "פה": 49, "ף": 0, "צ": 0, "ץ": 0, "ק": 0, "קי": 1, "קך": 0, "קנ": 0, "קץ": 0, "רז": 0, "שס": 12, "ת": 1, "כתובת קלפי": "שמריהו לוין,15 ", "מקום קלפי": "בי\"ס הריאלי", "נגישה": "כ", "נגישה מיוחדת": "כ", "בוחרי כנסת בפועל": 607, "turnout_pct": 36.902800658978585, "אמת_pct": 8.5201793721973083, "אצ_pct": 0.0, "ב_pct": 1.3452914798206279, "ג_pct": 4.9327354260089686, "ד_pct": 4.0358744394618835, "ום_pct": 6.2780269058295968, "ז_pct": 0.0, "זך_pct": 0.0, "זנ_pct": 0.0, "זץ_pct": 0.0, "ט_pct": 5.8295964125560538, "י_pct": 0.0, "יז_pct": 0.44843049327354262, "ינ_pct": 0.0, "יץ_pct": 0.0, "יק_pct": 0.0, "כן_pct": 1.7937219730941705, "ך_pct": 0.44843049327354262, "ל_pct": 15.246636771300448, "מחל_pct": 17.488789237668161, "מרצ_pct": 4.9327354260089686, "נז_pct": 0.0, "ני_pct": 0.0, "נף_pct": 0.0, "נץ_pct": 0.0, "נק_pct": 0.44843049327354262, "נר_pct": 0.0, "עם_pct": 0.0, "פה_pct": 21.973094170403588, "ף_pct": 0.0, "צ_pct": 0.0, "ץ_pct": 0.0, "ק_pct": 0.0, "קי_pct": 0.44843049327354262, "קך_pct": 0.0, "קנ_pct": 0.0, "קץ_pct": 0.0, "רז_pct": 0.0, "שס_pct": 5.3811659192825116, "ת_pct": 0.44843049327354262, "lat": 32.8116097, "lon": 34.9966127, "neighborhood": "הרצליה" }, "geometry": { "type": "Point", "coordinates": [ 34.9966127, 32.8116097 ] } },
{ "type": "Feature", "properties": { "סמל ועדה": 7, "ברזל": 2877, "שם ישוב": "חיפה", "סמל ישוב": 4000, "קלפי": "344.2", "ריכוז": 63, "שופט": 0, "בזב": 607, "מצביעים": 227, "פסולים": 3, "כשרים": 224, "אמת": 19, "אצ": 0, "ב": 1, "ג": 19, "ד": 5, "ום": 15, "ז": 0, "זך": 0, "זנ": 0, "זץ": 0, "ט": 18, "י": 0, "יז": 0, "ינ": 0, "יץ": 0, "יק": 0, "כן": 4, "ך": 1, "ל": 47, "מחל": 31, "מרצ": 18, "נז": 0, "ני": 0, "נף": 0, "נץ": 0, "נק": 0, "נר": 0, "עם": 3, "פה": 39, "ף": 0, "צ": 0, "ץ": 0, "ק": 0, "קי": 0, "קך": 0, "קנ": 0, "קץ": 1, "רז": 2, "שס": 1, "ת": 0, "כתובת קלפי": "שמריהו לוין,15 ", "מקום קלפי": "בי\"ס הריאלי", "נגישה": "כ", "נגישה מיוחדת": " ", "בוחרי כנסת בפועל": 607, "turnout_pct": 37.397034596375619, "אמת_pct": 8.4821428571428577, "אצ_pct": 0.0, "ב_pct": 0.4464285714285714, "ג_pct": 8.4821428571428577, "ד_pct": 2.2321428571428572, "ום_pct": 6.6964285714285712, "ז_pct": 0.0, "זך_pct": 0.0, "זנ_pct": 0.0, "זץ_pct": 0.0, "ט_pct": 8.0357142857142865, "י_pct": 0.0, "יז_pct": 0.0, "ינ_pct": 0.0, "יץ_pct": 0.0, "יק_pct": 0.0, "כן_pct": 1.7857142857142856, "ך_pct": 0.4464285714285714, "ל_pct": 20.982142857142858, "מחל_pct": 13.839285714285715, "מרצ_pct": 8.0357142857142865, "נז_pct": 0.0, "ני_pct": 0.0, "נף_pct": 0.0, "נץ_pct": 0.0, "נק_pct": 0.0, "נר_pct": 0.0, "עם_pct": 1.3392857142857142, "פה_pct": 17.410714285714285, "ף_pct": 0.0, "צ_pct": 0.0, "ץ_pct": 0.0, "ק_pct": 0.0, "קי_pct": 0.0, "קך_pct": 0.0, "קנ_pct": 0.0, "קץ_pct": 0.4464285714285714, "רז_pct": 0.89285714285714279, "שס_pct": 0.4464285714285714, "ת_pct": 0.0, "lat": 32.8116097, "lon": 34.9966127, "neighborhood": "הרצליה" }, "geometry": { "type": "Point", "coordinates": [ 34.9966127, 32.8116097 ] } },
{ "type": "Feature", "properties": { "סמל ועדה": 7, "ברזל": 2878, "שם ישוב": "חיפה", "סמל ישוב": 4000, "קלפי": "344.3", "ריכוז": 63, "שופט": 0, "בזב": 607, "מצביעים": 239, "פסולים": 3, "כשרים": 236, "אמת": 29, "אצ": 0, "ב": 1, "ג": 11, "ד": 16, "ום": 15, "ז": 0, "זך": 0, "זנ": 0, "זץ": 0, "ט": 17, "י": 0, "יז": 2, "ינ": 0, "יץ": 0, "יק": 0, "כן": 17, "ך": 0, "ל": 29, "מחל": 41, "מרצ": 8, "נז": 0, "ני": 0, "נף": 0, "נץ": 0, "נק": 0, "נר": 0, "עם": 1, "פה": 43, "ף": 0, "צ": 0, "ץ": 0, "ק": 0, "קי": 0, "קך": 0, "קנ": 0, "קץ": 2, "רז": 0, "שס": 4, "ת": 0, "כתובת קלפי": "שמריהו לוין,15 ", "מקום קלפי": "בי\"ס הריאלי", "נגישה": "כ", "נגישה מיוחדת": " ", "בוחרי כנסת בפועל": 607, "turnout_pct": 39.373970345963755, "אמת_pct": 12.288135593220339, "אצ_pct": 0.0, "ב_pct": 0.42372881355932202, "ג_pct": 4.6610169491525424, "ד_pct": 6.7796610169491522, "ום_pct": 6.3559322033898304, "ז_pct": 0.0, "זך_pct": 0.0, "זנ_pct": 0.0, "זץ_pct": 0.0, "ט_pct": 7.2033898305084749, "י_pct": 0.0, "יז_pct": 0.84745762711864403, "ינ_pct": 0.0, "יץ_pct": 0.0, "יק_pct": 0.0, "כן_pct": 7.2033898305084749, "ך_pct": 0.0, "ל_pct": 12.288135593220339, "מחל_pct": 17.372881355932204, "מרצ_pct": 3.3898305084745761, "נז_pct": 0.0, "ני_pct": 0.0, "נף_pct": 0.0, "נץ_pct": 0.0, "נק_pct": 0.0, "נר_pct": 0.0, "עם_pct": 0.42372881355932202, "פה_pct": 18.220338983050848, "ף_pct": 0.0, "צ_pct": 0.0, "ץ_pct": 0.0, "ק_pct": 0.0, "קי_pct": 0.0, "קך_pct": 0.0, "קנ_pct": 0.0, "קץ_pct": 0.84745762711864403, "רז_pct": 0.0, "שס_pct": 1.6949152542372881, "ת_pct": 0.0, "lat": 32.8116097, "lon": 34.9966127, "neighborhood": "הרצליה" }, "geometry": { "type": "Point", "coordinates": [ 34.9966127, 32.8116097 ] } },
{ "type": "Feature", "properties": { "סמל ועדה": 7, "ברזל": 2879, "שם ישוב": "חיפה", "סמל ישוב": 4000, "קלפי": "344.4", "ריכוז": 63, "שופט": 0, "בזב": 607, "מצביעים": 222, "פסולים": 2, "כשרים": 220, "אמת": 13, "אצ": 1, "ב": 0, "ג": 3, "ד": 6, "ום": 20, "ז": 0, "זך": 0, "זנ": 0, "זץ": 0, "ט": 19, "י": 0, "יז": 2, "ינ": 0, "יץ": 0, "יק": 0, "כן": 5, "ך": 1, "ל": 50, "מחל": 44, "מרצ": 11, "נז": 0, "ני": 0, "נף": 0, "נץ": 0, "נק": 0, "נר": 1, "עם": 1, "פה": 41, "ף": 0, "צ": 1, "ץ": 0, "ק": 0, "קי": 0, "קך": 0, "קנ": 0, "קץ": 1, "רז": 0, "שס": 0, "ת": 0, "כתובת קלפי": "שמריהו לוין,15 ", "מקום קלפי": "בי\"ס הריאלי", "נגישה": "כ", "נגישה מיוחדת": " ", "בוחרי כנסת בפועל": 607, "turnout_pct": 36.573311367380562, "אמת_pct": 5.9090909090909092, "אצ_pct": 0.45454545454545453, "ב_pct": 0.0, "ג_pct": 1.3636363636363635, "ד_pct": 2.7272727272727271, "ום_pct": 9.0909090909090917, "ז_pct": 0.0, "זך_pct": 0.0, "זנ_pct": 0.0, "זץ_pct": 0.0, "ט_pct": 8.6363636363636367, "י_pct": 0.0, "יז_pct": 0.90909090909090906, "ינ_pct": 0.0, "יץ_pct": 0.0, "יק_pct": 0.0, "כן_pct": 2.2727272727272729, "ך_pct": 0.45454545454545453, "ל_pct": 22.727272727272727, "מחל_pct": 20.0, "מרצ_pct": 5.0, "נז_pct": 0.0, "ני_pct": 0.0, "נף_pct": 0.0, "נץ_pct": 0.0, "נק_pct": 0.0, "נר_pct": 0.45454545454545453, "עם_pct": 0.45454545454545453, "פה_pct": 18.636363636363637, "ף_pct": 0.0, "צ_pct": 0.45454545454545453, "ץ_pct": 0.0, "ק_pct": 0.0, "קי_pct": 0.0, "קך_pct": 0.0, "קנ_pct": 0.0, "קץ_pct": 0.45454545454545453, "רז_pct": 0.0, "שס_pct": 0.0, "ת_pct": 0.0, "lat": 32.8116097, "lon": 34.9966127, "neighborhood": "הרצליה" }, "geometry": { "type": "Point", "coordinates": [ 34.9966127, 32.8116097 ] } },
{ "type": "Feature", "properties": { "סמל ועדה": 7, "ברזל": 2880, "שם ישוב": "חיפה", "סמל ישוב": 4000, "קלפי": "344.5", "ריכוז": 63, "שופט": 0, "בזב": 607, "מצביעים": 201, "פסולים": 5, "כשרים": 196, "אמת": 8, "אצ": 1, "ב": 0, "ג": 3, "ד": 10, "ום": 4, "ז": 0, "זך": 0, "זנ": 0, "זץ": 0, "ט": 10, "י": 0, "יז": 0, "ינ": 0, "יץ": 0, "יק": 0, "כן": 3, "ך": 1, "ל": 45, "מחל": 39, "מרצ": 16, "נז": 0, "ני": 1, "נף": 0, "נץ": 0, "נק": 1, "נר": 0, "עם": 4, "פה": 44, "ף": 0, "צ": 0, "ץ": 0, "ק": 0, "קי": 0, "קך": 0, "קנ": 0, "קץ": 0, "רז": 0, "שס": 6, "ת": 0, "כתובת קלפי": "שמריהו לוין,15 ", "מקום קלפי": "בי\"ס הריאלי", "נגישה": " ", "נגישה מיוחדת": " ", "בוחרי כנסת בפועל": 607, "turnout_pct": 33.113673805601316, "אמת_pct": 4.0816326530612246, "אצ_pct": 0.51020408163265307, "ב_pct": 0.0, "ג_pct": 1.5306122448979591, "ד_pct": 5.1020408163265305, "ום_pct": 2.0408163265306123, "ז_pct": 0.0, "זך_pct": 0.0, "זנ_pct": 0.0, "זץ_pct": 0.0, "ט_pct": 5.1020408163265305, "י_pct": 0.0, "יז_pct": 0.0, "ינ_pct": 0.0, "יץ_pct": 0.0, "יק_pct": 0.0, "כן_pct": 1.5306122448979591, "ך_pct": 0.51020408163265307, "ל_pct": 22.95918367346939, "מחל_pct": 19.897959183673468, "מרצ_pct": 8.1632653061224492, "נז_pct": 0.0, "ני_pct": 0.51020408163265307, "נף_pct": 0.0, "נץ_pct": 0.0, "נק_pct": 0.51020408163265307, "נר_pct": 0.0, "עם_pct": 2.0408163265306123, "פה_pct": 22.448979591836736, "ף_pct": 0.0, "צ_pct": 0.0, "ץ_pct": 0.0, "ק_pct": 0.0, "קי_pct": 0.0, "קך_pct": 0.0, "קנ_pct": 0.0, "קץ_pct": 0.0, "רז_pct": 0.0, "שס_pct": 3.0612244897959182, "ת_pct": 0.0, "lat": 32.8116097, "lon": 34.9966127, "neighborhood": "הרצליה" }, "geometry": { "type": "Point", "coordinates": [ 34.9966127, 32.8116097 ] } },
{ "type": "Feature", "properties": { "סמל ועדה": 7, "ברזל": 2881, "שם ישוב": "חיפה", "סמל ישוב": 4000, "קלפי": "344.6", "ריכוז": 63, "שופט": 0, "בזב": 604, "מצביעים": 216, "פסולים": 3, "כשרים": 213, "אמת": 26, "אצ": 2, "ב": 1, "ג": 14, "ד": 4, "ום": 6, "ז": 0, "זך": 0, "זנ": 0, "זץ": 0, "ט": 12, "י": 0, "יז": 0, "ינ": 0, "יץ": 0, "יק": 0, "כן": 7, "ך": 1, "ל": 48, "מחל": 33, "מרצ": 12, "נז": 0, "ני": 0, "נף": 0, "נץ": 0, "נק": 0, "נר": 0, "עם": 6, "פה": 32, "ף": 2, "צ": 0, "ץ": 0, "ק": 0, "קי": 0, "קך": 0, "קנ": 0, "קץ": 5, "רז": 1, "שס": 1, "ת": 0, "כתובת קלפי": "שמריהו לוין,15 ", "מקום קלפי": "בי\"ס הריאלי", "נגישה": " ", "נגישה מיוחדת": " ", "בוחרי כנסת בפועל": 604, "turnout_pct": 35.76158940397351, "אמת_pct": 12.206572769953052, "אצ_pct": 0.93896713615023475, "ב_pct": 0.46948356807511737, "ג_pct": 6.5727699530516439, "ד_pct": 1.8779342723004695, "ום_pct": 2.8169014084507045, "ז_pct": 0.0, "זך_pct": 0.0, "זנ_pct": 0.0, "זץ_pct": 0.0, "ט_pct": 5.6338028169014089, "י_pct": 0.0, "יז_pct": 0.0, "ינ_pct": 0.0, "יץ_pct": 0.0, "יק_pct": 0.0, "כן_pct": 3.286384976525822, "ך_pct": 0.46948356807511737, "ל_pct": 22.535211267605636, "מחל_pct": 15.492957746478872, "מרצ_pct": 5.6338028169014089, "נז_pct": 0.0, "ני_pct": 0.0, "נף_pct": 0.0, "נץ_pct": 0.0, "נק_pct": 0.0, "נר_pct": 0.0, "עם_pct": 2.8169014084507045, "פה_pct": 15.023474178403756, "ף_pct": 0.93896713615023475, "צ_pct": 0.0, "ץ_pct": 0.0, "ק_pct": 0.0, "קי_pct": 0.0, "קך_pct": 0.0, "קנ_pct": 0.0, "קץ_pct": 2.3474178403755865, "רז_pct": 0.46948356807511737, "שס_pct": 0.46948356807511737, "ת_pct": 0.0, "lat": 32.8116097, "lon": 34.9966127, "neighborhood": "הרצליה" }, "geometry": { "type": "Point", "coordinates": [ 34.9966127, 32.8116097 ] } },
{ "type": "Feature", "properties": { "סמל ועדה": 7, "ברזל": 2882, "שם ישוב": "חיפה", "סמל ישוב": 4000, "קלפי": "990.1", "ריכוז": 231, "שופט": 0, "בזב": 564, "מצביעים": 153, "פסולים": 2, "כשרים": 151, "אמת": 5, "אצ": 1, "ב": 0, "ג": 2, "ד": 8, "ום": 35, "ז": 0, "זך": 0, "זנ": 0, "זץ": 0, "ט": 6, "י": 0, "יז": 0, "ינ": 0, "יץ": 0, "יק": 0, "כן": 2, "ך": 1, "ל": 20, "מחל": 39, "מרצ": 6, "נז": 0, "ני": 0, "נף": 0, "נץ": 0, "נק": 0, "נר": 0, "עם": 4, "פה": 13, "ף": 1, "צ": 0, "ץ": 0, "ק": 1, "קי": 0, "קך": 2, "קנ": 0, "קץ": 0, "רז": 0, "שס": 5, "ת": 0, "כתובת קלפי": "חסן שוקרי,11 ", "מקום קלפי": "עיריית חיפה - מרכז שירות לתושב", "נגישה": "כ", "נגישה מיוחדת": "כ", "בוחרי כנסת בפועל": 564, "turnout_pct": 27.127659574468083, "אמת_pct": 3.3112582781456954, "אצ_pct": 0.66225165562913912, "ב_pct": 0.0, "ג_pct": 1.3245033112582782, "ד_pct": 5.298013245033113, "ום_pct": 23.178807947019866, "ז_pct": 0.0, "זך_pct": 0.0, "זנ_pct": 0.0, "זץ_pct": 0.0, "ט_pct": 3.9735099337748347, "י_pct": 0.0, "יז_pct": 0.0, "ינ_pct": 0.0, "יץ_pct": 0.0, "יק_pct": 0.0, "כן_pct": 1.3245033112582782, "ך_pct": 0.66225165562913912, "ל_pct": 13.245033112582782, "מחל_pct": 25.827814569536422, "מרצ_pct": 3.9735099337748347, "נז_pct": 0.0, "ני_pct": 0.0, "נף_pct": 0.0, "נץ_pct": 0.0, "נק_pct": 0.0, "נר_pct": 0.0, "עם_pct": 2.6490066225165565, "פה_pct": 8.6092715231788084, "ף_pct": 0.66225165562913912, "צ_pct": 0.0, "ץ_pct": 0.0, "ק_pct": 0.66225165562913912, "קי_pct": 0.0, "קך_pct": 1.3245033112582782, "קנ_pct": 0.0, "קץ_pct": 0.0, "רז_pct": 0.0, "שס_pct": 3.3112582781456954, "ת_pct": 0.0, "lat": 32.8141687, "lon": 34.9980119, "neighborhood": "הדר מרכז" }, "geometry": { "type": "Point", "coordinates": [ 34.9980119, 32.8141687 ] } },
{ "type": "Feature", "properties": { "סמל ועדה": 7, "ברזל": 2883, "שם ישוב": "חיפה", "סמל ישוב": 4000, "קלפי": "990.2", "ריכוז": 231, "שופט": 0, "בזב": 564, "מצביעים": 141, "פסולים": 1, "כשרים": 140, "אמת": 4, "אצ": 1, "ב": 0, "ג": 1, "ד": 7, "ום": 30, "ז": 0, "זך": 0, "זנ": 0, "זץ": 0, "ט": 6, "י": 0, "יז": 0, "ינ": 0, "יץ": 0, "יק": 0, "כן": 7, "ך": 0, "ל": 14, "מחל": 45, "מרצ": 4, "נז": 0, "ני": 0, "נף": 0, "נץ": 0, "נק": 0, "נר": 0, "עם": 5, "פה": 15, "ף": 0, "צ": 0, "ץ": 0, "ק": 0, "קי": 0, "קך": 0, "קנ": 0, "קץ": 0, "רז": 0, "שס": 1, "ת": 0, "כתובת קלפי": "חסן שוקרי,11 ", "מקום קלפי": "עיריית חיפה - מרכז שירות לתושב", "נגישה": "כ", "נגישה מיוחדת": " ", "בוחרי כנסת בפועל": 564, "turnout_pct": 25.0, "אמת_pct": 2.8571428571428572, "אצ_pct": 0.7142857142857143, "ב_pct": 0.0, "ג_pct": 0.7142857142857143, "ד_pct": 5.0, "ום_pct": 21.428571428571427, "ז_pct": 0.0, "זך_pct": 0.0, "זנ_pct": 0.0, "זץ_pct": 0.0, "ט_pct": 4.2857142857142856, "י_pct": 0.0, "יז_pct": 0.0, "ינ_pct": 0.0, "יץ_pct": 0.0, "יק_pct": 0.0, "כן_pct": 5.0, "ך_pct": 0.0, "ל_pct": 10.0, "מחל_pct": 32.142857142857146, "מרצ_pct": 2.8571428571428572, "נז_pct": 0.0, "ני_pct": 0.0, "נף_pct": 0.0, "נץ_pct": 0.0, "נק_pct": 0.0, "נר_pct": 0.0, "עם_pct": 3.5714285714285712, "פה_pct": 10.714285714285714, "ף_pct": 0.0, "צ_pct": 0.0, "ץ_pct": 0.0, "ק_pct": 0.0, "קי_pct": 0.0, "קך_pct": 0.0, "קנ_pct": 0.0, "קץ_pct": 0.0, "רז_pct": 0.0, "שס_pct": 0.7142857142857143, "ת_pct": 0.0, "lat": 32.8141687, "lon": 34.9980119, "neighborhood": "הדר מרכז" }, "geometry": { "type": "Point", "coordinates": [ 34.9980119, 32.8141687 ] } },
{ "type": "Feature", "properties": { "סמל ועדה": 7, "ברזל": 2884, "שם ישוב": "חיפה", "סמל ישוב": 4000, "קלפי": "267", "ריכוז": 151, "שופט": 0, "בזב": 422, "מצביעים": 191, "פסולים": 2, "כשרים": 189, "אמת": 18, "אצ": 0, "ב": 1, "ג": 2, "ד": 16, "ום": 21, "ז": 0, "זך": 0, "זנ": 0, "זץ": 0, "ט": 9, "י": 0, "יז": 0, "ינ": 0, "יץ": 0, "יק": 0, "כן": 8, "ך": 0, "ל": 12, "מחל": 37, "מרצ": 20, "נז": 0, "ני": 0, "נף": 0, "נץ": 0, "נק": 1, "נר": 0, "עם": 0, "פה": 38, "ף": 0, "צ": 0, "ץ": 0, "ק": 0, "קי": 0, "קך": 0, "קנ": 0, "קץ": 2, "רז": 0, "שס": 4, "ת": 0, "כתובת קלפי": "מונטיפיורי,15 ", "מקום קלפי": "בי\"ס אורים", "נגישה": " ", "נגישה מיוחדת": " ", "בוחרי כנסת בפועל": 422, "turnout_pct": 45.260663507109008, "אמת_pct": 9.5238095238095237, "אצ_pct": 0.0, "ב_pct": 0.52910052910052907, "ג_pct": 1.0582010582010581, "ד_pct": 8.4656084656084651, "ום_pct": 11.111111111111111, "ז_pct": 0.0, "זך_pct": 0.0, "זנ_pct": 0.0, "זץ_pct": 0.0, "ט_pct": 4.7619047619047619, "י_pct": 0.0, "יז_pct": 0.0, "ינ_pct": 0.0, "יץ_pct": 0.0, "יק_pct": 0.0, "כן_pct": 4.2328042328042326, "ך_pct": 0.0, "ל_pct": 6.3492063492063489, "מחל_pct": 19.576719576719576, "מרצ_pct": 10.582010582010582, "נז_pct": 0.0, "ני_pct": 0.0, "נף_pct": 0.0, "נץ_pct": 0.0, "נק_pct": 0.52910052910052907, "נר_pct": 0.0, "עם_pct": 0.0, "פה_pct": 20.105820105820104, "ף_pct": 0.0, "צ_pct": 0.0, "ץ_pct": 0.0, "ק_pct": 0.0, "קי_pct": 0.0, "קך_pct": 0.0, "קנ_pct": 0.0, "קץ_pct": 1.0582010582010581, "רז_pct": 0.0, "שס_pct": 2.1164021164021163, "ת_pct": 0.0, "lat": 32.8060917, "lon": 34.9929975, "neighborhood": "הדר עליון" }, "geometry": { "type": "Point", "coordinates": [ 34.9929975, 32.8060917 ] } },
{ "type": "Feature", "properties": { "סמל ועדה": 7, "ברזל": 2885, "שם ישוב": "חיפה", "סמל ישוב": 4000, "קלפי": "268", "ריכוז": 258, "שופט": 0, "בזב": 483, "מצביעים": 197, "פסולים": 1, "כשרים": 196, "אמת": 18, "אצ": 0, "ב": 1, "ג": 0, "ד": 21, "ום": 10, "ז": 0, "זך": 0, "זנ": 0, "זץ": 0, "ט": 12, "י": 0, "יז": 1, "ינ": 0, "יץ": 0, "יק": 0, "כן": 20, "ך": 0, "ל": 4, "מחל": 37, "מרצ": 17, "נז": 0, "ני": 0, "נף": 0, "נץ": 0, "נק": 0, "נר": 0, "עם": 0, "פה": 51, "ף": 0, "צ": 0, "ץ": 0, "ק": 0, "קי": 0, "קך": 1, "קנ": 0, "קץ": 3, "רז": 0, "שס": 0, "ת": 0, "כתובת קלפי": "בלום לאון,9 ", "מקום קלפי": "תיכון חוגים ע\"ש רחל מתוקי", "נגישה": " ", "נגישה מיוחדת": " ", "בוחרי כנסת בפועל": 483, "turnout_pct": 40.78674948240166, "אמת_pct": 9.183673469387756, "אצ_pct": 0.0, "ב_pct": 0.51020408163265307, "ג_pct": 0.0, "ד_pct": 10.714285714285714, "ום_pct": 5.1020408163265305, "ז_pct": 0.0, "זך_pct": 0.0, "זנ_pct": 0.0, "זץ_pct": 0.0, "ט_pct": 6.1224489795918364, "י_pct": 0.0, "יז_pct": 0.51020408163265307, "ינ_pct": 0.0, "יץ_pct": 0.0, "יק_pct": 0.0, "כן_pct": 10.204081632653061, "ך_pct": 0.0, "ל_pct": 2.0408163265306123, "מחל_pct": 18.877551020408163, "מרצ_pct": 8.6734693877551017, "נז_pct": 0.0, "ני_pct": 0.0, "נף_pct": 0.0, "נץ_pct": 0.0, "נק_pct": 0.0, "נר_pct": 0.0, "עם_pct": 0.0, "פה_pct": 26.020408163265309, "ף_pct": 0.0, "צ_pct": 0.0, "ץ_pct": 0.0, "ק_pct": 0.0, "קי_pct": 0.0, "קך_pct": 0.51020408163265307, "קנ_pct": 0.0, "קץ_pct": 1.5306122448979591, "רז_pct": 0.0, "שס_pct": 0.0, "ת_pct": 0.0, "lat": 32.7998554, "lon": 35.0009816, "neighborhood": "המיימוני" }, "geometry": { "type": "Point", "coordinates": [ 35.0009816, 32.7998554 ] } },
{ "type": "Feature", "properties": { "סמל ועדה": 7, "ברזל": 2886, "שם ישוב": "חיפה", "סמל ישוב": 4000, "קלפי": "283.1", "ריכוז": 30, "שופט": 0, "בזב": 676, "מצביעים": 321, "פסולים": 1, "כשרים": 320, "אמת": 18, "אצ": 4, "ב": 2, "ג": 4, "ד": 17, "ום": 23, "ז": 0, "זך": 0, "זנ": 0, "זץ": 0, "ט": 18, "י": 0, "יז": 2, "ינ": 0, "יץ": 0, "יק": 0, "כן": 28, "ך": 0, "ל": 39, "מחל": 60, "מרצ": 15, "נז": 0, "ני": 0, "נף": 0, "נץ": 0, "נק": 0, "נר": 0, "עם": 5, "פה": 79, "ף": 0, "צ": 0, "ץ": 1, "ק": 0, "קי": 0, "קך": 0, "קנ": 0, "קץ": 2, "רז": 1, "שס": 2, "ת": 0, "כתובת קלפי": "שד גולומב אליהו,4 ", "מקום קלפי": "בי\"ס ליאו בק", "נגישה": " ", "נגישה מיוחדת": " ", "בוחרי כנסת בפועל": 676, "turnout_pct": 47.485207100591715, "אמת_pct": 5.625, "אצ_pct": 1.25, "ב_pct": 0.625, "ג_pct": 1.25, "ד_pct": 5.3125, "ום_pct": 7.1875, "ז_pct": 0.0, "זך_pct": 0.0, "זנ_pct": 0.0, "זץ_pct": 0.0, "ט_pct": 5.625, "י_pct": 0.0, "יז_pct": 0.625, "ינ_pct": 0.0, "יץ_pct": 0.0, "יק_pct": 0.0, "כן_pct": 8.75, "ך_pct": 0.0, "ל_pct": 12.1875, "מחל_pct": 18.75, "מרצ_pct": 4.6875, "נז_pct": 0.0, "ני_pct": 0.0, "נף_pct": 0.0, "נץ_pct": 0.0, "נק_pct": 0.0, "נר_pct": 0.0, "עם_pct": 1.5625, "פה_pct": 24.6875, "ף_pct": 0.0, "צ_pct": 0.0, "ץ_pct": 0.3125, "ק_pct": 0.0, "קי_pct": 0.0, "קך_pct": 0.0, "קנ_pct": 0.0, "קץ_pct": 0.625, "רז_pct": 0.3125, "שס_pct": 0.625, "ת_pct": 0.0, "lat": 32.8102854, "lon": 34.9897381, "neighborhood": "הדר עליון" }, "geometry": { "type": "Point", "coordinates": [ 34.9897381, 32.8102854 ] } },
{ "type": "Feature", "properties": { "סמל ועדה": 7, "ברזל": 2887, "שם ישוב": "חיפה", "סמל ישוב": 4000, "קלפי": "283.2", "ריכוז": 30, "שופט": 0, "בזב": 676, "מצביעים": 309, "פסולים": 0, "כשרים": 309, "אמת": 25, "אצ": 2, "ב": 0, "ג": 1, "ד": 15, "ום": 14, "ז": 0, "זך": 0, "זנ": 0, "זץ": 0, "ט": 11, "י": 0, "יז": 0, "ינ": 0, "יץ": 0, "יק": 0, "כן": 26, "ך": 0, "ל": 54, "מחל": 61, "מרצ": 16, "נז": 0, "ני": 0, "נף": 0, "נץ": 1, "נק": 0, "נר": 0, "עם": 3, "פה": 76, "ף": 0, "צ": 1, "ץ": 1, "ק": 0, "קי": 0, "קך": 0, "קנ": 0, "קץ": 1, "רז": 0, "שס": 1, "ת": 0, "כתובת קלפי": "שד גולומב אליהו,4 ", "מקום קלפי": "בי\"ס ליאו בק", "נגישה": " ", "נגישה מיוחדת": " ", "בוחרי כנסת בפועל": 676, "turnout_pct": 45.710059171597635, "אמת_pct": 8.090614886731391, "אצ_pct": 0.64724919093851141, "ב_pct": 0.0, "ג_pct": 0.3236245954692557, "ד_pct": 4.8543689320388346, "ום_pct": 4.5307443365695796, "ז_pct": 0.0, "זך_pct": 0.0, "זנ_pct": 0.0, "זץ_pct": 0.0, "ט_pct": 3.5598705501618122, "י_pct": 0.0, "יז_pct": 0.0, "ינ_pct": 0.0, "יץ_pct": 0.0, "יק_pct": 0.0, "כן_pct": 8.4142394822006477, "ך_pct": 0.0, "ל_pct": 17.475728155339805, "מחל_pct": 19.741100323624593, "מרצ_pct": 5.1779935275080913, "נז_pct": 0.0, "ני_pct": 0.0, "נף_pct": 0.0, "נץ_pct": 0.3236245954692557, "נק_pct": 0.0, "נר_pct": 0.0, "עם_pct": 0.97087378640776689, "פה_pct": 24.595469255663431, "ף_pct": 0.0, "צ_pct": 0.3236245954692557, "ץ_pct": 0.3236245954692557, "ק_pct": 0.0, "קי_pct": 0.0, "קך_pct": 0.0, "קנ_pct": 0.0, "קץ_pct": 0.3236245954692557, "רז_pct": 0.0, "שס_pct": 0.3236245954692557, "ת_pct": 0.0, "lat": 32.8102854, "lon": 34.9897381, "neighborhood": "הדר עליון" }, "geometry": { "type": "Point", "coordinates": [ 34.9897381, 32.8102854 ] } },
{ "type": "Feature", "properties": { "סמל ועדה": 7, "ברזל": 2888, "שם ישוב": "חיפה", "סמל ישוב": 4000, "קלפי": "283.3", "ריכוז": 30, "שופט": 0, "בזב": 676, "מצביעים": 296, "פסולים": 0, "כשרים": 296, "אמת": 10, "אצ": 2, "ב": 0, "ג": 4, "ד": 16, "ום": 21, "ז": 0, "זך": 0, "זנ": 0, "זץ": 0, "ט": 13, "י": 0, "יז": 1, "ינ": 1, "יץ": 0, "יק": 0, "כן": 21, "ך": 0, "ל": 37, "מחל": 62, "מרצ": 16, "נז": 0, "ני": 0, "נף": 0, "נץ": 0, "נק": 0, "נר": 0, "עם": 11, "פה": 77, "ף": 0, "צ": 0, "ץ": 0, "ק": 0, "קי": 0, "קך": 0, "קנ": 1, "קץ": 1, "רז": 0, "שס": 2, "ת": 0, "כתובת קלפי": "שד גולומב אליהו,4 ", "מקום קלפי": "בי\"ס ליאו בק", "נגישה": " ", "נגישה מיוחדת": " ", "בוחרי כנסת בפועל": 676, "turnout_pct": 43.786982248520715, "אמת_pct": 3.3783783783783785, "אצ_pct": 0.67567567567567566, "ב_pct": 0.0, "ג_pct": 1.3513513513513513, "ד_pct": 5.4054054054054053, "ום_pct": 7.0945945945945947, "ז_pct": 0.0, "זך_pct": 0.0, "זנ_pct": 0.0, "זץ_pct": 0.0, "ט_pct": 4.3918918918918921, "י_pct": 0.0, "יז_pct": 0.33783783783783783, "ינ_pct": 0.33783783783783783, "יץ_pct": 0.0, "יק_pct": 0.0, "כן_pct": 7.0945945945945947, "ך_pct": 0.0, "ל_pct": 12.5, "מחל_pct": 20.945945945945947, "מרצ_pct": 5.4054054054054053, "נז_pct": 0.0, "ני_pct": 0.0, "נף_pct": 0.0, "נץ_pct": 0.0, "נק_pct": 0.0, "נר_pct": 0.0, "עם_pct": 3.7162162162162162, "פה_pct": 26.013513513513516, "ף_pct": 0.0, "צ_pct": 0.0, "ץ_pct": 0.0, "ק_pct": 0.0, "קי_pct": 0.0, "קך_pct": 0.0, "קנ_pct": 0.33783783783783783, "קץ_pct": 0.33783783783783783, "רז_pct": 0.0, "שס_pct": 0.67567567567567566, "ת_pct": 0.0, "lat": 32.8102854, "lon": 34.9897381, "neighborhood": "הדר עליון" }, "geometry": { "type": "Point", "coordinates": [ 34.9897381, 32.8102854 ] } },
{ "type": "Feature", "properties": { "סמל ועדה": 7, "ברזל": 2889, "שם ישוב": "חיפה", "סמל ישוב": 4000, "קלפי": "284", "ריכוז": 151, "שופט": 0, "בזב": 571, "מצביעים": 214, "פסולים": 1, "כשרים": 213, "אמת": 13, "אצ": 1, "ב": 1, "ג": 7, "ד": 6, "ום": 3, "ז": 0, "זך": 0, "זנ": 0, "זץ": 0, "ט": 12, "י": 0, "יז": 0, "ינ": 0, "יץ": 0, "יק": 0, "כן": 11, "ך": 0, "ל": 37, "מחל": 33, "מרצ": 20, "נז": 0, "ני": 0, "נף": 0, "נץ": 0, "נק": 0, "נר": 0, "עם": 0, "פה": 52, "ף": 2, "צ": 1, "ץ": 0, "ק": 0, "קי": 0, "קך": 0, "קנ": 0, "קץ": 4, "רז": 1, "שס": 9, "ת": 0, "כתובת קלפי": "מונטיפיורי,15 ", "מקום קלפי": "בי\"ס אורים", "נגישה": " ", "נגישה מיוחדת": " ", "בוחרי כנסת בפועל": 571, "turnout_pct": 37.478108581436075, "אמת_pct": 6.103286384976526, "אצ_pct": 0.46948356807511737, "ב_pct": 0.46948356807511737, "ג_pct": 3.286384976525822, "ד_pct": 2.8169014084507045, "ום_pct": 1.4084507042253522, "ז_pct": 0.0, "זך_pct": 0.0, "זנ_pct": 0.0, "זץ_pct": 0.0, "ט_pct": 5.6338028169014089, "י_pct": 0.0, "יז_pct": 0.0, "ינ_pct": 0.0, "יץ_pct": 0.0, "יק_pct": 0.0, "כן_pct": 5.164319248826291, "ך_pct": 0.0, "ל_pct": 17.370892018779344, "מחל_pct": 15.492957746478872, "מרצ_pct": 9.3896713615023462, "נז_pct": 0.0, "ני_pct": 0.0, "נף_pct": 0.0, "נץ_pct": 0.0, "נק_pct": 0.0, "נר_pct": 0.0, "עם_pct": 0.0, "פה_pct": 24.413145539906104, "ף_pct": 0.93896713615023475, "צ_pct": 0.46948356807511737, "ץ_pct": 0.0, "ק_pct": 0.0, "קי_pct": 0.0, "קך_pct": 0.0, "קנ_pct": 0.0, "קץ_pct": 1.8779342723004695, "רז_pct": 0.46948356807511737, "שס_pct": 4.225352112676056, "ת_pct": 0.0, "lat": 32.8060917, "lon": 34.9929975, "neighborhood": "הדר עליון" }, "geometry": { "type": "Point", "coordinates": [ 34.9929975, 32.8060917 ] } },
{ "type": "Feature", "properties": { "סמל ועדה": 7, "ברזל": 2890, "שם ישוב": "חיפה", "סמל ישוב": 4000, "קלפי": "287.1", "ריכוז": 24, "שופט": 0, "בזב": 613, "מצביעים": 249, "פסולים": 0, "כשרים": 249, "אמת": 17, "אצ": 0, "ב": 2, "ג": 8, "ד": 18, "ום": 13, "ז": 0, "זך": 0, "זנ": 0, "זץ": 0, "ט": 13, "י": 1, "יז": 1, "ינ": 0, "יץ": 0, "יק": 0, "כן": 16, "ך": 0, "ל": 34, "מחל": 46, "מרצ": 32, "נז": 0, "ני": 0, "נף": 0, "נץ": 0, "נק": 0, "נר": 0, "עם": 0, "פה": 41, "ף": 0, "צ": 0, "ץ": 0, "ק": 0, "קי": 0, "קך": 0, "קנ": 0, "קץ": 0, "רז": 0, "שס": 7, "ת": 0, "כתובת קלפי": "מסדה,8 ", "מקום קלפי": "בי\"ס למחוננים", "נגישה": " ", "נגישה מיוחדת": " ", "בוחרי כנסת בפועל": 613, "turnout_pct": 40.619902120717782, "אמת_pct": 6.8273092369477917, "אצ_pct": 0.0, "ב_pct": 0.80321285140562237, "ג_pct": 3.2128514056224895, "ד_pct": 7.2289156626506017, "ום_pct": 5.2208835341365463, "ז_pct": 0.0, "זך_pct": 0.0, "זנ_pct": 0.0, "זץ_pct": 0.0, "ט_pct": 5.2208835341365463, "י_pct": 0.40160642570281119, "יז_pct": 0.40160642570281119, "ינ_pct": 0.0, "יץ_pct": 0.0, "יק_pct": 0.0, "כן_pct": 6.425702811244979, "ך_pct": 0.0, "ל_pct": 13.654618473895583, "מחל_pct": 18.473895582329316, "מרצ_pct": 12.851405622489958, "נז_pct": 0.0, "ני_pct": 0.0, "נף_pct": 0.0, "נץ_pct": 0.0, "נק_pct": 0.0, "נר_pct": 0.0, "עם_pct": 0.0, "פה_pct": 16.46586345381526, "ף_pct": 0.0, "צ_pct": 0.0, "ץ_pct": 0.0, "ק_pct": 0.0, "קי_pct": 0.0, "קך_pct": 0.0, "קנ_pct": 0.0, "קץ_pct": 0.0, "רז_pct": 0.0, "שס_pct": 2.8112449799196786, "ת_pct": 0.0, "lat": 32.8090967, "lon": 34.994556, "neighborhood": "מסדה" }, "geometry": { "type": "Point", "coordinates": [ 34.994556, 32.8090967 ] } },
{ "type": "Feature", "properties": { "סמל ועדה": 7, "ברזל": 2891, "שם ישוב": "חיפה", "סמל ישוב": 4000, "קלפי": "287.2", "ריכוז": 24, "שופט": 0, "בזב": 613, "מצביעים": 247, "פסולים": 1, "כשרים": 246, "אמת": 23, "אצ": 1, "ב": 1, "ג": 11, "ד": 10, "ום": 25, "ז": 0, "זך": 0, "זנ": 0, "זץ": 0, "ט": 9, "י": 1, "יז": 1, "ינ": 0, "יץ": 0, "יק": 0, "כן": 8, "ך": 0, "ל": 28, "מחל": 38, "מרצ": 18, "נז": 0, "ני": 1, "נף": 0, "נץ": 1, "נק": 0, "נר": 0, "עם": 2, "פה": 54, "ף": 1, "צ": 0, "ץ": 0, "ק": 0, "קי": 0, "קך": 0, "קנ": 0, "קץ": 0, "רז": 0, "שס": 13, "ת": 0, "כתובת קלפי": "מסדה,8 ", "מקום קלפי": "בי\"ס למחוננים", "נגישה": " ", "נגישה מיוחדת": " ", "בוחרי כנסת בפועל": 613, "turnout_pct": 40.293637846655791, "אמת_pct": 9.3495934959349594, "אצ_pct": 0.40650406504065045, "ב_pct": 0.40650406504065045, "ג_pct": 4.4715447154471546, "ד_pct": 4.0650406504065035, "ום_pct": 10.16260162601626, "ז_pct": 0.0, "זך_pct": 0.0, "זנ_pct": 0.0, "זץ_pct": 0.0, "ט_pct": 3.6585365853658534, "י_pct": 0.40650406504065045, "יז_pct": 0.40650406504065045, "ינ_pct": 0.0, "יץ_pct": 0.0, "יק_pct": 0.0, "כן_pct": 3.2520325203252036, "ך_pct": 0.0, "ל_pct": 11.38211382113821, "מחל_pct": 15.447154471544716, "מרצ_pct": 7.3170731707317067, "נז_pct": 0.0, "ני_pct": 0.40650406504065045, "נף_pct": 0.0, "נץ_pct": 0.40650406504065045, "נק_pct": 0.0, "נר_pct": 0.0, "עם_pct": 0.81300813008130091, "פה_pct": 21.951219512195124, "ף_pct": 0.40650406504065045, "צ_pct": 0.0, "ץ_pct": 0.0, "ק_pct": 0.0, "קי_pct": 0.0, "קך_pct": 0.0, "קנ_pct": 0.0, "קץ_pct": 0.0, "רז_pct": 0.0, "שס_pct": 5.2845528455284558, "ת_pct": 0.0, "lat": 32.8090967, "lon": 34.994556, "neighborhood": "מסדה" }, "geometry": { "type": "Point", "coordinates": [ 34.994556, 32.8090967 ] } },
{ "type": "Feature", "properties": { "סמל ועדה": 7, "ברזל": 2892, "שם ישוב": "חיפה", "סמל ישוב": 4000, "קלפי": "287.3", "ריכוז": 24, "שופט": 1, "בזב": 613, "מצביעים": 239, "פסולים": 5, "כשרים": 234, "אמת": 15, "אצ": 0, "ב": 0, "ג": 9, "ד": 5, "ום": 26, "ז": 0, "זך": 0, "זנ": 0, "זץ": 0, "ט": 9, "י": 0, "יז": 0, "ינ": 0, "יץ": 0, "יק": 0, "כן": 11, "ך": 0, "ל": 34, "מחל": 35, "מרצ": 33, "נז": 0, "ני": 1, "נף": 0, "נץ": 0, "נק": 0, "נר": 0, "עם": 5, "פה": 39, "ף": 0, "צ": 1, "ץ": 0, "ק": 0, "קי": 0, "קך": 0, "קנ": 0, "קץ": 2, "רז": 0, "שס": 9, "ת": 0, "כתובת קלפי": "מסדה,8 ", "מקום קלפי": "בי\"ס למחוננים", "נגישה": " ", "נגישה מיוחדת": " ", "בוחרי כנסת בפועל": 613, "turnout_pct": 38.988580750407834, "אמת_pct": 6.4102564102564097, "אצ_pct": 0.0, "ב_pct": 0.0, "ג_pct": 3.8461538461538463, "ד_pct": 2.1367521367521367, "ום_pct": 11.111111111111111, "ז_pct": 0.0, "זך_pct": 0.0, "זנ_pct": 0.0, "זץ_pct": 0.0, "ט_pct": 3.8461538461538463, "י_pct": 0.0, "יז_pct": 0.0, "ינ_pct": 0.0, "יץ_pct": 0.0, "יק_pct": 0.0, "כן_pct": 4.700854700854701, "ך_pct": 0.0, "ל_pct": 14.529914529914532, "מחל_pct": 14.957264957264957, "מרצ_pct": 14.102564102564102, "נז_pct": 0.0, "ני_pct": 0.42735042735042739, "נף_pct": 0.0, "נץ_pct": 0.0, "נק_pct": 0.0, "נר_pct": 0.0, "עם_pct": 2.1367521367521367, "פה_pct": 16.666666666666664, "ף_pct": 0.0, "צ_pct": 0.42735042735042739, "ץ_pct": 0.0, "ק_pct": 0.0, "קי_pct": 0.0, "קך_pct": 0.0, "קנ_pct": 0.0, "קץ_pct": 0.85470085470085477, "רז_pct": 0.0, "שס_pct": 3.8461538461538463, "ת_pct": 0.0, "lat": 32.8090967, "lon": 34.994556, "neighborhood": "מסדה" }, "geometry": { "type": "Point", "coordinates": [ 34.994556, 32.8090967 ] } },
{ "type": "Feature", "properties": { "סמל ועדה": 7, "ברזל": 2893, "שם ישוב": "חיפה", "סמל ישוב": 4000, "קלפי": "287.4", "ריכוז": 24, "שופט": 0, "בזב": 613, "מצביעים": 238, "פסולים": 2, "כשרים": 236, "אמת": 16, "אצ": 1, "ב": 0, "ג": 8, "ד": 13, "ום": 25, "ז": 0, "זך": 0, "זנ": 0, "זץ": 0, "ט": 6, "י": 0, "יז": 1, "ינ": 0, "יץ": 0, "יק": 0, "כן": 7, "ך": 1, "ל": 41, "מחל": 35, "מרצ": 30, "נז": 0, "ני": 0, "נף": 0, "נץ": 0, "נק": 0, "נר": 0, "עם": 4, "פה": 39, "ף": 0, "צ": 2, "ץ": 0, "ק": 1, "קי": 0, "קך": 0, "קנ": 0, "קץ": 3, "רז": 0, "שס": 2, "ת": 1, "כתובת קלפי": "מסדה,8 ", "מקום קלפי": "בי\"ס למחוננים", "נגישה": " ", "נגישה מיוחדת": " ", "בוחרי כנסת בפועל": 613, "turnout_pct": 38.825448613376835, "אמת_pct": 6.7796610169491522, "אצ_pct": 0.42372881355932202, "ב_pct": 0.0, "ג_pct": 3.3898305084745761, "ד_pct": 5.508474576271186, "ום_pct": 10.59322033898305, "ז_pct": 0.0, "זך_pct": 0.0, "זנ_pct": 0.0, "זץ_pct": 0.0, "ט_pct": 2.5423728813559325, "י_pct": 0.0, "יז_pct": 0.42372881355932202, "ינ_pct": 0.0, "יץ_pct": 0.0, "יק_pct": 0.0, "כן_pct": 2.9661016949152543, "ך_pct": 0.42372881355932202, "ל_pct": 17.372881355932204, "מחל_pct": 14.83050847457627, "מרצ_pct": 12.711864406779661, "נז_pct": 0.0, "ני_pct": 0.0, "נף_pct": 0.0, "נץ_pct": 0.0, "נק_pct": 0.0, "נר_pct": 0.0, "עם_pct": 1.6949152542372881, "פה_pct": 16.525423728813561, "ף_pct": 0.0, "צ_pct": 0.84745762711864403, "ץ_pct": 0.0, "ק_pct": 0.42372881355932202, "קי_pct": 0.0, "קך_pct": 0.0, "קנ_pct": 0.0, "קץ_pct": 1.2711864406779663, "רז_pct": 0.0, "שס_pct": 0.84745762711864403, "ת_pct": 0.42372881355932202, "lat": 32.8090967, "lon": 34.994556, "neighborhood": "מסדה" }, "geometry": { "type": "Point", "coordinates": [ 34.994556, 32.8090967 ] } },
{ "type": "Feature", "properties": { "סמל ועדה": 7, "ברזל": 2894, "שם ישוב": "חיפה", "סמל ישוב": 4000, "קלפי": "287.5", "ריכוז": 24, "שופט": 0, "בזב": 610, "מצביעים": 233, "פסולים": 1, "כשרים": 232, "אמת": 25, "אצ": 1, "ב": 1, "ג": 7, "ד": 8, "ום": 14, "ז": 1, "זך": 0, "זנ": 0, "זץ": 0, "ט": 16, "י": 0, "יז": 0, "ינ": 0, "יץ": 0, "יק": 0, "כן": 9, "ך": 0, "ל": 36, "מחל": 43, "מרצ": 26, "נז": 0, "ני": 0, "נף": 0, "נץ": 0, "נק": 0, "נר": 0, "עם": 2, "פה": 34, "ף": 0, "צ": 0, "ץ": 0, "ק": 0, "קי": 0, "קך": 0, "קנ": 0, "קץ": 1, "רז": 0, "שס": 7, "ת": 1, "כתובת קלפי": "מסדה,8 ", "מקום קלפי": "בי\"ס למחוננים", "נגישה": " ", "נגישה מיוחדת": " ", "בוחרי כנסת בפועל": 610, "turnout_pct": 38.196721311475414, "אמת_pct": 10.775862068965516, "אצ_pct": 0.43103448275862066, "ב_pct": 0.43103448275862066, "ג_pct": 3.0172413793103448, "ד_pct": 3.4482758620689653, "ום_pct": 6.0344827586206895, "ז_pct": 0.43103448275862066, "זך_pct": 0.0, "זנ_pct": 0.0, "זץ_pct": 0.0, "ט_pct": 6.8965517241379306, "י_pct": 0.0, "יז_pct": 0.0, "ינ_pct": 0.0, "יץ_pct": 0.0, "יק_pct": 0.0, "כן_pct": 3.8793103448275863, "ך_pct": 0.0, "ל_pct": 15.517241379310345, "מחל_pct": 18.53448275862069, "מרצ_pct": 11.206896551724139, "נז_pct": 0.0, "ני_pct": 0.0, "נף_pct": 0.0, "נץ_pct": 0.0, "נק_pct": 0.0, "נר_pct": 0.0, "עם_pct": 0.86206896551724133, "פה_pct": 14.655172413793101, "ף_pct": 0.0, "צ_pct": 0.0, "ץ_pct": 0.0, "ק_pct": 0.0, "קי_pct": 0.0, "קך_pct": 0.0, "קנ_pct": 0.0, "קץ_pct": 0.43103448275862066, "רז_pct": 0.0, "שס_pct": 3.0172413793103448, "ת_pct": 0.43103448275862066, "lat": 32.8090967, "lon": 34.994556, "neighborhood": "מסדה" }, "geometry": { "type": "Point", "coordinates": [ 34.994556, 32.8090967 ] } },
{ "type": "Feature", "properties": { "סמל ועדה": 7, "ברזל": 2895, "שם ישוב": "חיפה", "סמל ישוב": 4000, "קלפי": "319", "ריכוז": 77, "שופט": 0, "בזב": 502, "מצביעים": 315, "פסולים": 1, "כשרים": 314, "אמת": 6, "אצ": 0, "ב": 3, "ג": 2, "ד": 3, "ום": 1, "ז": 0, "זך": 0, "זנ": 0, "זץ": 0, "ט": 22, "י": 0, "יז": 0, "ינ": 0, "יץ": 0, "יק": 0, "כן": 39, "ך": 0, "ל": 36, "מחל": 107, "מרצ": 6, "נז": 0, "ני": 0, "נף": 0, "נץ": 0, "נק": 0, "נר": 0, "עם": 0, "פה": 68, "ף": 0, "צ": 0, "ץ": 0, "ק": 0, "קי": 0, "קך": 0, "קנ": 0, "קץ": 0, "רז": 0, "שס": 21, "ת": 0, "כתובת קלפי": "המימוני,2 ", "מקום קלפי": "בי\"ס בית יעקב לבנות", "נגישה": " ", "נגישה מיוחדת": " ", "בוחרי כנסת בפועל": 502, "turnout_pct": 62.749003984063748, "אמת_pct": 1.910828025477707, "אצ_pct": 0.0, "ב_pct": 0.95541401273885351, "ג_pct": 0.63694267515923575, "ד_pct": 0.95541401273885351, "ום_pct": 0.31847133757961787, "ז_pct": 0.0, "זך_pct": 0.0, "זנ_pct": 0.0, "זץ_pct": 0.0, "ט_pct": 7.0063694267515926, "י_pct": 0.0, "יז_pct": 0.0, "ינ_pct": 0.0, "יץ_pct": 0.0, "יק_pct": 0.0, "כן_pct": 12.420382165605096, "ך_pct": 0.0, "ל_pct": 11.464968152866243, "מחל_pct": 34.076433121019107, "מרצ_pct": 1.910828025477707, "נז_pct": 0.0, "ני_pct": 0.0, "נף_pct": 0.0, "נץ_pct": 0.0, "נק_pct": 0.0, "נר_pct": 0.0, "עם_pct": 0.0, "פה_pct": 21.656050955414013, "ף_pct": 0.0, "צ_pct": 0.0, "ץ_pct": 0.0, "ק_pct": 0.0, "קי_pct": 0.0, "קך_pct": 0.0, "קנ_pct": 0.0, "קץ_pct": 0.0, "רז_pct": 0.0, "שס_pct": 6.6878980891719744, "ת_pct": 0.0, "lat": 32.8032711, "lon": 34.9968374, "neighborhood": "המיימוני" }, "geometry": { "type": "Point", "coordinates": [ 34.9968374, 32.8032711 ] } },
{ "type": "Feature", "properties": { "סמל ועדה": 7, "ברזל": 2896, "שם ישוב": "חיפה", "סמל ישוב": 4000, "קלפי": "325", "ריכוז": 77, "שופט": 0, "בזב": 438, "מצביעים": 269, "פסולים": 2, "כשרים": 267, "אמת": 16, "אצ": 0, "ב": 1, "ג": 6, "ד": 5, "ום": 11, "ז": 0, "זך": 0, "זנ": 0, "זץ": 0, "ט": 12, "י": 1, "יז": 0, "ינ": 0, "יץ": 0, "יק": 0, "כן": 29, "ך": 0, "ל": 30, "מחל": 60, "מרצ": 10, "נז": 0, "ני": 0, "נף": 0, "נץ": 0, "נק": 0, "נר": 0, "עם": 1, "פה": 75, "ף": 0, "צ": 1, "ץ": 0, "ק": 0, "קי": 0, "קך": 0, "קנ": 0, "קץ": 0, "רז": 0, "שס": 9, "ת": 0, "כתובת קלפי": "המימוני,2 ", "מקום קלפי": "בי\"ס בית יעקב לבנות", "נגישה": " ", "נגישה מיוחדת": " ", "בוחרי כנסת בפועל": 438, "turnout_pct": 61.415525114155258, "אמת_pct": 5.9925093632958806, "אצ_pct": 0.0, "ב_pct": 0.37453183520599254, "ג_pct": 2.2471910112359552, "ד_pct": 1.8726591760299627, "ום_pct": 4.119850187265917, "ז_pct": 0.0, "זך_pct": 0.0, "זנ_pct": 0.0, "זץ_pct": 0.0, "ט_pct": 4.4943820224719104, "י_pct": 0.37453183520599254, "יז_pct": 0.0, "ינ_pct": 0.0, "יץ_pct": 0.0, "יק_pct": 0.0, "כן_pct": 10.861423220973784, "ך_pct": 0.0, "ל_pct": 11.235955056179774, "מחל_pct": 22.471910112359549, "מרצ_pct": 3.7453183520599254, "נז_pct": 0.0, "ני_pct": 0.0, "נף_pct": 0.0, "נץ_pct": 0.0, "נק_pct": 0.0, "נר_pct": 0.0, "עם_pct": 0.37453183520599254, "פה_pct": 28.08988764044944, "ף_pct": 0.0, "צ_pct": 0.37453183520599254, "ץ_pct": 0.0, "ק_pct": 0.0, "קי_pct": 0.0, "קך_pct": 0.0, "קנ_pct": 0.0, "קץ_pct": 0.0, "רז_pct": 0.0, "שס_pct": 3.3707865168539324, "ת_pct": 0.0, "lat": 32.8032711, "lon": 34.9968374, "neighborhood": "המיימוני" }, "geometry": { "type": "Point", "coordinates": [ 34.9968374, 32.8032711 ] } },
{ "type": "Feature", "properties": { "סמל ועדה": 7, "ברזל": 2897, "שם ישוב": "חיפה", "סמל ישוב": 4000, "קלפי": "337.1", "ריכוז": 38, "שופט": 0, "בזב": 584, "מצביעים": 235, "פסולים": 2, "כשרים": 233, "אמת": 12, "אצ": 0, "ב": 2, "ג": 91, "ד": 2, "ום": 9, "ז": 0, "זך": 0, "זנ": 0, "זץ": 0, "ט": 12, "י": 0, "יז": 0, "ינ": 0, "יץ": 0, "יק": 0, "כן": 2, "ך": 0, "ל": 21, "מחל": 40, "מרצ": 3, "נז": 0, "ני": 0, "נף": 0, "נץ": 0, "נק": 0, "נר": 0, "עם": 1, "פה": 18, "ף": 0, "צ": 0, "ץ": 0, "ק": 0, "קי": 0, "קך": 0, "קנ": 0, "קץ": 1, "רז": 0, "שס": 19, "ת": 0, "כתובת קלפי": "ירושלים,29 ", "מקום קלפי": "מתנ\"ס הדר-ביתנו", "נגישה": "כ", "נגישה מיוחדת": "כ", "בוחרי כנסת בפועל": 584, "turnout_pct": 40.239726027397261, "אמת_pct": 5.1502145922746783, "אצ_pct": 0.0, "ב_pct": 0.85836909871244638, "ג_pct": 39.055793991416309, "ד_pct": 0.85836909871244638, "ום_pct": 3.8626609442060089, "ז_pct": 0.0, "זך_pct": 0.0, "זנ_pct": 0.0, "זץ_pct": 0.0, "ט_pct": 5.1502145922746783, "י_pct": 0.0, "יז_pct": 0.0, "ינ_pct": 0.0, "יץ_pct": 0.0, "יק_pct": 0.0, "כן_pct": 0.85836909871244638, "ך_pct": 0.0, "ל_pct": 9.0128755364806867, "מחל_pct": 17.167381974248926, "מרצ_pct": 1.2875536480686696, "נז_pct": 0.0, "ני_pct": 0.0, "נף_pct": 0.0, "נץ_pct": 0.0, "נק_pct": 0.0, "נר_pct": 0.0, "עם_pct": 0.42918454935622319, "פה_pct": 7.7253218884120178, "ף_pct": 0.0, "צ_pct": 0.0, "ץ_pct": 0.0, "ק_pct": 0.0, "קי_pct": 0.0, "קך_pct": 0.0, "קנ_pct": 0.0, "קץ_pct": 0.42918454935622319, "רז_pct": 0.0, "שס_pct": 8.1545064377682408, "ת_pct": 0.0, "lat": 32.8075979, "lon": 34.9993056, "neighborhood": "הדר מרכז" }, "geometry": { "type": "Point", "coordinates": [ 34.9993056, 32.8075979 ] } },
{ "type": "Feature", "properties": { "סמל ועדה": 7, "ברזל": 2898, "שם ישוב": "חיפה", "סמל ישוב": 4000, "קלפי": "337.2", "ריכוז": 38, "שופט": 0, "בזב": 584, "מצביעים": 234, "פסולים": 0, "כשרים": 234, "אמת": 5, "אצ": 1, "ב": 0, "ג": 81, "ד": 4, "ום": 5, "ז": 0, "זך": 0, "זנ": 0, "זץ": 0, "ט": 6, "י": 0, "יז": 0, "ינ": 0, "יץ": 0, "יק": 0, "כן": 2, "ך": 0, "ל": 34, "מחל": 38, "מרצ": 6, "נז": 0, "ני": 0, "נף": 0, "נץ": 0, "נק": 0, "נר": 1, "עם": 0, "פה": 22, "ף": 0, "צ": 0, "ץ": 0, "ק": 0, "קי": 0, "קך": 0, "קנ": 0, "קץ": 0, "רז": 1, "שס": 28, "ת": 0, "כתובת קלפי": "ירושלים,29 ", "מקום קלפי": "מתנ\"ס הדר-ביתנו", "נגישה": " ", "נגישה מיוחדת": " ", "בוחרי כנסת בפועל": 584, "turnout_pct": 40.06849315068493, "אמת_pct": 2.1367521367521367, "אצ_pct": 0.42735042735042739, "ב_pct": 0.0, "ג_pct": 34.615384615384613, "ד_pct": 1.7094017094017095, "ום_pct": 2.1367521367521367, "ז_pct": 0.0, "זך_pct": 0.0, "זנ_pct": 0.0, "זץ_pct": 0.0, "ט_pct": 2.5641025641025639, "י_pct": 0.0, "יז_pct": 0.0, "ינ_pct": 0.0, "יץ_pct": 0.0, "יק_pct": 0.0, "כן_pct": 0.85470085470085477, "ך_pct": 0.0, "ל_pct": 14.529914529914532, "מחל_pct": 16.239316239316238, "מרצ_pct": 2.5641025641025639, "נז_pct": 0.0, "ני_pct": 0.0, "נף_pct": 0.0, "נץ_pct": 0.0, "נק_pct": 0.0, "נר_pct": 0.42735042735042739, "עם_pct": 0.0, "פה_pct": 9.4017094017094021, "ף_pct": 0.0, "צ_pct": 0.0, "ץ_pct": 0.0, "ק_pct": 0.0, "קי_pct": 0.0, "קך_pct": 0.0, "קנ_pct": 0.0, "קץ_pct": 0.0, "רז_pct": 0.42735042735042739, "שס_pct": 11.965811965811966, "ת_pct": 0.0, "lat": 32.8075979, "lon": 34.9993056, "neighborhood": "הדר מרכז" }, "geometry": { "type": "Point", "coordinates": [ 34.9993056, 32.8075979 ] } },
{ "type": "Feature", "properties": { "סמל ועדה": 7, "ברזל": 2899, "שם ישוב": "חיפה", "סמל ישוב": 4000, "קלפי": "337.3", "ריכוז": 38, "שופט": 0, "בזב": 582, "מצביעים": 228, "פסולים": 2, "כשרים": 226, "אמת": 10, "אצ": 0, "ב": 1, "ג": 92, "ד": 3, "ום": 10, "ז": 0, "זך": 0, "זנ": 0, "זץ": 0, "ט": 8, "י": 0, "יז": 0, "ינ": 0, "יץ": 0, "יק": 0, "כן": 3, "ך": 0, "ל": 31, "מחל": 33, "מרצ": 5, "נז": 0, "ני": 0, "נף": 0, "נץ": 0, "נק": 0, "נר": 0, "עם": 1, "פה": 17, "ף": 0, "צ": 0, "ץ": 0, "ק": 0, "קי": 0, "קך": 0, "קנ": 0, "קץ": 0, "רז": 0, "שס": 12, "ת": 0, "כתובת קלפי": "ירושלים,29 ", "מקום קלפי": "מתנ\"ס הדר-ביתנו", "נגישה": " ", "נגישה מיוחדת": " ", "בוחרי כנסת בפועל": 582, "turnout_pct": 39.175257731958766, "אמת_pct": 4.4247787610619467, "אצ_pct": 0.0, "ב_pct": 0.44247787610619471, "ג_pct": 40.707964601769916, "ד_pct": 1.3274336283185841, "ום_pct": 4.4247787610619467, "ז_pct": 0.0, "זך_pct": 0.0, "זנ_pct": 0.0, "זץ_pct": 0.0, "ט_pct": 3.5398230088495577, "י_pct": 0.0, "יז_pct": 0.0, "ינ_pct": 0.0, "יץ_pct": 0.0, "יק_pct": 0.0, "כן_pct": 1.3274336283185841, "ך_pct": 0.0, "ל_pct": 13.716814159292035, "מחל_pct": 14.601769911504425, "מרצ_pct": 2.2123893805309733, "נז_pct": 0.0, "ני_pct": 0.0, "נף_pct": 0.0, "נץ_pct": 0.0, "נק_pct": 0.0, "נר_pct": 0.0, "עם_pct": 0.44247787610619471, "פה_pct": 7.5221238938053103, "ף_pct": 0.0, "צ_pct": 0.0, "ץ_pct": 0.0, "ק_pct": 0.0, "קי_pct": 0.0, "קך_pct": 0.0, "קנ_pct": 0.0, "קץ_pct": 0.0, "רז_pct": 0.0, "שס_pct": 5.3097345132743365, "ת_pct": 0.0, "lat": 32.8075979, "lon": 34.9993056, "neighborhood": "הדר מרכז" }, "geometry": { "type": "Point", "coordinates": [ 34.9993056, 32.8075979 ] } },
{ "type": "Feature", "properties": { "סמל ועדה": 7, "ברזל": 2900, "שם ישוב": "חיפה", "סמל ישוב": 4000, "קלפי": "345.1", "ריכוז": 73, "שופט": 0, "בזב": 658, "מצביעים": 351, "פסולים": 3, "כשרים": 348, "אמת": 22, "אצ": 2, "ב": 2, "ג": 2, "ד": 9, "ום": 7, "ז": 0, "זך": 0, "זנ": 0, "זץ": 0, "ט": 27, "י": 0, "יז": 0, "ינ": 0, "יץ": 0, "יק": 0, "כן": 30, "ך": 0, "ל": 36, "מחל": 85, "מרצ": 16, "נז": 0, "ני": 0, "נף": 0, "נץ": 0, "נק": 1, "נר": 0, "עם": 1, "פה": 86, "ף": 0, "צ": 3, "ץ": 0, "ק": 0, "קי": 0, "קך": 0, "קנ": 0, "קץ": 4, "רז": 0, "שס": 15, "ת": 0, "כתובת קלפי": "סנש חנה,12 ", "מקום קלפי": "בי\"ס תיכון לאומנויות רעות", "נגישה": " ", "נגישה מיוחדת": " ", "בוחרי כנסת בפועל": 658, "turnout_pct": 53.343465045592708, "אמת_pct": 6.3218390804597711, "אצ_pct": 0.57471264367816088, "ב_pct": 0.57471264367816088, "ג_pct": 0.57471264367816088, "ד_pct": 2.5862068965517242, "ום_pct": 2.0114942528735633, "ז_pct": 0.0, "זך_pct": 0.0, "זנ_pct": 0.0, "זץ_pct": 0.0, "ט_pct": 7.7586206896551726, "י_pct": 0.0, "יז_pct": 0.0, "ינ_pct": 0.0, "יץ_pct": 0.0, "יק_pct": 0.0, "כן_pct": 8.6206896551724146, "ך_pct": 0.0, "ל_pct": 10.344827586206897, "מחל_pct": 24.425287356321839, "מרצ_pct": 4.5977011494252871, "נז_pct": 0.0, "ני_pct": 0.0, "נף_pct": 0.0, "נץ_pct": 0.0, "נק_pct": 0.28735632183908044, "נר_pct": 0.0, "עם_pct": 0.28735632183908044, "פה_pct": 24.712643678160919, "ף_pct": 0.0, "צ_pct": 0.86206896551724133, "ץ_pct": 0.0, "ק_pct": 0.0, "קי_pct": 0.0, "קך_pct": 0.0, "קנ_pct": 0.0, "קץ_pct": 1.1494252873563218, "רז_pct": 0.0, "שס_pct": 4.3103448275862073, "ת_pct": 0.0, "lat": 32.800617, "lon": 34.9973892, "neighborhood": "המיימוני" }, "geometry": { "type": "Point", "coordinates": [ 34.9973892, 32.800617 ] } },
{ "type": "Feature", "properties": { "סמל ועדה": 7, "ברזל": 2901, "שם ישוב": "חיפה", "סמל ישוב": 4000, "קלפי": "345.2", "ריכוז": 73, "שופט": 0, "בזב": 658, "מצביעים": 351, "פסולים": 0, "כשרים": 351, "אמת": 10, "אצ": 2, "ב": 1, "ג": 5, "ד": 12, "ום": 10, "ז": 0, "זך": 0, "זנ": 0, "זץ": 0, "ט": 23, "י": 1, "יז": 1, "ינ": 0, "יץ": 0, "יק": 0, "כן": 35, "ך": 0, "ל": 32, "מחל": 88, "מרצ": 15, "נז": 0, "ני": 0, "נף": 0, "נץ": 0, "נק": 0, "נר": 0, "עם": 1, "פה": 103, "ף": 0, "צ": 0, "ץ": 1, "ק": 0, "קי": 0, "קך": 0, "קנ": 0, "קץ": 0, "רז": 0, "שס": 11, "ת": 0, "כתובת קלפי": "סנש חנה,12 ", "מקום קלפי": "בי\"ס תיכון לאומנויות רעות", "נגישה": " ", "נגישה מיוחדת": " ", "בוחרי כנסת בפועל": 658, "turnout_pct": 53.343465045592708, "אמת_pct": 2.8490028490028489, "אצ_pct": 0.56980056980056981, "ב_pct": 0.28490028490028491, "ג_pct": 1.4245014245014245, "ד_pct": 3.4188034188034191, "ום_pct": 2.8490028490028489, "ז_pct": 0.0, "זך_pct": 0.0, "זנ_pct": 0.0, "זץ_pct": 0.0, "ט_pct": 6.5527065527065522, "י_pct": 0.28490028490028491, "יז_pct": 0.28490028490028491, "ינ_pct": 0.0, "יץ_pct": 0.0, "יק_pct": 0.0, "כן_pct": 9.9715099715099722, "ך_pct": 0.0, "ל_pct": 9.116809116809117, "מחל_pct": 25.071225071225072, "מרצ_pct": 4.2735042735042734, "נז_pct": 0.0, "ני_pct": 0.0, "נף_pct": 0.0, "נץ_pct": 0.0, "נק_pct": 0.0, "נר_pct": 0.0, "עם_pct": 0.28490028490028491, "פה_pct": 29.344729344729341, "ף_pct": 0.0, "צ_pct": 0.0, "ץ_pct": 0.28490028490028491, "ק_pct": 0.0, "קי_pct": 0.0, "קך_pct": 0.0, "קנ_pct": 0.0, "קץ_pct": 0.0, "רז_pct": 0.0, "שס_pct": 3.133903133903134, "ת_pct": 0.0, "lat": 32.800617, "lon": 34.9973892, "neighborhood": "המיימוני" }, "geometry": { "type": "Point", "coordinates": [ 34.9973892, 32.800617 ] } },
{ "type": "Feature", "properties": { "סמל ועדה": 7, "ברזל": 2902, "שם ישוב": "חיפה", "סמל ישוב": 4000, "קלפי": "345.3", "ריכוז": 73, "שופט": 0, "בזב": 656, "מצביעים": 332, "פסולים": 2, "כשרים": 330, "אמת": 15, "אצ": 3, "ב": 0, "ג": 6, "ד": 13, "ום": 5, "ז": 0, "זך": 0, "זנ": 0, "זץ": 0, "ט": 16, "י": 0, "יז": 2, "ינ": 0, "יץ": 0, "יק": 0, "כן": 35, "ך": 0, "ל": 32, "מחל": 71, "מרצ": 11, "נז": 0, "ני": 0, "נף": 0, "נץ": 0, "נק": 0, "נר": 0, "עם": 3, "פה": 109, "ף": 0, "צ": 0, "ץ": 0, "ק": 0, "קי": 0, "קך": 0, "קנ": 0, "קץ": 4, "רז": 0, "שס": 5, "ת": 0, "כתובת קלפי": "סנש חנה,12 ", "מקום קלפי": "בי\"ס תיכון לאומנויות רעות", "נגישה": " ", "נגישה מיוחדת": " ", "בוחרי כנסת בפועל": 656, "turnout_pct": 50.609756097560975, "אמת_pct": 4.5454545454545459, "אצ_pct": 0.90909090909090906, "ב_pct": 0.0, "ג_pct": 1.8181818181818181, "ד_pct": 3.939393939393939, "ום_pct": 1.5151515151515151, "ז_pct": 0.0, "זך_pct": 0.0, "זנ_pct": 0.0, "זץ_pct": 0.0, "ט_pct": 4.8484848484848486, "י_pct": 0.0, "יז_pct": 0.60606060606060608, "ינ_pct": 0.0, "יץ_pct": 0.0, "יק_pct": 0.0, "כן_pct": 10.606060606060606, "ך_pct": 0.0, "ל_pct": 9.6969696969696972, "מחל_pct": 21.515151515151516, "מרצ_pct": 3.3333333333333335, "נז_pct": 0.0, "ני_pct": 0.0, "נף_pct": 0.0, "נץ_pct": 0.0, "נק_pct": 0.0, "נר_pct": 0.0, "עם_pct": 0.90909090909090906, "פה_pct": 33.030303030303031, "ף_pct": 0.0, "צ_pct": 0.0, "ץ_pct": 0.0, "ק_pct": 0.0, "קי_pct": 0.0, "קך_pct": 0.0, "קנ_pct": 0.0, "קץ_pct": 1.2121212121212122, "רז_pct": 0.0, "שס_pct": 1.5151515151515151, "ת_pct": 0.0, "lat": 32.800617, "lon": 34.9973892, "neighborhood": "המיימוני" }, "geometry": { "type": "Point", "coordinates": [ 34.9973892, 32.800617 ] } },
{ "type": "Feature", "properties": { "סמל ועדה": 7, "ברזל": 2903, "שם ישוב": "חיפה", "סמל ישוב": 4000, "קלפי": "347", "ריכוז": 258, "שופט": 0, "בזב": 482, "מצביעים": 250, "פסולים": 4, "כשרים": 246, "אמת": 4, "אצ": 1, "ב": 4, "ג": 0, "ד": 0, "ום": 0, "ז": 0, "זך": 0, "זנ": 0, "זץ": 0, "ט": 6, "י": 0, "יז": 0, "ינ": 0, "יץ": 0, "יק": 0, "כן": 21, "ך": 0, "ל": 60, "מחל": 62, "מרצ": 2, "נז": 0, "ני": 0, "נף": 0, "נץ": 0, "נק": 0, "נר": 0, "עם": 1, "פה": 78, "ף": 0, "צ": 0, "ץ": 0, "ק": 0, "קי": 0, "קך": 0, "קנ": 0, "קץ": 4, "רז": 0, "שס": 3, "ת": 0, "כתובת קלפי": "בלום לאון,9 ", "מקום קלפי": "תיכון חוגים ע\"ש רחל מתוקי", "נגישה": "כ", "נגישה מיוחדת": "כ", "בוחרי כנסת בפועל": 482, "turnout_pct": 51.867219917012456, "אמת_pct": 1.6260162601626018, "אצ_pct": 0.40650406504065045, "ב_pct": 1.6260162601626018, "ג_pct": 0.0, "ד_pct": 0.0, "ום_pct": 0.0, "ז_pct": 0.0, "זך_pct": 0.0, "זנ_pct": 0.0, "זץ_pct": 0.0, "ט_pct": 2.4390243902439024, "י_pct": 0.0, "יז_pct": 0.0, "ינ_pct": 0.0, "יץ_pct": 0.0, "יק_pct": 0.0, "כן_pct": 8.536585365853659, "ך_pct": 0.0, "ל_pct": 24.390243902439025, "מחל_pct": 25.203252032520325, "מרצ_pct": 0.81300813008130091, "נז_pct": 0.0, "ני_pct": 0.0, "נף_pct": 0.0, "נץ_pct": 0.0, "נק_pct": 0.0, "נר_pct": 0.0, "עם_pct": 0.40650406504065045, "פה_pct": 31.707317073170731, "ף_pct": 0.0, "צ_pct": 0.0, "ץ_pct": 0.0, "ק_pct": 0.0, "קי_pct": 0.0, "קך_pct": 0.0, "קנ_pct": 0.0, "קץ_pct": 1.6260162601626018, "רז_pct": 0.0, "שס_pct": 1.2195121951219512, "ת_pct": 0.0, "lat": 32.7998554, "lon": 35.0009816, "neighborhood": "המיימוני" }, "geometry": { "type": "Point", "coordinates": [ 35.0009816, 32.7998554 ] } },
{ "type": "Feature", "properties": { "סמל ועדה": 7, "ברזל": 2904, "שם ישוב": "חיפה", "סמל ישוב": 4000, "קלפי": "348", "ריכוז": 258, "שופט": 0, "בזב": 681, "מצביעים": 346, "פסולים": 2, "כשרים": 344, "אמת": 17, "אצ": 0, "ב": 0, "ג": 1, "ד": 0, "ום": 1, "ז": 0, "זך": 0, "זנ": 0, "זץ": 0, "ט": 10, "י": 0, "יז": 0, "ינ": 0, "יץ": 0, "יק": 0, "כן": 33, "ך": 0, "ל": 74, "מחל": 83, "מרצ": 9, "נז": 0, "ני": 0, "נף": 0, "נץ": 0, "נק": 0, "נר": 0, "עם": 1, "פה": 113, "ף": 0, "צ": 0, "ץ": 0, "ק": 1, "קי": 0, "קך": 0, "קנ": 1, "קץ": 0, "רז": 0, "שס": 0, "ת": 0, "כתובת קלפי": "בלום לאון,9 ", "מקום קלפי": "תיכון חוגים ע\"ש רחל מתוקי", "נגישה": "כ", "נגישה מיוחדת": " ", "בוחרי כנסת בפועל": 681, "turnout_pct": 50.80763582966226, "אמת_pct": 4.941860465116279, "אצ_pct": 0.0, "ב_pct": 0.0, "ג_pct": 0.29069767441860467, "ד_pct": 0.0, "ום_pct": 0.29069767441860467, "ז_pct": 0.0, "זך_pct": 0.0, "זנ_pct": 0.0, "זץ_pct": 0.0, "ט_pct": 2.9069767441860463, "י_pct": 0.0, "יז_pct": 0.0, "ינ_pct": 0.0, "יץ_pct": 0.0, "יק_pct": 0.0, "כן_pct": 9.5930232558139537, "ך_pct": 0.0, "ל_pct": 21.511627906976745, "מחל_pct": 24.127906976744189, "מרצ_pct": 2.6162790697674421, "נז_pct": 0.0, "ני_pct": 0.0, "נף_pct": 0.0, "נץ_pct": 0.0, "נק_pct": 0.0, "נר_pct": 0.0, "עם_pct": 0.29069767441860467, "פה_pct": 32.848837209302324, "ף_pct": 0.0, "צ_pct": 0.0, "ץ_pct": 0.0, "ק_pct": 0.29069767441860467, "קי_pct": 0.0, "קך_pct": 0.0, "קנ_pct": 0.29069767441860467, "קץ_pct": 0.0, "רז_pct": 0.0, "שס_pct": 0.0, "ת_pct": 0.0, "lat": 32.7998554, "lon": 35.0009816, "neighborhood": "המיימוני" }, "geometry": { "type": "Point", "coordinates": [ 35.0009816, 32.7998554 ] } },
{ "type": "Feature", "properties": { "סמל ועדה": 7, "ברזל": 2905, "שם ישוב": "חיפה", "סמל ישוב": 4000, "קלפי": "354.1", "ריכוז": 28, "שופט": 0, "בזב": 609, "מצביעים": 363, "פסולים": 3, "כשרים": 360, "אמת": 4, "אצ": 0, "ב": 2, "ג": 119, "ד": 0, "ום": 1, "ז": 0, "זך": 0, "זנ": 0, "זץ": 0, "ט": 21, "י": 0, "יז": 0, "ינ": 0, "יץ": 0, "יק": 0, "כן": 12, "ך": 0, "ל": 24, "מחל": 41, "מרצ": 6, "נז": 0, "ני": 0, "נף": 0, "נץ": 0, "נק": 0, "נר": 0, "עם": 1, "פה": 39, "ף": 0, "צ": 2, "ץ": 1, "ק": 0, "קי": 0, "קך": 0, "קנ": 0, "קץ": 0, "רז": 0, "שס": 87, "ת": 0, "כתובת קלפי": "רבי עקיבא,40 ", "מקום קלפי": "אולפנת צביה", "נגישה": " ", "נגישה מיוחדת": " ", "בוחרי כנסת בפועל": 609, "turnout_pct": 59.605911330049267, "אמת_pct": 1.1111111111111112, "אצ_pct": 0.0, "ב_pct": 0.55555555555555558, "ג_pct": 33.055555555555557, "ד_pct": 0.0, "ום_pct": 0.27777777777777779, "ז_pct": 0.0, "זך_pct": 0.0, "זנ_pct": 0.0, "זץ_pct": 0.0, "ט_pct": 5.833333333333333, "י_pct": 0.0, "יז_pct": 0.0, "ינ_pct": 0.0, "יץ_pct": 0.0, "יק_pct": 0.0, "כן_pct": 3.3333333333333335, "ך_pct": 0.0, "ל_pct": 6.666666666666667, "מחל_pct": 11.388888888888889, "מרצ_pct": 1.6666666666666667, "נז_pct": 0.0, "ני_pct": 0.0, "נף_pct": 0.0, "נץ_pct": 0.0, "נק_pct": 0.0, "נר_pct": 0.0, "עם_pct": 0.27777777777777779, "פה_pct": 10.833333333333334, "ף_pct": 0.0, "צ_pct": 0.55555555555555558, "ץ_pct": 0.27777777777777779, "ק_pct": 0.0, "קי_pct": 0.0, "קך_pct": 0.0, "קנ_pct": 0.0, "קץ_pct": 0.0, "רז_pct": 0.0, "שס_pct": 24.166666666666668, "ת_pct": 0.0, "lat": 32.8028943, "lon": 34.9984537, "neighborhood": "המיימוני" }, "geometry": { "type": "Point", "coordinates": [ 34.9984537, 32.8028943 ] } },
{ "type": "Feature", "properties": { "סמל ועדה": 7, "ברזל": 2906, "שם ישוב": "חיפה", "סמל ישוב": 4000, "קלפי": "354.2", "ריכוז": 28, "שופט": 0, "בזב": 609, "מצביעים": 385, "פסולים": 3, "כשרים": 382, "אמת": 9, "אצ": 1, "ב": 1, "ג": 143, "ד": 2, "ום": 2, "ז": 0, "זך": 0, "זנ": 0, "זץ": 1, "ט": 24, "י": 0, "יז": 1, "ינ": 0, "יץ": 0, "יק": 0, "כן": 10, "ך": 0, "ל": 21, "מחל": 46, "מרצ": 4, "נז": 0, "ני": 0, "נף": 0, "נץ": 2, "נק": 0, "נר": 0, "עם": 0, "פה": 38, "ף": 0, "צ": 1, "ץ": 0, "ק": 0, "קי": 0, "קך": 0, "קנ": 0, "קץ": 1, "רז": 0, "שס": 75, "ת": 0, "כתובת קלפי": "רבי עקיבא,40 ", "מקום קלפי": "אולפנת צביה", "נגישה": " ", "נגישה מיוחדת": " ", "בוחרי כנסת בפועל": 609, "turnout_pct": 63.218390804597703, "אמת_pct": 2.3560209424083771, "אצ_pct": 0.26178010471204188, "ב_pct": 0.26178010471204188, "ג_pct": 37.434554973821989, "ד_pct": 0.52356020942408377, "ום_pct": 0.52356020942408377, "ז_pct": 0.0, "זך_pct": 0.0, "זנ_pct": 0.0, "זץ_pct": 0.26178010471204188, "ט_pct": 6.2827225130890048, "י_pct": 0.0, "יז_pct": 0.26178010471204188, "ינ_pct": 0.0, "יץ_pct": 0.0, "יק_pct": 0.0, "כן_pct": 2.6178010471204187, "ך_pct": 0.0, "ל_pct": 5.4973821989528799, "מחל_pct": 12.041884816753926, "מרצ_pct": 1.0471204188481675, "נז_pct": 0.0, "ני_pct": 0.0, "נף_pct": 0.0, "נץ_pct": 0.52356020942408377, "נק_pct": 0.0, "נר_pct": 0.0, "עם_pct": 0.0, "פה_pct": 9.9476439790575917, "ף_pct": 0.0, "צ_pct": 0.26178010471204188, "ץ_pct": 0.0, "ק_pct": 0.0, "קי_pct": 0.0, "קך_pct": 0.0, "קנ_pct": 0.0, "קץ_pct": 0.26178010471204188, "רז_pct": 0.0, "שס_pct": 19.633507853403142, "ת_pct": 0.0, "lat": 32.8028943, "lon": 34.9984537, "neighborhood": "המיימוני" }, "geometry": { "type": "Point", "coordinates": [ 34.9984537, 32.8028943 ] } },
{ "type": "Feature", "properties": { "סמל ועדה": 7, "ברזל": 2907, "שם ישוב": "חיפה", "סמל ישוב": 4000, "קלפי": "354.3", "ריכוז": 28, "שופט": 1, "בזב": 609, "מצביעים": 377, "פסולים": 5, "כשרים": 372, "אמת": 6, "אצ": 2, "ב": 0, "ג": 148, "ד": 0, "ום": 1, "ז": 0, "זך": 0, "זנ": 0, "זץ": 0, "ט": 25, "י": 0, "יז": 1, "ינ": 0, "יץ": 0, "יק": 0, "כן": 9, "ך": 0, "ל": 32, "מחל": 48, "מרצ": 6, "נז": 0, "ני": 1, "נף": 0, "נץ": 0, "נק": 1, "נר": 0, "עם": 0, "פה": 48, "ף": 0, "צ": 0, "ץ": 0, "ק": 0, "קי": 0, "קך": 0, "קנ": 0, "קץ": 0, "רז": 1, "שס": 43, "ת": 0, "כתובת קלפי": "רבי עקיבא,40 ", "מקום קלפי": "אולפנת צביה", "נגישה": " ", "נגישה מיוחדת": " ", "בוחרי כנסת בפועל": 609, "turnout_pct": 61.904761904761905, "אמת_pct": 1.6129032258064515, "אצ_pct": 0.53763440860215062, "ב_pct": 0.0, "ג_pct": 39.784946236559136, "ד_pct": 0.0, "ום_pct": 0.26881720430107531, "ז_pct": 0.0, "זך_pct": 0.0, "זנ_pct": 0.0, "זץ_pct": 0.0, "ט_pct": 6.7204301075268811, "י_pct": 0.0, "יז_pct": 0.26881720430107531, "ינ_pct": 0.0, "יץ_pct": 0.0, "יק_pct": 0.0, "כן_pct": 2.4193548387096775, "ך_pct": 0.0, "ל_pct": 8.6021505376344098, "מחל_pct": 12.903225806451612, "מרצ_pct": 1.6129032258064515, "נז_pct": 0.0, "ני_pct": 0.26881720430107531, "נף_pct": 0.0, "נץ_pct": 0.0, "נק_pct": 0.26881720430107531, "נר_pct": 0.0, "עם_pct": 0.0, "פה_pct": 12.903225806451612, "ף_pct": 0.0, "צ_pct": 0.0, "ץ_pct": 0.0, "ק_pct": 0.0, "קי_pct": 0.0, "קך_pct": 0.0, "קנ_pct": 0.0, "קץ_pct": 0.0, "רז_pct": 0.26881720430107531, "שס_pct": 11.559139784946236, "ת_pct": 0.0, "lat": 32.8028943, "lon": 34.9984537, "neighborhood": "המיימוני" }, "geometry": { "type": "Point", "coordinates": [ 34.9984537, 32.8028943 ] } },
{ "type": "Feature", "properties": { "סמל ועדה": 7, "ברזל": 2908, "שם ישוב": "חיפה", "סמל ישוב": 4000, "קלפי": "1.1", "ריכוז": 88, "שופט": 0, "בזב": 530, "מצביעים": 258, "פסולים": 5, "כשרים": 253, "אמת": 11, "אצ": 1, "ב": 1, "ג": 0, "ד": 7, "ום": 7, "ז": 0, "זך": 0, "זנ": 0, "זץ": 0, "ט": 20, "י": 0, "יז": 1, "ינ": 0, "יץ": 0, "יק": 0, "כן": 13, "ך": 0, "ל": 47, "מחל": 73, "מרצ": 2, "נז": 0, "ני": 0, "נף": 0, "נץ": 0, "נק": 0, "נר": 0, "עם": 2, "פה": 58, "ף": 1, "צ": 1, "ץ": 0, "ק": 0, "קי": 0, "קך": 0, "קנ": 0, "קץ": 2, "רז": 1, "שס": 5, "ת": 0, "כתובת קלפי": "הזית,5 ", "מקום קלפי": "מועדון גמלאים סכנין", "נגישה": "כ", "נגישה מיוחדת": "כ", "בוחרי כנסת בפועל": 530, "turnout_pct": 48.679245283018865, "אמת_pct": 4.3478260869565215, "אצ_pct": 0.39525691699604742, "ב_pct": 0.39525691699604742, "ג_pct": 0.0, "ד_pct": 2.766798418972332, "ום_pct": 2.766798418972332, "ז_pct": 0.0, "זך_pct": 0.0, "זנ_pct": 0.0, "זץ_pct": 0.0, "ט_pct": 7.9051383399209492, "י_pct": 0.0, "יז_pct": 0.39525691699604742, "ינ_pct": 0.0, "יץ_pct": 0.0, "יק_pct": 0.0, "כן_pct": 5.1383399209486171, "ך_pct": 0.0, "ל_pct": 18.57707509881423, "מחל_pct": 28.853754940711461, "מרצ_pct": 0.79051383399209485, "נז_pct": 0.0, "ני_pct": 0.0, "נף_pct": 0.0, "נץ_pct": 0.0, "נק_pct": 0.0, "נר_pct": 0.0, "עם_pct": 0.79051383399209485, "פה_pct": 22.92490118577075, "ף_pct": 0.39525691699604742, "צ_pct": 0.39525691699604742, "ץ_pct": 0.0, "ק_pct": 0.0, "קי_pct": 0.0, "קך_pct": 0.0, "קנ_pct": 0.0, "קץ_pct": 0.79051383399209485, "רז_pct": 0.39525691699604742, "שס_pct": 1.9762845849802373, "ת_pct": 0.0, "lat": 32.8282541, "lon": 34.980006, "neighborhood": "קריית אליעזר" }, "geometry": { "type": "Point", "coordinates": [ 34.980006, 32.8282541 ] } },
{ "type": "Feature", "properties": { "סמל ועדה": 7, "ברזל": 2909, "שם ישוב": "חיפה", "סמל ישוב": 4000, "קלפי": "1.2", "ריכוז": 88, "שופט": 0, "בזב": 530, "מצביעים": 270, "פסולים": 3, "כשרים": 267, "אמת": 11, "אצ": 1, "ב": 1, "ג": 2, "ד": 21, "ום": 11, "ז": 0, "זך": 0, "זנ": 0, "זץ": 0, "ט": 18, "י": 0, "יז": 0, "ינ": 0, "יץ": 0, "יק": 0, "כן": 19, "ך": 0, "ל": 48, "מחל": 52, "מרצ": 5, "נז": 0, "ני": 0, "נף": 0, "נץ": 1, "נק": 0, "נר": 0, "עם": 0, "פה": 68, "ף": 0, "צ": 1, "ץ": 0, "ק": 0, "קי": 0, "קך": 0, "קנ": 1, "קץ": 3, "רז": 1, "שס": 3, "ת": 0, "כתובת קלפי": "הזית,5 ", "מקום קלפי": "מועדון גמלאים סכנין", "נגישה": "כ", "נגישה מיוחדת": " ", "בוחרי כנסת בפועל": 530, "turnout_pct": 50.943396226415096, "אמת_pct": 4.119850187265917, "אצ_pct": 0.37453183520599254, "ב_pct": 0.37453183520599254, "ג_pct": 0.74906367041198507, "ד_pct": 7.8651685393258424, "ום_pct": 4.119850187265917, "ז_pct": 0.0, "זך_pct": 0.0, "זנ_pct": 0.0, "זץ_pct": 0.0, "ט_pct": 6.7415730337078648, "י_pct": 0.0, "יז_pct": 0.0, "ינ_pct": 0.0, "יץ_pct": 0.0, "יק_pct": 0.0, "כן_pct": 7.1161048689138573, "ך_pct": 0.0, "ל_pct": 17.977528089887642, "מחל_pct": 19.475655430711612, "מרצ_pct": 1.8726591760299627, "נז_pct": 0.0, "ני_pct": 0.0, "נף_pct": 0.0, "נץ_pct": 0.37453183520599254, "נק_pct": 0.0, "נר_pct": 0.0, "עם_pct": 0.0, "פה_pct": 25.468164794007492, "ף_pct": 0.0, "צ_pct": 0.37453183520599254, "ץ_pct": 0.0, "ק_pct": 0.0, "קי_pct": 0.0, "קך_pct": 0.0, "קנ_pct": 0.37453183520599254, "קץ_pct": 1.1235955056179776, "רז_pct": 0.37453183520599254, "שס_pct": 1.1235955056179776, "ת_pct": 0.0, "lat": 32.8282541, "lon": 34.980006, "neighborhood": "קריית אליעזר" }, "geometry": { "type": "Point", "coordinates": [ 34.980006, 32.8282541 ] } },
{ "type": "Feature", "properties": { "סמל ועדה": 7, "ברזל": 2910, "שם ישוב": "חיפה", "סמל ישוב": 4000, "קלפי": "1.3", "ריכוז": 88, "שופט": 0, "בזב": 530, "מצביעים": 270, "פסולים": 0, "כשרים": 270, "אמת": 17, "אצ": 0, "ב": 3, "ג": 1, "ד": 11, "ום": 20, "ז": 0, "זך": 0, "זנ": 0, "זץ": 0, "ט": 29, "י": 1, "יז": 2, "ינ": 0, "יץ": 0, "יק": 0, "כן": 13, "ך": 0, "ל": 50, "מחל": 63, "מרצ": 8, "נז": 0, "ני": 0, "נף": 2, "נץ": 1, "נק": 1, "נר": 0, "עם": 2, "פה": 38, "ף": 1, "צ": 0, "ץ": 0, "ק": 0, "קי": 0, "קך": 0, "קנ": 0, "קץ": 1, "רז": 1, "שס": 4, "ת": 1, "כתובת קלפי": "הזית,5 ", "מקום קלפי": "מועדון גמלאים סכנין", "נגישה": " ", "נגישה מיוחדת": " ", "בוחרי כנסת בפועל": 530, "turnout_pct": 50.943396226415096, "אמת_pct": 6.2962962962962958, "אצ_pct": 0.0, "ב_pct": 1.1111111111111112, "ג_pct": 0.37037037037037041, "ד_pct": 4.0740740740740744, "ום_pct": 7.4074074074074066, "ז_pct": 0.0, "זך_pct": 0.0, "זנ_pct": 0.0, "זץ_pct": 0.0, "ט_pct": 10.74074074074074, "י_pct": 0.37037037037037041, "יז_pct": 0.74074074074074081, "ינ_pct": 0.0, "יץ_pct": 0.0, "יק_pct": 0.0, "כן_pct": 4.8148148148148149, "ך_pct": 0.0, "ל_pct": 18.518518518518519, "מחל_pct": 23.333333333333332, "מרצ_pct": 2.9629629629629632, "נז_pct": 0.0, "ני_pct": 0.0, "נף_pct": 0.74074074074074081, "נץ_pct": 0.37037037037037041, "נק_pct": 0.37037037037037041, "נר_pct": 0.0, "עם_pct": 0.74074074074074081, "פה_pct": 14.074074074074074, "ף_pct": 0.37037037037037041, "צ_pct": 0.0, "ץ_pct": 0.0, "ק_pct": 0.0, "קי_pct": 0.0, "קך_pct": 0.0, "קנ_pct": 0.0, "קץ_pct": 0.37037037037037041, "רז_pct": 0.37037037037037041, "שס_pct": 1.4814814814814816, "ת_pct": 0.37037037037037041, "lat": 32.8282541, "lon": 34.980006, "neighborhood": "קריית אליעזר" }, "geometry": { "type": "Point", "coordinates": [ 34.980006, 32.8282541 ] } },
{ "type": "Feature", "properties": { "סמל ועדה": 7, "ברזל": 2911, "שם ישוב": "חיפה", "סמל ישוב": 4000, "קלפי": "1.4", "ריכוז": 25, "שופט": 0, "בזב": 530, "מצביעים": 248, "פסולים": 2, "כשרים": 246, "אמת": 14, "אצ": 3, "ב": 1, "ג": 0, "ד": 3, "ום": 10, "ז": 0, "זך": 0, "זנ": 0, "זץ": 1, "ט": 9, "י": 0, "יז": 3, "ינ": 0, "יץ": 0, "יק": 0, "כן": 15, "ך": 0, "ל": 53, "מחל": 64, "מרצ": 12, "נז": 0, "ני": 0, "נף": 0, "נץ": 0, "נק": 1, "נר": 0, "עם": 1, "פה": 50, "ף": 0, "צ": 0, "ץ": 0, "ק": 1, "קי": 0, "קך": 0, "קנ": 0, "קץ": 2, "רז": 1, "שס": 2, "ת": 0, "כתובת קלפי": "נח\"ל,2 ", "מקום קלפי": "בי\"ס חטיבת בינים רעות", "נגישה": " ", "נגישה מיוחדת": " ", "בוחרי כנסת בפועל": 530, "turnout_pct": 46.79245283018868, "אמת_pct": 5.6910569105691051, "אצ_pct": 1.2195121951219512, "ב_pct": 0.40650406504065045, "ג_pct": 0.0, "ד_pct": 1.2195121951219512, "ום_pct": 4.0650406504065035, "ז_pct": 0.0, "זך_pct": 0.0, "זנ_pct": 0.0, "זץ_pct": 0.40650406504065045, "ט_pct": 3.6585365853658534, "י_pct": 0.0, "יז_pct": 1.2195121951219512, "ינ_pct": 0.0, "יץ_pct": 0.0, "יק_pct": 0.0, "כן_pct": 6.0975609756097562, "ך_pct": 0.0, "ל_pct": 21.544715447154474, "מחל_pct": 26.016260162601629, "מרצ_pct": 4.8780487804878048, "נז_pct": 0.0, "ני_pct": 0.0, "נף_pct": 0.0, "נץ_pct": 0.0, "נק_pct": 0.40650406504065045, "נר_pct": 0.0, "עם_pct": 0.40650406504065045, "פה_pct": 20.325203252032519, "ף_pct": 0.0, "צ_pct": 0.0, "ץ_pct": 0.0, "ק_pct": 0.40650406504065045, "קי_pct": 0.0, "קך_pct": 0.0, "קנ_pct": 0.0, "קץ_pct": 0.81300813008130091, "רז_pct": 0.40650406504065045, "שס_pct": 0.81300813008130091, "ת_pct": 0.0, "lat": 32.8266355, "lon": 34.9781753, "neighborhood": "קריית אליעזר" }, "geometry": { "type": "Point", "coordinates": [ 34.9781753, 32.8266355 ] } },
{ "type": "Feature", "properties": { "סמל ועדה": 7, "ברזל": 2912, "שם ישוב": "חיפה", "סמל ישוב": 4000, "קלפי": "71", "ריכוז": 240, "שופט": 1, "בזב": 688, "מצביעים": 291, "פסולים": 2, "כשרים": 289, "אמת": 7, "אצ": 0, "ב": 0, "ג": 0, "ד": 61, "ום": 120, "ז": 0, "זך": 0, "זנ": 0, "זץ": 0, "ט": 0, "י": 1, "יז": 0, "ינ": 1, "יץ": 0, "יק": 0, "כן": 9, "ך": 0, "ל": 3, "מחל": 17, "מרצ": 17, "נז": 0, "ני": 0, "נף": 0, "נץ": 0, "נק": 1, "נר": 0, "עם": 17, "פה": 31, "ף": 0, "צ": 1, "ץ": 0, "ק": 0, "קי": 0, "קך": 1, "קנ": 0, "קץ": 1, "רז": 0, "שס": 1, "ת": 0, "כתובת קלפי": "הגנים,21 ", "מקום קלפי": "המכללה האקדמית ויצו", "נגישה": "כ", "נגישה מיוחדת": " ", "בוחרי כנסת בפועל": 688, "turnout_pct": 42.296511627906973, "אמת_pct": 2.422145328719723, "אצ_pct": 0.0, "ב_pct": 0.0, "ג_pct": 0.0, "ד_pct": 21.107266435986158, "ום_pct": 41.522491349480966, "ז_pct": 0.0, "זך_pct": 0.0, "זנ_pct": 0.0, "זץ_pct": 0.0, "ט_pct": 0.0, "י_pct": 0.34602076124567477, "יז_pct": 0.0, "ינ_pct": 0.34602076124567477, "יץ_pct": 0.0, "יק_pct": 0.0, "כן_pct": 3.1141868512110724, "ך_pct": 0.0, "ל_pct": 1.0380622837370241, "מחל_pct": 5.8823529411764701, "מרצ_pct": 5.8823529411764701, "נז_pct": 0.0, "ני_pct": 0.0, "נף_pct": 0.0, "נץ_pct": 0.0, "נק_pct": 0.34602076124567477, "נר_pct": 0.0, "עם_pct": 5.8823529411764701, "פה_pct": 10.726643598615917, "ף_pct": 0.0, "צ_pct": 0.34602076124567477, "ץ_pct": 0.0, "ק_pct": 0.0, "קי_pct": 0.0, "קך_pct": 0.34602076124567477, "קנ_pct": 0.0, "קץ_pct": 0.34602076124567477, "רז_pct": 0.0, "שס_pct": 0.34602076124567477, "ת_pct": 0.0, "lat": 32.8209066, "lon": 34.9899033, "neighborhood": "מושבה גרמנית" }, "geometry": { "type": "Point", "coordinates": [ 34.9899033, 32.8209066 ] } },
{ "type": "Feature", "properties": { "סמל ועדה": 7, "ברזל": 2913, "שם ישוב": "חיפה", "סמל ישוב": 4000, "קלפי": "72", "ריכוז": 240, "שופט": 0, "בזב": 624, "מצביעים": 238, "פסולים": 3, "כשרים": 235, "אמת": 8, "אצ": 1, "ב": 0, "ג": 0, "ד": 34, "ום": 61, "ז": 0, "זך": 0, "זנ": 0, "זץ": 0, "ט": 10, "י": 0, "יז": 0, "ינ": 0, "יץ": 0, "יק": 0, "כן": 7, "ך": 1, "ל": 11, "מחל": 28, "מרצ": 13, "נז": 0, "ני": 0, "נף": 1, "נץ": 0, "נק": 0, "נר": 0, "עם": 7, "פה": 49, "ף": 0, "צ": 0, "ץ": 0, "ק": 1, "קי": 0, "קך": 0, "קנ": 0, "קץ": 0, "רז": 0, "שס": 2, "ת": 1, "כתובת קלפי": "הגנים,21 ", "מקום קלפי": "המכללה האקדמית ויצו", "נגישה": "כ", "נגישה מיוחדת": "כ", "בוחרי כנסת בפועל": 624, "turnout_pct": 38.141025641025635, "אמת_pct": 3.4042553191489362, "אצ_pct": 0.42553191489361702, "ב_pct": 0.0, "ג_pct": 0.0, "ד_pct": 14.468085106382977, "ום_pct": 25.957446808510635, "ז_pct": 0.0, "זך_pct": 0.0, "זנ_pct": 0.0, "זץ_pct": 0.0, "ט_pct": 4.2553191489361701, "י_pct": 0.0, "יז_pct": 0.0, "ינ_pct": 0.0, "יץ_pct": 0.0, "יק_pct": 0.0, "כן_pct": 2.9787234042553195, "ך_pct": 0.42553191489361702, "ל_pct": 4.6808510638297873, "מחל_pct": 11.914893617021278, "מרצ_pct": 5.5319148936170208, "נז_pct": 0.0, "ני_pct": 0.0, "נף_pct": 0.42553191489361702, "נץ_pct": 0.0, "נק_pct": 0.0, "נר_pct": 0.0, "עם_pct": 2.9787234042553195, "פה_pct": 20.851063829787233, "ף_pct": 0.0, "צ_pct": 0.0, "ץ_pct": 0.0, "ק_pct": 0.42553191489361702, "קי_pct": 0.0, "קך_pct": 0.0, "קנ_pct": 0.0, "קץ_pct": 0.0, "רז_pct": 0.0, "שס_pct": 0.85106382978723405, "ת_pct": 0.42553191489361702, "lat": 32.8209066, "lon": 34.9899033, "neighborhood": "מושבה גרמנית" }, "geometry": { "type": "Point", "coordinates": [ 34.9899033, 32.8209066 ] } },
{ "type": "Feature", "properties": { "סמל ועדה": 7, "ברזל": 2914, "שם ישוב": "חיפה", "סמל ישוב": 4000, "קלפי": "85", "ריכוז": 31, "שופט": 0, "בזב": 607, "מצביעים": 272, "פסולים": 2, "כשרים": 270, "אמת": 3, "אצ": 1, "ב": 1, "ג": 1, "ד": 36, "ום": 94, "ז": 0, "זך": 0, "זנ": 0, "זץ": 0, "ט": 7, "י": 1, "יז": 0, "ינ": 0, "יץ": 0, "יק": 0, "כן": 13, "ך": 0, "ל": 19, "מחל": 39, "מרצ": 15, "נז": 0, "ני": 1, "נף": 0, "נץ": 0, "נק": 0, "נר": 0, "עם": 8, "פה": 24, "ף": 0, "צ": 1, "ץ": 0, "ק": 0, "קי": 0, "קך": 0, "קנ": 0, "קץ": 2, "רז": 0, "שס": 4, "ת": 0, "כתובת קלפי": "אנילביץ מרדכי,26 ", "מקום קלפי": "בי\"ס מוריה", "נגישה": " ", "נגישה מיוחדת": " ", "בוחרי כנסת בפועל": 607, "turnout_pct": 44.810543657331138, "אמת_pct": 1.1111111111111112, "אצ_pct": 0.37037037037037041, "ב_pct": 0.37037037037037041, "ג_pct": 0.37037037037037041, "ד_pct": 13.333333333333334, "ום_pct": 34.814814814814817, "ז_pct": 0.0, "זך_pct": 0.0, "זנ_pct": 0.0, "זץ_pct": 0.0, "ט_pct": 2.5925925925925926, "י_pct": 0.37037037037037041, "יז_pct": 0.0, "ינ_pct": 0.0, "יץ_pct": 0.0, "יק_pct": 0.0, "כן_pct": 4.8148148148148149, "ך_pct": 0.0, "ל_pct": 7.0370370370370372, "מחל_pct": 14.444444444444443, "מרצ_pct": 5.5555555555555554, "נז_pct": 0.0, "ני_pct": 0.37037037037037041, "נף_pct": 0.0, "נץ_pct": 0.0, "נק_pct": 0.0, "נר_pct": 0.0, "עם_pct": 2.9629629629629632, "פה_pct": 8.8888888888888893, "ף_pct": 0.0, "צ_pct": 0.37037037037037041, "ץ_pct": 0.0, "ק_pct": 0.0, "קי_pct": 0.0, "קך_pct": 0.0, "קנ_pct": 0.0, "קץ_pct": 0.74074074074074081, "רז_pct": 0.0, "שס_pct": 1.4814814814814816, "ת_pct": 0.0, "lat": 32.81987, "lon": 34.9910156, "neighborhood": "מושבה גרמנית" }, "geometry": { "type": "Point", "coordinates": [ 34.9910156, 32.81987 ] } },
{ "type": "Feature", "properties": { "סמל ועדה": 7, "ברזל": 2915, "שם ישוב": "חיפה", "סמל ישוב": 4000, "קלפי": "86", "ריכוז": 240, "שופט": 0, "בזב": 693, "מצביעים": 297, "פסולים": 1, "כשרים": 296, "אמת": 10, "אצ": 0, "ב": 0, "ג": 0, "ד": 61, "ום": 101, "ז": 0, "זך": 0, "זנ": 0, "זץ": 0, "ט": 6, "י": 0, "יז": 0, "ינ": 0, "יץ": 0, "יק": 0, "כן": 8, "ך": 0, "ל": 16, "מחל": 20, "מרצ": 20, "נז": 1, "ני": 0, "נף": 0, "נץ": 1, "נק": 0, "נר": 0, "עם": 7, "פה": 41, "ף": 0, "צ": 0, "ץ": 2, "ק": 0, "קי": 0, "קך": 0, "קנ": 0, "קץ": 0, "רז": 0, "שס": 2, "ת": 0, "כתובת קלפי": "הגנים,21 ", "מקום קלפי": "המכללה האקדמית ויצו", "נגישה": " ", "נגישה מיוחדת": " ", "בוחרי כנסת בפועל": 693, "turnout_pct": 42.857142857142854, "אמת_pct": 3.3783783783783785, "אצ_pct": 0.0, "ב_pct": 0.0, "ג_pct": 0.0, "ד_pct": 20.608108108108109, "ום_pct": 34.121621621621621, "ז_pct": 0.0, "זך_pct": 0.0, "זנ_pct": 0.0, "זץ_pct": 0.0, "ט_pct": 2.0270270270270272, "י_pct": 0.0, "יז_pct": 0.0, "ינ_pct": 0.0, "יץ_pct": 0.0, "יק_pct": 0.0, "כן_pct": 2.7027027027027026, "ך_pct": 0.0, "ל_pct": 5.4054054054054053, "מחל_pct": 6.756756756756757, "מרצ_pct": 6.756756756756757, "נז_pct": 0.33783783783783783, "ני_pct": 0.0, "נף_pct": 0.0, "נץ_pct": 0.33783783783783783, "נק_pct": 0.0, "נר_pct": 0.0, "עם_pct": 2.3648648648648649, "פה_pct": 13.851351351351351, "ף_pct": 0.0, "צ_pct": 0.0, "ץ_pct": 0.67567567567567566, "ק_pct": 0.0, "קי_pct": 0.0, "קך_pct": 0.0, "קנ_pct": 0.0, "קץ_pct": 0.0, "רז_pct": 0.0, "שס_pct": 0.67567567567567566, "ת_pct": 0.0, "lat": 32.8209066, "lon": 34.9899033, "neighborhood": "מושבה גרמנית" }, "geometry": { "type": "Point", "coordinates": [ 34.9899033, 32.8209066 ] } },
{ "type": "Feature", "properties": { "סמל ועדה": 7, "ברזל": 2916, "שם ישוב": "חיפה", "סמל ישוב": 4000, "קלפי": "87", "ריכוז": 31, "שופט": 0, "בזב": 614, "מצביעים": 192, "פסולים": 1, "כשרים": 191, "אמת": 5, "אצ": 1, "ב": 0, "ג": 0, "ד": 34, "ום": 88, "ז": 0, "זך": 0, "זנ": 0, "זץ": 0, "ט": 1, "י": 0, "יז": 0, "ינ": 0, "יץ": 0, "יק": 0, "כן": 5, "ך": 0, "ל": 9, "מחל": 2, "מרצ": 27, "נז": 0, "ני": 0, "נף": 0, "נץ": 0, "נק": 0, "נר": 0, "עם": 8, "פה": 11, "ף": 0, "צ": 0, "ץ": 0, "ק": 0, "קי": 0, "קך": 0, "קנ": 0, "קץ": 0, "רז": 0, "שס": 0, "ת": 0, "כתובת קלפי": "אנילביץ מרדכי,26 ", "מקום קלפי": "בי\"ס מוריה", "נגישה": " ", "נגישה מיוחדת": " ", "בוחרי כנסת בפועל": 614, "turnout_pct": 31.270358306188921, "אמת_pct": 2.6178010471204187, "אצ_pct": 0.52356020942408377, "ב_pct": 0.0, "ג_pct": 0.0, "ד_pct": 17.801047120418847, "ום_pct": 46.073298429319372, "ז_pct": 0.0, "זך_pct": 0.0, "זנ_pct": 0.0, "זץ_pct": 0.0, "ט_pct": 0.52356020942408377, "י_pct": 0.0, "יז_pct": 0.0, "ינ_pct": 0.0, "יץ_pct": 0.0, "יק_pct": 0.0, "כן_pct": 2.6178010471204187, "ך_pct": 0.0, "ל_pct": 4.7120418848167542, "מחל_pct": 1.0471204188481675, "מרצ_pct": 14.136125654450263, "נז_pct": 0.0, "ני_pct": 0.0, "נף_pct": 0.0, "נץ_pct": 0.0, "נק_pct": 0.0, "נר_pct": 0.0, "עם_pct": 4.1884816753926701, "פה_pct": 5.7591623036649215, "ף_pct": 0.0, "צ_pct": 0.0, "ץ_pct": 0.0, "ק_pct": 0.0, "קי_pct": 0.0, "קך_pct": 0.0, "קנ_pct": 0.0, "קץ_pct": 0.0, "רז_pct": 0.0, "שס_pct": 0.0, "ת_pct": 0.0, "lat": 32.81987, "lon": 34.9910156, "neighborhood": "מושבה גרמנית" }, "geometry": { "type": "Point", "coordinates": [ 34.9910156, 32.81987 ] } },
{ "type": "Feature", "properties": { "סמל ועדה": 7, "ברזל": 2917, "שם ישוב": "חיפה", "סמל ישוב": 4000, "קלפי": "89.1", "ריכוז": 46, "שופט": 0, "בזב": 659, "מצביעים": 313, "פסולים": 3, "כשרים": 310, "אמת": 6, "אצ": 1, "ב": 0, "ג": 1, "ד": 53, "ום": 72, "ז": 0, "זך": 0, "זנ": 0, "זץ": 0, "ט": 10, "י": 0, "יז": 0, "ינ": 0, "יץ": 0, "יק": 0, "כן": 14, "ך": 1, "ל": 46, "מחל": 47, "מרצ": 16, "נז": 0, "ני": 1, "נף": 0, "נץ": 0, "נק": 0, "נר": 1, "עם": 1, "פה": 34, "ף": 1, "צ": 0, "ץ": 0, "ק": 0, "קי": 0, "קך": 3, "קנ": 0, "קץ": 0, "רז": 0, "שס": 2, "ת": 0, "כתובת קלפי": "שדה יצחק,26 ", "מקום קלפי": "בי\"ס שלווה", "נגישה": "כ", "נגישה מיוחדת": "כ", "בוחרי כנסת בפועל": 659, "turnout_pct": 47.496206373292864, "אמת_pct": 1.935483870967742, "אצ_pct": 0.32258064516129031, "ב_pct": 0.0, "ג_pct": 0.32258064516129031, "ד_pct": 17.096774193548388, "ום_pct": 23.225806451612904, "ז_pct": 0.0, "זך_pct": 0.0, "זנ_pct": 0.0, "זץ_pct": 0.0, "ט_pct": 3.225806451612903, "י_pct": 0.0, "יז_pct": 0.0, "ינ_pct": 0.0, "יץ_pct": 0.0, "יק_pct": 0.0, "כן_pct": 4.5161290322580641, "ך_pct": 0.32258064516129031, "ל_pct": 14.838709677419354, "מחל_pct": 15.161290322580644, "מרצ_pct": 5.161290322580645, "נז_pct": 0.0, "ני_pct": 0.32258064516129031, "נף_pct": 0.0, "נץ_pct": 0.0, "נק_pct": 0.0, "נר_pct": 0.32258064516129031, "עם_pct": 0.32258064516129031, "פה_pct": 10.967741935483872, "ף_pct": 0.32258064516129031, "צ_pct": 0.0, "ץ_pct": 0.0, "ק_pct": 0.0, "קי_pct": 0.0, "קך_pct": 0.967741935483871, "קנ_pct": 0.0, "קץ_pct": 0.0, "רז_pct": 0.0, "שס_pct": 0.64516129032258063, "ת_pct": 0.0, "lat": 32.8213547, "lon": 34.9862614, "neighborhood": "קריית אליהו" }, "geometry": { "type": "Point", "coordinates": [ 34.9862614, 32.8213547 ] } },
{ "type": "Feature", "properties": { "סמל ועדה": 7, "ברזל": 2918, "שם ישוב": "חיפה", "סמל ישוב": 4000, "קלפי": "89.2", "ריכוז": 46, "שופט": 0, "בזב": 659, "מצביעים": 283, "פסולים": 4, "כשרים": 279, "אמת": 6, "אצ": 0, "ב": 1, "ג": 2, "ד": 32, "ום": 77, "ז": 0, "זך": 0, "זנ": 0, "זץ": 0, "ט": 7, "י": 0, "יז": 0, "ינ": 0, "יץ": 0, "יק": 0, "כן": 6, "ך": 0, "ל": 44, "מחל": 47, "מרצ": 13, "נז": 0, "ני": 0, "נף": 0, "נץ": 0, "נק": 0, "נר": 0, "עם": 3, "פה": 36, "ף": 0, "צ": 0, "ץ": 0, "ק": 0, "קי": 0, "קך": 0, "קנ": 0, "קץ": 1, "רז": 0, "שס": 4, "ת": 0, "כתובת קלפי": "שדה יצחק,26 ", "מקום קלפי": "בי\"ס שלווה", "נגישה": "כ", "נגישה מיוחדת": " ", "בוחרי כנסת בפועל": 659, "turnout_pct": 42.943854324734446, "אמת_pct": 2.1505376344086025, "אצ_pct": 0.0, "ב_pct": 0.35842293906810035, "ג_pct": 0.71684587813620071, "ד_pct": 11.469534050179211, "ום_pct": 27.598566308243726, "ז_pct": 0.0, "זך_pct": 0.0, "זנ_pct": 0.0, "זץ_pct": 0.0, "ט_pct": 2.5089605734767026, "י_pct": 0.0, "יז_pct": 0.0, "ינ_pct": 0.0, "יץ_pct": 0.0, "יק_pct": 0.0, "כן_pct": 2.1505376344086025, "ך_pct": 0.0, "ל_pct": 15.770609318996415, "מחל_pct": 16.845878136200717, "מרצ_pct": 4.6594982078853047, "נז_pct": 0.0, "ני_pct": 0.0, "נף_pct": 0.0, "נץ_pct": 0.0, "נק_pct": 0.0, "נר_pct": 0.0, "עם_pct": 1.0752688172043012, "פה_pct": 12.903225806451612, "ף_pct": 0.0, "צ_pct": 0.0, "ץ_pct": 0.0, "ק_pct": 0.0, "קי_pct": 0.0, "קך_pct": 0.0, "קנ_pct": 0.0, "קץ_pct": 0.35842293906810035, "רז_pct": 0.0, "שס_pct": 1.4336917562724014, "ת_pct": 0.0, "lat": 32.8213547, "lon": 34.9862614, "neighborhood": "קריית אליהו" }, "geometry": { "type": "Point", "coordinates": [ 34.9862614, 32.8213547 ] } },
{ "type": "Feature", "properties": { "סמל ועדה": 7, "ברזל": 2919, "שם ישוב": "חיפה", "סמל ישוב": 4000, "קלפי": "89.3", "ריכוז": 46, "שופט": 0, "בזב": 659, "מצביעים": 279, "פסולים": 3, "כשרים": 276, "אמת": 5, "אצ": 2, "ב": 0, "ג": 2, "ד": 26, "ום": 69, "ז": 0, "זך": 0, "זנ": 0, "זץ": 0, "ט": 9, "י": 0, "יז": 1, "ינ": 0, "יץ": 0, "יק": 0, "כן": 12, "ך": 0, "ל": 38, "מחל": 45, "מרצ": 16, "נז": 0, "ני": 0, "נף": 0, "נץ": 0, "נק": 0, "נר": 0, "עם": 1, "פה": 45, "ף": 0, "צ": 1, "ץ": 0, "ק": 0, "קי": 0, "קך": 0, "קנ": 0, "קץ": 0, "רז": 0, "שס": 3, "ת": 1, "כתובת קלפי": "שדה יצחק,26 ", "מקום קלפי": "בי\"ס שלווה", "נגישה": "כ", "נגישה מיוחדת": " ", "בוחרי כנסת בפועל": 659, "turnout_pct": 42.33687405159332, "אמת_pct": 1.8115942028985508, "אצ_pct": 0.72463768115942029, "ב_pct": 0.0, "ג_pct": 0.72463768115942029, "ד_pct": 9.4202898550724647, "ום_pct": 25.0, "ז_pct": 0.0, "זך_pct": 0.0, "זנ_pct": 0.0, "זץ_pct": 0.0, "ט_pct": 3.2608695652173911, "י_pct": 0.0, "יז_pct": 0.36231884057971014, "ינ_pct": 0.0, "יץ_pct": 0.0, "יק_pct": 0.0, "כן_pct": 4.3478260869565215, "ך_pct": 0.0, "ל_pct": 13.768115942028986, "מחל_pct": 16.304347826086957, "מרצ_pct": 5.7971014492753623, "נז_pct": 0.0, "ני_pct": 0.0, "נף_pct": 0.0, "נץ_pct": 0.0, "נק_pct": 0.0, "נר_pct": 0.0, "עם_pct": 0.36231884057971014, "פה_pct": 16.304347826086957, "ף_pct": 0.0, "צ_pct": 0.36231884057971014, "ץ_pct": 0.0, "ק_pct": 0.0, "קי_pct": 0.0, "קך_pct": 0.0, "קנ_pct": 0.0, "קץ_pct": 0.0, "רז_pct": 0.0, "שס_pct": 1.0869565217391304, "ת_pct": 0.36231884057971014, "lat": 32.8213547, "lon": 34.9862614, "neighborhood": "קריית אליהו" }, "geometry": { "type": "Point", "coordinates": [ 34.9862614, 32.8213547 ] } },
{ "type": "Feature", "properties": { "סמל ועדה": 7, "ברזל": 2920, "שם ישוב": "חיפה", "סמל ישוב": 4000, "קלפי": "89.4", "ריכוז": 46, "שופט": 0, "בזב": 659, "מצביעים": 319, "פסולים": 4, "כשרים": 315, "אמת": 9, "אצ": 1, "ב": 0, "ג": 0, "ד": 64, "ום": 105, "ז": 0, "זך": 0, "זנ": 0, "זץ": 0, "ט": 2, "י": 0, "יז": 1, "ינ": 0, "יץ": 0, "יק": 0, "כן": 10, "ך": 0, "ל": 31, "מחל": 36, "מרצ": 19, "נז": 0, "ני": 0, "נף": 0, "נץ": 0, "נק": 0, "נר": 0, "עם": 6, "פה": 28, "ף": 0, "צ": 0, "ץ": 1, "ק": 1, "קי": 0, "קך": 0, "קנ": 0, "קץ": 0, "רז": 0, "שס": 1, "ת": 0, "כתובת קלפי": "שדה יצחק,26 ", "מקום קלפי": "בי\"ס שלווה", "נגישה": "כ", "נגישה מיוחדת": " ", "בוחרי כנסת בפועל": 659, "turnout_pct": 48.406676783004556, "אמת_pct": 2.8571428571428572, "אצ_pct": 0.31746031746031744, "ב_pct": 0.0, "ג_pct": 0.0, "ד_pct": 20.317460317460316, "ום_pct": 33.333333333333329, "ז_pct": 0.0, "זך_pct": 0.0, "זנ_pct": 0.0, "זץ_pct": 0.0, "ט_pct": 0.63492063492063489, "י_pct": 0.0, "יז_pct": 0.31746031746031744, "ינ_pct": 0.0, "יץ_pct": 0.0, "יק_pct": 0.0, "כן_pct": 3.1746031746031744, "ך_pct": 0.0, "ל_pct": 9.8412698412698418, "מחל_pct": 11.428571428571429, "מרצ_pct": 6.0317460317460316, "נז_pct": 0.0, "ני_pct": 0.0, "נף_pct": 0.0, "נץ_pct": 0.0, "נק_pct": 0.0, "נר_pct": 0.0, "עם_pct": 1.9047619047619049, "פה_pct": 8.8888888888888893, "ף_pct": 0.0, "צ_pct": 0.0, "ץ_pct": 0.31746031746031744, "ק_pct": 0.31746031746031744, "קי_pct": 0.0, "קך_pct": 0.0, "קנ_pct": 0.0, "קץ_pct": 0.0, "רז_pct": 0.0, "שס_pct": 0.31746031746031744, "ת_pct": 0.0, "lat": 32.8213547, "lon": 34.9862614, "neighborhood": "קריית אליהו" }, "geometry": { "type": "Point", "coordinates": [ 34.9862614, 32.8213547 ] } },
{ "type": "Feature", "properties": { "סמל ועדה": 7, "ברזל": 2921, "שם ישוב": "חיפה", "סמל ישוב": 4000, "קלפי": "89.5", "ריכוז": 46, "שופט": 0, "בזב": 658, "מצביעים": 282, "פסולים": 8, "כשרים": 274, "אמת": 5, "אצ": 0, "ב": 0, "ג": 2, "ד": 9, "ום": 47, "ז": 0, "זך": 0, "זנ": 0, "זץ": 0, "ט": 14, "י": 0, "יז": 1, "ינ": 0, "יץ": 0, "יק": 0, "כן": 18, "ך": 1, "ל": 59, "מחל": 47, "מרצ": 12, "נז": 0, "ני": 0, "נף": 0, "נץ": 0, "נק": 1, "נר": 0, "עם": 5, "פה": 46, "ף": 0, "צ": 3, "ץ": 0, "ק": 0, "קי": 0, "קך": 0, "קנ": 0, "קץ": 1, "רז": 0, "שס": 2, "ת": 1, "כתובת קלפי": "שדה יצחק,26 ", "מקום קלפי": "בי\"ס שלווה", "נגישה": " ", "נגישה מיוחדת": " ", "בוחרי כנסת בפועל": 658, "turnout_pct": 42.857142857142854, "אמת_pct": 1.824817518248175, "אצ_pct": 0.0, "ב_pct": 0.0, "ג_pct": 0.72992700729927007, "ד_pct": 3.2846715328467155, "ום_pct": 17.153284671532848, "ז_pct": 0.0, "זך_pct": 0.0, "זנ_pct": 0.0, "זץ_pct": 0.0, "ט_pct": 5.1094890510948909, "י_pct": 0.0, "יז_pct": 0.36496350364963503, "ינ_pct": 0.0, "יץ_pct": 0.0, "יק_pct": 0.0, "כן_pct": 6.5693430656934311, "ך_pct": 0.36496350364963503, "ל_pct": 21.532846715328464, "מחל_pct": 17.153284671532848, "מרצ_pct": 4.3795620437956204, "נז_pct": 0.0, "ני_pct": 0.0, "נף_pct": 0.0, "נץ_pct": 0.0, "נק_pct": 0.36496350364963503, "נר_pct": 0.0, "עם_pct": 1.824817518248175, "פה_pct": 16.788321167883211, "ף_pct": 0.0, "צ_pct": 1.0948905109489051, "ץ_pct": 0.0, "ק_pct": 0.0, "קי_pct": 0.0, "קך_pct": 0.0, "קנ_pct": 0.0, "קץ_pct": 0.36496350364963503, "רז_pct": 0.0, "שס_pct": 0.72992700729927007, "ת_pct": 0.36496350364963503, "lat": 32.8213547, "lon": 34.9862614, "neighborhood": "קריית אליהו" }, "geometry": { "type": "Point", "coordinates": [ 34.9862614, 32.8213547 ] } },
{ "type": "Feature", "properties": { "סמל ועדה": 7, "ברזל": 2922, "שם ישוב": "חיפה", "סמל ישוב": 4000, "קלפי": "90.1", "ריכוז": 50, "שופט": 0, "בזב": 551, "מצביעים": 241, "פסולים": 4, "כשרים": 237, "אמת": 7, "אצ": 0, "ב": 1, "ג": 1, "ד": 17, "ום": 34, "ז": 0, "זך": 0, "זנ": 0, "זץ": 0, "ט": 6, "י": 0, "יז": 1, "ינ": 0, "יץ": 0, "יק": 0, "כן": 7, "ך": 0, "ל": 50, "מחל": 49, "מרצ": 3, "נז": 1, "ני": 0, "נף": 0, "נץ": 0, "נק": 0, "נר": 0, "עם": 2, "פה": 49, "ף": 0, "צ": 0, "ץ": 0, "ק": 0, "קי": 0, "קך": 1, "קנ": 0, "קץ": 2, "רז": 0, "שס": 6, "ת": 0, "כתובת קלפי": "תל אביב,27 ", "מקום קלפי": "בי\"ס תיכון עירוני א", "נגישה": "כ", "נגישה מיוחדת": "כ", "בוחרי כנסת בפועל": 551, "turnout_pct": 43.738656987295826, "אמת_pct": 2.9535864978902953, "אצ_pct": 0.0, "ב_pct": 0.42194092827004215, "ג_pct": 0.42194092827004215, "ד_pct": 7.1729957805907167, "ום_pct": 14.345991561181433, "ז_pct": 0.0, "זך_pct": 0.0, "זנ_pct": 0.0, "זץ_pct": 0.0, "ט_pct": 2.5316455696202533, "י_pct": 0.0, "יז_pct": 0.42194092827004215, "ינ_pct": 0.0, "יץ_pct": 0.0, "יק_pct": 0.0, "כן_pct": 2.9535864978902953, "ך_pct": 0.0, "ל_pct": 21.09704641350211, "מחל_pct": 20.675105485232066, "מרצ_pct": 1.2658227848101267, "נז_pct": 0.42194092827004215, "ני_pct": 0.0, "נף_pct": 0.0, "נץ_pct": 0.0, "נק_pct": 0.0, "נר_pct": 0.0, "עם_pct": 0.8438818565400843, "פה_pct": 20.675105485232066, "ף_pct": 0.0, "צ_pct": 0.0, "ץ_pct": 0.0, "ק_pct": 0.0, "קי_pct": 0.0, "קך_pct": 0.42194092827004215, "קנ_pct": 0.0, "קץ_pct": 0.8438818565400843, "רז_pct": 0.0, "שס_pct": 2.5316455696202533, "ת_pct": 0.0, "lat": 32.8265055, "lon": 34.9838323, "neighborhood": "קריית אליהו" }, "geometry": { "type": "Point", "coordinates": [ 34.9838323, 32.8265055 ] } },
{ "type": "Feature", "properties": { "סמל ועדה": 7, "ברזל": 2923, "שם ישוב": "חיפה", "סמל ישוב": 4000, "קלפי": "90.2", "ריכוז": 50, "שופט": 0, "בזב": 551, "מצביעים": 285, "פסולים": 5, "כשרים": 280, "אמת": 2, "אצ": 0, "ב": 1, "ג": 2, "ד": 25, "ום": 53, "ז": 0, "זך": 0, "זנ": 0, "זץ": 0, "ט": 8, "י": 0, "יז": 1, "ינ": 0, "יץ": 0, "יק": 0, "כן": 11, "ך": 1, "ל": 54, "מחל": 61, "מרצ": 6, "נז": 0, "ני": 0, "נף": 0, "נץ": 0, "נק": 0, "נר": 0, "עם": 9, "פה": 38, "ף": 0, "צ": 0, "ץ": 0, "ק": 0, "קי": 0, "קך": 0, "קנ": 0, "קץ": 2, "רז": 0, "שס": 5, "ת": 1, "כתובת קלפי": "תל אביב,27 ", "מקום קלפי": "בי\"ס תיכון עירוני א", "נגישה": "כ", "נגישה מיוחדת": " ", "בוחרי כנסת בפועל": 551, "turnout_pct": 51.724137931034484, "אמת_pct": 0.7142857142857143, "אצ_pct": 0.0, "ב_pct": 0.35714285714285715, "ג_pct": 0.7142857142857143, "ד_pct": 8.9285714285714288, "ום_pct": 18.928571428571427, "ז_pct": 0.0, "זך_pct": 0.0, "זנ_pct": 0.0, "זץ_pct": 0.0, "ט_pct": 2.8571428571428572, "י_pct": 0.0, "יז_pct": 0.35714285714285715, "ינ_pct": 0.0, "יץ_pct": 0.0, "יק_pct": 0.0, "כן_pct": 3.9285714285714284, "ך_pct": 0.35714285714285715, "ל_pct": 19.285714285714288, "מחל_pct": 21.785714285714285, "מרצ_pct": 2.1428571428571428, "נז_pct": 0.0, "ני_pct": 0.0, "נף_pct": 0.0, "נץ_pct": 0.0, "נק_pct": 0.0, "נר_pct": 0.0, "עם_pct": 3.214285714285714, "פה_pct": 13.571428571428571, "ף_pct": 0.0, "צ_pct": 0.0, "ץ_pct": 0.0, "ק_pct": 0.0, "קי_pct": 0.0, "קך_pct": 0.0, "קנ_pct": 0.0, "קץ_pct": 0.7142857142857143, "רז_pct": 0.0, "שס_pct": 1.7857142857142856, "ת_pct": 0.35714285714285715, "lat": 32.8265055, "lon": 34.9838323, "neighborhood": "קריית אליהו" }, "geometry": { "type": "Point", "coordinates": [ 34.9838323, 32.8265055 ] } },
{ "type": "Feature", "properties": { "סמל ועדה": 7, "ברזל": 2924, "שם ישוב": "חיפה", "סמל ישוב": 4000, "קלפי": "90.3", "ריכוז": 50, "שופט": 0, "בזב": 551, "מצביעים": 260, "פסולים": 2, "כשרים": 258, "אמת": 4, "אצ": 0, "ב": 1, "ג": 1, "ד": 21, "ום": 58, "ז": 0, "זך": 0, "זנ": 0, "זץ": 0, "ט": 15, "י": 0, "יז": 1, "ינ": 0, "יץ": 0, "יק": 0, "כן": 11, "ך": 0, "ל": 38, "מחל": 41, "מרצ": 7, "נז": 0, "ני": 0, "נף": 0, "נץ": 0, "נק": 0, "נר": 0, "עם": 5, "פה": 44, "ף": 0, "צ": 1, "ץ": 0, "ק": 0, "קי": 0, "קך": 0, "קנ": 0, "קץ": 1, "רז": 0, "שס": 9, "ת": 0, "כתובת קלפי": "תל אביב,27 ", "מקום קלפי": "בי\"ס תיכון עירוני א", "נגישה": "כ", "נגישה מיוחדת": " ", "בוחרי כנסת בפועל": 551, "turnout_pct": 47.186932849364794, "אמת_pct": 1.5503875968992249, "אצ_pct": 0.0, "ב_pct": 0.38759689922480622, "ג_pct": 0.38759689922480622, "ד_pct": 8.1395348837209305, "ום_pct": 22.480620155038761, "ז_pct": 0.0, "זך_pct": 0.0, "זנ_pct": 0.0, "זץ_pct": 0.0, "ט_pct": 5.8139534883720927, "י_pct": 0.0, "יז_pct": 0.38759689922480622, "ינ_pct": 0.0, "יץ_pct": 0.0, "יק_pct": 0.0, "כן_pct": 4.2635658914728678, "ך_pct": 0.0, "ל_pct": 14.728682170542637, "מחל_pct": 15.891472868217054, "מרצ_pct": 2.7131782945736433, "נז_pct": 0.0, "ני_pct": 0.0, "נף_pct": 0.0, "נץ_pct": 0.0, "נק_pct": 0.0, "נר_pct": 0.0, "עם_pct": 1.9379844961240309, "פה_pct": 17.054263565891471, "ף_pct": 0.0, "צ_pct": 0.38759689922480622, "ץ_pct": 0.0, "ק_pct": 0.0, "קי_pct": 0.0, "קך_pct": 0.0, "קנ_pct": 0.0, "קץ_pct": 0.38759689922480622, "רז_pct": 0.0, "שס_pct": 3.4883720930232558, "ת_pct": 0.0, "lat": 32.8265055, "lon": 34.9838323, "neighborhood": "קריית אליהו" }, "geometry": { "type": "Point", "coordinates": [ 34.9838323, 32.8265055 ] } },
{ "type": "Feature", "properties": { "סמל ועדה": 7, "ברזל": 2925, "שם ישוב": "חיפה", "סמל ישוב": 4000, "קלפי": "90.4", "ריכוז": 50, "שופט": 0, "בזב": 549, "מצביעים": 239, "פסולים": 4, "כשרים": 235, "אמת": 4, "אצ": 0, "ב": 0, "ג": 3, "ד": 18, "ום": 15, "ז": 1, "זך": 0, "זנ": 0, "זץ": 0, "ט": 6, "י": 0, "יז": 2, "ינ": 0, "יץ": 0, "יק": 0, "כן": 5, "ך": 0, "ל": 58, "מחל": 63, "מרצ": 10, "נז": 0, "ני": 0, "נף": 0, "נץ": 0, "נק": 0, "נר": 0, "עם": 2, "פה": 44, "ף": 0, "צ": 1, "ץ": 0, "ק": 1, "קי": 0, "קך": 0, "קנ": 0, "קץ": 0, "רז": 0, "שס": 2, "ת": 0, "כתובת קלפי": "תל אביב,27 ", "מקום קלפי": "בי\"ס תיכון עירוני א", "נגישה": "כ", "נגישה מיוחדת": " ", "בוחרי כנסת בפועל": 549, "turnout_pct": 43.533697632058285, "אמת_pct": 1.7021276595744681, "אצ_pct": 0.0, "ב_pct": 0.0, "ג_pct": 1.2765957446808509, "ד_pct": 7.6595744680851059, "ום_pct": 6.3829787234042552, "ז_pct": 0.42553191489361702, "זך_pct": 0.0, "זנ_pct": 0.0, "זץ_pct": 0.0, "ט_pct": 2.5531914893617018, "י_pct": 0.0, "יז_pct": 0.85106382978723405, "ינ_pct": 0.0, "יץ_pct": 0.0, "יק_pct": 0.0, "כן_pct": 2.1276595744680851, "ך_pct": 0.0, "ל_pct": 24.680851063829788, "מחל_pct": 26.808510638297872, "מרצ_pct": 4.2553191489361701, "נז_pct": 0.0, "ני_pct": 0.0, "נף_pct": 0.0, "נץ_pct": 0.0, "נק_pct": 0.0, "נר_pct": 0.0, "עם_pct": 0.85106382978723405, "פה_pct": 18.723404255319149, "ף_pct": 0.0, "צ_pct": 0.42553191489361702, "ץ_pct": 0.0, "ק_pct": 0.42553191489361702, "קי_pct": 0.0, "קך_pct": 0.0, "קנ_pct": 0.0, "קץ_pct": 0.0, "רז_pct": 0.0, "שס_pct": 0.85106382978723405, "ת_pct": 0.0, "lat": 32.8265055, "lon": 34.9838323, "neighborhood": "קריית אליהו" }, "geometry": { "type": "Point", "coordinates": [ 34.9838323, 32.8265055 ] } },
{ "type": "Feature", "properties": { "סמל ועדה": 7, "ברזל": 2926, "שם ישוב": "חיפה", "סמל ישוב": 4000, "קלפי": "93", "ריכוז": 18, "שופט": 0, "בזב": 654, "מצביעים": 331, "פסולים": 2, "כשרים": 329, "אמת": 15, "אצ": 1, "ב": 2, "ג": 0, "ד": 3, "ום": 13, "ז": 0, "זך": 0, "זנ": 0, "זץ": 0, "ט": 17, "י": 0, "יז": 1, "ינ": 0, "יץ": 1, "יק": 0, "כן": 39, "ך": 0, "ל": 38, "מחל": 110, "מרצ": 13, "נז": 0, "ני": 0, "נף": 0, "נץ": 0, "נק": 0, "נר": 0, "עם": 1, "פה": 68, "ף": 0, "צ": 0, "ץ": 0, "ק": 1, "קי": 0, "קך": 0, "קנ": 0, "קץ": 1, "רז": 0, "שס": 5, "ת": 0, "כתובת קלפי": "דרור,19 ", "מקום קלפי": "בי\"ס דרור", "נגישה": "כ", "נגישה מיוחדת": " ", "בוחרי כנסת בפועל": 654, "turnout_pct": 50.611620795107036, "אמת_pct": 4.5592705167173255, "אצ_pct": 0.303951367781155, "ב_pct": 0.60790273556231, "ג_pct": 0.0, "ד_pct": 0.91185410334346495, "ום_pct": 3.9513677811550152, "ז_pct": 0.0, "זך_pct": 0.0, "זנ_pct": 0.0, "זץ_pct": 0.0, "ט_pct": 5.1671732522796354, "י_pct": 0.0, "יז_pct": 0.303951367781155, "ינ_pct": 0.0, "יץ_pct": 0.303951367781155, "יק_pct": 0.0, "כן_pct": 11.854103343465045, "ך_pct": 0.0, "ל_pct": 11.550151975683891, "מחל_pct": 33.434650455927049, "מרצ_pct": 3.9513677811550152, "נז_pct": 0.0, "ני_pct": 0.0, "נף_pct": 0.0, "נץ_pct": 0.0, "נק_pct": 0.0, "נר_pct": 0.0, "עם_pct": 0.303951367781155, "פה_pct": 20.668693009118542, "ף_pct": 0.0, "צ_pct": 0.0, "ץ_pct": 0.0, "ק_pct": 0.303951367781155, "קי_pct": 0.0, "קך_pct": 0.0, "קנ_pct": 0.0, "קץ_pct": 0.303951367781155, "רז_pct": 0.0, "שס_pct": 1.5197568389057752, "ת_pct": 0.0, "lat": 32.8228672, "lon": 34.9821014, "neighborhood": "קריית אליעזר" }, "geometry": { "type": "Point", "coordinates": [ 34.9821014, 32.8228672 ] } },
{ "type": "Feature", "properties": { "סמל ועדה": 7, "ברזל": 2927, "שם ישוב": "חיפה", "סמל ישוב": 4000, "קלפי": "101.1", "ריכוז": 37, "שופט": 0, "בזב": 614, "מצביעים": 252, "פסולים": 0, "כשרים": 252, "אמת": 13, "אצ": 3, "ב": 2, "ג": 1, "ד": 1, "ום": 9, "ז": 0, "זך": 0, "זנ": 0, "זץ": 0, "ט": 15, "י": 0, "יז": 2, "ינ": 0, "יץ": 0, "יק": 0, "כן": 25, "ך": 0, "ל": 23, "מחל": 67, "מרצ": 20, "נז": 0, "ני": 0, "נף": 0, "נץ": 0, "נק": 0, "נר": 0, "עם": 1, "פה": 60, "ף": 0, "צ": 1, "ץ": 1, "ק": 0, "קי": 0, "קך": 0, "קנ": 0, "קץ": 3, "רז": 1, "שס": 4, "ת": 0, "כתובת קלפי": "העליה השניה,27 ", "מקום קלפי": "בי\"ס האונטרופוסופי", "נגישה": " ", "נגישה מיוחדת": " ", "בוחרי כנסת בפועל": 614, "turnout_pct": 41.042345276872965, "אמת_pct": 5.1587301587301582, "אצ_pct": 1.1904761904761905, "ב_pct": 0.79365079365079361, "ג_pct": 0.3968253968253968, "ד_pct": 0.3968253968253968, "ום_pct": 3.5714285714285712, "ז_pct": 0.0, "זך_pct": 0.0, "זנ_pct": 0.0, "זץ_pct": 0.0, "ט_pct": 5.9523809523809517, "י_pct": 0.0, "יז_pct": 0.79365079365079361, "ינ_pct": 0.0, "יץ_pct": 0.0, "יק_pct": 0.0, "כן_pct": 9.9206349206349209, "ך_pct": 0.0, "ל_pct": 9.1269841269841265, "מחל_pct": 26.587301587301589, "מרצ_pct": 7.9365079365079358, "נז_pct": 0.0, "ני_pct": 0.0, "נף_pct": 0.0, "נץ_pct": 0.0, "נק_pct": 0.0, "נר_pct": 0.0, "עם_pct": 0.3968253968253968, "פה_pct": 23.809523809523807, "ף_pct": 0.0, "צ_pct": 0.3968253968253968, "ץ_pct": 0.3968253968253968, "ק_pct": 0.0, "קי_pct": 0.0, "קך_pct": 0.0, "קנ_pct": 0.0, "קץ_pct": 1.1904761904761905, "רז_pct": 0.3968253968253968, "שס_pct": 1.5873015873015872, "ת_pct": 0.0, "lat": 32.8318265, "lon": 34.9818492, "neighborhood": "בת גלים" }, "geometry": { "type": "Point", "coordinates": [ 34.9818492, 32.8318265 ] } },
{ "type": "Feature", "properties": { "סמל ועדה": 7, "ברזל": 2928, "שם ישוב": "חיפה", "סמל ישוב": 4000, "קלפי": "101.2", "ריכוז": 37, "שופט": 0, "בזב": 614, "מצביעים": 250, "פסולים": 4, "כשרים": 246, "אמת": 23, "אצ": 0, "ב": 2, "ג": 2, "ד": 4, "ום": 8, "ז": 0, "זך": 0, "זנ": 0, "זץ": 0, "ט": 18, "י": 1, "יז": 1, "ינ": 0, "יץ": 0, "יק": 0, "כן": 17, "ך": 0, "ל": 29, "מחל": 65, "מרצ": 14, "נז": 0, "ני": 0, "נף": 0, "נץ": 1, "נק": 0, "נר": 0, "עם": 0, "פה": 48, "ף": 0, "צ": 0, "ץ": 0, "ק": 0, "קי": 0, "קך": 0, "קנ": 0, "קץ": 2, "רז": 0, "שס": 11, "ת": 0, "כתובת קלפי": "העליה השניה,27 ", "מקום קלפי": "בי\"ס האונטרופוסופי", "נגישה": " ", "נגישה מיוחדת": " ", "בוחרי כנסת בפועל": 614, "turnout_pct": 40.716612377850161, "אמת_pct": 9.3495934959349594, "אצ_pct": 0.0, "ב_pct": 0.81300813008130091, "ג_pct": 0.81300813008130091, "ד_pct": 1.6260162601626018, "ום_pct": 3.2520325203252036, "ז_pct": 0.0, "זך_pct": 0.0, "זנ_pct": 0.0, "זץ_pct": 0.0, "ט_pct": 7.3170731707317067, "י_pct": 0.40650406504065045, "יז_pct": 0.40650406504065045, "ינ_pct": 0.0, "יץ_pct": 0.0, "יק_pct": 0.0, "כן_pct": 6.9105691056910574, "ך_pct": 0.0, "ל_pct": 11.788617886178862, "מחל_pct": 26.422764227642276, "מרצ_pct": 5.6910569105691051, "נז_pct": 0.0, "ני_pct": 0.0, "נף_pct": 0.0, "נץ_pct": 0.40650406504065045, "נק_pct": 0.0, "נר_pct": 0.0, "עם_pct": 0.0, "פה_pct": 19.512195121951219, "ף_pct": 0.0, "צ_pct": 0.0, "ץ_pct": 0.0, "ק_pct": 0.0, "קי_pct": 0.0, "קך_pct": 0.0, "קנ_pct": 0.0, "קץ_pct": 0.81300813008130091, "רז_pct": 0.0, "שס_pct": 4.4715447154471546, "ת_pct": 0.0, "lat": 32.8318265, "lon": 34.9818492, "neighborhood": "בת גלים" }, "geometry": { "type": "Point", "coordinates": [ 34.9818492, 32.8318265 ] } },
{ "type": "Feature", "properties": { "סמל ועדה": 7, "ברזל": 2929, "שם ישוב": "חיפה", "סמל ישוב": 4000, "קלפי": "101.3", "ריכוז": 37, "שופט": 0, "בזב": 614, "מצביעים": 249, "פסולים": 3, "כשרים": 246, "אמת": 27, "אצ": 0, "ב": 2, "ג": 1, "ד": 0, "ום": 7, "ז": 0, "זך": 0, "זנ": 0, "זץ": 0, "ט": 13, "י": 1, "יז": 1, "ינ": 0, "יץ": 0, "יק": 0, "כן": 11, "ך": 0, "ל": 40, "מחל": 45, "מרצ": 17, "נז": 1, "ני": 0, "נף": 0, "נץ": 0, "נק": 1, "נר": 0, "עם": 1, "פה": 73, "ף": 0, "צ": 0, "ץ": 0, "ק": 0, "קי": 0, "קך": 0, "קנ": 0, "קץ": 2, "רז": 0, "שס": 3, "ת": 0, "כתובת קלפי": "העליה השניה,27 ", "מקום קלפי": "בי\"ס האונטרופוסופי", "נגישה": " ", "נגישה מיוחדת": " ", "בוחרי כנסת בפועל": 614, "turnout_pct": 40.553745928338763, "אמת_pct": 10.975609756097562, "אצ_pct": 0.0, "ב_pct": 0.81300813008130091, "ג_pct": 0.40650406504065045, "ד_pct": 0.0, "ום_pct": 2.8455284552845526, "ז_pct": 0.0, "זך_pct": 0.0, "זנ_pct": 0.0, "זץ_pct": 0.0, "ט_pct": 5.2845528455284558, "י_pct": 0.40650406504065045, "יז_pct": 0.40650406504065045, "ינ_pct": 0.0, "יץ_pct": 0.0, "יק_pct": 0.0, "כן_pct": 4.4715447154471546, "ך_pct": 0.0, "ל_pct": 16.260162601626014, "מחל_pct": 18.292682926829269, "מרצ_pct": 6.9105691056910574, "נז_pct": 0.40650406504065045, "ני_pct": 0.0, "נף_pct": 0.0, "נץ_pct": 0.0, "נק_pct": 0.40650406504065045, "נר_pct": 0.0, "עם_pct": 0.40650406504065045, "פה_pct": 29.674796747967481, "ף_pct": 0.0, "צ_pct": 0.0, "ץ_pct": 0.0, "ק_pct": 0.0, "קי_pct": 0.0, "קך_pct": 0.0, "קנ_pct": 0.0, "קץ_pct": 0.81300813008130091, "רז_pct": 0.0, "שס_pct": 1.2195121951219512, "ת_pct": 0.0, "lat": 32.8318265, "lon": 34.9818492, "neighborhood": "בת גלים" }, "geometry": { "type": "Point", "coordinates": [ 34.9818492, 32.8318265 ] } },
{ "type": "Feature", "properties": { "סמל ועדה": 7, "ברזל": 2930, "שם ישוב": "חיפה", "סמל ישוב": 4000, "קלפי": "101.4", "ריכוז": 37, "שופט": 0, "בזב": 612, "מצביעים": 210, "פסולים": 2, "כשרים": 208, "אמת": 12, "אצ": 0, "ב": 1, "ג": 3, "ד": 1, "ום": 2, "ז": 0, "זך": 0, "זנ": 0, "זץ": 0, "ט": 15, "י": 0, "יז": 1, "ינ": 0, "יץ": 0, "יק": 0, "כן": 13, "ך": 0, "ל": 46, "מחל": 49, "מרצ": 15, "נז": 0, "ני": 0, "נף": 0, "נץ": 0, "נק": 0, "נר": 0, "עם": 2, "פה": 46, "ף": 0, "צ": 0, "ץ": 0, "ק": 0, "קי": 0, "קך": 0, "קנ": 0, "קץ": 0, "רז": 0, "שס": 2, "ת": 0, "כתובת קלפי": "העליה השניה,27 ", "מקום קלפי": "בי\"ס האונטרופוסופי", "נגישה": " ", "נגישה מיוחדת": " ", "בוחרי כנסת בפועל": 612, "turnout_pct": 34.313725490196077, "אמת_pct": 5.7692307692307692, "אצ_pct": 0.0, "ב_pct": 0.48076923076923078, "ג_pct": 1.4423076923076923, "ד_pct": 0.48076923076923078, "ום_pct": 0.96153846153846156, "ז_pct": 0.0, "זך_pct": 0.0, "זנ_pct": 0.0, "זץ_pct": 0.0, "ט_pct": 7.2115384615384608, "י_pct": 0.0, "יז_pct": 0.48076923076923078, "ינ_pct": 0.0, "יץ_pct": 0.0, "יק_pct": 0.0, "כן_pct": 6.25, "ך_pct": 0.0, "ל_pct": 22.115384615384613, "מחל_pct": 23.557692307692307, "מרצ_pct": 7.2115384615384608, "נז_pct": 0.0, "ני_pct": 0.0, "נף_pct": 0.0, "נץ_pct": 0.0, "נק_pct": 0.0, "נר_pct": 0.0, "עם_pct": 0.96153846153846156, "פה_pct": 22.115384615384613, "ף_pct": 0.0, "צ_pct": 0.0, "ץ_pct": 0.0, "ק_pct": 0.0, "קי_pct": 0.0, "קך_pct": 0.0, "קנ_pct": 0.0, "קץ_pct": 0.0, "רז_pct": 0.0, "שס_pct": 0.96153846153846156, "ת_pct": 0.0, "lat": 32.8318265, "lon": 34.9818492, "neighborhood": "בת גלים" }, "geometry": { "type": "Point", "coordinates": [ 34.9818492, 32.8318265 ] } },
{ "type": "Feature", "properties": { "סמל ועדה": 7, "ברזל": 2931, "שם ישוב": "חיפה", "סמל ישוב": 4000, "קלפי": "121", "ריכוז": 18, "שופט": 0, "בזב": 698, "מצביעים": 351, "פסולים": 5, "כשרים": 346, "אמת": 10, "אצ": 3, "ב": 2, "ג": 0, "ד": 35, "ום": 95, "ז": 0, "זך": 0, "זנ": 0, "זץ": 0, "ט": 15, "י": 0, "יז": 0, "ינ": 0, "יץ": 0, "יק": 0, "כן": 12, "ך": 1, "ל": 29, "מחל": 60, "מרצ": 11, "נז": 0, "ני": 2, "נף": 0, "נץ": 0, "נק": 0, "נר": 0, "עם": 14, "פה": 53, "ף": 0, "צ": 0, "ץ": 0, "ק": 0, "קי": 0, "קך": 0, "קנ": 0, "קץ": 0, "רז": 0, "שס": 4, "ת": 0, "כתובת קלפי": "דרור,19 ", "מקום קלפי": "בי\"ס דרור", "נגישה": "כ", "נגישה מיוחדת": " ", "בוחרי כנסת בפועל": 698, "turnout_pct": 50.286532951289395, "אמת_pct": 2.8901734104046244, "אצ_pct": 0.86705202312138718, "ב_pct": 0.57803468208092479, "ג_pct": 0.0, "ד_pct": 10.115606936416185, "ום_pct": 27.456647398843931, "ז_pct": 0.0, "זך_pct": 0.0, "זנ_pct": 0.0, "זץ_pct": 0.0, "ט_pct": 4.3352601156069364, "י_pct": 0.0, "יז_pct": 0.0, "ינ_pct": 0.0, "יץ_pct": 0.0, "יק_pct": 0.0, "כן_pct": 3.4682080924855487, "ך_pct": 0.28901734104046239, "ל_pct": 8.3815028901734099, "מחל_pct": 17.341040462427745, "מרצ_pct": 3.1791907514450863, "נז_pct": 0.0, "ני_pct": 0.57803468208092479, "נף_pct": 0.0, "נץ_pct": 0.0, "נק_pct": 0.0, "נר_pct": 0.0, "עם_pct": 4.0462427745664744, "פה_pct": 15.317919075144509, "ף_pct": 0.0, "צ_pct": 0.0, "ץ_pct": 0.0, "ק_pct": 0.0, "קי_pct": 0.0, "קך_pct": 0.0, "קנ_pct": 0.0, "קץ_pct": 0.0, "רז_pct": 0.0, "שס_pct": 1.1560693641618496, "ת_pct": 0.0, "lat": 32.8228672, "lon": 34.9821014, "neighborhood": "קריית אליעזר" }, "geometry": { "type": "Point", "coordinates": [ 34.9821014, 32.8228672 ] } },
{ "type": "Feature", "properties": { "סמל ועדה": 7, "ברזל": 2932, "שם ישוב": "חיפה", "סמל ישוב": 4000, "קלפי": "126", "ריכוז": 18, "שופט": 0, "בזב": 689, "מצביעים": 295, "פסולים": 4, "כשרים": 291, "אמת": 7, "אצ": 0, "ב": 4, "ג": 0, "ד": 0, "ום": 5, "ז": 0, "זך": 0, "זנ": 0, "זץ": 0, "ט": 18, "י": 0, "יז": 1, "ינ": 0, "יץ": 0, "יק": 0, "כן": 17, "ך": 0, "ל": 77, "מחל": 74, "מרצ": 6, "נז": 0, "ני": 0, "נף": 0, "נץ": 0, "נק": 0, "נר": 0, "עם": 3, "פה": 74, "ף": 0, "צ": 2, "ץ": 0, "ק": 0, "קי": 0, "קך": 0, "קנ": 0, "קץ": 1, "רז": 0, "שס": 2, "ת": 0, "כתובת קלפי": "דרור,19 ", "מקום קלפי": "בי\"ס דרור", "נגישה": " ", "נגישה מיוחדת": " ", "בוחרי כנסת בפועל": 689, "turnout_pct": 42.815674891146585, "אמת_pct": 2.4054982817869419, "אצ_pct": 0.0, "ב_pct": 1.3745704467353952, "ג_pct": 0.0, "ד_pct": 0.0, "ום_pct": 1.7182130584192441, "ז_pct": 0.0, "זך_pct": 0.0, "זנ_pct": 0.0, "זץ_pct": 0.0, "ט_pct": 6.1855670103092786, "י_pct": 0.0, "יז_pct": 0.3436426116838488, "ינ_pct": 0.0, "יץ_pct": 0.0, "יק_pct": 0.0, "כן_pct": 5.8419243986254292, "ך_pct": 0.0, "ל_pct": 26.460481099656359, "מחל_pct": 25.429553264604809, "מרצ_pct": 2.0618556701030926, "נז_pct": 0.0, "ני_pct": 0.0, "נף_pct": 0.0, "נץ_pct": 0.0, "נק_pct": 0.0, "נר_pct": 0.0, "עם_pct": 1.0309278350515463, "פה_pct": 25.429553264604809, "ף_pct": 0.0, "צ_pct": 0.6872852233676976, "ץ_pct": 0.0, "ק_pct": 0.0, "קי_pct": 0.0, "קך_pct": 0.0, "קנ_pct": 0.0, "קץ_pct": 0.3436426116838488, "רז_pct": 0.0, "שס_pct": 0.6872852233676976, "ת_pct": 0.0, "lat": 32.8228672, "lon": 34.9821014, "neighborhood": "קריית אליעזר" }, "geometry": { "type": "Point", "coordinates": [ 34.9821014, 32.8228672 ] } },
{ "type": "Feature", "properties": { "סמל ועדה": 7, "ברזל": 2933, "שם ישוב": "חיפה", "סמל ישוב": 4000, "קלפי": "127", "ריכוז": 18, "שופט": 0, "בזב": 645, "מצביעים": 322, "פסולים": 3, "כשרים": 319, "אמת": 6, "אצ": 2, "ב": 0, "ג": 0, "ד": 46, "ום": 62, "ז": 0, "זך": 0, "זנ": 0, "זץ": 0, "ט": 9, "י": 0, "יז": 0, "ינ": 0, "יץ": 0, "יק": 0, "כן": 22, "ך": 0, "ל": 46, "מחל": 62, "מרצ": 9, "נז": 0, "ני": 0, "נף": 0, "נץ": 0, "נק": 0, "נר": 0, "עם": 11, "פה": 40, "ף": 0, "צ": 0, "ץ": 0, "ק": 0, "קי": 0, "קך": 0, "קנ": 0, "קץ": 0, "רז": 0, "שס": 3, "ת": 1, "כתובת קלפי": "דרור,19 ", "מקום קלפי": "בי\"ס דרור", "נגישה": " ", "נגישה מיוחדת": " ", "בוחרי כנסת בפועל": 645, "turnout_pct": 49.922480620155042, "אמת_pct": 1.8808777429467085, "אצ_pct": 0.62695924764890276, "ב_pct": 0.0, "ג_pct": 0.0, "ד_pct": 14.420062695924765, "ום_pct": 19.435736677115987, "ז_pct": 0.0, "זך_pct": 0.0, "זנ_pct": 0.0, "זץ_pct": 0.0, "ט_pct": 2.8213166144200628, "י_pct": 0.0, "יז_pct": 0.0, "ינ_pct": 0.0, "יץ_pct": 0.0, "יק_pct": 0.0, "כן_pct": 6.8965517241379306, "ך_pct": 0.0, "ל_pct": 14.420062695924765, "מחל_pct": 19.435736677115987, "מרצ_pct": 2.8213166144200628, "נז_pct": 0.0, "ני_pct": 0.0, "נף_pct": 0.0, "נץ_pct": 0.0, "נק_pct": 0.0, "נר_pct": 0.0, "עם_pct": 3.4482758620689653, "פה_pct": 12.539184952978054, "ף_pct": 0.0, "צ_pct": 0.0, "ץ_pct": 0.0, "ק_pct": 0.0, "קי_pct": 0.0, "קך_pct": 0.0, "קנ_pct": 0.0, "קץ_pct": 0.0, "רז_pct": 0.0, "שס_pct": 0.94043887147335425, "ת_pct": 0.31347962382445138, "lat": 32.8228672, "lon": 34.9821014, "neighborhood": "קריית אליעזר" }, "geometry": { "type": "Point", "coordinates": [ 34.9821014, 32.8228672 ] } },
{ "type": "Feature", "properties": { "סמל ועדה": 7, "ברזל": 2934, "שם ישוב": "חיפה", "סמל ישוב": 4000, "קלפי": "128", "ריכוז": 18, "שופט": 0, "בזב": 672, "מצביעים": 253, "פסולים": 5, "כשרים": 248, "אמת": 5, "אצ": 3, "ב": 1, "ג": 2, "ד": 15, "ום": 14, "ז": 0, "זך": 0, "זנ": 1, "זץ": 0, "ט": 15, "י": 0, "יז": 1, "ינ": 0, "יץ": 0, "יק": 0, "כן": 15, "ך": 0, "ל": 57, "מחל": 61, "מרצ": 2, "נז": 1, "ני": 0, "נף": 0, "נץ": 0, "נק": 0, "נר": 0, "עם": 1, "פה": 46, "ף": 0, "צ": 1, "ץ": 0, "ק": 0, "קי": 0, "קך": 0, "קנ": 0, "קץ": 0, "רז": 2, "שס": 2, "ת": 3, "כתובת קלפי": "דרור,19 ", "מקום קלפי": "בי\"ס דרור", "נגישה": " ", "נגישה מיוחדת": " ", "בוחרי כנסת בפועל": 672, "turnout_pct": 37.648809523809526, "אמת_pct": 2.0161290322580645, "אצ_pct": 1.2096774193548387, "ב_pct": 0.40322580645161288, "ג_pct": 0.80645161290322576, "ד_pct": 6.0483870967741939, "ום_pct": 5.6451612903225801, "ז_pct": 0.0, "זך_pct": 0.0, "זנ_pct": 0.40322580645161288, "זץ_pct": 0.0, "ט_pct": 6.0483870967741939, "י_pct": 0.0, "יז_pct": 0.40322580645161288, "ינ_pct": 0.0, "יץ_pct": 0.0, "יק_pct": 0.0, "כן_pct": 6.0483870967741939, "ך_pct": 0.0, "ל_pct": 22.983870967741936, "מחל_pct": 24.596774193548388, "מרצ_pct": 0.80645161290322576, "נז_pct": 0.40322580645161288, "ני_pct": 0.0, "נף_pct": 0.0, "נץ_pct": 0.0, "נק_pct": 0.0, "נר_pct": 0.0, "עם_pct": 0.40322580645161288, "פה_pct": 18.548387096774192, "ף_pct": 0.0, "צ_pct": 0.40322580645161288, "ץ_pct": 0.0, "ק_pct": 0.0, "קי_pct": 0.0, "קך_pct": 0.0, "קנ_pct": 0.0, "קץ_pct": 0.0, "רז_pct": 0.80645161290322576, "שס_pct": 0.80645161290322576, "ת_pct": 1.2096774193548387, "lat": 32.8228672, "lon": 34.9821014, "neighborhood": "קריית אליעזר" }, "geometry": { "type": "Point", "coordinates": [ 34.9821014, 32.8228672 ] } },
{ "type": "Feature", "properties": { "סמל ועדה": 7, "ברזל": 2935, "שם ישוב": "חיפה", "סמל ישוב": 4000, "קלפי": "130", "ריכוז": 18, "שופט": 0, "בזב": 547, "מצביעים": 237, "פסולים": 2, "כשרים": 235, "אמת": 4, "אצ": 1, "ב": 2, "ג": 3, "ד": 13, "ום": 12, "ז": 0, "זך": 0, "זנ": 0, "זץ": 0, "ט": 10, "י": 0, "יז": 0, "ינ": 0, "יץ": 0, "יק": 0, "כן": 17, "ך": 0, "ל": 45, "מחל": 67, "מרצ": 5, "נז": 0, "ני": 1, "נף": 0, "נץ": 0, "נק": 0, "נר": 0, "עם": 1, "פה": 47, "ף": 0, "צ": 1, "ץ": 0, "ק": 0, "קי": 0, "קך": 0, "קנ": 0, "קץ": 1, "רז": 0, "שס": 5, "ת": 0, "כתובת קלפי": "דרור,19 ", "מקום קלפי": "בי\"ס דרור", "נגישה": "כ", "נגישה מיוחדת": "כ", "בוחרי כנסת בפועל": 547, "turnout_pct": 43.327239488117002, "אמת_pct": 1.7021276595744681, "אצ_pct": 0.42553191489361702, "ב_pct": 0.85106382978723405, "ג_pct": 1.2765957446808509, "ד_pct": 5.5319148936170208, "ום_pct": 5.1063829787234036, "ז_pct": 0.0, "זך_pct": 0.0, "זנ_pct": 0.0, "זץ_pct": 0.0, "ט_pct": 4.2553191489361701, "י_pct": 0.0, "יז_pct": 0.0, "ינ_pct": 0.0, "יץ_pct": 0.0, "יק_pct": 0.0, "כן_pct": 7.2340425531914887, "ך_pct": 0.0, "ל_pct": 19.148936170212767, "מחל_pct": 28.510638297872344, "מרצ_pct": 2.1276595744680851, "נז_pct": 0.0, "ני_pct": 0.42553191489361702, "נף_pct": 0.0, "נץ_pct": 0.0, "נק_pct": 0.0, "נר_pct": 0.0, "עם_pct": 0.42553191489361702, "פה_pct": 20.0, "ף_pct": 0.0, "צ_pct": 0.42553191489361702, "ץ_pct": 0.0, "ק_pct": 0.0, "קי_pct": 0.0, "קך_pct": 0.0, "קנ_pct": 0.0, "קץ_pct": 0.42553191489361702, "רז_pct": 0.0, "שס_pct": 2.1276595744680851, "ת_pct": 0.0, "lat": 32.8228672, "lon": 34.9821014, "neighborhood": "קריית אליעזר" }, "geometry": { "type": "Point", "coordinates": [ 34.9821014, 32.8228672 ] } },
{ "type": "Feature", "properties": { "סמל ועדה": 7, "ברזל": 2936, "שם ישוב": "חיפה", "סמל ישוב": 4000, "קלפי": "131", "ריכוז": 137, "שופט": 0, "בזב": 555, "מצביעים": 261, "פסולים": 1, "כשרים": 260, "אמת": 41, "אצ": 3, "ב": 0, "ג": 0, "ד": 4, "ום": 5, "ז": 0, "זך": 0, "זנ": 0, "זץ": 0, "ט": 9, "י": 0, "יז": 0, "ינ": 0, "יץ": 0, "יק": 0, "כן": 29, "ך": 0, "ל": 17, "מחל": 40, "מרצ": 25, "נז": 0, "ני": 0, "נף": 0, "נץ": 0, "נק": 0, "נר": 0, "עם": 0, "פה": 75, "ף": 0, "צ": 0, "ץ": 0, "ק": 0, "קי": 0, "קך": 0, "קנ": 0, "קץ": 4, "רז": 0, "שס": 8, "ת": 0, "כתובת קלפי": "העליה השניה,45 ", "מקום קלפי": "מרכז קהילתי בת גלים", "נגישה": "כ", "נגישה מיוחדת": "כ", "בוחרי כנסת בפועל": 555, "turnout_pct": 47.027027027027032, "אמת_pct": 15.769230769230768, "אצ_pct": 1.153846153846154, "ב_pct": 0.0, "ג_pct": 0.0, "ד_pct": 1.5384615384615385, "ום_pct": 1.9230769230769231, "ז_pct": 0.0, "זך_pct": 0.0, "זנ_pct": 0.0, "זץ_pct": 0.0, "ט_pct": 3.4615384615384617, "י_pct": 0.0, "יז_pct": 0.0, "ינ_pct": 0.0, "יץ_pct": 0.0, "יק_pct": 0.0, "כן_pct": 11.153846153846155, "ך_pct": 0.0, "ל_pct": 6.5384615384615392, "מחל_pct": 15.384615384615385, "מרצ_pct": 9.6153846153846168, "נז_pct": 0.0, "ני_pct": 0.0, "נף_pct": 0.0, "נץ_pct": 0.0, "נק_pct": 0.0, "נר_pct": 0.0, "עם_pct": 0.0, "פה_pct": 28.846153846153843, "ף_pct": 0.0, "צ_pct": 0.0, "ץ_pct": 0.0, "ק_pct": 0.0, "קי_pct": 0.0, "קך_pct": 0.0, "קנ_pct": 0.0, "קץ_pct": 1.5384615384615385, "רז_pct": 0.0, "שס_pct": 3.0769230769230771, "ת_pct": 0.0, "lat": 32.8321005, "lon": 34.9829871, "neighborhood": "בת גלים" }, "geometry": { "type": "Point", "coordinates": [ 34.9829871, 32.8321005 ] } },
{ "type": "Feature", "properties": { "סמל ועדה": 7, "ברזל": 2937, "שם ישוב": "חיפה", "סמל ישוב": 4000, "קלפי": "132", "ריכוז": 237, "שופט": 1, "בזב": 692, "מצביעים": 386, "פסולים": 4, "כשרים": 382, "אמת": 4, "אצ": 1, "ב": 1, "ג": 0, "ד": 74, "ום": 192, "ז": 0, "זך": 0, "זנ": 0, "זץ": 0, "ט": 2, "י": 0, "יז": 1, "ינ": 0, "יץ": 0, "יק": 0, "כן": 5, "ך": 1, "ל": 11, "מחל": 17, "מרצ": 21, "נז": 1, "ני": 0, "נף": 0, "נץ": 0, "נק": 0, "נר": 0, "עם": 13, "פה": 34, "ף": 0, "צ": 3, "ץ": 1, "ק": 0, "קי": 0, "קך": 0, "קנ": 0, "קץ": 0, "רז": 0, "שס": 0, "ת": 0, "כתובת קלפי": "צה\"ל,41 ", "מקום קלפי": "אשכול פייס", "נגישה": "כ", "נגישה מיוחדת": " ", "בוחרי כנסת בפועל": 692, "turnout_pct": 55.780346820809243, "אמת_pct": 1.0471204188481675, "אצ_pct": 0.26178010471204188, "ב_pct": 0.26178010471204188, "ג_pct": 0.0, "ד_pct": 19.3717277486911, "ום_pct": 50.261780104712038, "ז_pct": 0.0, "זך_pct": 0.0, "זנ_pct": 0.0, "זץ_pct": 0.0, "ט_pct": 0.52356020942408377, "י_pct": 0.0, "יז_pct": 0.26178010471204188, "ינ_pct": 0.0, "יץ_pct": 0.0, "יק_pct": 0.0, "כן_pct": 1.3089005235602094, "ך_pct": 0.26178010471204188, "ל_pct": 2.8795811518324608, "מחל_pct": 4.4502617801047117, "מרצ_pct": 5.4973821989528799, "נז_pct": 0.26178010471204188, "ני_pct": 0.0, "נף_pct": 0.0, "נץ_pct": 0.0, "נק_pct": 0.0, "נר_pct": 0.0, "עם_pct": 3.4031413612565444, "פה_pct": 8.9005235602094235, "ף_pct": 0.0, "צ_pct": 0.78534031413612559, "ץ_pct": 0.26178010471204188, "ק_pct": 0.0, "קי_pct": 0.0, "קך_pct": 0.0, "קנ_pct": 0.0, "קץ_pct": 0.0, "רז_pct": 0.0, "שס_pct": 0.0, "ת_pct": 0.0, "lat": 32.8264369, "lon": 34.9795472, "neighborhood": "קריית אליעזר" }, "geometry": { "type": "Point", "coordinates": [ 34.9795472, 32.8264369 ] } },
{ "type": "Feature", "properties": { "סמל ועדה": 7, "ברזל": 2938, "שם ישוב": "חיפה", "סמל ישוב": 4000, "קלפי": "133", "ריכוז": 25, "שופט": 0, "בזב": 630, "מצביעים": 297, "פסולים": 9, "כשרים": 288, "אמת": 9, "אצ": 0, "ב": 0, "ג": 1, "ד": 11, "ום": 20, "ז": 0, "זך": 0, "זנ": 0, "זץ": 0, "ט": 17, "י": 0, "יז": 2, "ינ": 0, "יץ": 0, "יק": 0, "כן": 15, "ך": 0, "ל": 70, "מחל": 67, "מרצ": 7, "נז": 0, "ני": 0, "נף": 0, "נץ": 0, "נק": 0, "נר": 0, "עם": 1, "פה": 56, "ף": 0, "צ": 2, "ץ": 0, "ק": 0, "קי": 0, "קך": 0, "קנ": 0, "קץ": 1, "רז": 1, "שס": 8, "ת": 0, "כתובת קלפי": "נח\"ל,2 ", "מקום קלפי": "בי\"ס חטיבת בינים רעות", "נגישה": "כ", "נגישה מיוחדת": " ", "בוחרי כנסת בפועל": 630, "turnout_pct": 47.142857142857139, "אמת_pct": 3.125, "אצ_pct": 0.0, "ב_pct": 0.0, "ג_pct": 0.34722222222222221, "ד_pct": 3.8194444444444446, "ום_pct": 6.9444444444444446, "ז_pct": 0.0, "זך_pct": 0.0, "זנ_pct": 0.0, "זץ_pct": 0.0, "ט_pct": 5.9027777777777777, "י_pct": 0.0, "יז_pct": 0.69444444444444442, "ינ_pct": 0.0, "יץ_pct": 0.0, "יק_pct": 0.0, "כן_pct": 5.2083333333333339, "ך_pct": 0.0, "ל_pct": 24.305555555555554, "מחל_pct": 23.263888888888889, "מרצ_pct": 2.4305555555555558, "נז_pct": 0.0, "ני_pct": 0.0, "נף_pct": 0.0, "נץ_pct": 0.0, "נק_pct": 0.0, "נר_pct": 0.0, "עם_pct": 0.34722222222222221, "פה_pct": 19.444444444444446, "ף_pct": 0.0, "צ_pct": 0.69444444444444442, "ץ_pct": 0.0, "ק_pct": 0.0, "קי_pct": 0.0, "קך_pct": 0.0, "קנ_pct": 0.0, "קץ_pct": 0.34722222222222221, "רז_pct": 0.34722222222222221, "שס_pct": 2.7777777777777777, "ת_pct": 0.0, "lat": 32.8266355, "lon": 34.9781753, "neighborhood": "קריית אליעזר" }, "geometry": { "type": "Point", "coordinates": [ 34.9781753, 32.8266355 ] } },
{ "type": "Feature", "properties": { "סמל ועדה": 7, "ברזל": 2939, "שם ישוב": "חיפה", "סמל ישוב": 4000, "קלפי": "134", "ריכוז": 86, "שופט": 0, "בזב": 523, "מצביעים": 296, "פסולים": 7, "כשרים": 289, "אמת": 7, "אצ": 2, "ב": 3, "ג": 0, "ד": 0, "ום": 0, "ז": 0, "זך": 0, "זנ": 0, "זץ": 1, "ט": 13, "י": 0, "יז": 1, "ינ": 0, "יץ": 0, "יק": 0, "כן": 20, "ך": 2, "ל": 45, "מחל": 100, "מרצ": 12, "נז": 0, "ני": 0, "נף": 0, "נץ": 0, "נק": 0, "נר": 0, "עם": 0, "פה": 68, "ף": 1, "צ": 0, "ץ": 0, "ק": 0, "קי": 0, "קך": 1, "קנ": 0, "קץ": 1, "רז": 0, "שס": 12, "ת": 0, "כתובת קלפי": "יואב,5 ", "מקום קלפי": "בי\"ס יבניאלי", "נגישה": " ", "נגישה מיוחדת": " ", "בוחרי כנסת בפועל": 523, "turnout_pct": 56.596558317399612, "אמת_pct": 2.422145328719723, "אצ_pct": 0.69204152249134954, "ב_pct": 1.0380622837370241, "ג_pct": 0.0, "ד_pct": 0.0, "ום_pct": 0.0, "ז_pct": 0.0, "זך_pct": 0.0, "זנ_pct": 0.0, "זץ_pct": 0.34602076124567477, "ט_pct": 4.4982698961937722, "י_pct": 0.0, "יז_pct": 0.34602076124567477, "ינ_pct": 0.0, "יץ_pct": 0.0, "יק_pct": 0.0, "כן_pct": 6.9204152249134951, "ך_pct": 0.69204152249134954, "ל_pct": 15.570934256055363, "מחל_pct": 34.602076124567475, "מרצ_pct": 4.1522491349480966, "נז_pct": 0.0, "ני_pct": 0.0, "נף_pct": 0.0, "נץ_pct": 0.0, "נק_pct": 0.0, "נר_pct": 0.0, "עם_pct": 0.0, "פה_pct": 23.52941176470588, "ף_pct": 0.34602076124567477, "צ_pct": 0.0, "ץ_pct": 0.0, "ק_pct": 0.0, "קי_pct": 0.0, "קך_pct": 0.34602076124567477, "קנ_pct": 0.0, "קץ_pct": 0.34602076124567477, "רז_pct": 0.0, "שס_pct": 4.1522491349480966, "ת_pct": 0.0, "lat": 32.8290166, "lon": 34.9765038, "neighborhood": "קריית אליעזר" }, "geometry": { "type": "Point", "coordinates": [ 34.9765038, 32.8290166 ] } },
{ "type": "Feature", "properties": { "סמל ועדה": 7, "ברזל": 2940, "שם ישוב": "חיפה", "סמל ישוב": 4000, "קלפי": "135", "ריכוז": 86, "שופט": 0, "בזב": 485, "מצביעים": 203, "פסולים": 0, "כשרים": 203, "אמת": 4, "אצ": 0, "ב": 0, "ג": 0, "ד": 0, "ום": 8, "ז": 0, "זך": 0, "זנ": 0, "זץ": 0, "ט": 12, "י": 0, "יז": 2, "ינ": 0, "יץ": 1, "יק": 0, "כן": 27, "ך": 0, "ל": 47, "מחל": 50, "מרצ": 5, "נז": 0, "ני": 0, "נף": 0, "נץ": 0, "נק": 0, "נר": 0, "עם": 0, "פה": 35, "ף": 0, "צ": 0, "ץ": 0, "ק": 0, "קי": 0, "קך": 0, "קנ": 0, "קץ": 0, "רז": 0, "שס": 12, "ת": 0, "כתובת קלפי": "יואב,5 ", "מקום קלפי": "בי\"ס יבניאלי", "נגישה": " ", "נגישה מיוחדת": " ", "בוחרי כנסת בפועל": 485, "turnout_pct": 41.855670103092784, "אמת_pct": 1.9704433497536946, "אצ_pct": 0.0, "ב_pct": 0.0, "ג_pct": 0.0, "ד_pct": 0.0, "ום_pct": 3.9408866995073892, "ז_pct": 0.0, "זך_pct": 0.0, "זנ_pct": 0.0, "זץ_pct": 0.0, "ט_pct": 5.9113300492610836, "י_pct": 0.0, "יז_pct": 0.98522167487684731, "ינ_pct": 0.0, "יץ_pct": 0.49261083743842365, "יק_pct": 0.0, "כן_pct": 13.300492610837439, "ך_pct": 0.0, "ל_pct": 23.152709359605911, "מחל_pct": 24.630541871921181, "מרצ_pct": 2.4630541871921183, "נז_pct": 0.0, "ני_pct": 0.0, "נף_pct": 0.0, "נץ_pct": 0.0, "נק_pct": 0.0, "נר_pct": 0.0, "עם_pct": 0.0, "פה_pct": 17.241379310344829, "ף_pct": 0.0, "צ_pct": 0.0, "ץ_pct": 0.0, "ק_pct": 0.0, "קי_pct": 0.0, "קך_pct": 0.0, "קנ_pct": 0.0, "קץ_pct": 0.0, "רז_pct": 0.0, "שס_pct": 5.9113300492610836, "ת_pct": 0.0, "lat": 32.8290166, "lon": 34.9765038, "neighborhood": "קריית אליעזר" }, "geometry": { "type": "Point", "coordinates": [ 34.9765038, 32.8290166 ] } },
{ "type": "Feature", "properties": { "סמל ועדה": 7, "ברזל": 2941, "שם ישוב": "חיפה", "סמל ישוב": 4000, "קלפי": "136", "ריכוז": 86, "שופט": 0, "בזב": 560, "מצביעים": 234, "פסולים": 5, "כשרים": 229, "אמת": 11, "אצ": 1, "ב": 1, "ג": 0, "ד": 1, "ום": 5, "ז": 0, "זך": 1, "זנ": 0, "זץ": 0, "ט": 15, "י": 0, "יז": 1, "ינ": 0, "יץ": 0, "יק": 0, "כן": 16, "ך": 1, "ל": 57, "מחל": 68, "מרצ": 4, "נז": 0, "ני": 0, "נף": 1, "נץ": 0, "נק": 0, "נר": 0, "עם": 0, "פה": 31, "ף": 0, "צ": 1, "ץ": 0, "ק": 1, "קי": 0, "קך": 0, "קנ": 0, "קץ": 0, "רז": 0, "שס": 13, "ת": 0, "כתובת קלפי": "יואב,5 ", "מקום קלפי": "בי\"ס יבניאלי", "נגישה": " ", "נגישה מיוחדת": " ", "בוחרי כנסת בפועל": 560, "turnout_pct": 41.785714285714285, "אמת_pct": 4.8034934497816595, "אצ_pct": 0.43668122270742354, "ב_pct": 0.43668122270742354, "ג_pct": 0.0, "ד_pct": 0.43668122270742354, "ום_pct": 2.1834061135371177, "ז_pct": 0.0, "זך_pct": 0.43668122270742354, "זנ_pct": 0.0, "זץ_pct": 0.0, "ט_pct": 6.5502183406113534, "י_pct": 0.0, "יז_pct": 0.43668122270742354, "ינ_pct": 0.0, "יץ_pct": 0.0, "יק_pct": 0.0, "כן_pct": 6.9868995633187767, "ך_pct": 0.43668122270742354, "ל_pct": 24.890829694323145, "מחל_pct": 29.694323144104807, "מרצ_pct": 1.7467248908296942, "נז_pct": 0.0, "ני_pct": 0.0, "נף_pct": 0.43668122270742354, "נץ_pct": 0.0, "נק_pct": 0.0, "נר_pct": 0.0, "עם_pct": 0.0, "פה_pct": 13.537117903930133, "ף_pct": 0.0, "צ_pct": 0.43668122270742354, "ץ_pct": 0.0, "ק_pct": 0.43668122270742354, "קי_pct": 0.0, "קך_pct": 0.0, "קנ_pct": 0.0, "קץ_pct": 0.0, "רז_pct": 0.0, "שס_pct": 5.6768558951965069, "ת_pct": 0.0, "lat": 32.8290166, "lon": 34.9765038, "neighborhood": "קריית אליעזר" }, "geometry": { "type": "Point", "coordinates": [ 34.9765038, 32.8290166 ] } },
{ "type": "Feature", "properties": { "סמל ועדה": 7, "ברזל": 2942, "שם ישוב": "חיפה", "סמל ישוב": 4000, "קלפי": "138", "ריכוז": 25, "שופט": 0, "בזב": 436, "מצביעים": 186, "פסולים": 6, "כשרים": 180, "אמת": 2, "אצ": 0, "ב": 0, "ג": 0, "ד": 0, "ום": 2, "ז": 0, "זך": 0, "זנ": 0, "זץ": 0, "ט": 7, "י": 0, "יז": 1, "ינ": 0, "יץ": 0, "יק": 0, "כן": 8, "ך": 0, "ל": 50, "מחל": 51, "מרצ": 4, "נז": 0, "ני": 0, "נף": 0, "נץ": 0, "נק": 0, "נר": 0, "עם": 1, "פה": 46, "ף": 0, "צ": 0, "ץ": 0, "ק": 0, "קי": 0, "קך": 0, "קנ": 0, "קץ": 1, "רז": 0, "שס": 7, "ת": 0, "כתובת קלפי": "נח\"ל,2 ", "מקום קלפי": "בי\"ס חטיבת בינים רעות", "נגישה": "כ", "נגישה מיוחדת": "כ", "בוחרי כנסת בפועל": 436, "turnout_pct": 42.660550458715598, "אמת_pct": 1.1111111111111112, "אצ_pct": 0.0, "ב_pct": 0.0, "ג_pct": 0.0, "ד_pct": 0.0, "ום_pct": 1.1111111111111112, "ז_pct": 0.0, "זך_pct": 0.0, "זנ_pct": 0.0, "זץ_pct": 0.0, "ט_pct": 3.8888888888888888, "י_pct": 0.0, "יז_pct": 0.55555555555555558, "ינ_pct": 0.0, "יץ_pct": 0.0, "יק_pct": 0.0, "כן_pct": 4.4444444444444446, "ך_pct": 0.0, "ל_pct": 27.777777777777779, "מחל_pct": 28.333333333333332, "מרצ_pct": 2.2222222222222223, "נז_pct": 0.0, "ני_pct": 0.0, "נף_pct": 0.0, "נץ_pct": 0.0, "נק_pct": 0.0, "נר_pct": 0.0, "עם_pct": 0.55555555555555558, "פה_pct": 25.555555555555554, "ף_pct": 0.0, "צ_pct": 0.0, "ץ_pct": 0.0, "ק_pct": 0.0, "קי_pct": 0.0, "קך_pct": 0.0, "קנ_pct": 0.0, "קץ_pct": 0.55555555555555558, "רז_pct": 0.0, "שס_pct": 3.8888888888888888, "ת_pct": 0.0, "lat": 32.8266355, "lon": 34.9781753, "neighborhood": "קריית אליעזר" }, "geometry": { "type": "Point", "coordinates": [ 34.9781753, 32.8266355 ] } },
{ "type": "Feature", "properties": { "סמל ועדה": 7, "ברזל": 2943, "שם ישוב": "חיפה", "סמל ישוב": 4000, "קלפי": "141", "ריכוז": 137, "שופט": 0, "בזב": 691, "מצביעים": 285, "פסולים": 2, "כשרים": 283, "אמת": 27, "אצ": 0, "ב": 0, "ג": 2, "ד": 2, "ום": 2, "ז": 0, "זך": 0, "זנ": 0, "זץ": 0, "ט": 14, "י": 0, "יז": 1, "ינ": 0, "יץ": 0, "יק": 0, "כן": 26, "ך": 0, "ל": 43, "מחל": 77, "מרצ": 20, "נז": 0, "ני": 0, "נף": 0, "נץ": 0, "נק": 0, "נר": 0, "עם": 1, "פה": 56, "ף": 0, "צ": 0, "ץ": 1, "ק": 0, "קי": 1, "קך": 0, "קנ": 0, "קץ": 3, "רז": 0, "שס": 7, "ת": 0, "כתובת קלפי": "העליה השניה,45 ", "מקום קלפי": "מרכז קהילתי בת גלים", "נגישה": "כ", "נגישה מיוחדת": "כ", "בוחרי כנסת בפועל": 691, "turnout_pct": 41.244573082489147, "אמת_pct": 9.5406360424028271, "אצ_pct": 0.0, "ב_pct": 0.0, "ג_pct": 0.70671378091872794, "ד_pct": 0.70671378091872794, "ום_pct": 0.70671378091872794, "ז_pct": 0.0, "זך_pct": 0.0, "זנ_pct": 0.0, "זץ_pct": 0.0, "ט_pct": 4.946996466431095, "י_pct": 0.0, "יז_pct": 0.35335689045936397, "ינ_pct": 0.0, "יץ_pct": 0.0, "יק_pct": 0.0, "כן_pct": 9.1872791519434625, "ך_pct": 0.0, "ל_pct": 15.19434628975265, "מחל_pct": 27.208480565371023, "מרצ_pct": 7.0671378091872796, "נז_pct": 0.0, "ני_pct": 0.0, "נף_pct": 0.0, "נץ_pct": 0.0, "נק_pct": 0.0, "נר_pct": 0.0, "עם_pct": 0.35335689045936397, "פה_pct": 19.78798586572438, "ף_pct": 0.0, "צ_pct": 0.0, "ץ_pct": 0.35335689045936397, "ק_pct": 0.0, "קי_pct": 0.35335689045936397, "קך_pct": 0.0, "קנ_pct": 0.0, "קץ_pct": 1.0600706713780919, "רז_pct": 0.0, "שס_pct": 2.4734982332155475, "ת_pct": 0.0, "lat": 32.8321005, "lon": 34.9829871, "neighborhood": "בת גלים" }, "geometry": { "type": "Point", "coordinates": [ 34.9829871, 32.8321005 ] } },
{ "type": "Feature", "properties": { "סמל ועדה": 7, "ברזל": 2944, "שם ישוב": "חיפה", "סמל ישוב": 4000, "קלפי": "143", "ריכוז": 137, "שופט": 0, "בזב": 595, "מצביעים": 305, "פסולים": 2, "כשרים": 303, "אמת": 43, "אצ": 1, "ב": 2, "ג": 0, "ד": 2, "ום": 3, "ז": 0, "זך": 0, "זנ": 0, "זץ": 0, "ט": 11, "י": 0, "יז": 0, "ינ": 0, "יץ": 0, "יק": 0, "כן": 19, "ך": 0, "ל": 30, "מחל": 51, "מרצ": 33, "נז": 0, "ני": 0, "נף": 0, "נץ": 0, "נק": 0, "נר": 0, "עם": 0, "פה": 102, "ף": 1, "צ": 0, "ץ": 0, "ק": 0, "קי": 0, "קך": 0, "קנ": 0, "קץ": 3, "רז": 1, "שס": 1, "ת": 0, "כתובת קלפי": "העליה השניה,45 ", "מקום קלפי": "מרכז קהילתי בת גלים", "נגישה": "כ", "נגישה מיוחדת": "כ", "בוחרי כנסת בפועל": 595, "turnout_pct": 51.260504201680668, "אמת_pct": 14.19141914191419, "אצ_pct": 0.33003300330033003, "ב_pct": 0.66006600660066006, "ג_pct": 0.0, "ד_pct": 0.66006600660066006, "ום_pct": 0.99009900990099009, "ז_pct": 0.0, "זך_pct": 0.0, "זנ_pct": 0.0, "זץ_pct": 0.0, "ט_pct": 3.6303630363036308, "י_pct": 0.0, "יז_pct": 0.0, "ינ_pct": 0.0, "יץ_pct": 0.0, "יק_pct": 0.0, "כן_pct": 6.2706270627062706, "ך_pct": 0.0, "ל_pct": 9.9009900990099009, "מחל_pct": 16.831683168316832, "מרצ_pct": 10.891089108910892, "נז_pct": 0.0, "ני_pct": 0.0, "נף_pct": 0.0, "נץ_pct": 0.0, "נק_pct": 0.0, "נר_pct": 0.0, "עם_pct": 0.0, "פה_pct": 33.663366336633665, "ף_pct": 0.33003300330033003, "צ_pct": 0.0, "ץ_pct": 0.0, "ק_pct": 0.0, "קי_pct": 0.0, "קך_pct": 0.0, "קנ_pct": 0.0, "קץ_pct": 0.99009900990099009, "רז_pct": 0.33003300330033003, "שס_pct": 0.33003300330033003, "ת_pct": 0.0, "lat": 32.8321005, "lon": 34.9829871, "neighborhood": "בת גלים" }, "geometry": { "type": "Point", "coordinates": [ 34.9829871, 32.8321005 ] } },
{ "type": "Feature", "properties": { "סמל ועדה": 7, "ברזל": 2945, "שם ישוב": "חיפה", "סמל ישוב": 4000, "קלפי": "146", "ריכוז": 137, "שופט": 0, "בזב": 645, "מצביעים": 226, "פסולים": 1, "כשרים": 225, "אמת": 20, "אצ": 0, "ב": 2, "ג": 1, "ד": 11, "ום": 10, "ז": 0, "זך": 0, "זנ": 0, "זץ": 0, "ט": 7, "י": 0, "יז": 0, "ינ": 0, "יץ": 0, "יק": 0, "כן": 24, "ך": 0, "ל": 14, "מחל": 44, "מרצ": 10, "נז": 0, "ני": 0, "נף": 0, "נץ": 0, "נק": 0, "נר": 0, "עם": 4, "פה": 68, "ף": 0, "צ": 0, "ץ": 0, "ק": 0, "קי": 1, "קך": 0, "קנ": 0, "קץ": 4, "רז": 0, "שס": 5, "ת": 0, "כתובת קלפי": "העליה השניה,45 ", "מקום קלפי": "מרכז קהילתי בת גלים", "נגישה": " ", "נגישה מיוחדת": " ", "בוחרי כנסת בפועל": 645, "turnout_pct": 35.038759689922486, "אמת_pct": 8.8888888888888893, "אצ_pct": 0.0, "ב_pct": 0.88888888888888884, "ג_pct": 0.44444444444444442, "ד_pct": 4.8888888888888893, "ום_pct": 4.4444444444444446, "ז_pct": 0.0, "זך_pct": 0.0, "זנ_pct": 0.0, "זץ_pct": 0.0, "ט_pct": 3.1111111111111112, "י_pct": 0.0, "יז_pct": 0.0, "ינ_pct": 0.0, "יץ_pct": 0.0, "יק_pct": 0.0, "כן_pct": 10.666666666666668, "ך_pct": 0.0, "ל_pct": 6.2222222222222223, "מחל_pct": 19.555555555555557, "מרצ_pct": 4.4444444444444446, "נז_pct": 0.0, "ני_pct": 0.0, "נף_pct": 0.0, "נץ_pct": 0.0, "נק_pct": 0.0, "נר_pct": 0.0, "עם_pct": 1.7777777777777777, "פה_pct": 30.222222222222221, "ף_pct": 0.0, "צ_pct": 0.0, "ץ_pct": 0.0, "ק_pct": 0.0, "קי_pct": 0.44444444444444442, "קך_pct": 0.0, "קנ_pct": 0.0, "קץ_pct": 1.7777777777777777, "רז_pct": 0.0, "שס_pct": 2.2222222222222223, "ת_pct": 0.0, "lat": 32.8321005, "lon": 34.9829871, "neighborhood": "בת גלים" }, "geometry": { "type": "Point", "coordinates": [ 34.9829871, 32.8321005 ] } },
{ "type": "Feature", "properties": { "סמל ועדה": 7, "ברזל": 2946, "שם ישוב": "חיפה", "סמל ישוב": 4000, "קלפי": "159", "ריכוז": 237, "שופט": 0, "בזב": 513, "מצביעים": 239, "פסולים": 5, "כשרים": 234, "אמת": 5, "אצ": 1, "ב": 1, "ג": 3, "ד": 7, "ום": 9, "ז": 0, "זך": 0, "זנ": 0, "זץ": 0, "ט": 16, "י": 0, "יז": 2, "ינ": 0, "יץ": 0, "יק": 0, "כן": 20, "ך": 0, "ל": 54, "מחל": 52, "מרצ": 5, "נז": 0, "ני": 0, "נף": 0, "נץ": 0, "נק": 0, "נר": 0, "עם": 2, "פה": 47, "ף": 1, "צ": 1, "ץ": 0, "ק": 0, "קי": 1, "קך": 0, "קנ": 0, "קץ": 0, "רז": 0, "שס": 7, "ת": 0, "כתובת קלפי": "צה\"ל,41 ", "מקום קלפי": "אשכול פייס", "נגישה": "כ", "נגישה מיוחדת": "כ", "בוחרי כנסת בפועל": 513, "turnout_pct": 46.588693957115005, "אמת_pct": 2.1367521367521367, "אצ_pct": 0.42735042735042739, "ב_pct": 0.42735042735042739, "ג_pct": 1.2820512820512819, "ד_pct": 2.9914529914529915, "ום_pct": 3.8461538461538463, "ז_pct": 0.0, "זך_pct": 0.0, "זנ_pct": 0.0, "זץ_pct": 0.0, "ט_pct": 6.8376068376068382, "י_pct": 0.0, "יז_pct": 0.85470085470085477, "ינ_pct": 0.0, "יץ_pct": 0.0, "יק_pct": 0.0, "כן_pct": 8.5470085470085468, "ך_pct": 0.0, "ל_pct": 23.076923076923077, "מחל_pct": 22.222222222222221, "מרצ_pct": 2.1367521367521367, "נז_pct": 0.0, "ני_pct": 0.0, "נף_pct": 0.0, "נץ_pct": 0.0, "נק_pct": 0.0, "נר_pct": 0.0, "עם_pct": 0.85470085470085477, "פה_pct": 20.085470085470085, "ף_pct": 0.42735042735042739, "צ_pct": 0.42735042735042739, "ץ_pct": 0.0, "ק_pct": 0.0, "קי_pct": 0.42735042735042739, "קך_pct": 0.0, "קנ_pct": 0.0, "קץ_pct": 0.0, "רז_pct": 0.0, "שס_pct": 2.9914529914529915, "ת_pct": 0.0, "lat": 32.8264369, "lon": 34.9795472, "neighborhood": "קריית אליעזר" }, "geometry": { "type": "Point", "coordinates": [ 34.9795472, 32.8264369 ] } },
{ "type": "Feature", "properties": { "סמל ועדה": 7, "ברזל": 2947, "שם ישוב": "חיפה", "סמל ישוב": 4000, "קלפי": "149.1", "ריכוז": 45, "שופט": 0, "בזב": 637, "מצביעים": 367, "פסולים": 1, "כשרים": 366, "אמת": 8, "אצ": 0, "ב": 0, "ג": 2, "ד": 0, "ום": 8, "ז": 0, "זך": 0, "זנ": 0, "זץ": 0, "ט": 31, "י": 0, "יז": 3, "ינ": 0, "יץ": 0, "יק": 0, "כן": 39, "ך": 0, "ל": 35, "מחל": 127, "מרצ": 9, "נז": 0, "ני": 0, "נף": 0, "נץ": 0, "נק": 0, "נר": 0, "עם": 0, "פה": 86, "ף": 0, "צ": 0, "ץ": 1, "ק": 0, "קי": 0, "קך": 1, "קנ": 0, "קץ": 2, "רז": 0, "שס": 14, "ת": 0, "כתובת קלפי": "דרך צרפת,85 ", "מקום קלפי": "בי\"ס רמות", "נגישה": " ", "נגישה מיוחדת": " ", "בוחרי כנסת בפועל": 637, "turnout_pct": 57.6138147566719, "אמת_pct": 2.1857923497267762, "אצ_pct": 0.0, "ב_pct": 0.0, "ג_pct": 0.54644808743169404, "ד_pct": 0.0, "ום_pct": 2.1857923497267762, "ז_pct": 0.0, "זך_pct": 0.0, "זנ_pct": 0.0, "זץ_pct": 0.0, "ט_pct": 8.4699453551912569, "י_pct": 0.0, "יז_pct": 0.81967213114754101, "ינ_pct": 0.0, "יץ_pct": 0.0, "יק_pct": 0.0, "כן_pct": 10.655737704918032, "ך_pct": 0.0, "ל_pct": 9.5628415300546443, "מחל_pct": 34.699453551912569, "מרצ_pct": 2.459016393442623, "נז_pct": 0.0, "ני_pct": 0.0, "נף_pct": 0.0, "נץ_pct": 0.0, "נק_pct": 0.0, "נר_pct": 0.0, "עם_pct": 0.0, "פה_pct": 23.497267759562842, "ף_pct": 0.0, "צ_pct": 0.0, "ץ_pct": 0.27322404371584702, "ק_pct": 0.0, "קי_pct": 0.0, "קך_pct": 0.27322404371584702, "קנ_pct": 0.0, "קץ_pct": 0.54644808743169404, "רז_pct": 0.0, "שס_pct": 3.8251366120218582, "ת_pct": 0.0, "lat": 32.8217345, "lon": 34.9645672, "neighborhood": "קריית שפרינצק" }, "geometry": { "type": "Point", "coordinates": [ 34.9645672, 32.8217345 ] } },
{ "type": "Feature", "properties": { "סמל ועדה": 7, "ברזל": 2948, "שם ישוב": "חיפה", "סמל ישוב": 4000, "קלפי": "149.2", "ריכוז": 45, "שופט": 1, "בזב": 637, "מצביעים": 353, "פסולים": 3, "כשרים": 350, "אמת": 13, "אצ": 1, "ב": 2, "ג": 1, "ד": 2, "ום": 4, "ז": 0, "זך": 0, "זנ": 0, "זץ": 0, "ט": 19, "י": 0, "יז": 0, "ינ": 0, "יץ": 0, "יק": 0, "כן": 46, "ך": 0, "ל": 37, "מחל": 120, "מרצ": 5, "נז": 0, "ני": 1, "נף": 0, "נץ": 0, "נק": 0, "נר": 0, "עם": 0, "פה": 86, "ף": 0, "צ": 0, "ץ": 0, "ק": 1, "קי": 0, "קך": 0, "קנ": 0, "קץ": 2, "רז": 1, "שס": 9, "ת": 0, "כתובת קלפי": "דרך צרפת,85 ", "מקום קלפי": "בי\"ס רמות", "נגישה": " ", "נגישה מיוחדת": " ", "בוחרי כנסת בפועל": 637, "turnout_pct": 55.416012558869696, "אמת_pct": 3.7142857142857144, "אצ_pct": 0.2857142857142857, "ב_pct": 0.5714285714285714, "ג_pct": 0.2857142857142857, "ד_pct": 0.5714285714285714, "ום_pct": 1.1428571428571428, "ז_pct": 0.0, "זך_pct": 0.0, "זנ_pct": 0.0, "זץ_pct": 0.0, "ט_pct": 5.4285714285714288, "י_pct": 0.0, "יז_pct": 0.0, "ינ_pct": 0.0, "יץ_pct": 0.0, "יק_pct": 0.0, "כן_pct": 13.142857142857142, "ך_pct": 0.0, "ל_pct": 10.571428571428571, "מחל_pct": 34.285714285714285, "מרצ_pct": 1.4285714285714286, "נז_pct": 0.0, "ני_pct": 0.2857142857142857, "נף_pct": 0.0, "נץ_pct": 0.0, "נק_pct": 0.0, "נר_pct": 0.0, "עם_pct": 0.0, "פה_pct": 24.571428571428573, "ף_pct": 0.0, "צ_pct": 0.0, "ץ_pct": 0.0, "ק_pct": 0.2857142857142857, "קי_pct": 0.0, "קך_pct": 0.0, "קנ_pct": 0.0, "קץ_pct": 0.5714285714285714, "רז_pct": 0.2857142857142857, "שס_pct": 2.5714285714285712, "ת_pct": 0.0, "lat": 32.8217345, "lon": 34.9645672, "neighborhood": "קריית שפרינצק" }, "geometry": { "type": "Point", "coordinates": [ 34.9645672, 32.8217345 ] } },
{ "type": "Feature", "properties": { "סמל ועדה": 7, "ברזל": 2949, "שם ישוב": "חיפה", "סמל ישוב": 4000, "קלפי": "149.3", "ריכוז": 45, "שופט": 0, "בזב": 637, "מצביעים": 363, "פסולים": 1, "כשרים": 362, "אמת": 15, "אצ": 1, "ב": 1, "ג": 2, "ד": 4, "ום": 7, "ז": 0, "זך": 0, "זנ": 0, "זץ": 0, "ט": 24, "י": 0, "יז": 0, "ינ": 0, "יץ": 0, "יק": 0, "כן": 59, "ך": 1, "ל": 39, "מחל": 99, "מרצ": 6, "נז": 0, "ני": 0, "נף": 0, "נץ": 2, "נק": 0, "נר": 0, "עם": 3, "פה": 82, "ף": 0, "צ": 1, "ץ": 0, "ק": 1, "קי": 0, "קך": 0, "קנ": 0, "קץ": 6, "רז": 1, "שס": 8, "ת": 0, "כתובת קלפי": "דרך צרפת,85 ", "מקום קלפי": "בי\"ס רמות", "נגישה": " ", "נגישה מיוחדת": " ", "בוחרי כנסת בפועל": 637, "turnout_pct": 56.985871271585552, "אמת_pct": 4.1436464088397784, "אצ_pct": 0.27624309392265189, "ב_pct": 0.27624309392265189, "ג_pct": 0.55248618784530379, "ד_pct": 1.1049723756906076, "ום_pct": 1.9337016574585635, "ז_pct": 0.0, "זך_pct": 0.0, "זנ_pct": 0.0, "זץ_pct": 0.0, "ט_pct": 6.6298342541436464, "י_pct": 0.0, "יז_pct": 0.0, "ינ_pct": 0.0, "יץ_pct": 0.0, "יק_pct": 0.0, "כן_pct": 16.298342541436465, "ך_pct": 0.27624309392265189, "ל_pct": 10.773480662983426, "מחל_pct": 27.348066298342545, "מרצ_pct": 1.6574585635359116, "נז_pct": 0.0, "ני_pct": 0.0, "נף_pct": 0.0, "נץ_pct": 0.55248618784530379, "נק_pct": 0.0, "נר_pct": 0.0, "עם_pct": 0.82872928176795579, "פה_pct": 22.651933701657459, "ף_pct": 0.0, "צ_pct": 0.27624309392265189, "ץ_pct": 0.0, "ק_pct": 0.27624309392265189, "קי_pct": 0.0, "קך_pct": 0.0, "קנ_pct": 0.0, "קץ_pct": 1.6574585635359116, "רז_pct": 0.27624309392265189, "שס_pct": 2.2099447513812152, "ת_pct": 0.0, "lat": 32.8217345, "lon": 34.9645672, "neighborhood": "קריית שפרינצק" }, "geometry": { "type": "Point", "coordinates": [ 34.9645672, 32.8217345 ] } },
{ "type": "Feature", "properties": { "סמל ועדה": 7, "ברזל": 2950, "שם ישוב": "חיפה", "סמל ישוב": 4000, "קלפי": "149.4", "ריכוז": 45, "שופט": 0, "בזב": 634, "מצביעים": 301, "פסולים": 1, "כשרים": 300, "אמת": 14, "אצ": 3, "ב": 2, "ג": 1, "ד": 3, "ום": 1, "ז": 0, "זך": 0, "זנ": 0, "זץ": 0, "ט": 21, "י": 0, "יז": 1, "ינ": 0, "יץ": 0, "יק": 0, "כן": 32, "ך": 0, "ל": 31, "מחל": 83, "מרצ": 7, "נז": 0, "ני": 0, "נף": 0, "נץ": 0, "נק": 0, "נר": 0, "עם": 0, "פה": 88, "ף": 0, "צ": 0, "ץ": 0, "ק": 0, "קי": 0, "קך": 1, "קנ": 0, "קץ": 3, "רז": 0, "שס": 9, "ת": 0, "כתובת קלפי": "דרך צרפת,85 ", "מקום קלפי": "בי\"ס רמות", "נגישה": " ", "נגישה מיוחדת": " ", "בוחרי כנסת בפועל": 634, "turnout_pct": 47.476340694006311, "אמת_pct": 4.666666666666667, "אצ_pct": 1.0, "ב_pct": 0.66666666666666674, "ג_pct": 0.33333333333333337, "ד_pct": 1.0, "ום_pct": 0.33333333333333337, "ז_pct": 0.0, "זך_pct": 0.0, "זנ_pct": 0.0, "זץ_pct": 0.0, "ט_pct": 7.0000000000000009, "י_pct": 0.0, "יז_pct": 0.33333333333333337, "ינ_pct": 0.0, "יץ_pct": 0.0, "יק_pct": 0.0, "כן_pct": 10.666666666666668, "ך_pct": 0.0, "ל_pct": 10.333333333333334, "מחל_pct": 27.666666666666668, "מרצ_pct": 2.3333333333333335, "נז_pct": 0.0, "ני_pct": 0.0, "נף_pct": 0.0, "נץ_pct": 0.0, "נק_pct": 0.0, "נר_pct": 0.0, "עם_pct": 0.0, "פה_pct": 29.333333333333332, "ף_pct": 0.0, "צ_pct": 0.0, "ץ_pct": 0.0, "ק_pct": 0.0, "קי_pct": 0.0, "קך_pct": 0.33333333333333337, "קנ_pct": 0.0, "קץ_pct": 1.0, "רז_pct": 0.0, "שס_pct": 3.0, "ת_pct": 0.0, "lat": 32.8217345, "lon": 34.9645672, "neighborhood": "קריית שפרינצק" }, "geometry": { "type": "Point", "coordinates": [ 34.9645672, 32.8217345 ] } },
{ "type": "Feature", "properties": { "סמל ועדה": 7, "ברזל": 2951, "שם ישוב": "חיפה", "סמל ישוב": 4000, "קלפי": "219", "ריכוז": 103, "שופט": 0, "בזב": 444, "מצביעים": 285, "פסולים": 0, "כשרים": 285, "אמת": 14, "אצ": 1, "ב": 2, "ג": 0, "ד": 7, "ום": 4, "ז": 0, "זך": 0, "זנ": 0, "זץ": 0, "ט": 16, "י": 0, "יז": 0, "ינ": 0, "יץ": 0, "יק": 0, "כן": 48, "ך": 0, "ל": 16, "מחל": 41, "מרצ": 14, "נז": 0, "ני": 0, "נף": 0, "נץ": 0, "נק": 0, "נר": 0, "עם": 0, "פה": 113, "ף": 0, "צ": 0, "ץ": 0, "ק": 0, "קי": 0, "קך": 0, "קנ": 0, "קץ": 0, "רז": 0, "שס": 9, "ת": 0, "כתובת קלפי": "דרך הים,44 ", "מקום קלפי": "בי\"ס אילנשיל אופקים", "נגישה": "כ", "נגישה מיוחדת": "כ", "בוחרי כנסת בפועל": 444, "turnout_pct": 64.189189189189193, "אמת_pct": 4.9122807017543861, "אצ_pct": 0.35087719298245612, "ב_pct": 0.70175438596491224, "ג_pct": 0.0, "ד_pct": 2.4561403508771931, "ום_pct": 1.4035087719298245, "ז_pct": 0.0, "זך_pct": 0.0, "זנ_pct": 0.0, "זץ_pct": 0.0, "ט_pct": 5.6140350877192979, "י_pct": 0.0, "יז_pct": 0.0, "ינ_pct": 0.0, "יץ_pct": 0.0, "יק_pct": 0.0, "כן_pct": 16.842105263157894, "ך_pct": 0.0, "ל_pct": 5.6140350877192979, "מחל_pct": 14.385964912280702, "מרצ_pct": 4.9122807017543861, "נז_pct": 0.0, "ני_pct": 0.0, "נף_pct": 0.0, "נץ_pct": 0.0, "נק_pct": 0.0, "נר_pct": 0.0, "עם_pct": 0.0, "פה_pct": 39.649122807017548, "ף_pct": 0.0, "צ_pct": 0.0, "ץ_pct": 0.0, "ק_pct": 0.0, "קי_pct": 0.0, "קך_pct": 0.0, "קנ_pct": 0.0, "קץ_pct": 0.0, "רז_pct": 0.0, "שס_pct": 3.1578947368421053, "ת_pct": 0.0, "lat": 32.807096, "lon": 34.9801822, "neighborhood": "כרמל מערבי" }, "geometry": { "type": "Point", "coordinates": [ 34.9801822, 32.807096 ] } },
{ "type": "Feature", "properties": { "סמל ועדה": 7, "ברזל": 2952, "שם ישוב": "חיפה", "סמל ישוב": 4000, "קלפי": "220", "ריכוז": 103, "שופט": 0, "בזב": 505, "מצביעים": 290, "פסולים": 1, "כשרים": 289, "אמת": 24, "אצ": 1, "ב": 1, "ג": 0, "ד": 2, "ום": 4, "ז": 0, "זך": 0, "זנ": 0, "זץ": 0, "ט": 11, "י": 0, "יז": 2, "ינ": 0, "יץ": 0, "יק": 0, "כן": 37, "ך": 0, "ל": 9, "מחל": 61, "מרצ": 18, "נז": 0, "ני": 0, "נף": 0, "נץ": 0, "נק": 0, "נר": 0, "עם": 0, "פה": 113, "ף": 0, "צ": 0, "ץ": 1, "ק": 0, "קי": 0, "קך": 0, "קנ": 0, "קץ": 0, "רז": 1, "שס": 4, "ת": 0, "כתובת קלפי": "דרך הים,44 ", "מקום קלפי": "בי\"ס אילנשיל אופקים", "נגישה": "כ", "נגישה מיוחדת": " ", "בוחרי כנסת בפועל": 505, "turnout_pct": 57.42574257425742, "אמת_pct": 8.3044982698961931, "אצ_pct": 0.34602076124567477, "ב_pct": 0.34602076124567477, "ג_pct": 0.0, "ד_pct": 0.69204152249134954, "ום_pct": 1.3840830449826991, "ז_pct": 0.0, "זך_pct": 0.0, "זנ_pct": 0.0, "זץ_pct": 0.0, "ט_pct": 3.8062283737024223, "י_pct": 0.0, "יז_pct": 0.69204152249134954, "ינ_pct": 0.0, "יץ_pct": 0.0, "יק_pct": 0.0, "כן_pct": 12.802768166089965, "ך_pct": 0.0, "ל_pct": 3.1141868512110724, "מחל_pct": 21.107266435986158, "מרצ_pct": 6.2283737024221448, "נז_pct": 0.0, "ני_pct": 0.0, "נף_pct": 0.0, "נץ_pct": 0.0, "נק_pct": 0.0, "נר_pct": 0.0, "עם_pct": 0.0, "פה_pct": 39.100346020761243, "ף_pct": 0.0, "צ_pct": 0.0, "ץ_pct": 0.34602076124567477, "ק_pct": 0.0, "קי_pct": 0.0, "קך_pct": 0.0, "קנ_pct": 0.0, "קץ_pct": 0.0, "רז_pct": 0.34602076124567477, "שס_pct": 1.3840830449826991, "ת_pct": 0.0, "lat": 32.807096, "lon": 34.9801822, "neighborhood": "כרמל מערבי" }, "geometry": { "type": "Point", "coordinates": [ 34.9801822, 32.807096 ] } },
{ "type": "Feature", "properties": { "סמל ועדה": 7, "ברזל": 2953, "שם ישוב": "חיפה", "סמל ישוב": 4000, "קלפי": "228", "ריכוז": 48, "שופט": 0, "בזב": 567, "מצביעים": 229, "פסולים": 3, "כשרים": 226, "אמת": 2, "אצ": 2, "ב": 0, "ג": 2, "ד": 0, "ום": 1, "ז": 0, "זך": 0, "זנ": 0, "זץ": 0, "ט": 13, "י": 1, "יז": 1, "ינ": 0, "יץ": 0, "יק": 0, "כן": 17, "ך": 0, "ל": 42, "מחל": 71, "מרצ": 5, "נז": 0, "ני": 0, "נף": 0, "נץ": 0, "נק": 0, "נר": 0, "עם": 0, "פה": 59, "ף": 0, "צ": 0, "ץ": 0, "ק": 0, "קי": 0, "קך": 0, "קנ": 0, "קץ": 0, "רז": 0, "שס": 10, "ת": 0, "כתובת קלפי": "בודנהיימר מקס ד\"ר,7 ", "מקום קלפי": "בי\"ס אבן גבירול", "נגישה": "כ", "נגישה מיוחדת": "כ", "בוחרי כנסת בפועל": 567, "turnout_pct": 40.388007054673722, "אמת_pct": 0.88495575221238942, "אצ_pct": 0.88495575221238942, "ב_pct": 0.0, "ג_pct": 0.88495575221238942, "ד_pct": 0.0, "ום_pct": 0.44247787610619471, "ז_pct": 0.0, "זך_pct": 0.0, "זנ_pct": 0.0, "זץ_pct": 0.0, "ט_pct": 5.7522123893805306, "י_pct": 0.44247787610619471, "יז_pct": 0.44247787610619471, "ינ_pct": 0.0, "יץ_pct": 0.0, "יק_pct": 0.0, "כן_pct": 7.5221238938053103, "ך_pct": 0.0, "ל_pct": 18.584070796460178, "מחל_pct": 31.415929203539822, "מרצ_pct": 2.2123893805309733, "נז_pct": 0.0, "ני_pct": 0.0, "נף_pct": 0.0, "נץ_pct": 0.0, "נק_pct": 0.0, "נר_pct": 0.0, "עם_pct": 0.0, "פה_pct": 26.10619469026549, "ף_pct": 0.0, "צ_pct": 0.0, "ץ_pct": 0.0, "ק_pct": 0.0, "קי_pct": 0.0, "קך_pct": 0.0, "קנ_pct": 0.0, "קץ_pct": 0.0, "רז_pct": 0.0, "שס_pct": 4.4247787610619467, "ת_pct": 0.0, "lat": 32.8183649, "lon": 34.9660649, "neighborhood": "קריית שפרינצק" }, "geometry": { "type": "Point", "coordinates": [ 34.9660649, 32.8183649 ] } },
{ "type": "Feature", "properties": { "סמל ועדה": 7, "ברזל": 2954, "שם ישוב": "חיפה", "סמל ישוב": 4000, "קלפי": "229", "ריכוז": 48, "שופט": 0, "בזב": 627, "מצביעים": 326, "פסולים": 3, "כשרים": 323, "אמת": 14, "אצ": 1, "ב": 0, "ג": 1, "ד": 3, "ום": 2, "ז": 0, "זך": 0, "זנ": 0, "זץ": 0, "ט": 20, "י": 1, "יז": 2, "ינ": 0, "יץ": 0, "יק": 0, "כן": 19, "ך": 0, "ל": 48, "מחל": 103, "מרצ": 6, "נז": 0, "ני": 0, "נף": 0, "נץ": 0, "נק": 0, "נר": 0, "עם": 1, "פה": 85, "ף": 1, "צ": 2, "ץ": 0, "ק": 0, "קי": 0, "קך": 0, "קנ": 1, "קץ": 4, "רז": 0, "שס": 9, "ת": 0, "כתובת קלפי": "בודנהיימר מקס ד\"ר,7 ", "מקום קלפי": "בי\"ס אבן גבירול", "נגישה": " ", "נגישה מיוחדת": " ", "בוחרי כנסת בפועל": 627, "turnout_pct": 51.993620414673046, "אמת_pct": 4.3343653250773997, "אצ_pct": 0.30959752321981426, "ב_pct": 0.0, "ג_pct": 0.30959752321981426, "ד_pct": 0.92879256965944268, "ום_pct": 0.61919504643962853, "ז_pct": 0.0, "זך_pct": 0.0, "זנ_pct": 0.0, "זץ_pct": 0.0, "ט_pct": 6.1919504643962853, "י_pct": 0.30959752321981426, "יז_pct": 0.61919504643962853, "ינ_pct": 0.0, "יץ_pct": 0.0, "יק_pct": 0.0, "כן_pct": 5.8823529411764701, "ך_pct": 0.0, "ל_pct": 14.860681114551083, "מחל_pct": 31.888544891640869, "מרצ_pct": 1.8575851393188854, "נז_pct": 0.0, "ני_pct": 0.0, "נף_pct": 0.0, "נץ_pct": 0.0, "נק_pct": 0.0, "נר_pct": 0.0, "עם_pct": 0.30959752321981426, "פה_pct": 26.315789473684209, "ף_pct": 0.30959752321981426, "צ_pct": 0.61919504643962853, "ץ_pct": 0.0, "ק_pct": 0.0, "קי_pct": 0.0, "קך_pct": 0.0, "קנ_pct": 0.30959752321981426, "קץ_pct": 1.2383900928792571, "רז_pct": 0.0, "שס_pct": 2.7863777089783279, "ת_pct": 0.0, "lat": 32.8183649, "lon": 34.9660649, "neighborhood": "קריית שפרינצק" }, "geometry": { "type": "Point", "coordinates": [ 34.9660649, 32.8183649 ] } },
{ "type": "Feature", "properties": { "סמל ועדה": 7, "ברזל": 2955, "שם ישוב": "חיפה", "סמל ישוב": 4000, "קלפי": "231.1", "ריכוז": 106, "שופט": 0, "בזב": 583, "מצביעים": 362, "פסולים": 1, "כשרים": 361, "אמת": 14, "אצ": 3, "ב": 1, "ג": 0, "ד": 4, "ום": 15, "ז": 0, "זך": 0, "זנ": 0, "זץ": 1, "ט": 22, "י": 0, "יז": 2, "ינ": 0, "יץ": 0, "יק": 0, "כן": 44, "ך": 0, "ל": 27, "מחל": 112, "מרצ": 16, "נז": 0, "ני": 0, "נף": 0, "נץ": 0, "נק": 0, "נר": 0, "עם": 2, "פה": 88, "ף": 0, "צ": 0, "ץ": 0, "ק": 0, "קי": 0, "קך": 1, "קנ": 0, "קץ": 1, "רז": 0, "שס": 8, "ת": 0, "כתובת קלפי": "טשרניחובסקי,71 ", "מקום קלפי": "בי\"ס ליאו בק + מתנ\"ס", "נגישה": " ", "נגישה מיוחדת": " ", "בוחרי כנסת בפועל": 583, "turnout_pct": 62.092624356775303, "אמת_pct": 3.8781163434903045, "אצ_pct": 0.8310249307479225, "ב_pct": 0.2770083102493075, "ג_pct": 0.0, "ד_pct": 1.10803324099723, "ום_pct": 4.1551246537396125, "ז_pct": 0.0, "זך_pct": 0.0, "זנ_pct": 0.0, "זץ_pct": 0.2770083102493075, "ט_pct": 6.094182825484765, "י_pct": 0.0, "יז_pct": 0.554016620498615, "ינ_pct": 0.0, "יץ_pct": 0.0, "יק_pct": 0.0, "כן_pct": 12.18836565096953, "ך_pct": 0.0, "ל_pct": 7.4792243767313016, "מחל_pct": 31.024930747922436, "מרצ_pct": 4.43213296398892, "נז_pct": 0.0, "ני_pct": 0.0, "נף_pct": 0.0, "נץ_pct": 0.0, "נק_pct": 0.0, "נר_pct": 0.0, "עם_pct": 0.554016620498615, "פה_pct": 24.37673130193906, "ף_pct": 0.0, "צ_pct": 0.0, "ץ_pct": 0.0, "ק_pct": 0.0, "קי_pct": 0.0, "קך_pct": 0.2770083102493075, "קנ_pct": 0.0, "קץ_pct": 0.2770083102493075, "רז_pct": 0.0, "שס_pct": 2.21606648199446, "ת_pct": 0.0, "lat": 32.8181805, "lon": 34.9769966, "neighborhood": "כרמל צרפתי" }, "geometry": { "type": "Point", "coordinates": [ 34.9769966, 32.8181805 ] } },
{ "type": "Feature", "properties": { "סמל ועדה": 7, "ברזל": 2956, "שם ישוב": "חיפה", "סמל ישוב": 4000, "קלפי": "231.2", "ריכוז": 106, "שופט": 0, "בזב": 583, "מצביעים": 360, "פסולים": 0, "כשרים": 360, "אמת": 20, "אצ": 0, "ב": 1, "ג": 1, "ד": 9, "ום": 24, "ז": 0, "זך": 0, "זנ": 0, "זץ": 0, "ט": 23, "י": 0, "יז": 1, "ינ": 0, "יץ": 0, "יק": 0, "כן": 43, "ך": 0, "ל": 15, "מחל": 108, "מרצ": 17, "נז": 0, "ני": 0, "נף": 0, "נץ": 0, "נק": 0, "נר": 0, "עם": 4, "פה": 90, "ף": 0, "צ": 0, "ץ": 0, "ק": 0, "קי": 0, "קך": 0, "קנ": 0, "קץ": 1, "רז": 1, "שס": 2, "ת": 0, "כתובת קלפי": "טשרניחובסקי,71 ", "מקום קלפי": "בי\"ס ליאו בק + מתנ\"ס", "נגישה": " ", "נגישה מיוחדת": " ", "בוחרי כנסת בפועל": 583, "turnout_pct": 61.749571183533448, "אמת_pct": 5.5555555555555554, "אצ_pct": 0.0, "ב_pct": 0.27777777777777779, "ג_pct": 0.27777777777777779, "ד_pct": 2.5, "ום_pct": 6.666666666666667, "ז_pct": 0.0, "זך_pct": 0.0, "זנ_pct": 0.0, "זץ_pct": 0.0, "ט_pct": 6.3888888888888884, "י_pct": 0.0, "יז_pct": 0.27777777777777779, "ינ_pct": 0.0, "יץ_pct": 0.0, "יק_pct": 0.0, "כן_pct": 11.944444444444445, "ך_pct": 0.0, "ל_pct": 4.1666666666666661, "מחל_pct": 30.0, "מרצ_pct": 4.7222222222222223, "נז_pct": 0.0, "ני_pct": 0.0, "נף_pct": 0.0, "נץ_pct": 0.0, "נק_pct": 0.0, "נר_pct": 0.0, "עם_pct": 1.1111111111111112, "פה_pct": 25.0, "ף_pct": 0.0, "צ_pct": 0.0, "ץ_pct": 0.0, "ק_pct": 0.0, "קי_pct": 0.0, "קך_pct": 0.0, "קנ_pct": 0.0, "קץ_pct": 0.27777777777777779, "רז_pct": 0.27777777777777779, "שס_pct": 0.55555555555555558, "ת_pct": 0.0, "lat": 32.8181805, "lon": 34.9769966, "neighborhood": "כרמל צרפתי" }, "geometry": { "type": "Point", "coordinates": [ 34.9769966, 32.8181805 ] } },
{ "type": "Feature", "properties": { "סמל ועדה": 7, "ברזל": 2957, "שם ישוב": "חיפה", "סמל ישוב": 4000, "קלפי": "231.3", "ריכוז": 106, "שופט": 0, "בזב": 583, "מצביעים": 363, "פסולים": 3, "כשרים": 360, "אמת": 18, "אצ": 0, "ב": 3, "ג": 3, "ד": 15, "ום": 25, "ז": 0, "זך": 0, "זנ": 0, "זץ": 0, "ט": 15, "י": 0, "יז": 1, "ינ": 0, "יץ": 0, "יק": 0, "כן": 36, "ך": 0, "ל": 19, "מחל": 82, "מרצ": 17, "נז": 0, "ני": 1, "נף": 0, "נץ": 0, "נק": 0, "נר": 0, "עם": 2, "פה": 120, "ף": 0, "צ": 1, "ץ": 0, "ק": 0, "קי": 0, "קך": 0, "קנ": 0, "קץ": 1, "רז": 0, "שס": 1, "ת": 0, "כתובת קלפי": "טשרניחובסקי,71 ", "מקום קלפי": "בי\"ס ליאו בק + מתנ\"ס", "נגישה": " ", "נגישה מיוחדת": " ", "בוחרי כנסת בפועל": 583, "turnout_pct": 62.264150943396224, "אמת_pct": 5.0, "אצ_pct": 0.0, "ב_pct": 0.83333333333333337, "ג_pct": 0.83333333333333337, "ד_pct": 4.1666666666666661, "ום_pct": 6.9444444444444446, "ז_pct": 0.0, "זך_pct": 0.0, "זנ_pct": 0.0, "זץ_pct": 0.0, "ט_pct": 4.1666666666666661, "י_pct": 0.0, "יז_pct": 0.27777777777777779, "ינ_pct": 0.0, "יץ_pct": 0.0, "יק_pct": 0.0, "כן_pct": 10.0, "ך_pct": 0.0, "ל_pct": 5.2777777777777777, "מחל_pct": 22.777777777777779, "מרצ_pct": 4.7222222222222223, "נז_pct": 0.0, "ני_pct": 0.27777777777777779, "נף_pct": 0.0, "נץ_pct": 0.0, "נק_pct": 0.0, "נר_pct": 0.0, "עם_pct": 0.55555555555555558, "פה_pct": 33.333333333333329, "ף_pct": 0.0, "צ_pct": 0.27777777777777779, "ץ_pct": 0.0, "ק_pct": 0.0, "קי_pct": 0.0, "קך_pct": 0.0, "קנ_pct": 0.0, "קץ_pct": 0.27777777777777779, "רז_pct": 0.0, "שס_pct": 0.27777777777777779, "ת_pct": 0.0, "lat": 32.8181805, "lon": 34.9769966, "neighborhood": "כרמל צרפתי" }, "geometry": { "type": "Point", "coordinates": [ 34.9769966, 32.8181805 ] } },
{ "type": "Feature", "properties": { "סמל ועדה": 7, "ברזל": 2958, "שם ישוב": "חיפה", "סמל ישוב": 4000, "קלפי": "232", "ריכוז": 226, "שופט": 0, "בזב": 630, "מצביעים": 409, "פסולים": 2, "כשרים": 407, "אמת": 19, "אצ": 8, "ב": 3, "ג": 1, "ד": 9, "ום": 14, "ז": 0, "זך": 0, "זנ": 0, "זץ": 0, "ט": 22, "י": 0, "יז": 1, "ינ": 0, "יץ": 0, "יק": 0, "כן": 51, "ך": 1, "ל": 14, "מחל": 88, "מרצ": 21, "נז": 0, "ני": 0, "נף": 0, "נץ": 0, "נק": 0, "נר": 0, "עם": 1, "פה": 149, "ף": 0, "צ": 0, "ץ": 0, "ק": 0, "קי": 0, "קך": 1, "קנ": 0, "קץ": 0, "רז": 0, "שס": 4, "ת": 0, "כתובת קלפי": "חכים אליהו,6 ", "מקום קלפי": "מרכז קריגר", "נגישה": "כ", "נגישה מיוחדת": "כ", "בוחרי כנסת בפועל": 630, "turnout_pct": 64.920634920634924, "אמת_pct": 4.6683046683046676, "אצ_pct": 1.9656019656019657, "ב_pct": 0.73710073710073709, "ג_pct": 0.24570024570024571, "ד_pct": 2.2113022113022112, "ום_pct": 3.4398034398034398, "ז_pct": 0.0, "זך_pct": 0.0, "זנ_pct": 0.0, "זץ_pct": 0.0, "ט_pct": 5.4054054054054053, "י_pct": 0.0, "יז_pct": 0.24570024570024571, "ינ_pct": 0.0, "יץ_pct": 0.0, "יק_pct": 0.0, "כן_pct": 12.530712530712531, "ך_pct": 0.24570024570024571, "ל_pct": 3.4398034398034398, "מחל_pct": 21.621621621621621, "מרצ_pct": 5.1597051597051591, "נז_pct": 0.0, "ני_pct": 0.0, "נף_pct": 0.0, "נץ_pct": 0.0, "נק_pct": 0.0, "נר_pct": 0.0, "עם_pct": 0.24570024570024571, "פה_pct": 36.609336609336609, "ף_pct": 0.0, "צ_pct": 0.0, "ץ_pct": 0.0, "ק_pct": 0.0, "קי_pct": 0.0, "קך_pct": 0.24570024570024571, "קנ_pct": 0.0, "קץ_pct": 0.0, "רז_pct": 0.0, "שס_pct": 0.98280098280098283, "ת_pct": 0.0, "lat": 32.8213112, "lon": 34.9725623, "neighborhood": "רמת שאול" }, "geometry": { "type": "Point", "coordinates": [ 34.9725623, 32.8213112 ] } },
{ "type": "Feature", "properties": { "סמל ועדה": 7, "ברזל": 2959, "שם ישוב": "חיפה", "סמל ישוב": 4000, "קלפי": "235", "ריכוז": 232, "שופט": 0, "בזב": 537, "מצביעים": 346, "פסולים": 1, "כשרים": 345, "אמת": 14, "אצ": 1, "ב": 1, "ג": 5, "ד": 0, "ום": 2, "ז": 0, "זך": 0, "זנ": 0, "זץ": 0, "ט": 14, "י": 0, "יז": 1, "ינ": 0, "יץ": 0, "יק": 0, "כן": 52, "ך": 0, "ל": 14, "מחל": 70, "מרצ": 19, "נז": 0, "ני": 0, "נף": 0, "נץ": 0, "נק": 0, "נר": 0, "עם": 0, "פה": 143, "ף": 1, "צ": 0, "ץ": 0, "ק": 0, "קי": 0, "קך": 0, "קנ": 0, "קץ": 1, "רז": 0, "שס": 7, "ת": 0, "כתובת קלפי": "הרקפות,11 ", "מקום קלפי": "מתחם גני ילדים", "נגישה": "כ", "נגישה מיוחדת": "כ", "בוחרי כנסת בפועל": 537, "turnout_pct": 64.432029795158286, "אמת_pct": 4.057971014492753, "אצ_pct": 0.28985507246376813, "ב_pct": 0.28985507246376813, "ג_pct": 1.4492753623188406, "ד_pct": 0.0, "ום_pct": 0.57971014492753625, "ז_pct": 0.0, "זך_pct": 0.0, "זנ_pct": 0.0, "זץ_pct": 0.0, "ט_pct": 4.057971014492753, "י_pct": 0.0, "יז_pct": 0.28985507246376813, "ינ_pct": 0.0, "יץ_pct": 0.0, "יק_pct": 0.0, "כן_pct": 15.072463768115943, "ך_pct": 0.0, "ל_pct": 4.057971014492753, "מחל_pct": 20.289855072463769, "מרצ_pct": 5.5072463768115938, "נז_pct": 0.0, "ני_pct": 0.0, "נף_pct": 0.0, "נץ_pct": 0.0, "נק_pct": 0.0, "נר_pct": 0.0, "עם_pct": 0.0, "פה_pct": 41.449275362318836, "ף_pct": 0.28985507246376813, "צ_pct": 0.0, "ץ_pct": 0.0, "ק_pct": 0.0, "קי_pct": 0.0, "קך_pct": 0.0, "קנ_pct": 0.0, "קץ_pct": 0.28985507246376813, "רז_pct": 0.0, "שס_pct": 2.0289855072463765, "ת_pct": 0.0, "lat": 32.8081631, "lon": 34.9769959, "neighborhood": "כרמל מערבי" }, "geometry": { "type": "Point", "coordinates": [ 34.9769959, 32.8081631 ] } },
{ "type": "Feature", "properties": { "סמל ועדה": 7, "ברזל": 2960, "שם ישוב": "חיפה", "סמל ישוב": 4000, "קלפי": "236.1", "ריכוז": 15, "שופט": 0, "בזב": 685, "מצביעים": 434, "פסולים": 0, "כשרים": 434, "אמת": 31, "אצ": 1, "ב": 2, "ג": 3, "ד": 13, "ום": 29, "ז": 0, "זך": 0, "זנ": 0, "זץ": 0, "ט": 25, "י": 0, "יז": 0, "ינ": 1, "יץ": 0, "יק": 0, "כן": 44, "ך": 0, "ל": 18, "מחל": 57, "מרצ": 39, "נז": 0, "ני": 0, "נף": 0, "נץ": 0, "נק": 1, "נר": 0, "עם": 10, "פה": 145, "ף": 0, "צ": 0, "ץ": 0, "ק": 1, "קי": 0, "קך": 0, "קנ": 0, "קץ": 10, "רז": 0, "שס": 4, "ת": 0, "כתובת קלפי": "התשבי,34 ", "מקום קלפי": "בי\"ס גיל", "נגישה": " ", "נגישה מיוחדת": " ", "בוחרי כנסת בפועל": 685, "turnout_pct": 63.357664233576635, "אמת_pct": 7.1428571428571423, "אצ_pct": 0.2304147465437788, "ב_pct": 0.46082949308755761, "ג_pct": 0.69124423963133641, "ד_pct": 2.9953917050691241, "ום_pct": 6.6820276497695854, "ז_pct": 0.0, "זך_pct": 0.0, "זנ_pct": 0.0, "זץ_pct": 0.0, "ט_pct": 5.7603686635944698, "י_pct": 0.0, "יז_pct": 0.0, "ינ_pct": 0.2304147465437788, "יץ_pct": 0.0, "יק_pct": 0.0, "כן_pct": 10.138248847926267, "ך_pct": 0.0, "ל_pct": 4.1474654377880187, "מחל_pct": 13.13364055299539, "מרצ_pct": 8.9861751152073737, "נז_pct": 0.0, "ני_pct": 0.0, "נף_pct": 0.0, "נץ_pct": 0.0, "נק_pct": 0.2304147465437788, "נר_pct": 0.0, "עם_pct": 2.3041474654377883, "פה_pct": 33.410138248847929, "ף_pct": 0.0, "צ_pct": 0.0, "ץ_pct": 0.0, "ק_pct": 0.2304147465437788, "קי_pct": 0.0, "קך_pct": 0.0, "קנ_pct": 0.0, "קץ_pct": 2.3041474654377883, "רז_pct": 0.0, "שס_pct": 0.92165898617511521, "ת_pct": 0.0, "lat": 32.8149204, "lon": 34.9769483, "neighborhood": "רמת התשבי" }, "geometry": { "type": "Point", "coordinates": [ 34.9769483, 32.8149204 ] } },
{ "type": "Feature", "properties": { "סמל ועדה": 7, "ברזל": 2961, "שם ישוב": "חיפה", "סמל ישוב": 4000, "קלפי": "236.2", "ריכוז": 15, "שופט": 0, "בזב": 685, "מצביעים": 371, "פסולים": 0, "כשרים": 371, "אמת": 27, "אצ": 0, "ב": 5, "ג": 1, "ד": 8, "ום": 27, "ז": 0, "זך": 0, "זנ": 0, "זץ": 0, "ט": 10, "י": 0, "יז": 0, "ינ": 0, "יץ": 0, "יק": 0, "כן": 50, "ך": 0, "ל": 18, "מחל": 45, "מרצ": 41, "נז": 0, "ני": 0, "נף": 0, "נץ": 0, "נק": 0, "נר": 0, "עם": 1, "פה": 135, "ף": 0, "צ": 0, "ץ": 0, "ק": 0, "קי": 0, "קך": 0, "קנ": 0, "קץ": 3, "רז": 0, "שס": 0, "ת": 0, "כתובת קלפי": "התשבי,34 ", "מקום קלפי": "בי\"ס גיל", "נגישה": " ", "נגישה מיוחדת": " ", "בוחרי כנסת בפועל": 685, "turnout_pct": 54.160583941605843, "אמת_pct": 7.2776280323450138, "אצ_pct": 0.0, "ב_pct": 1.3477088948787064, "ג_pct": 0.26954177897574128, "ד_pct": 2.1563342318059302, "ום_pct": 7.2776280323450138, "ז_pct": 0.0, "זך_pct": 0.0, "זנ_pct": 0.0, "זץ_pct": 0.0, "ט_pct": 2.6954177897574128, "י_pct": 0.0, "יז_pct": 0.0, "ינ_pct": 0.0, "יץ_pct": 0.0, "יק_pct": 0.0, "כן_pct": 13.477088948787062, "ך_pct": 0.0, "ל_pct": 4.8517520215633425, "מחל_pct": 12.129380053908356, "מרצ_pct": 11.05121293800539, "נז_pct": 0.0, "ני_pct": 0.0, "נף_pct": 0.0, "נץ_pct": 0.0, "נק_pct": 0.0, "נר_pct": 0.0, "עם_pct": 0.26954177897574128, "פה_pct": 36.388140161725069, "ף_pct": 0.0, "צ_pct": 0.0, "ץ_pct": 0.0, "ק_pct": 0.0, "קי_pct": 0.0, "קך_pct": 0.0, "קנ_pct": 0.0, "קץ_pct": 0.80862533692722371, "רז_pct": 0.0, "שס_pct": 0.0, "ת_pct": 0.0, "lat": 32.8149204, "lon": 34.9769483, "neighborhood": "רמת התשבי" }, "geometry": { "type": "Point", "coordinates": [ 34.9769483, 32.8149204 ] } },
{ "type": "Feature", "properties": { "סמל ועדה": 7, "ברזל": 2962, "שם ישוב": "חיפה", "סמל ישוב": 4000, "קלפי": "236.3", "ריכוז": 15, "שופט": 0, "בזב": 685, "מצביעים": 435, "פסולים": 0, "כשרים": 435, "אמת": 27, "אצ": 1, "ב": 1, "ג": 2, "ד": 20, "ום": 52, "ז": 0, "זך": 0, "זנ": 0, "זץ": 0, "ט": 10, "י": 0, "יז": 1, "ינ": 0, "יץ": 0, "יק": 0, "כן": 51, "ך": 0, "ל": 23, "מחל": 66, "מרצ": 40, "נז": 0, "ני": 0, "נף": 0, "נץ": 0, "נק": 0, "נר": 0, "עם": 2, "פה": 133, "ף": 1, "צ": 0, "ץ": 0, "ק": 0, "קי": 0, "קך": 0, "קנ": 0, "קץ": 2, "רז": 0, "שס": 3, "ת": 0, "כתובת קלפי": "התשבי,34 ", "מקום קלפי": "בי\"ס גיל", "נגישה": " ", "נגישה מיוחדת": " ", "בוחרי כנסת בפועל": 685, "turnout_pct": 63.503649635036496, "אמת_pct": 6.2068965517241379, "אצ_pct": 0.22988505747126436, "ב_pct": 0.22988505747126436, "ג_pct": 0.45977011494252873, "ד_pct": 4.5977011494252871, "ום_pct": 11.954022988505747, "ז_pct": 0.0, "זך_pct": 0.0, "זנ_pct": 0.0, "זץ_pct": 0.0, "ט_pct": 2.2988505747126435, "י_pct": 0.0, "יז_pct": 0.22988505747126436, "ינ_pct": 0.0, "יץ_pct": 0.0, "יק_pct": 0.0, "כן_pct": 11.724137931034482, "ך_pct": 0.0, "ל_pct": 5.2873563218390807, "מחל_pct": 15.172413793103448, "מרצ_pct": 9.1954022988505741, "נז_pct": 0.0, "ני_pct": 0.0, "נף_pct": 0.0, "נץ_pct": 0.0, "נק_pct": 0.0, "נר_pct": 0.0, "עם_pct": 0.45977011494252873, "פה_pct": 30.574712643678158, "ף_pct": 0.22988505747126436, "צ_pct": 0.0, "ץ_pct": 0.0, "ק_pct": 0.0, "קי_pct": 0.0, "קך_pct": 0.0, "קנ_pct": 0.0, "קץ_pct": 0.45977011494252873, "רז_pct": 0.0, "שס_pct": 0.68965517241379315, "ת_pct": 0.0, "lat": 32.8149204, "lon": 34.9769483, "neighborhood": "רמת התשבי" }, "geometry": { "type": "Point", "coordinates": [ 34.9769483, 32.8149204 ] } },
{ "type": "Feature", "properties": { "סמל ועדה": 7, "ברזל": 2963, "שם ישוב": "חיפה", "סמל ישוב": 4000, "קלפי": "236.4", "ריכוז": 15, "שופט": 0, "בזב": 685, "מצביעים": 410, "פסולים": 1, "כשרים": 409, "אמת": 34, "אצ": 0, "ב": 3, "ג": 1, "ד": 18, "ום": 48, "ז": 0, "זך": 0, "זנ": 0, "זץ": 0, "ט": 7, "י": 0, "יז": 1, "ינ": 0, "יץ": 0, "יק": 0, "כן": 51, "ך": 1, "ל": 18, "מחל": 63, "מרצ": 36, "נז": 0, "ני": 0, "נף": 0, "נץ": 0, "נק": 1, "נר": 0, "עם": 2, "פה": 120, "ף": 1, "צ": 0, "ץ": 0, "ק": 0, "קי": 0, "קך": 0, "קנ": 0, "קץ": 1, "רז": 0, "שס": 3, "ת": 0, "כתובת קלפי": "התשבי,34 ", "מקום קלפי": "בי\"ס גיל", "נגישה": " ", "נגישה מיוחדת": " ", "בוחרי כנסת בפועל": 685, "turnout_pct": 59.854014598540154, "אמת_pct": 8.3129584352078236, "אצ_pct": 0.0, "ב_pct": 0.73349633251833746, "ג_pct": 0.24449877750611246, "ד_pct": 4.4009779951100247, "ום_pct": 11.735941320293399, "ז_pct": 0.0, "זך_pct": 0.0, "זנ_pct": 0.0, "זץ_pct": 0.0, "ט_pct": 1.7114914425427872, "י_pct": 0.0, "יז_pct": 0.24449877750611246, "ינ_pct": 0.0, "יץ_pct": 0.0, "יק_pct": 0.0, "כן_pct": 12.469437652811736, "ך_pct": 0.24449877750611246, "ל_pct": 4.4009779951100247, "מחל_pct": 15.403422982885084, "מרצ_pct": 8.8019559902200495, "נז_pct": 0.0, "ני_pct": 0.0, "נף_pct": 0.0, "נץ_pct": 0.0, "נק_pct": 0.24449877750611246, "נר_pct": 0.0, "עם_pct": 0.48899755501222492, "פה_pct": 29.339853300733498, "ף_pct": 0.24449877750611246, "צ_pct": 0.0, "ץ_pct": 0.0, "ק_pct": 0.0, "קי_pct": 0.0, "קך_pct": 0.0, "קנ_pct": 0.0, "קץ_pct": 0.24449877750611246, "רז_pct": 0.0, "שס_pct": 0.73349633251833746, "ת_pct": 0.0, "lat": 32.8149204, "lon": 34.9769483, "neighborhood": "רמת התשבי" }, "geometry": { "type": "Point", "coordinates": [ 34.9769483, 32.8149204 ] } },
{ "type": "Feature", "properties": { "סמל ועדה": 7, "ברזל": 2964, "שם ישוב": "חיפה", "סמל ישוב": 4000, "קלפי": "236.5", "ריכוז": 15, "שופט": 0, "בזב": 684, "מצביעים": 396, "פסולים": 2, "כשרים": 394, "אמת": 35, "אצ": 1, "ב": 2, "ג": 5, "ד": 6, "ום": 23, "ז": 0, "זך": 0, "זנ": 0, "זץ": 0, "ט": 19, "י": 0, "יז": 0, "ינ": 1, "יץ": 0, "יק": 0, "כן": 57, "ך": 0, "ל": 12, "מחל": 57, "מרצ": 42, "נז": 0, "ני": 0, "נף": 0, "נץ": 0, "נק": 0, "נר": 0, "עם": 2, "פה": 131, "ף": 0, "צ": 0, "ץ": 0, "ק": 1, "קי": 0, "קך": 0, "קנ": 0, "קץ": 0, "רז": 0, "שס": 0, "ת": 0, "כתובת קלפי": "התשבי,34 ", "מקום קלפי": "בי\"ס גיל", "נגישה": " ", "נגישה מיוחדת": " ", "בוחרי כנסת בפועל": 684, "turnout_pct": 57.894736842105267, "אמת_pct": 8.8832487309644677, "אצ_pct": 0.25380710659898476, "ב_pct": 0.50761421319796951, "ג_pct": 1.2690355329949239, "ד_pct": 1.5228426395939088, "ום_pct": 5.8375634517766501, "ז_pct": 0.0, "זך_pct": 0.0, "זנ_pct": 0.0, "זץ_pct": 0.0, "ט_pct": 4.8223350253807107, "י_pct": 0.0, "יז_pct": 0.0, "ינ_pct": 0.25380710659898476, "יץ_pct": 0.0, "יק_pct": 0.0, "כן_pct": 14.467005076142131, "ך_pct": 0.0, "ל_pct": 3.0456852791878175, "מחל_pct": 14.467005076142131, "מרצ_pct": 10.659898477157361, "נז_pct": 0.0, "ני_pct": 0.0, "נף_pct": 0.0, "נץ_pct": 0.0, "נק_pct": 0.0, "נר_pct": 0.0, "עם_pct": 0.50761421319796951, "פה_pct": 33.248730964467008, "ף_pct": 0.0, "צ_pct": 0.0, "ץ_pct": 0.0, "ק_pct": 0.25380710659898476, "קי_pct": 0.0, "קך_pct": 0.0, "קנ_pct": 0.0, "קץ_pct": 0.0, "רז_pct": 0.0, "שס_pct": 0.0, "ת_pct": 0.0, "lat": 32.8149204, "lon": 34.9769483, "neighborhood": "רמת התשבי" }, "geometry": { "type": "Point", "coordinates": [ 34.9769483, 32.8149204 ] } },
{ "type": "Feature", "properties": { "סמל ועדה": 7, "ברזל": 2965, "שם ישוב": "חיפה", "סמל ישוב": 4000, "קלפי": "244", "ריכוז": 48, "שופט": 0, "בזב": 520, "מצביעים": 298, "פסולים": 2, "כשרים": 296, "אמת": 5, "אצ": 0, "ב": 0, "ג": 4, "ד": 2, "ום": 9, "ז": 0, "זך": 0, "זנ": 0, "זץ": 0, "ט": 12, "י": 0, "יז": 0, "ינ": 0, "יץ": 0, "יק": 0, "כן": 25, "ך": 1, "ל": 67, "מחל": 97, "מרצ": 7, "נז": 0, "ני": 1, "נף": 0, "נץ": 0, "נק": 0, "נר": 0, "עם": 0, "פה": 58, "ף": 1, "צ": 0, "ץ": 0, "ק": 0, "קי": 0, "קך": 0, "קנ": 0, "קץ": 0, "רז": 0, "שס": 7, "ת": 0, "כתובת קלפי": "בודנהיימר מקס ד\"ר,7 ", "מקום קלפי": "בי\"ס אבן גבירול", "נגישה": " ", "נגישה מיוחדת": " ", "בוחרי כנסת בפועל": 520, "turnout_pct": 57.307692307692307, "אמת_pct": 1.6891891891891893, "אצ_pct": 0.0, "ב_pct": 0.0, "ג_pct": 1.3513513513513513, "ד_pct": 0.67567567567567566, "ום_pct": 3.0405405405405408, "ז_pct": 0.0, "זך_pct": 0.0, "זנ_pct": 0.0, "זץ_pct": 0.0, "ט_pct": 4.0540540540540544, "י_pct": 0.0, "יז_pct": 0.0, "ינ_pct": 0.0, "יץ_pct": 0.0, "יק_pct": 0.0, "כן_pct": 8.4459459459459456, "ך_pct": 0.33783783783783783, "ל_pct": 22.635135135135133, "מחל_pct": 32.770270270270267, "מרצ_pct": 2.3648648648648649, "נז_pct": 0.0, "ני_pct": 0.33783783783783783, "נף_pct": 0.0, "נץ_pct": 0.0, "נק_pct": 0.0, "נר_pct": 0.0, "עם_pct": 0.0, "פה_pct": 19.594594594594593, "ף_pct": 0.33783783783783783, "צ_pct": 0.0, "ץ_pct": 0.0, "ק_pct": 0.0, "קי_pct": 0.0, "קך_pct": 0.0, "קנ_pct": 0.0, "קץ_pct": 0.0, "רז_pct": 0.0, "שס_pct": 2.3648648648648649, "ת_pct": 0.0, "lat": 32.8183649, "lon": 34.9660649, "neighborhood": "קריית שפרינצק" }, "geometry": { "type": "Point", "coordinates": [ 34.9660649, 32.8183649 ] } },
{ "type": "Feature", "properties": { "סמל ועדה": 7, "ברזל": 2966, "שם ישוב": "חיפה", "סמל ישוב": 4000, "קלפי": "257", "ריכוז": 232, "שופט": 0, "בזב": 638, "מצביעים": 391, "פסולים": 2, "כשרים": 389, "אמת": 29, "אצ": 1, "ב": 4, "ג": 1, "ד": 1, "ום": 9, "ז": 0, "זך": 0, "זנ": 0, "זץ": 0, "ט": 10, "י": 0, "יז": 3, "ינ": 0, "יץ": 0, "יק": 0, "כן": 71, "ך": 0, "ל": 24, "מחל": 57, "מרצ": 37, "נז": 0, "ני": 0, "נף": 1, "נץ": 0, "נק": 0, "נר": 0, "עם": 3, "פה": 131, "ף": 0, "צ": 0, "ץ": 0, "ק": 0, "קי": 0, "קך": 0, "קנ": 0, "קץ": 4, "רז": 0, "שס": 3, "ת": 0, "כתובת קלפי": "הרקפות,11 ", "מקום קלפי": "מתחם גני ילדים", "נגישה": "כ", "נגישה מיוחדת": " ", "בוחרי כנסת בפועל": 638, "turnout_pct": 61.285266457680251, "אמת_pct": 7.4550128534704374, "אצ_pct": 0.25706940874035988, "ב_pct": 1.0282776349614395, "ג_pct": 0.25706940874035988, "ד_pct": 0.25706940874035988, "ום_pct": 2.3136246786632388, "ז_pct": 0.0, "זך_pct": 0.0, "זנ_pct": 0.0, "זץ_pct": 0.0, "ט_pct": 2.5706940874035991, "י_pct": 0.0, "יז_pct": 0.77120822622107965, "ינ_pct": 0.0, "יץ_pct": 0.0, "יק_pct": 0.0, "כן_pct": 18.251928020565554, "ך_pct": 0.0, "ל_pct": 6.1696658097686372, "מחל_pct": 14.652956298200515, "מרצ_pct": 9.5115681233933156, "נז_pct": 0.0, "ני_pct": 0.0, "נף_pct": 0.25706940874035988, "נץ_pct": 0.0, "נק_pct": 0.0, "נר_pct": 0.0, "עם_pct": 0.77120822622107965, "פה_pct": 33.676092544987149, "ף_pct": 0.0, "צ_pct": 0.0, "ץ_pct": 0.0, "ק_pct": 0.0, "קי_pct": 0.0, "קך_pct": 0.0, "קנ_pct": 0.0, "קץ_pct": 1.0282776349614395, "רז_pct": 0.0, "שס_pct": 0.77120822622107965, "ת_pct": 0.0, "lat": 32.8081631, "lon": 34.9769959, "neighborhood": "כרמל מערבי" }, "geometry": { "type": "Point", "coordinates": [ 34.9769959, 32.8081631 ] } },
{ "type": "Feature", "properties": { "סמל ועדה": 7, "ברזל": 2967, "שם ישוב": "חיפה", "סמל ישוב": 4000, "קלפי": "261", "ריכוז": 48, "שופט": 0, "בזב": 560, "מצביעים": 299, "פסולים": 6, "כשרים": 293, "אמת": 5, "אצ": 1, "ב": 1, "ג": 0, "ד": 1, "ום": 3, "ז": 0, "זך": 0, "זנ": 0, "זץ": 0, "ט": 31, "י": 0, "יז": 1, "ינ": 0, "יץ": 0, "יק": 0, "כן": 11, "ך": 0, "ל": 54, "מחל": 79, "מרצ": 6, "נז": 0, "ני": 0, "נף": 0, "נץ": 0, "נק": 0, "נר": 0, "עם": 0, "פה": 89, "ף": 1, "צ": 2, "ץ": 0, "ק": 0, "קי": 0, "קך": 0, "קנ": 0, "קץ": 1, "רז": 0, "שס": 7, "ת": 0, "כתובת קלפי": "בודנהיימר מקס ד\"ר,7 ", "מקום קלפי": "בי\"ס אבן גבירול", "נגישה": " ", "נגישה מיוחדת": " ", "בוחרי כנסת בפועל": 560, "turnout_pct": 53.392857142857139, "אמת_pct": 1.7064846416382253, "אצ_pct": 0.34129692832764508, "ב_pct": 0.34129692832764508, "ג_pct": 0.0, "ד_pct": 0.34129692832764508, "ום_pct": 1.0238907849829351, "ז_pct": 0.0, "זך_pct": 0.0, "זנ_pct": 0.0, "זץ_pct": 0.0, "ט_pct": 10.580204778156997, "י_pct": 0.0, "יז_pct": 0.34129692832764508, "ינ_pct": 0.0, "יץ_pct": 0.0, "יק_pct": 0.0, "כן_pct": 3.7542662116040959, "ך_pct": 0.0, "ל_pct": 18.430034129692832, "מחל_pct": 26.962457337883961, "מרצ_pct": 2.0477815699658701, "נז_pct": 0.0, "ני_pct": 0.0, "נף_pct": 0.0, "נץ_pct": 0.0, "נק_pct": 0.0, "נר_pct": 0.0, "עם_pct": 0.0, "פה_pct": 30.375426621160411, "ף_pct": 0.34129692832764508, "צ_pct": 0.68259385665529015, "ץ_pct": 0.0, "ק_pct": 0.0, "קי_pct": 0.0, "קך_pct": 0.0, "קנ_pct": 0.0, "קץ_pct": 0.34129692832764508, "רז_pct": 0.0, "שס_pct": 2.3890784982935154, "ת_pct": 0.0, "lat": 32.8183649, "lon": 34.9660649, "neighborhood": "קריית שפרינצק" }, "geometry": { "type": "Point", "coordinates": [ 34.9660649, 32.8183649 ] } },
{ "type": "Feature", "properties": { "סמל ועדה": 7, "ברזל": 2968, "שם ישוב": "חיפה", "סמל ישוב": 4000, "קלפי": "265.1", "ריכוז": 127, "שופט": 0, "בזב": 692, "מצביעים": 415, "פסולים": 2, "כשרים": 413, "אמת": 24, "אצ": 1, "ב": 3, "ג": 0, "ד": 48, "ום": 77, "ז": 0, "זך": 0, "זנ": 0, "זץ": 0, "ט": 15, "י": 0, "יז": 0, "ינ": 0, "יץ": 0, "יק": 0, "כן": 45, "ך": 0, "ל": 18, "מחל": 55, "מרצ": 31, "נז": 0, "ני": 0, "נף": 0, "נץ": 0, "נק": 0, "נר": 0, "עם": 7, "פה": 84, "ף": 0, "צ": 0, "ץ": 0, "ק": 0, "קי": 0, "קך": 0, "קנ": 0, "קץ": 0, "רז": 0, "שס": 5, "ת": 0, "כתובת קלפי": "טשרניחובסקי,34 ", "מקום קלפי": "בי\"ס טשרניחובסקי", "נגישה": " ", "נגישה מיוחדת": " ", "בוחרי כנסת בפועל": 692, "turnout_pct": 59.971098265895947, "אמת_pct": 5.8111380145278453, "אצ_pct": 0.24213075060532688, "ב_pct": 0.72639225181598066, "ג_pct": 0.0, "ד_pct": 11.622276029055691, "ום_pct": 18.64406779661017, "ז_pct": 0.0, "זך_pct": 0.0, "זנ_pct": 0.0, "זץ_pct": 0.0, "ט_pct": 3.6319612590799029, "י_pct": 0.0, "יז_pct": 0.0, "ינ_pct": 0.0, "יץ_pct": 0.0, "יק_pct": 0.0, "כן_pct": 10.895883777239709, "ך_pct": 0.0, "ל_pct": 4.3583535108958831, "מחל_pct": 13.317191283292978, "מרצ_pct": 7.5060532687651342, "נז_pct": 0.0, "ני_pct": 0.0, "נף_pct": 0.0, "נץ_pct": 0.0, "נק_pct": 0.0, "נר_pct": 0.0, "עם_pct": 1.6949152542372881, "פה_pct": 20.33898305084746, "ף_pct": 0.0, "צ_pct": 0.0, "ץ_pct": 0.0, "ק_pct": 0.0, "קי_pct": 0.0, "קך_pct": 0.0, "קנ_pct": 0.0, "קץ_pct": 0.0, "רז_pct": 0.0, "שס_pct": 1.2106537530266344, "ת_pct": 0.0, "lat": 32.8164711, "lon": 34.9793741, "neighborhood": "רמת התשבי" }, "geometry": { "type": "Point", "coordinates": [ 34.9793741, 32.8164711 ] } },
{ "type": "Feature", "properties": { "סמל ועדה": 7, "ברזל": 2969, "שם ישוב": "חיפה", "סמל ישוב": 4000, "קלפי": "265.2", "ריכוז": 127, "שופט": 0, "בזב": 692, "מצביעים": 404, "פסולים": 1, "כשרים": 403, "אמת": 18, "אצ": 1, "ב": 1, "ג": 1, "ד": 66, "ום": 84, "ז": 0, "זך": 0, "זנ": 0, "זץ": 0, "ט": 15, "י": 0, "יז": 1, "ינ": 0, "יץ": 0, "יק": 0, "כן": 38, "ך": 2, "ל": 16, "מחל": 51, "מרצ": 21, "נז": 0, "ני": 0, "נף": 0, "נץ": 0, "נק": 0, "נר": 0, "עם": 0, "פה": 84, "ף": 0, "צ": 0, "ץ": 0, "ק": 0, "קי": 0, "קך": 0, "קנ": 0, "קץ": 1, "רז": 0, "שס": 3, "ת": 0, "כתובת קלפי": "טשרניחובסקי,34 ", "מקום קלפי": "בי\"ס טשרניחובסקי", "נגישה": " ", "נגישה מיוחדת": " ", "בוחרי כנסת בפועל": 692, "turnout_pct": 58.381502890173408, "אמת_pct": 4.4665012406947886, "אצ_pct": 0.24813895781637718, "ב_pct": 0.24813895781637718, "ג_pct": 0.24813895781637718, "ד_pct": 16.377171215880892, "ום_pct": 20.843672456575682, "ז_pct": 0.0, "זך_pct": 0.0, "זנ_pct": 0.0, "זץ_pct": 0.0, "ט_pct": 3.7220843672456572, "י_pct": 0.0, "יז_pct": 0.24813895781637718, "ינ_pct": 0.0, "יץ_pct": 0.0, "יק_pct": 0.0, "כן_pct": 9.4292803970223318, "ך_pct": 0.49627791563275436, "ל_pct": 3.9702233250620349, "מחל_pct": 12.655086848635236, "מרצ_pct": 5.2109181141439205, "נז_pct": 0.0, "ני_pct": 0.0, "נף_pct": 0.0, "נץ_pct": 0.0, "נק_pct": 0.0, "נר_pct": 0.0, "עם_pct": 0.0, "פה_pct": 20.843672456575682, "ף_pct": 0.0, "צ_pct": 0.0, "ץ_pct": 0.0, "ק_pct": 0.0, "קי_pct": 0.0, "קך_pct": 0.0, "קנ_pct": 0.0, "קץ_pct": 0.24813895781637718, "רז_pct": 0.0, "שס_pct": 0.74441687344913154, "ת_pct": 0.0, "lat": 32.8164711, "lon": 34.9793741, "neighborhood": "רמת התשבי" }, "geometry": { "type": "Point", "coordinates": [ 34.9793741, 32.8164711 ] } },
{ "type": "Feature", "properties": { "סמל ועדה": 7, "ברזל": 2970, "שם ישוב": "חיפה", "סמל ישוב": 4000, "קלפי": "265.3", "ריכוז": 127, "שופט": 0, "בזב": 692, "מצביעים": 413, "פסולים": 1, "כשרים": 412, "אמת": 19, "אצ": 0, "ב": 1, "ג": 4, "ד": 38, "ום": 104, "ז": 0, "זך": 0, "זנ": 0, "זץ": 0, "ט": 17, "י": 0, "יז": 1, "ינ": 0, "יץ": 0, "יק": 0, "כן": 31, "ך": 1, "ל": 15, "מחל": 64, "מרצ": 32, "נז": 0, "ני": 1, "נף": 0, "נץ": 0, "נק": 0, "נר": 0, "עם": 6, "פה": 73, "ף": 0, "צ": 0, "ץ": 0, "ק": 1, "קי": 0, "קך": 0, "קנ": 0, "קץ": 2, "רז": 0, "שס": 2, "ת": 0, "כתובת קלפי": "טשרניחובסקי,34 ", "מקום קלפי": "בי\"ס טשרניחובסקי", "נגישה": " ", "נגישה מיוחדת": " ", "בוחרי כנסת בפועל": 692, "turnout_pct": 59.682080924855498, "אמת_pct": 4.6116504854368934, "אצ_pct": 0.0, "ב_pct": 0.24271844660194172, "ג_pct": 0.97087378640776689, "ד_pct": 9.2233009708737868, "ום_pct": 25.242718446601941, "ז_pct": 0.0, "זך_pct": 0.0, "זנ_pct": 0.0, "זץ_pct": 0.0, "ט_pct": 4.1262135922330101, "י_pct": 0.0, "יז_pct": 0.24271844660194172, "ינ_pct": 0.0, "יץ_pct": 0.0, "יק_pct": 0.0, "כן_pct": 7.5242718446601939, "ך_pct": 0.24271844660194172, "ל_pct": 3.6407766990291259, "מחל_pct": 15.53398058252427, "מרצ_pct": 7.7669902912621351, "נז_pct": 0.0, "ני_pct": 0.24271844660194172, "נף_pct": 0.0, "נץ_pct": 0.0, "נק_pct": 0.0, "נר_pct": 0.0, "עם_pct": 1.4563106796116505, "פה_pct": 17.718446601941746, "ף_pct": 0.0, "צ_pct": 0.0, "ץ_pct": 0.0, "ק_pct": 0.24271844660194172, "קי_pct": 0.0, "קך_pct": 0.0, "קנ_pct": 0.0, "קץ_pct": 0.48543689320388345, "רז_pct": 0.0, "שס_pct": 0.48543689320388345, "ת_pct": 0.0, "lat": 32.8164711, "lon": 34.9793741, "neighborhood": "רמת התשבי" }, "geometry": { "type": "Point", "coordinates": [ 34.9793741, 32.8164711 ] } },
{ "type": "Feature", "properties": { "סמל ועדה": 7, "ברזל": 2971, "שם ישוב": "חיפה", "סמל ישוב": 4000, "קלפי": "265.4", "ריכוז": 127, "שופט": 0, "בזב": 691, "מצביעים": 368, "פסולים": 2, "כשרים": 366, "אמת": 15, "אצ": 0, "ב": 1, "ג": 0, "ד": 16, "ום": 53, "ז": 0, "זך": 0, "זנ": 0, "זץ": 0, "ט": 16, "י": 0, "יז": 1, "ינ": 0, "יץ": 0, "יק": 0, "כן": 41, "ך": 0, "ל": 17, "מחל": 55, "מרצ": 27, "נז": 0, "ני": 0, "נף": 0, "נץ": 0, "נק": 0, "נר": 0, "עם": 3, "פה": 114, "ף": 0, "צ": 0, "ץ": 0, "ק": 2, "קי": 0, "קך": 0, "קנ": 0, "קץ": 1, "רז": 0, "שס": 4, "ת": 0, "כתובת קלפי": "טשרניחובסקי,34 ", "מקום קלפי": "בי\"ס טשרניחובסקי", "נגישה": " ", "נגישה מיוחדת": " ", "בוחרי כנסת בפועל": 691, "turnout_pct": 53.256150506512299, "אמת_pct": 4.0983606557377046, "אצ_pct": 0.0, "ב_pct": 0.27322404371584702, "ג_pct": 0.0, "ד_pct": 4.3715846994535523, "ום_pct": 14.480874316939889, "ז_pct": 0.0, "זך_pct": 0.0, "זנ_pct": 0.0, "זץ_pct": 0.0, "ט_pct": 4.3715846994535523, "י_pct": 0.0, "יז_pct": 0.27322404371584702, "ינ_pct": 0.0, "יץ_pct": 0.0, "יק_pct": 0.0, "כן_pct": 11.202185792349727, "ך_pct": 0.0, "ל_pct": 4.6448087431693992, "מחל_pct": 15.027322404371585, "מרצ_pct": 7.3770491803278686, "נז_pct": 0.0, "ני_pct": 0.0, "נף_pct": 0.0, "נץ_pct": 0.0, "נק_pct": 0.0, "נר_pct": 0.0, "עם_pct": 0.81967213114754101, "פה_pct": 31.147540983606557, "ף_pct": 0.0, "צ_pct": 0.0, "ץ_pct": 0.0, "ק_pct": 0.54644808743169404, "קי_pct": 0.0, "קך_pct": 0.0, "קנ_pct": 0.0, "קץ_pct": 0.27322404371584702, "רז_pct": 0.0, "שס_pct": 1.0928961748633881, "ת_pct": 0.0, "lat": 32.8164711, "lon": 34.9793741, "neighborhood": "רמת התשבי" }, "geometry": { "type": "Point", "coordinates": [ 34.9793741, 32.8164711 ] } },
{ "type": "Feature", "properties": { "סמל ועדה": 7, "ברזל": 2972, "שם ישוב": "חיפה", "סמל ישוב": 4000, "קלפי": "282", "ריכוז": 230, "שופט": 0, "בזב": 519, "מצביעים": 300, "פסולים": 0, "כשרים": 300, "אמת": 13, "אצ": 0, "ב": 0, "ג": 1, "ד": 69, "ום": 105, "ז": 0, "זך": 0, "זנ": 0, "זץ": 0, "ט": 3, "י": 0, "יז": 0, "ינ": 0, "יץ": 0, "יק": 0, "כן": 12, "ך": 0, "ל": 1, "מחל": 17, "מרצ": 20, "נז": 0, "ני": 0, "נף": 0, "נץ": 0, "נק": 0, "נר": 0, "עם": 13, "פה": 46, "ף": 0, "צ": 0, "ץ": 0, "ק": 0, "קי": 0, "קך": 0, "קנ": 0, "קץ": 0, "רז": 0, "שס": 0, "ת": 0, "כתובת קלפי": "בית אל,3 ", "מקום קלפי": "מתנ\"ס לאו בק שלוחת בית אל", "נגישה": " ", "נגישה מיוחדת": " ", "בוחרי כנסת בפועל": 519, "turnout_pct": 57.80346820809249, "אמת_pct": 4.3333333333333339, "אצ_pct": 0.0, "ב_pct": 0.0, "ג_pct": 0.33333333333333337, "ד_pct": 23.0, "ום_pct": 35.0, "ז_pct": 0.0, "זך_pct": 0.0, "זנ_pct": 0.0, "זץ_pct": 0.0, "ט_pct": 1.0, "י_pct": 0.0, "יז_pct": 0.0, "ינ_pct": 0.0, "יץ_pct": 0.0, "יק_pct": 0.0, "כן_pct": 4.0, "ך_pct": 0.0, "ל_pct": 0.33333333333333337, "מחל_pct": 5.6666666666666661, "מרצ_pct": 6.666666666666667, "נז_pct": 0.0, "ני_pct": 0.0, "נף_pct": 0.0, "נץ_pct": 0.0, "נק_pct": 0.0, "נר_pct": 0.0, "עם_pct": 4.3333333333333339, "פה_pct": 15.333333333333332, "ף_pct": 0.0, "צ_pct": 0.0, "ץ_pct": 0.0, "ק_pct": 0.0, "קי_pct": 0.0, "קך_pct": 0.0, "קנ_pct": 0.0, "קץ_pct": 0.0, "רז_pct": 0.0, "שס_pct": 0.0, "ת_pct": 0.0, "lat": 32.8155739, "lon": 34.9767321, "neighborhood": "רמת התשבי" }, "geometry": { "type": "Point", "coordinates": [ 34.9767321, 32.8155739 ] } },
{ "type": "Feature", "properties": { "סמל ועדה": 7, "ברזל": 2973, "שם ישוב": "חיפה", "סמל ישוב": 4000, "קלפי": "334", "ריכוז": 103, "שופט": 0, "בזב": 506, "מצביעים": 349, "פסולים": 2, "כשרים": 347, "אמת": 29, "אצ": 0, "ב": 4, "ג": 0, "ד": 2, "ום": 3, "ז": 0, "זך": 0, "זנ": 0, "זץ": 0, "ט": 9, "י": 0, "יז": 2, "ינ": 0, "יץ": 0, "יק": 0, "כן": 45, "ך": 0, "ל": 18, "מחל": 60, "מרצ": 30, "נז": 0, "ני": 0, "נף": 0, "נץ": 0, "נק": 0, "נר": 0, "עם": 0, "פה": 141, "ף": 0, "צ": 0, "ץ": 0, "ק": 0, "קי": 0, "קך": 0, "קנ": 0, "קץ": 0, "רז": 0, "שס": 4, "ת": 0, "כתובת קלפי": "דרך הים,44 ", "מקום קלפי": "בי\"ס אילנשיל אופקים", "נגישה": " ", "נגישה מיוחדת": " ", "בוחרי כנסת בפועל": 506, "turnout_pct": 68.972332015810281, "אמת_pct": 8.3573487031700289, "אצ_pct": 0.0, "ב_pct": 1.1527377521613833, "ג_pct": 0.0, "ד_pct": 0.57636887608069165, "ום_pct": 0.86455331412103753, "ז_pct": 0.0, "זך_pct": 0.0, "זנ_pct": 0.0, "זץ_pct": 0.0, "ט_pct": 2.5936599423631126, "י_pct": 0.0, "יז_pct": 0.57636887608069165, "ינ_pct": 0.0, "יץ_pct": 0.0, "יק_pct": 0.0, "כן_pct": 12.968299711815561, "ך_pct": 0.0, "ל_pct": 5.1873198847262252, "מחל_pct": 17.291066282420751, "מרצ_pct": 8.6455331412103753, "נז_pct": 0.0, "ני_pct": 0.0, "נף_pct": 0.0, "נץ_pct": 0.0, "נק_pct": 0.0, "נר_pct": 0.0, "עם_pct": 0.0, "פה_pct": 40.634005763688762, "ף_pct": 0.0, "צ_pct": 0.0, "ץ_pct": 0.0, "ק_pct": 0.0, "קי_pct": 0.0, "קך_pct": 0.0, "קנ_pct": 0.0, "קץ_pct": 0.0, "רז_pct": 0.0, "שס_pct": 1.1527377521613833, "ת_pct": 0.0, "lat": 32.807096, "lon": 34.9801822, "neighborhood": "כרמל מערבי" }, "geometry": { "type": "Point", "coordinates": [ 34.9801822, 32.807096 ] } },
{ "type": "Feature", "properties": { "סמל ועדה": 7, "ברזל": 2974, "שם ישוב": "חיפה", "סמל ישוב": 4000, "קלפי": "426", "ריכוז": 229, "שופט": 0, "בזב": 605, "מצביעים": 405, "פסולים": 1, "כשרים": 404, "אמת": 15, "אצ": 3, "ב": 5, "ג": 1, "ד": 20, "ום": 29, "ז": 0, "זך": 0, "זנ": 0, "זץ": 0, "ט": 29, "י": 0, "יז": 1, "ינ": 0, "יץ": 0, "יק": 0, "כן": 71, "ך": 0, "ל": 22, "מחל": 89, "מרצ": 16, "נז": 0, "ני": 0, "נף": 0, "נץ": 0, "נק": 0, "נר": 0, "עם": 4, "פה": 92, "ף": 0, "צ": 0, "ץ": 0, "ק": 0, "קי": 0, "קך": 0, "קנ": 0, "קץ": 0, "רז": 0, "שס": 7, "ת": 0, "כתובת קלפי": "טשרניחובסקי,73 ", "מקום קלפי": "מכללת גורדון", "נגישה": "כ", "נגישה מיוחדת": "כ", "בוחרי כנסת בפועל": 605, "turnout_pct": 66.942148760330582, "אמת_pct": 3.7128712871287126, "אצ_pct": 0.74257425742574257, "ב_pct": 1.2376237623762376, "ג_pct": 0.24752475247524752, "ד_pct": 4.9504950495049505, "ום_pct": 7.1782178217821775, "ז_pct": 0.0, "זך_pct": 0.0, "זנ_pct": 0.0, "זץ_pct": 0.0, "ט_pct": 7.1782178217821775, "י_pct": 0.0, "יז_pct": 0.24752475247524752, "ינ_pct": 0.0, "יץ_pct": 0.0, "יק_pct": 0.0, "כן_pct": 17.574257425742573, "ך_pct": 0.0, "ל_pct": 5.4455445544554459, "מחל_pct": 22.029702970297031, "מרצ_pct": 3.9603960396039604, "נז_pct": 0.0, "ני_pct": 0.0, "נף_pct": 0.0, "נץ_pct": 0.0, "נק_pct": 0.0, "נר_pct": 0.0, "עם_pct": 0.99009900990099009, "פה_pct": 22.772277227722775, "ף_pct": 0.0, "צ_pct": 0.0, "ץ_pct": 0.0, "ק_pct": 0.0, "קי_pct": 0.0, "קך_pct": 0.0, "קנ_pct": 0.0, "קץ_pct": 0.0, "רז_pct": 0.0, "שס_pct": 1.7326732673267329, "ת_pct": 0.0, "lat": 32.8252449, "lon": 34.9691538, "neighborhood": "רמת שאול" }, "geometry": { "type": "Point", "coordinates": [ 34.9691538, 32.8252449 ] } },
{ "type": "Feature", "properties": { "סמל ועדה": 7, "ברזל": 2975, "שם ישוב": "חיפה", "סמל ישוב": 4000, "קלפי": "463.1", "ריכוז": 8, "שופט": 0, "בזב": 595, "מצביעים": 405, "פסולים": 0, "כשרים": 405, "אמת": 17, "אצ": 1, "ב": 1, "ג": 0, "ד": 4, "ום": 6, "ז": 0, "זך": 0, "זנ": 0, "זץ": 0, "ט": 25, "י": 0, "יז": 4, "ינ": 0, "יץ": 0, "יק": 0, "כן": 48, "ך": 0, "ל": 10, "מחל": 127, "מרצ": 23, "נז": 0, "ני": 0, "נף": 0, "נץ": 0, "נק": 1, "נר": 0, "עם": 1, "פה": 126, "ף": 0, "צ": 0, "ץ": 0, "ק": 0, "קי": 0, "קך": 0, "קנ": 0, "קץ": 1, "רז": 0, "שס": 10, "ת": 0, "כתובת קלפי": "הסנה,8 ", "מקום קלפי": "בי\"ס אילנות", "נגישה": "כ", "נגישה מיוחדת": "כ", "בוחרי כנסת בפועל": 595, "turnout_pct": 68.067226890756302, "אמת_pct": 4.1975308641975309, "אצ_pct": 0.24691358024691357, "ב_pct": 0.24691358024691357, "ג_pct": 0.0, "ד_pct": 0.98765432098765427, "ום_pct": 1.4814814814814816, "ז_pct": 0.0, "זך_pct": 0.0, "זנ_pct": 0.0, "זץ_pct": 0.0, "ט_pct": 6.1728395061728394, "י_pct": 0.0, "יז_pct": 0.98765432098765427, "ינ_pct": 0.0, "יץ_pct": 0.0, "יק_pct": 0.0, "כן_pct": 11.851851851851853, "ך_pct": 0.0, "ל_pct": 2.4691358024691357, "מחל_pct": 31.358024691358029, "מרצ_pct": 5.6790123456790127, "נז_pct": 0.0, "ני_pct": 0.0, "נף_pct": 0.0, "נץ_pct": 0.0, "נק_pct": 0.24691358024691357, "נר_pct": 0.0, "עם_pct": 0.24691358024691357, "פה_pct": 31.111111111111111, "ף_pct": 0.0, "צ_pct": 0.0, "ץ_pct": 0.0, "ק_pct": 0.0, "קי_pct": 0.0, "קך_pct": 0.0, "קנ_pct": 0.0, "קץ_pct": 0.24691358024691357, "רז_pct": 0.0, "שס_pct": 2.4691358024691357, "ת_pct": 0.0, "lat": 32.8120905, "lon": 34.9695314, "neighborhood": "כרמל מערבי" }, "geometry": { "type": "Point", "coordinates": [ 34.9695314, 32.8120905 ] } },
{ "type": "Feature", "properties": { "סמל ועדה": 7, "ברזל": 2976, "שם ישוב": "חיפה", "סמל ישוב": 4000, "קלפי": "463.2", "ריכוז": 8, "שופט": 0, "בזב": 595, "מצביעים": 366, "פסולים": 1, "כשרים": 365, "אמת": 16, "אצ": 1, "ב": 1, "ג": 1, "ד": 3, "ום": 6, "ז": 0, "זך": 0, "זנ": 0, "זץ": 0, "ט": 18, "י": 0, "יז": 0, "ינ": 0, "יץ": 0, "יק": 0, "כן": 75, "ך": 0, "ל": 25, "מחל": 80, "מרצ": 15, "נז": 0, "ני": 0, "נף": 0, "נץ": 0, "נק": 1, "נר": 0, "עם": 0, "פה": 120, "ף": 0, "צ": 0, "ץ": 0, "ק": 0, "קי": 0, "קך": 0, "קנ": 0, "קץ": 2, "רז": 0, "שס": 1, "ת": 0, "כתובת קלפי": "הסנה,8 ", "מקום קלפי": "בי\"ס אילנות", "נגישה": " ", "נגישה מיוחדת": " ", "בוחרי כנסת בפועל": 595, "turnout_pct": 61.512605042016808, "אמת_pct": 4.3835616438356162, "אצ_pct": 0.27397260273972601, "ב_pct": 0.27397260273972601, "ג_pct": 0.27397260273972601, "ד_pct": 0.82191780821917804, "ום_pct": 1.6438356164383561, "ז_pct": 0.0, "זך_pct": 0.0, "זנ_pct": 0.0, "זץ_pct": 0.0, "ט_pct": 4.9315068493150687, "י_pct": 0.0, "יז_pct": 0.0, "ינ_pct": 0.0, "יץ_pct": 0.0, "יק_pct": 0.0, "כן_pct": 20.547945205479451, "ך_pct": 0.0, "ל_pct": 6.8493150684931505, "מחל_pct": 21.917808219178081, "מרצ_pct": 4.10958904109589, "נז_pct": 0.0, "ני_pct": 0.0, "נף_pct": 0.0, "נץ_pct": 0.0, "נק_pct": 0.27397260273972601, "נר_pct": 0.0, "עם_pct": 0.0, "פה_pct": 32.87671232876712, "ף_pct": 0.0, "צ_pct": 0.0, "ץ_pct": 0.0, "ק_pct": 0.0, "קי_pct": 0.0, "קך_pct": 0.0, "קנ_pct": 0.0, "קץ_pct": 0.54794520547945202, "רז_pct": 0.0, "שס_pct": 0.27397260273972601, "ת_pct": 0.0, "lat": 32.8120905, "lon": 34.9695314, "neighborhood": "כרמל מערבי" }, "geometry": { "type": "Point", "coordinates": [ 34.9695314, 32.8120905 ] } },
{ "type": "Feature", "properties": { "סמל ועדה": 7, "ברזל": 2977, "שם ישוב": "חיפה", "סמל ישוב": 4000, "קלפי": "463.3", "ריכוז": 8, "שופט": 0, "בזב": 595, "מצביעים": 374, "פסולים": 0, "כשרים": 374, "אמת": 12, "אצ": 1, "ב": 2, "ג": 0, "ד": 5, "ום": 13, "ז": 0, "זך": 0, "זנ": 0, "זץ": 0, "ט": 28, "י": 0, "יז": 1, "ינ": 0, "יץ": 0, "יק": 0, "כן": 51, "ך": 1, "ל": 14, "מחל": 111, "מרצ": 20, "נז": 0, "ני": 0, "נף": 0, "נץ": 0, "נק": 0, "נר": 0, "עם": 0, "פה": 110, "ף": 0, "צ": 0, "ץ": 0, "ק": 0, "קי": 0, "קך": 0, "קנ": 0, "קץ": 0, "רז": 0, "שס": 5, "ת": 0, "כתובת קלפי": "הסנה,8 ", "מקום קלפי": "בי\"ס אילנות", "נגישה": " ", "נגישה מיוחדת": " ", "בוחרי כנסת בפועל": 595, "turnout_pct": 62.857142857142854, "אמת_pct": 3.2085561497326207, "אצ_pct": 0.26737967914438499, "ב_pct": 0.53475935828876997, "ג_pct": 0.0, "ד_pct": 1.3368983957219251, "ום_pct": 3.4759358288770055, "ז_pct": 0.0, "זך_pct": 0.0, "זנ_pct": 0.0, "זץ_pct": 0.0, "ט_pct": 7.4866310160427805, "י_pct": 0.0, "יז_pct": 0.26737967914438499, "ינ_pct": 0.0, "יץ_pct": 0.0, "יק_pct": 0.0, "כן_pct": 13.636363636363635, "ך_pct": 0.26737967914438499, "ל_pct": 3.7433155080213902, "מחל_pct": 29.679144385026738, "מרצ_pct": 5.3475935828877006, "נז_pct": 0.0, "ני_pct": 0.0, "נף_pct": 0.0, "נץ_pct": 0.0, "נק_pct": 0.0, "נר_pct": 0.0, "עם_pct": 0.0, "פה_pct": 29.411764705882355, "ף_pct": 0.0, "צ_pct": 0.0, "ץ_pct": 0.0, "ק_pct": 0.0, "קי_pct": 0.0, "קך_pct": 0.0, "קנ_pct": 0.0, "קץ_pct": 0.0, "רז_pct": 0.0, "שס_pct": 1.3368983957219251, "ת_pct": 0.0, "lat": 32.8120905, "lon": 34.9695314, "neighborhood": "כרמל מערבי" }, "geometry": { "type": "Point", "coordinates": [ 34.9695314, 32.8120905 ] } },
{ "type": "Feature", "properties": { "סמל ועדה": 7, "ברזל": 2978, "שם ישוב": "חיפה", "סמל ישוב": 4000, "קלפי": "463.4", "ריכוז": 8, "שופט": 0, "בזב": 595, "מצביעים": 398, "פסולים": 0, "כשרים": 398, "אמת": 14, "אצ": 1, "ב": 4, "ג": 0, "ד": 14, "ום": 14, "ז": 0, "זך": 0, "זנ": 0, "זץ": 0, "ט": 29, "י": 0, "יז": 1, "ינ": 0, "יץ": 0, "יק": 0, "כן": 49, "ך": 0, "ל": 23, "מחל": 117, "מרצ": 16, "נז": 0, "ני": 0, "נף": 0, "נץ": 0, "נק": 0, "נר": 0, "עם": 1, "פה": 111, "ף": 0, "צ": 0, "ץ": 0, "ק": 0, "קי": 0, "קך": 0, "קנ": 0, "קץ": 1, "רז": 0, "שס": 3, "ת": 0, "כתובת קלפי": "הסנה,8 ", "מקום קלפי": "בי\"ס אילנות", "נגישה": " ", "נגישה מיוחדת": " ", "בוחרי כנסת בפועל": 595, "turnout_pct": 66.890756302520998, "אמת_pct": 3.5175879396984926, "אצ_pct": 0.25125628140703515, "ב_pct": 1.0050251256281406, "ג_pct": 0.0, "ד_pct": 3.5175879396984926, "ום_pct": 3.5175879396984926, "ז_pct": 0.0, "זך_pct": 0.0, "זנ_pct": 0.0, "זץ_pct": 0.0, "ט_pct": 7.2864321608040195, "י_pct": 0.0, "יז_pct": 0.25125628140703515, "ינ_pct": 0.0, "יץ_pct": 0.0, "יק_pct": 0.0, "כן_pct": 12.311557788944723, "ך_pct": 0.0, "ל_pct": 5.7788944723618094, "מחל_pct": 29.396984924623116, "מרצ_pct": 4.0201005025125625, "נז_pct": 0.0, "ני_pct": 0.0, "נף_pct": 0.0, "נץ_pct": 0.0, "נק_pct": 0.0, "נר_pct": 0.0, "עם_pct": 0.25125628140703515, "פה_pct": 27.889447236180903, "ף_pct": 0.0, "צ_pct": 0.0, "ץ_pct": 0.0, "ק_pct": 0.0, "קי_pct": 0.0, "קך_pct": 0.0, "קנ_pct": 0.0, "קץ_pct": 0.25125628140703515, "רז_pct": 0.0, "שס_pct": 0.75376884422110546, "ת_pct": 0.0, "lat": 32.8120905, "lon": 34.9695314, "neighborhood": "כרמל מערבי" }, "geometry": { "type": "Point", "coordinates": [ 34.9695314, 32.8120905 ] } },
{ "type": "Feature", "properties": { "סמל ועדה": 7, "ברזל": 2979, "שם ישוב": "חיפה", "סמל ישוב": 4000, "קלפי": "463.5", "ריכוז": 8, "שופט": 0, "בזב": 591, "מצביעים": 398, "פסולים": 3, "כשרים": 395, "אמת": 25, "אצ": 0, "ב": 0, "ג": 0, "ד": 5, "ום": 10, "ז": 0, "זך": 0, "זנ": 0, "זץ": 0, "ט": 26, "י": 0, "יז": 2, "ינ": 0, "יץ": 0, "יק": 0, "כן": 49, "ך": 0, "ל": 21, "מחל": 91, "מרצ": 21, "נז": 0, "ני": 0, "נף": 0, "נץ": 0, "נק": 0, "נר": 0, "עם": 1, "פה": 134, "ף": 0, "צ": 0, "ץ": 0, "ק": 0, "קי": 0, "קך": 0, "קנ": 1, "קץ": 1, "רז": 0, "שס": 8, "ת": 0, "כתובת קלפי": "הסנה,8 ", "מקום קלפי": "בי\"ס אילנות", "נגישה": " ", "נגישה מיוחדת": " ", "בוחרי כנסת בפועל": 591, "turnout_pct": 67.343485617597281, "אמת_pct": 6.3291139240506329, "אצ_pct": 0.0, "ב_pct": 0.0, "ג_pct": 0.0, "ד_pct": 1.2658227848101267, "ום_pct": 2.5316455696202533, "ז_pct": 0.0, "זך_pct": 0.0, "זנ_pct": 0.0, "זץ_pct": 0.0, "ט_pct": 6.5822784810126587, "י_pct": 0.0, "יז_pct": 0.50632911392405067, "ינ_pct": 0.0, "יץ_pct": 0.0, "יק_pct": 0.0, "כן_pct": 12.405063291139239, "ך_pct": 0.0, "ל_pct": 5.3164556962025316, "מחל_pct": 23.037974683544306, "מרצ_pct": 5.3164556962025316, "נז_pct": 0.0, "ני_pct": 0.0, "נף_pct": 0.0, "נץ_pct": 0.0, "נק_pct": 0.0, "נר_pct": 0.0, "עם_pct": 0.25316455696202533, "פה_pct": 33.924050632911388, "ף_pct": 0.0, "צ_pct": 0.0, "ץ_pct": 0.0, "ק_pct": 0.0, "קי_pct": 0.0, "קך_pct": 0.0, "קנ_pct": 0.25316455696202533, "קץ_pct": 0.25316455696202533, "רז_pct": 0.0, "שס_pct": 2.0253164556962027, "ת_pct": 0.0, "lat": 32.8120905, "lon": 34.9695314, "neighborhood": "כרמל מערבי" }, "geometry": { "type": "Point", "coordinates": [ 34.9695314, 32.8120905 ] } },
{ "type": "Feature", "properties": { "סמל ועדה": 7, "ברזל": 2980, "שם ישוב": "חיפה", "סמל ישוב": 4000, "קלפי": "140", "ריכוז": 196, "שופט": 0, "בזב": 531, "מצביעים": 312, "פסולים": 3, "כשרים": 309, "אמת": 13, "אצ": 0, "ב": 0, "ג": 0, "ד": 58, "ום": 129, "ז": 0, "זך": 0, "זנ": 0, "זץ": 0, "ט": 4, "י": 0, "יז": 0, "ינ": 0, "יץ": 0, "יק": 0, "כן": 6, "ך": 1, "ל": 2, "מחל": 21, "מרצ": 25, "נז": 0, "ני": 0, "נף": 0, "נץ": 0, "נק": 0, "נר": 0, "עם": 12, "פה": 22, "ף": 0, "צ": 0, "ץ": 0, "ק": 0, "קי": 0, "קך": 0, "קנ": 0, "קץ": 0, "רז": 0, "שס": 16, "ת": 0, "כתובת קלפי": "העוגן,39 ", "מקום קלפי": "גן ילדים שחר", "נגישה": " ", "נגישה מיוחדת": " ", "בוחרי כנסת בפועל": 531, "turnout_pct": 58.757062146892657, "אמת_pct": 4.2071197411003238, "אצ_pct": 0.0, "ב_pct": 0.0, "ג_pct": 0.0, "ד_pct": 18.770226537216828, "ום_pct": 41.747572815533978, "ז_pct": 0.0, "זך_pct": 0.0, "זנ_pct": 0.0, "זץ_pct": 0.0, "ט_pct": 1.2944983818770228, "י_pct": 0.0, "יז_pct": 0.0, "ינ_pct": 0.0, "יץ_pct": 0.0, "יק_pct": 0.0, "כן_pct": 1.9417475728155338, "ך_pct": 0.3236245954692557, "ל_pct": 0.64724919093851141, "מחל_pct": 6.7961165048543686, "מרצ_pct": 8.090614886731391, "נז_pct": 0.0, "ני_pct": 0.0, "נף_pct": 0.0, "נץ_pct": 0.0, "נק_pct": 0.0, "נר_pct": 0.0, "עם_pct": 3.8834951456310676, "פה_pct": 7.1197411003236244, "ף_pct": 0.0, "צ_pct": 0.0, "ץ_pct": 0.0, "ק_pct": 0.0, "קי_pct": 0.0, "קך_pct": 0.0, "קנ_pct": 0.0, "קץ_pct": 0.0, "רז_pct": 0.0, "שס_pct": 5.1779935275080913, "ת_pct": 0.0, "lat": 32.8256456, "lon": 34.9616498, "neighborhood": "עין הים" }, "geometry": { "type": "Point", "coordinates": [ 34.9616498, 32.8256456 ] } },
{ "type": "Feature", "properties": { "סמל ועדה": 7, "ברזל": 2981, "שם ישוב": "חיפה", "סמל ישוב": 4000, "קלפי": "147", "ריכוז": 224, "שופט": 0, "בזב": 554, "מצביעים": 281, "פסולים": 0, "כשרים": 281, "אמת": 8, "אצ": 0, "ב": 0, "ג": 0, "ד": 27, "ום": 77, "ז": 0, "זך": 0, "זנ": 0, "זץ": 0, "ט": 9, "י": 0, "יז": 1, "ינ": 0, "יץ": 0, "יק": 0, "כן": 7, "ך": 0, "ל": 13, "מחל": 26, "מרצ": 14, "נז": 0, "ני": 0, "נף": 0, "נץ": 0, "נק": 0, "נר": 0, "עם": 13, "פה": 25, "ף": 0, "צ": 1, "ץ": 1, "ק": 0, "קי": 0, "קך": 0, "קנ": 0, "קץ": 1, "רז": 0, "שס": 58, "ת": 0, "כתובת קלפי": "יציאת אירופה,19 ", "מקום קלפי": "גן ילדים עין הים - אורות", "נגישה": " ", "נגישה מיוחדת": " ", "בוחרי כנסת בפועל": 554, "turnout_pct": 50.722021660649816, "אמת_pct": 2.8469750889679712, "אצ_pct": 0.0, "ב_pct": 0.0, "ג_pct": 0.0, "ד_pct": 9.6085409252669027, "ום_pct": 27.402135231316727, "ז_pct": 0.0, "זך_pct": 0.0, "זנ_pct": 0.0, "זץ_pct": 0.0, "ט_pct": 3.2028469750889679, "י_pct": 0.0, "יז_pct": 0.35587188612099641, "ינ_pct": 0.0, "יץ_pct": 0.0, "יק_pct": 0.0, "כן_pct": 2.4911032028469751, "ך_pct": 0.0, "ל_pct": 4.6263345195729535, "מחל_pct": 9.252669039145907, "מרצ_pct": 4.9822064056939501, "נז_pct": 0.0, "ני_pct": 0.0, "נף_pct": 0.0, "נץ_pct": 0.0, "נק_pct": 0.0, "נר_pct": 0.0, "עם_pct": 4.6263345195729535, "פה_pct": 8.8967971530249113, "ף_pct": 0.0, "צ_pct": 0.35587188612099641, "ץ_pct": 0.35587188612099641, "ק_pct": 0.0, "קי_pct": 0.0, "קך_pct": 0.0, "קנ_pct": 0.0, "קץ_pct": 0.35587188612099641, "רז_pct": 0.0, "שס_pct": 20.640569395017792, "ת_pct": 0.0, "lat": 32.8204274, "lon": 34.958835, "neighborhood": "קריית שפרינצק" }, "geometry": { "type": "Point", "coordinates": [ 34.958835, 32.8204274 ] } },
{ "type": "Feature", "properties": { "סמל ועדה": 7, "ברזל": 2982, "שם ישוב": "חיפה", "סמל ישוב": 4000, "קלפי": "148", "ריכוז": 99, "שופט": 0, "בזב": 689, "מצביעים": 381, "פסולים": 6, "כשרים": 375, "אמת": 6, "אצ": 2, "ב": 1, "ג": 1, "ד": 75, "ום": 134, "ז": 0, "זך": 0, "זנ": 0, "זץ": 0, "ט": 3, "י": 0, "יז": 0, "ינ": 0, "יץ": 1, "יק": 0, "כן": 10, "ך": 0, "ל": 23, "מחל": 41, "מרצ": 29, "נז": 0, "ני": 0, "נף": 0, "נץ": 0, "נק": 0, "נר": 0, "עם": 12, "פה": 28, "ף": 0, "צ": 0, "ץ": 0, "ק": 0, "קי": 0, "קך": 0, "קנ": 0, "קץ": 0, "רז": 0, "שס": 9, "ת": 0, "כתובת קלפי": "שטרן יאיר,20 ", "מקום קלפי": "מתנ\"ס קלור", "נגישה": " ", "נגישה מיוחדת": " ", "בוחרי כנסת בפועל": 689, "turnout_pct": 55.297532656023222, "אמת_pct": 1.6, "אצ_pct": 0.53333333333333333, "ב_pct": 0.26666666666666666, "ג_pct": 0.26666666666666666, "ד_pct": 20.0, "ום_pct": 35.733333333333334, "ז_pct": 0.0, "זך_pct": 0.0, "זנ_pct": 0.0, "זץ_pct": 0.0, "ט_pct": 0.8, "י_pct": 0.0, "יז_pct": 0.0, "ינ_pct": 0.0, "יץ_pct": 0.26666666666666666, "יק_pct": 0.0, "כן_pct": 2.666666666666667, "ך_pct": 0.0, "ל_pct": 6.1333333333333329, "מחל_pct": 10.933333333333334, "מרצ_pct": 7.7333333333333334, "נז_pct": 0.0, "ני_pct": 0.0, "נף_pct": 0.0, "נץ_pct": 0.0, "נק_pct": 0.0, "נר_pct": 0.0, "עם_pct": 3.2, "פה_pct": 7.4666666666666677, "ף_pct": 0.0, "צ_pct": 0.0, "ץ_pct": 0.0, "ק_pct": 0.0, "קי_pct": 0.0, "קך_pct": 0.0, "קנ_pct": 0.0, "קץ_pct": 0.0, "רז_pct": 0.0, "שס_pct": 2.4, "ת_pct": 0.0, "lat": 32.827684, "lon": 34.9638295, "neighborhood": "עין הים" }, "geometry": { "type": "Point", "coordinates": [ 34.9638295, 32.827684 ] } },
{ "type": "Feature", "properties": { "סמל ועדה": 7, "ברזל": 2983, "שם ישוב": "חיפה", "סמל ישוב": 4000, "קלפי": "151", "ריכוז": 249, "שופט": 0, "בזב": 565, "מצביעים": 308, "פסולים": 2, "כשרים": 306, "אמת": 10, "אצ": 0, "ב": 2, "ג": 3, "ד": 0, "ום": 0, "ז": 0, "זך": 0, "זנ": 0, "זץ": 0, "ט": 24, "י": 1, "יז": 1, "ינ": 0, "יץ": 0, "יק": 0, "כן": 30, "ך": 0, "ל": 56, "מחל": 101, "מרצ": 1, "נז": 0, "ני": 0, "נף": 0, "נץ": 0, "נק": 0, "נר": 0, "עם": 0, "פה": 51, "ף": 0, "צ": 0, "ץ": 0, "ק": 0, "קי": 0, "קך": 1, "קנ": 0, "קץ": 1, "רז": 0, "שס": 24, "ת": 0, "כתובת קלפי": "דוד המלך,28 ", "מקום קלפי": "בי\"ס בסמת - חטיבה עליונה", "נגישה": "כ", "נגישה מיוחדת": " ", "בוחרי כנסת בפועל": 565, "turnout_pct": 54.513274336283189, "אמת_pct": 3.2679738562091507, "אצ_pct": 0.0, "ב_pct": 0.65359477124183007, "ג_pct": 0.98039215686274506, "ד_pct": 0.0, "ום_pct": 0.0, "ז_pct": 0.0, "זך_pct": 0.0, "זנ_pct": 0.0, "זץ_pct": 0.0, "ט_pct": 7.8431372549019605, "י_pct": 0.32679738562091504, "יז_pct": 0.32679738562091504, "ינ_pct": 0.0, "יץ_pct": 0.0, "יק_pct": 0.0, "כן_pct": 9.8039215686274517, "ך_pct": 0.0, "ל_pct": 18.300653594771241, "מחל_pct": 33.006535947712415, "מרצ_pct": 0.32679738562091504, "נז_pct": 0.0, "ני_pct": 0.0, "נף_pct": 0.0, "נץ_pct": 0.0, "נק_pct": 0.0, "נר_pct": 0.0, "עם_pct": 0.0, "פה_pct": 16.666666666666664, "ף_pct": 0.0, "צ_pct": 0.0, "ץ_pct": 0.0, "ק_pct": 0.0, "קי_pct": 0.0, "קך_pct": 0.32679738562091504, "קנ_pct": 0.0, "קץ_pct": 0.32679738562091504, "רז_pct": 0.0, "שס_pct": 7.8431372549019605, "ת_pct": 0.0, "lat": 32.8074118, "lon": 34.9599212, "neighborhood": "נוה דוד" }, "geometry": { "type": "Point", "coordinates": [ 34.9599212, 32.8074118 ] } },
{ "type": "Feature", "properties": { "סמל ועדה": 7, "ברזל": 2984, "שם ישוב": "חיפה", "סמל ישוב": 4000, "קלפי": "152", "ריכוז": 227, "שופט": 0, "בזב": 611, "מצביעים": 332, "פסולים": 4, "כשרים": 328, "אמת": 7, "אצ": 0, "ב": 1, "ג": 0, "ד": 0, "ום": 0, "ז": 0, "זך": 0, "זנ": 0, "זץ": 0, "ט": 29, "י": 0, "יז": 1, "ינ": 0, "יץ": 0, "יק": 0, "כן": 11, "ך": 0, "ל": 41, "מחל": 162, "מרצ": 6, "נז": 0, "ני": 0, "נף": 0, "נץ": 0, "נק": 0, "נר": 0, "עם": 0, "פה": 39, "ף": 0, "צ": 0, "ץ": 1, "ק": 0, "קי": 0, "קך": 0, "קנ": 0, "קץ": 0, "רז": 0, "שס": 30, "ת": 0, "כתובת קלפי": "יהושפט המלך,6א", "מקום קלפי": "מרכז קהילתי נווה דוד", "נגישה": "כ", "נגישה מיוחדת": "כ", "בוחרי כנסת בפועל": 611, "turnout_pct": 54.337152209492636, "אמת_pct": 2.1341463414634148, "אצ_pct": 0.0, "ב_pct": 0.3048780487804878, "ג_pct": 0.0, "ד_pct": 0.0, "ום_pct": 0.0, "ז_pct": 0.0, "זך_pct": 0.0, "זנ_pct": 0.0, "זץ_pct": 0.0, "ט_pct": 8.8414634146341466, "י_pct": 0.0, "יז_pct": 0.3048780487804878, "ינ_pct": 0.0, "יץ_pct": 0.0, "יק_pct": 0.0, "כן_pct": 3.3536585365853662, "ך_pct": 0.0, "ל_pct": 12.5, "מחל_pct": 49.390243902439025, "מרצ_pct": 1.8292682926829267, "נז_pct": 0.0, "ני_pct": 0.0, "נף_pct": 0.0, "נץ_pct": 0.0, "נק_pct": 0.0, "נר_pct": 0.0, "עם_pct": 0.0, "פה_pct": 11.890243902439025, "ף_pct": 0.0, "צ_pct": 0.0, "ץ_pct": 0.3048780487804878, "ק_pct": 0.0, "קי_pct": 0.0, "קך_pct": 0.0, "קנ_pct": 0.0, "קץ_pct": 0.0, "רז_pct": 0.0, "שס_pct": 9.1463414634146343, "ת_pct": 0.0, "lat": 32.8072648, "lon": 34.9612261, "neighborhood": "נוה דוד" }, "geometry": { "type": "Point", "coordinates": [ 34.9612261, 32.8072648 ] } },
{ "type": "Feature", "properties": { "סמל ועדה": 7, "ברזל": 2985, "שם ישוב": "חיפה", "סמל ישוב": 4000, "קלפי": "154", "ריכוז": 40, "שופט": 1, "בזב": 643, "מצביעים": 314, "פסולים": 5, "כשרים": 309, "אמת": 8, "אצ": 1, "ב": 3, "ג": 1, "ד": 0, "ום": 1, "ז": 0, "זך": 0, "זנ": 0, "זץ": 0, "ט": 34, "י": 0, "יז": 1, "ינ": 0, "יץ": 0, "יק": 0, "כן": 23, "ך": 0, "ל": 32, "מחל": 131, "מרצ": 1, "נז": 0, "ני": 1, "נף": 0, "נץ": 0, "נק": 0, "נר": 0, "עם": 0, "פה": 56, "ף": 1, "צ": 0, "ץ": 0, "ק": 0, "קי": 0, "קך": 0, "קנ": 0, "קץ": 0, "רז": 0, "שס": 15, "ת": 0, "כתובת קלפי": "דוד המלך,29 ", "מקום קלפי": "בי\"ס עופרים", "נגישה": " ", "נגישה מיוחדת": " ", "בוחרי כנסת בפועל": 643, "turnout_pct": 48.833592534992228, "אמת_pct": 2.5889967637540456, "אצ_pct": 0.3236245954692557, "ב_pct": 0.97087378640776689, "ג_pct": 0.3236245954692557, "ד_pct": 0.0, "ום_pct": 0.3236245954692557, "ז_pct": 0.0, "זך_pct": 0.0, "זנ_pct": 0.0, "זץ_pct": 0.0, "ט_pct": 11.003236245954692, "י_pct": 0.0, "יז_pct": 0.3236245954692557, "ינ_pct": 0.0, "יץ_pct": 0.0, "יק_pct": 0.0, "כן_pct": 7.4433656957928811, "ך_pct": 0.0, "ל_pct": 10.355987055016183, "מחל_pct": 42.394822006472495, "מרצ_pct": 0.3236245954692557, "נז_pct": 0.0, "ני_pct": 0.3236245954692557, "נף_pct": 0.0, "נץ_pct": 0.0, "נק_pct": 0.0, "נר_pct": 0.0, "עם_pct": 0.0, "פה_pct": 18.122977346278319, "ף_pct": 0.3236245954692557, "צ_pct": 0.0, "ץ_pct": 0.0, "ק_pct": 0.0, "קי_pct": 0.0, "קך_pct": 0.0, "קנ_pct": 0.0, "קץ_pct": 0.0, "רז_pct": 0.0, "שס_pct": 4.8543689320388346, "ת_pct": 0.0, "lat": 32.8074118, "lon": 34.9599212, "neighborhood": "נוה דוד" }, "geometry": { "type": "Point", "coordinates": [ 34.9599212, 32.8074118 ] } },
{ "type": "Feature", "properties": { "סמל ועדה": 7, "ברזל": 2986, "שם ישוב": "חיפה", "סמל ישוב": 4000, "קלפי": "155.1", "ריכוז": 36, "שופט": 0, "בזב": 651, "מצביעים": 330, "פסולים": 5, "כשרים": 325, "אמת": 8, "אצ": 1, "ב": 0, "ג": 0, "ד": 4, "ום": 1, "ז": 0, "זך": 0, "זנ": 0, "זץ": 0, "ט": 22, "י": 0, "יז": 1, "ינ": 0, "יץ": 0, "יק": 0, "כן": 24, "ך": 0, "ל": 45, "מחל": 103, "מרצ": 6, "נז": 1, "ני": 0, "נף": 0, "נץ": 0, "נק": 0, "נר": 0, "עם": 1, "פה": 75, "ף": 0, "צ": 1, "ץ": 0, "ק": 1, "קי": 0, "קך": 0, "קנ": 0, "קץ": 3, "רז": 2, "שס": 25, "ת": 1, "כתובת קלפי": "יציאת אירופה,17 ", "מקום קלפי": "בי\"ס עין הים", "נגישה": " ", "נגישה מיוחדת": " ", "בוחרי כנסת בפועל": 651, "turnout_pct": 50.691244239631338, "אמת_pct": 2.4615384615384617, "אצ_pct": 0.30769230769230771, "ב_pct": 0.0, "ג_pct": 0.0, "ד_pct": 1.2307692307692308, "ום_pct": 0.30769230769230771, "ז_pct": 0.0, "זך_pct": 0.0, "זנ_pct": 0.0, "זץ_pct": 0.0, "ט_pct": 6.7692307692307692, "י_pct": 0.0, "יז_pct": 0.30769230769230771, "ינ_pct": 0.0, "יץ_pct": 0.0, "יק_pct": 0.0, "כן_pct": 7.384615384615385, "ך_pct": 0.0, "ל_pct": 13.846153846153847, "מחל_pct": 31.692307692307693, "מרצ_pct": 1.8461538461538463, "נז_pct": 0.30769230769230771, "ני_pct": 0.0, "נף_pct": 0.0, "נץ_pct": 0.0, "נק_pct": 0.0, "נר_pct": 0.0, "עם_pct": 0.30769230769230771, "פה_pct": 23.076923076923077, "ף_pct": 0.0, "צ_pct": 0.30769230769230771, "ץ_pct": 0.0, "ק_pct": 0.30769230769230771, "קי_pct": 0.0, "קך_pct": 0.0, "קנ_pct": 0.0, "קץ_pct": 0.92307692307692313, "רז_pct": 0.61538461538461542, "שס_pct": 7.6923076923076925, "ת_pct": 0.30769230769230771, "lat": 32.8222174, "lon": 34.958604, "neighborhood": "קריית שפרינצק" }, "geometry": { "type": "Point", "coordinates": [ 34.958604, 32.8222174 ] } },
{ "type": "Feature", "properties": { "סמל ועדה": 7, "ברזל": 2987, "שם ישוב": "חיפה", "סמל ישוב": 4000, "קלפי": "155.2", "ריכוז": 36, "שופט": 0, "בזב": 651, "מצביעים": 329, "פסולים": 4, "כשרים": 325, "אמת": 9, "אצ": 1, "ב": 2, "ג": 0, "ד": 3, "ום": 2, "ז": 0, "זך": 0, "זנ": 0, "זץ": 0, "ט": 19, "י": 1, "יז": 2, "ינ": 0, "יץ": 0, "יק": 0, "כן": 15, "ך": 0, "ל": 61, "מחל": 110, "מרצ": 7, "נז": 0, "ני": 0, "נף": 0, "נץ": 0, "נק": 0, "נר": 0, "עם": 0, "פה": 74, "ף": 0, "צ": 0, "ץ": 0, "ק": 0, "קי": 0, "קך": 0, "קנ": 0, "קץ": 1, "רז": 0, "שס": 18, "ת": 0, "כתובת קלפי": "יציאת אירופה,17 ", "מקום קלפי": "בי\"ס עין הים", "נגישה": " ", "נגישה מיוחדת": " ", "בוחרי כנסת בפועל": 651, "turnout_pct": 50.537634408602152, "אמת_pct": 2.7692307692307692, "אצ_pct": 0.30769230769230771, "ב_pct": 0.61538461538461542, "ג_pct": 0.0, "ד_pct": 0.92307692307692313, "ום_pct": 0.61538461538461542, "ז_pct": 0.0, "זך_pct": 0.0, "זנ_pct": 0.0, "זץ_pct": 0.0, "ט_pct": 5.8461538461538458, "י_pct": 0.30769230769230771, "יז_pct": 0.61538461538461542, "ינ_pct": 0.0, "יץ_pct": 0.0, "יק_pct": 0.0, "כן_pct": 4.6153846153846159, "ך_pct": 0.0, "ל_pct": 18.76923076923077, "מחל_pct": 33.846153846153847, "מרצ_pct": 2.1538461538461537, "נז_pct": 0.0, "ני_pct": 0.0, "נף_pct": 0.0, "נץ_pct": 0.0, "נק_pct": 0.0, "נר_pct": 0.0, "עם_pct": 0.0, "פה_pct": 22.76923076923077, "ף_pct": 0.0, "צ_pct": 0.0, "ץ_pct": 0.0, "ק_pct": 0.0, "קי_pct": 0.0, "קך_pct": 0.0, "קנ_pct": 0.0, "קץ_pct": 0.30769230769230771, "רז_pct": 0.0, "שס_pct": 5.5384615384615383, "ת_pct": 0.0, "lat": 32.8222174, "lon": 34.958604, "neighborhood": "קריית שפרינצק" }, "geometry": { "type": "Point", "coordinates": [ 34.958604, 32.8222174 ] } },
{ "type": "Feature", "properties": { "סמל ועדה": 7, "ברזל": 2988, "שם ישוב": "חיפה", "סמל ישוב": 4000, "קלפי": "155.3", "ריכוז": 36, "שופט": 0, "בזב": 651, "מצביעים": 320, "פסולים": 2, "כשרים": 318, "אמת": 5, "אצ": 1, "ב": 1, "ג": 3, "ד": 3, "ום": 4, "ז": 0, "זך": 0, "זנ": 0, "זץ": 0, "ט": 23, "י": 0, "יז": 2, "ינ": 0, "יץ": 0, "יק": 0, "כן": 14, "ך": 0, "ל": 59, "מחל": 102, "מרצ": 10, "נז": 0, "ני": 0, "נף": 0, "נץ": 0, "נק": 0, "נר": 0, "עם": 0, "פה": 76, "ף": 0, "צ": 0, "ץ": 0, "ק": 0, "קי": 0, "קך": 0, "קנ": 1, "קץ": 1, "רז": 0, "שס": 12, "ת": 1, "כתובת קלפי": "יציאת אירופה,17 ", "מקום קלפי": "בי\"ס עין הים", "נגישה": " ", "נגישה מיוחדת": " ", "בוחרי כנסת בפועל": 651, "turnout_pct": 49.155145929339476, "אמת_pct": 1.5723270440251573, "אצ_pct": 0.31446540880503149, "ב_pct": 0.31446540880503149, "ג_pct": 0.94339622641509435, "ד_pct": 0.94339622641509435, "ום_pct": 1.257861635220126, "ז_pct": 0.0, "זך_pct": 0.0, "זנ_pct": 0.0, "זץ_pct": 0.0, "ט_pct": 7.232704402515723, "י_pct": 0.0, "יז_pct": 0.62893081761006298, "ינ_pct": 0.0, "יץ_pct": 0.0, "יק_pct": 0.0, "כן_pct": 4.4025157232704402, "ך_pct": 0.0, "ל_pct": 18.553459119496853, "מחל_pct": 32.075471698113205, "מרצ_pct": 3.1446540880503147, "נז_pct": 0.0, "ני_pct": 0.0, "נף_pct": 0.0, "נץ_pct": 0.0, "נק_pct": 0.0, "נר_pct": 0.0, "עם_pct": 0.0, "פה_pct": 23.89937106918239, "ף_pct": 0.0, "צ_pct": 0.0, "ץ_pct": 0.0, "ק_pct": 0.0, "קי_pct": 0.0, "קך_pct": 0.0, "קנ_pct": 0.31446540880503149, "קץ_pct": 0.31446540880503149, "רז_pct": 0.0, "שס_pct": 3.7735849056603774, "ת_pct": 0.31446540880503149, "lat": 32.8222174, "lon": 34.958604, "neighborhood": "קריית שפרינצק" }, "geometry": { "type": "Point", "coordinates": [ 34.958604, 32.8222174 ] } },
{ "type": "Feature", "properties": { "סמל ועדה": 7, "ברזל": 2989, "שם ישוב": "חיפה", "סמל ישוב": 4000, "קלפי": "155.4", "ריכוז": 36, "שופט": 0, "בזב": 651, "מצביעים": 328, "פסולים": 4, "כשרים": 324, "אמת": 5, "אצ": 0, "ב": 1, "ג": 4, "ד": 8, "ום": 16, "ז": 0, "זך": 0, "זנ": 0, "זץ": 0, "ט": 17, "י": 1, "יז": 0, "ינ": 0, "יץ": 0, "יק": 0, "כן": 28, "ך": 0, "ל": 63, "מחל": 85, "מרצ": 3, "נז": 0, "ני": 0, "נף": 0, "נץ": 0, "נק": 0, "נר": 0, "עם": 1, "פה": 72, "ף": 0, "צ": 0, "ץ": 0, "ק": 0, "קי": 0, "קך": 0, "קנ": 0, "קץ": 1, "רז": 1, "שס": 18, "ת": 0, "כתובת קלפי": "יציאת אירופה,17 ", "מקום קלפי": "בי\"ס עין הים", "נגישה": " ", "נגישה מיוחדת": " ", "בוחרי כנסת בפועל": 651, "turnout_pct": 50.384024577572958, "אמת_pct": 1.5432098765432098, "אצ_pct": 0.0, "ב_pct": 0.30864197530864196, "ג_pct": 1.2345679012345678, "ד_pct": 2.4691358024691357, "ום_pct": 4.9382716049382713, "ז_pct": 0.0, "זך_pct": 0.0, "זנ_pct": 0.0, "זץ_pct": 0.0, "ט_pct": 5.2469135802469129, "י_pct": 0.30864197530864196, "יז_pct": 0.0, "ינ_pct": 0.0, "יץ_pct": 0.0, "יק_pct": 0.0, "כן_pct": 8.6419753086419746, "ך_pct": 0.0, "ל_pct": 19.444444444444446, "מחל_pct": 26.234567901234566, "מרצ_pct": 0.92592592592592582, "נז_pct": 0.0, "ני_pct": 0.0, "נף_pct": 0.0, "נץ_pct": 0.0, "נק_pct": 0.0, "נר_pct": 0.0, "עם_pct": 0.30864197530864196, "פה_pct": 22.222222222222221, "ף_pct": 0.0, "צ_pct": 0.0, "ץ_pct": 0.0, "ק_pct": 0.0, "קי_pct": 0.0, "קך_pct": 0.0, "קנ_pct": 0.0, "קץ_pct": 0.30864197530864196, "רז_pct": 0.30864197530864196, "שס_pct": 5.5555555555555554, "ת_pct": 0.0, "lat": 32.8222174, "lon": 34.958604, "neighborhood": "קריית שפרינצק" }, "geometry": { "type": "Point", "coordinates": [ 34.958604, 32.8222174 ] } },
{ "type": "Feature", "properties": { "סמל ועדה": 7, "ברזל": 2990, "שם ישוב": "חיפה", "סמל ישוב": 4000, "קלפי": "155.5", "ריכוז": 36, "שופט": 0, "בזב": 651, "מצביעים": 301, "פסולים": 3, "כשרים": 298, "אמת": 8, "אצ": 0, "ב": 0, "ג": 0, "ד": 1, "ום": 6, "ז": 0, "זך": 0, "זנ": 0, "זץ": 0, "ט": 19, "י": 0, "יז": 2, "ינ": 0, "יץ": 0, "יק": 0, "כן": 19, "ך": 0, "ל": 58, "מחל": 83, "מרצ": 4, "נז": 0, "ני": 0, "נף": 0, "נץ": 0, "נק": 0, "נר": 0, "עם": 1, "פה": 77, "ף": 0, "צ": 0, "ץ": 0, "ק": 0, "קי": 0, "קך": 0, "קנ": 0, "קץ": 1, "רז": 0, "שס": 19, "ת": 0, "כתובת קלפי": "יציאת אירופה,17 ", "מקום קלפי": "בי\"ס עין הים", "נגישה": " ", "נגישה מיוחדת": " ", "בוחרי כנסת בפועל": 651, "turnout_pct": 46.236559139784944, "אמת_pct": 2.6845637583892619, "אצ_pct": 0.0, "ב_pct": 0.0, "ג_pct": 0.0, "ד_pct": 0.33557046979865773, "ום_pct": 2.0134228187919461, "ז_pct": 0.0, "זך_pct": 0.0, "זנ_pct": 0.0, "זץ_pct": 0.0, "ט_pct": 6.375838926174497, "י_pct": 0.0, "יז_pct": 0.67114093959731547, "ינ_pct": 0.0, "יץ_pct": 0.0, "יק_pct": 0.0, "כן_pct": 6.375838926174497, "ך_pct": 0.0, "ל_pct": 19.463087248322147, "מחל_pct": 27.85234899328859, "מרצ_pct": 1.3422818791946309, "נז_pct": 0.0, "ני_pct": 0.0, "נף_pct": 0.0, "נץ_pct": 0.0, "נק_pct": 0.0, "נר_pct": 0.0, "עם_pct": 0.33557046979865773, "פה_pct": 25.838926174496645, "ף_pct": 0.0, "צ_pct": 0.0, "ץ_pct": 0.0, "ק_pct": 0.0, "קי_pct": 0.0, "קך_pct": 0.0, "קנ_pct": 0.0, "קץ_pct": 0.33557046979865773, "רז_pct": 0.0, "שס_pct": 6.375838926174497, "ת_pct": 0.0, "lat": 32.8222174, "lon": 34.958604, "neighborhood": "קריית שפרינצק" }, "geometry": { "type": "Point", "coordinates": [ 34.958604, 32.8222174 ] } },
{ "type": "Feature", "properties": { "סמל ועדה": 7, "ברזל": 2991, "שם ישוב": "חיפה", "סמל ישוב": 4000, "קלפי": "161", "ריכוז": 249, "שופט": 0, "בזב": 589, "מצביעים": 285, "פסולים": 4, "כשרים": 281, "אמת": 3, "אצ": 0, "ב": 1, "ג": 4, "ד": 5, "ום": 0, "ז": 0, "זך": 0, "זנ": 0, "זץ": 0, "ט": 17, "י": 0, "יז": 0, "ינ": 0, "יץ": 0, "יק": 0, "כן": 27, "ך": 0, "ל": 58, "מחל": 71, "מרצ": 2, "נז": 1, "ני": 0, "נף": 0, "נץ": 0, "נק": 0, "נר": 0, "עם": 0, "פה": 75, "ף": 0, "צ": 1, "ץ": 0, "ק": 0, "קי": 0, "קך": 0, "קנ": 0, "קץ": 1, "רז": 0, "שס": 15, "ת": 0, "כתובת קלפי": "דוד המלך,28 ", "מקום קלפי": "בי\"ס בסמת - חטיבה עליונה", "נגישה": "כ", "נגישה מיוחדת": "כ", "בוחרי כנסת בפועל": 589, "turnout_pct": 48.387096774193552, "אמת_pct": 1.0676156583629894, "אצ_pct": 0.0, "ב_pct": 0.35587188612099641, "ג_pct": 1.4234875444839856, "ד_pct": 1.7793594306049825, "ום_pct": 0.0, "ז_pct": 0.0, "זך_pct": 0.0, "זנ_pct": 0.0, "זץ_pct": 0.0, "ט_pct": 6.0498220640569391, "י_pct": 0.0, "יז_pct": 0.0, "ינ_pct": 0.0, "יץ_pct": 0.0, "יק_pct": 0.0, "כן_pct": 9.6085409252669027, "ך_pct": 0.0, "ל_pct": 20.640569395017792, "מחל_pct": 25.266903914590749, "מרצ_pct": 0.71174377224199281, "נז_pct": 0.35587188612099641, "ני_pct": 0.0, "נף_pct": 0.0, "נץ_pct": 0.0, "נק_pct": 0.0, "נר_pct": 0.0, "עם_pct": 0.0, "פה_pct": 26.690391459074732, "ף_pct": 0.0, "צ_pct": 0.35587188612099641, "ץ_pct": 0.0, "ק_pct": 0.0, "קי_pct": 0.0, "קך_pct": 0.0, "קנ_pct": 0.0, "קץ_pct": 0.35587188612099641, "רז_pct": 0.0, "שס_pct": 5.3380782918149468, "ת_pct": 0.0, "lat": 32.8074118, "lon": 34.9599212, "neighborhood": "נוה דוד" }, "geometry": { "type": "Point", "coordinates": [ 34.9599212, 32.8074118 ] } },
{ "type": "Feature", "properties": { "סמל ועדה": 7, "ברזל": 2992, "שם ישוב": "חיפה", "סמל ישוב": 4000, "קלפי": "162", "ריכוז": 23, "שופט": 0, "בזב": 576, "מצביעים": 299, "פסולים": 3, "כשרים": 296, "אמת": 4, "אצ": 1, "ב": 0, "ג": 0, "ד": 3, "ום": 0, "ז": 0, "זך": 0, "זנ": 0, "זץ": 0, "ט": 25, "י": 0, "יז": 0, "ינ": 0, "יץ": 0, "יק": 0, "כן": 13, "ך": 0, "ל": 50, "מחל": 112, "מרצ": 5, "נז": 0, "ני": 0, "נף": 0, "נץ": 2, "נק": 0, "נר": 0, "עם": 0, "פה": 58, "ף": 0, "צ": 1, "ץ": 0, "ק": 0, "קי": 0, "קך": 0, "קנ": 0, "קץ": 0, "רז": 0, "שס": 21, "ת": 1, "כתובת קלפי": "החיננית,3 ", "מקום קלפי": "בי\"ס חופית", "נגישה": " ", "נגישה מיוחדת": " ", "בוחרי כנסת בפועל": 576, "turnout_pct": 51.909722222222221, "אמת_pct": 1.3513513513513513, "אצ_pct": 0.33783783783783783, "ב_pct": 0.0, "ג_pct": 0.0, "ד_pct": 1.0135135135135136, "ום_pct": 0.0, "ז_pct": 0.0, "זך_pct": 0.0, "זנ_pct": 0.0, "זץ_pct": 0.0, "ט_pct": 8.4459459459459456, "י_pct": 0.0, "יז_pct": 0.0, "ינ_pct": 0.0, "יץ_pct": 0.0, "יק_pct": 0.0, "כן_pct": 4.3918918918918921, "ך_pct": 0.0, "ל_pct": 16.891891891891891, "מחל_pct": 37.837837837837839, "מרצ_pct": 1.6891891891891893, "נז_pct": 0.0, "ני_pct": 0.0, "נף_pct": 0.0, "נץ_pct": 0.67567567567567566, "נק_pct": 0.0, "נר_pct": 0.0, "עם_pct": 0.0, "פה_pct": 19.594594594594593, "ף_pct": 0.0, "צ_pct": 0.33783783783783783, "ץ_pct": 0.0, "ק_pct": 0.0, "קי_pct": 0.0, "קך_pct": 0.0, "קנ_pct": 0.0, "קץ_pct": 0.0, "רז_pct": 0.0, "שס_pct": 7.0945945945945947, "ת_pct": 0.33783783783783783, "lat": 32.8166169, "lon": 34.9587936, "neighborhood": "שער העלייה" }, "geometry": { "type": "Point", "coordinates": [ 34.9587936, 32.8166169 ] } },
{ "type": "Feature", "properties": { "סמל ועדה": 7, "ברזל": 2993, "שם ישוב": "חיפה", "סמל ישוב": 4000, "קלפי": "163", "ריכוז": 23, "שופט": 0, "בזב": 592, "מצביעים": 318, "פסולים": 5, "כשרים": 313, "אמת": 9, "אצ": 2, "ב": 2, "ג": 0, "ד": 2, "ום": 2, "ז": 0, "זך": 0, "זנ": 0, "זץ": 0, "ט": 16, "י": 0, "יז": 0, "ינ": 0, "יץ": 0, "יק": 0, "כן": 26, "ך": 0, "ל": 67, "מחל": 110, "מרצ": 1, "נז": 0, "ני": 1, "נף": 0, "נץ": 0, "נק": 1, "נר": 0, "עם": 1, "פה": 50, "ף": 0, "צ": 0, "ץ": 0, "ק": 1, "קי": 0, "קך": 0, "קנ": 1, "קץ": 0, "רז": 1, "שס": 20, "ת": 0, "כתובת קלפי": "החיננית,3 ", "מקום קלפי": "בי\"ס חופית", "נגישה": " ", "נגישה מיוחדת": " ", "בוחרי כנסת בפועל": 592, "turnout_pct": 53.716216216216218, "אמת_pct": 2.8753993610223643, "אצ_pct": 0.63897763578274758, "ב_pct": 0.63897763578274758, "ג_pct": 0.0, "ד_pct": 0.63897763578274758, "ום_pct": 0.63897763578274758, "ז_pct": 0.0, "זך_pct": 0.0, "זנ_pct": 0.0, "זץ_pct": 0.0, "ט_pct": 5.1118210862619806, "י_pct": 0.0, "יז_pct": 0.0, "ינ_pct": 0.0, "יץ_pct": 0.0, "יק_pct": 0.0, "כן_pct": 8.3067092651757193, "ך_pct": 0.0, "ל_pct": 21.405750798722046, "מחל_pct": 35.143769968051117, "מרצ_pct": 0.31948881789137379, "נז_pct": 0.0, "ני_pct": 0.31948881789137379, "נף_pct": 0.0, "נץ_pct": 0.0, "נק_pct": 0.31948881789137379, "נר_pct": 0.0, "עם_pct": 0.31948881789137379, "פה_pct": 15.974440894568689, "ף_pct": 0.0, "צ_pct": 0.0, "ץ_pct": 0.0, "ק_pct": 0.31948881789137379, "קי_pct": 0.0, "קך_pct": 0.0, "קנ_pct": 0.31948881789137379, "קץ_pct": 0.0, "רז_pct": 0.31948881789137379, "שס_pct": 6.3897763578274756, "ת_pct": 0.0, "lat": 32.8166169, "lon": 34.9587936, "neighborhood": "שער העלייה" }, "geometry": { "type": "Point", "coordinates": [ 34.9587936, 32.8166169 ] } },
{ "type": "Feature", "properties": { "סמל ועדה": 7, "ברזל": 2994, "שם ישוב": "חיפה", "סמל ישוב": 4000, "קלפי": "164", "ריכוז": 249, "שופט": 0, "בזב": 679, "מצביעים": 336, "פסולים": 1, "כשרים": 335, "אמת": 5, "אצ": 0, "ב": 1, "ג": 3, "ד": 1, "ום": 5, "ז": 0, "זך": 0, "זנ": 0, "זץ": 0, "ט": 39, "י": 0, "יז": 4, "ינ": 0, "יץ": 0, "יק": 0, "כן": 15, "ך": 0, "ל": 55, "מחל": 145, "מרצ": 3, "נז": 0, "ני": 0, "נף": 0, "נץ": 0, "נק": 0, "נר": 0, "עם": 0, "פה": 39, "ף": 1, "צ": 1, "ץ": 0, "ק": 0, "קי": 0, "קך": 0, "קנ": 0, "קץ": 1, "רז": 0, "שס": 17, "ת": 0, "כתובת קלפי": "דוד המלך,28 ", "מקום קלפי": "בי\"ס בסמת - חטיבה עליונה", "נגישה": "כ", "נגישה מיוחדת": " ", "בוחרי כנסת בפועל": 679, "turnout_pct": 49.484536082474229, "אמת_pct": 1.4925373134328357, "אצ_pct": 0.0, "ב_pct": 0.29850746268656719, "ג_pct": 0.89552238805970152, "ד_pct": 0.29850746268656719, "ום_pct": 1.4925373134328357, "ז_pct": 0.0, "זך_pct": 0.0, "זנ_pct": 0.0, "זץ_pct": 0.0, "ט_pct": 11.641791044776118, "י_pct": 0.0, "יז_pct": 1.1940298507462688, "ינ_pct": 0.0, "יץ_pct": 0.0, "יק_pct": 0.0, "כן_pct": 4.4776119402985071, "ך_pct": 0.0, "ל_pct": 16.417910447761194, "מחל_pct": 43.283582089552233, "מרצ_pct": 0.89552238805970152, "נז_pct": 0.0, "ני_pct": 0.0, "נף_pct": 0.0, "נץ_pct": 0.0, "נק_pct": 0.0, "נר_pct": 0.0, "עם_pct": 0.0, "פה_pct": 11.641791044776118, "ף_pct": 0.29850746268656719, "צ_pct": 0.29850746268656719, "ץ_pct": 0.0, "ק_pct": 0.0, "קי_pct": 0.0, "קך_pct": 0.0, "קנ_pct": 0.0, "קץ_pct": 0.29850746268656719, "רז_pct": 0.0, "שס_pct": 5.0746268656716413, "ת_pct": 0.0, "lat": 32.8074118, "lon": 34.9599212, "neighborhood": "נוה דוד" }, "geometry": { "type": "Point", "coordinates": [ 34.9599212, 32.8074118 ] } },
{ "type": "Feature", "properties": { "סמל ועדה": 7, "ברזל": 2995, "שם ישוב": "חיפה", "סמל ישוב": 4000, "קלפי": "165", "ריכוז": 123, "שופט": 0, "בזב": 520, "מצביעים": 264, "פסולים": 3, "כשרים": 261, "אמת": 6, "אצ": 0, "ב": 1, "ג": 1, "ד": 0, "ום": 1, "ז": 0, "זך": 0, "זנ": 0, "זץ": 0, "ט": 18, "י": 0, "יז": 0, "ינ": 0, "יץ": 0, "יק": 0, "כן": 26, "ך": 0, "ל": 50, "מחל": 100, "מרצ": 5, "נז": 0, "ני": 0, "נף": 0, "נץ": 0, "נק": 0, "נר": 0, "עם": 0, "פה": 42, "ף": 0, "צ": 0, "ץ": 0, "ק": 0, "קי": 0, "קך": 0, "קנ": 0, "קץ": 0, "רז": 0, "שס": 11, "ת": 0, "כתובת קלפי": "הרותם,1 ", "מקום קלפי": "בית תרבות ע\"ש פאני קפלן", "נגישה": "כ", "נגישה מיוחדת": "כ", "בוחרי כנסת בפועל": 520, "turnout_pct": 50.769230769230766, "אמת_pct": 2.2988505747126435, "אצ_pct": 0.0, "ב_pct": 0.38314176245210724, "ג_pct": 0.38314176245210724, "ד_pct": 0.0, "ום_pct": 0.38314176245210724, "ז_pct": 0.0, "זך_pct": 0.0, "זנ_pct": 0.0, "זץ_pct": 0.0, "ט_pct": 6.8965517241379306, "י_pct": 0.0, "יז_pct": 0.0, "ינ_pct": 0.0, "יץ_pct": 0.0, "יק_pct": 0.0, "כן_pct": 9.9616858237547881, "ך_pct": 0.0, "ל_pct": 19.157088122605366, "מחל_pct": 38.314176245210732, "מרצ_pct": 1.9157088122605364, "נז_pct": 0.0, "ני_pct": 0.0, "נף_pct": 0.0, "נץ_pct": 0.0, "נק_pct": 0.0, "נר_pct": 0.0, "עם_pct": 0.0, "פה_pct": 16.091954022988507, "ף_pct": 0.0, "צ_pct": 0.0, "ץ_pct": 0.0, "ק_pct": 0.0, "קי_pct": 0.0, "קך_pct": 0.0, "קנ_pct": 0.0, "קץ_pct": 0.0, "רז_pct": 0.0, "שס_pct": 4.2145593869731801, "ת_pct": 0.0, "lat": 32.8197999, "lon": 34.9566347, "neighborhood": "שער העלייה" }, "geometry": { "type": "Point", "coordinates": [ 34.9566347, 32.8197999 ] } },
{ "type": "Feature", "properties": { "סמל ועדה": 7, "ברזל": 2996, "שם ישוב": "חיפה", "סמל ישוב": 4000, "קלפי": "166", "ריכוז": 123, "שופט": 1, "בזב": 523, "מצביעים": 314, "פסולים": 5, "כשרים": 309, "אמת": 12, "אצ": 0, "ב": 1, "ג": 1, "ד": 1, "ום": 3, "ז": 0, "זך": 0, "זנ": 0, "זץ": 0, "ט": 16, "י": 0, "יז": 1, "ינ": 0, "יץ": 0, "יק": 0, "כן": 35, "ך": 0, "ל": 63, "מחל": 104, "מרצ": 5, "נז": 0, "ני": 1, "נף": 0, "נץ": 1, "נק": 0, "נר": 0, "עם": 0, "פה": 54, "ף": 0, "צ": 1, "ץ": 0, "ק": 0, "קי": 0, "קך": 0, "קנ": 0, "קץ": 1, "רז": 0, "שס": 9, "ת": 0, "כתובת קלפי": "הרותם,1 ", "מקום קלפי": "בית תרבות ע\"ש פאני קפלן", "נגישה": " ", "נגישה מיוחדת": " ", "בוחרי כנסת בפועל": 523, "turnout_pct": 60.038240917782026, "אמת_pct": 3.8834951456310676, "אצ_pct": 0.0, "ב_pct": 0.3236245954692557, "ג_pct": 0.3236245954692557, "ד_pct": 0.3236245954692557, "ום_pct": 0.97087378640776689, "ז_pct": 0.0, "זך_pct": 0.0, "זנ_pct": 0.0, "זץ_pct": 0.0, "ט_pct": 5.1779935275080913, "י_pct": 0.0, "יז_pct": 0.3236245954692557, "ינ_pct": 0.0, "יץ_pct": 0.0, "יק_pct": 0.0, "כן_pct": 11.326860841423949, "ך_pct": 0.0, "ל_pct": 20.388349514563107, "מחל_pct": 33.656957928802591, "מרצ_pct": 1.6181229773462782, "נז_pct": 0.0, "ני_pct": 0.3236245954692557, "נף_pct": 0.0, "נץ_pct": 0.3236245954692557, "נק_pct": 0.0, "נר_pct": 0.0, "עם_pct": 0.0, "פה_pct": 17.475728155339805, "ף_pct": 0.0, "צ_pct": 0.3236245954692557, "ץ_pct": 0.0, "ק_pct": 0.0, "קי_pct": 0.0, "קך_pct": 0.0, "קנ_pct": 0.0, "קץ_pct": 0.3236245954692557, "רז_pct": 0.0, "שס_pct": 2.912621359223301, "ת_pct": 0.0, "lat": 32.8197999, "lon": 34.9566347, "neighborhood": "שער העלייה" }, "geometry": { "type": "Point", "coordinates": [ 34.9566347, 32.8197999 ] } },
{ "type": "Feature", "properties": { "סמל ועדה": 7, "ברזל": 2997, "שם ישוב": "חיפה", "סמל ישוב": 4000, "קלפי": "167", "ריכוז": 40, "שופט": 0, "בזב": 693, "מצביעים": 326, "פסולים": 5, "כשרים": 321, "אמת": 6, "אצ": 1, "ב": 0, "ג": 3, "ד": 0, "ום": 0, "ז": 0, "זך": 0, "זנ": 0, "זץ": 0, "ט": 38, "י": 0, "יז": 1, "ינ": 0, "יץ": 0, "יק": 0, "כן": 21, "ך": 0, "ל": 30, "מחל": 158, "מרצ": 1, "נז": 0, "ני": 0, "נף": 0, "נץ": 0, "נק": 0, "נר": 0, "עם": 0, "פה": 39, "ף": 0, "צ": 0, "ץ": 0, "ק": 0, "קי": 0, "קך": 0, "קנ": 1, "קץ": 2, "רז": 0, "שס": 20, "ת": 0, "כתובת קלפי": "דוד המלך,29 ", "מקום קלפי": "בי\"ס עופרים", "נגישה": " ", "נגישה מיוחדת": " ", "בוחרי כנסת בפועל": 693, "turnout_pct": 47.041847041847042, "אמת_pct": 1.8691588785046727, "אצ_pct": 0.3115264797507788, "ב_pct": 0.0, "ג_pct": 0.93457943925233633, "ד_pct": 0.0, "ום_pct": 0.0, "ז_pct": 0.0, "זך_pct": 0.0, "זנ_pct": 0.0, "זץ_pct": 0.0, "ט_pct": 11.838006230529595, "י_pct": 0.0, "יז_pct": 0.3115264797507788, "ינ_pct": 0.0, "יץ_pct": 0.0, "יק_pct": 0.0, "כן_pct": 6.5420560747663545, "ך_pct": 0.0, "ל_pct": 9.3457943925233646, "מחל_pct": 49.221183800623052, "מרצ_pct": 0.3115264797507788, "נז_pct": 0.0, "ני_pct": 0.0, "נף_pct": 0.0, "נץ_pct": 0.0, "נק_pct": 0.0, "נר_pct": 0.0, "עם_pct": 0.0, "פה_pct": 12.149532710280374, "ף_pct": 0.0, "צ_pct": 0.0, "ץ_pct": 0.0, "ק_pct": 0.0, "קי_pct": 0.0, "קך_pct": 0.0, "קנ_pct": 0.3115264797507788, "קץ_pct": 0.62305295950155759, "רז_pct": 0.0, "שס_pct": 6.2305295950155761, "ת_pct": 0.0, "lat": 32.8074118, "lon": 34.9599212, "neighborhood": "נוה דוד" }, "geometry": { "type": "Point", "coordinates": [ 34.9599212, 32.8074118 ] } },
{ "type": "Feature", "properties": { "סמל ועדה": 7, "ברזל": 2998, "שם ישוב": "חיפה", "סמל ישוב": 4000, "קלפי": "168", "ריכוז": 123, "שופט": 0, "בזב": 552, "מצביעים": 309, "פסולים": 3, "כשרים": 306, "אמת": 3, "אצ": 2, "ב": 0, "ג": 0, "ד": 0, "ום": 0, "ז": 0, "זך": 0, "זנ": 0, "זץ": 0, "ט": 11, "י": 0, "יז": 2, "ינ": 0, "יץ": 0, "יק": 0, "כן": 14, "ך": 0, "ל": 78, "מחל": 105, "מרצ": 2, "נז": 0, "ני": 2, "נף": 0, "נץ": 0, "נק": 0, "נר": 0, "עם": 0, "פה": 72, "ף": 0, "צ": 1, "ץ": 1, "ק": 0, "קי": 0, "קך": 0, "קנ": 0, "קץ": 4, "רז": 1, "שס": 8, "ת": 0, "כתובת קלפי": "הרותם,1 ", "מקום קלפי": "בית תרבות ע\"ש פאני קפלן", "נגישה": " ", "נגישה מיוחדת": " ", "בוחרי כנסת בפועל": 552, "turnout_pct": 55.978260869565219, "אמת_pct": 0.98039215686274506, "אצ_pct": 0.65359477124183007, "ב_pct": 0.0, "ג_pct": 0.0, "ד_pct": 0.0, "ום_pct": 0.0, "ז_pct": 0.0, "זך_pct": 0.0, "זנ_pct": 0.0, "זץ_pct": 0.0, "ט_pct": 3.594771241830065, "י_pct": 0.0, "יז_pct": 0.65359477124183007, "ינ_pct": 0.0, "יץ_pct": 0.0, "יק_pct": 0.0, "כן_pct": 4.5751633986928102, "ך_pct": 0.0, "ל_pct": 25.490196078431371, "מחל_pct": 34.313725490196077, "מרצ_pct": 0.65359477124183007, "נז_pct": 0.0, "ני_pct": 0.65359477124183007, "נף_pct": 0.0, "נץ_pct": 0.0, "נק_pct": 0.0, "נר_pct": 0.0, "עם_pct": 0.0, "פה_pct": 23.52941176470588, "ף_pct": 0.0, "צ_pct": 0.32679738562091504, "ץ_pct": 0.32679738562091504, "ק_pct": 0.0, "קי_pct": 0.0, "קך_pct": 0.0, "קנ_pct": 0.0, "קץ_pct": 1.3071895424836601, "רז_pct": 0.32679738562091504, "שס_pct": 2.6143790849673203, "ת_pct": 0.0, "lat": 32.8197999, "lon": 34.9566347, "neighborhood": "שער העלייה" }, "geometry": { "type": "Point", "coordinates": [ 34.9566347, 32.8197999 ] } },
{ "type": "Feature", "properties": { "סמל ועדה": 7, "ברזל": 2999, "שם ישוב": "חיפה", "סמל ישוב": 4000, "קלפי": "227", "ריכוז": 23, "שופט": 0, "בזב": 648, "מצביעים": 260, "פסולים": 3, "כשרים": 257, "אמת": 5, "אצ": 0, "ב": 2, "ג": 1, "ד": 1, "ום": 2, "ז": 0, "זך": 0, "זנ": 0, "זץ": 0, "ט": 18, "י": 0, "יז": 0, "ינ": 0, "יץ": 0, "יק": 0, "כן": 14, "ך": 0, "ל": 61, "מחל": 76, "מרצ": 4, "נז": 0, "ני": 1, "נף": 0, "נץ": 0, "נק": 0, "נר": 0, "עם": 1, "פה": 60, "ף": 0, "צ": 2, "ץ": 0, "ק": 1, "קי": 0, "קך": 0, "קנ": 1, "קץ": 0, "רז": 0, "שס": 7, "ת": 0, "כתובת קלפי": "החיננית,3 ", "מקום קלפי": "בי\"ס חופית", "נגישה": " ", "נגישה מיוחדת": " ", "בוחרי כנסת בפועל": 648, "turnout_pct": 40.123456790123456, "אמת_pct": 1.9455252918287937, "אצ_pct": 0.0, "ב_pct": 0.77821011673151752, "ג_pct": 0.38910505836575876, "ד_pct": 0.38910505836575876, "ום_pct": 0.77821011673151752, "ז_pct": 0.0, "זך_pct": 0.0, "זנ_pct": 0.0, "זץ_pct": 0.0, "ט_pct": 7.0038910505836576, "י_pct": 0.0, "יז_pct": 0.0, "ינ_pct": 0.0, "יץ_pct": 0.0, "יק_pct": 0.0, "כן_pct": 5.4474708171206228, "ך_pct": 0.0, "ל_pct": 23.735408560311281, "מחל_pct": 29.571984435797667, "מרצ_pct": 1.556420233463035, "נז_pct": 0.0, "ני_pct": 0.38910505836575876, "נף_pct": 0.0, "נץ_pct": 0.0, "נק_pct": 0.0, "נר_pct": 0.0, "עם_pct": 0.38910505836575876, "פה_pct": 23.346303501945524, "ף_pct": 0.0, "צ_pct": 0.77821011673151752, "ץ_pct": 0.0, "ק_pct": 0.38910505836575876, "קי_pct": 0.0, "קך_pct": 0.0, "קנ_pct": 0.38910505836575876, "קץ_pct": 0.0, "רז_pct": 0.0, "שס_pct": 2.7237354085603114, "ת_pct": 0.0, "lat": 32.8166169, "lon": 34.9587936, "neighborhood": "שער העלייה" }, "geometry": { "type": "Point", "coordinates": [ 34.9587936, 32.8166169 ] } },
{ "type": "Feature", "properties": { "סמל ועדה": 7, "ברזל": 3000, "שם ישוב": "חיפה", "סמל ישוב": 4000, "קלפי": "245", "ריכוז": 23, "שופט": 0, "בזב": 483, "מצביעים": 233, "פסולים": 3, "כשרים": 230, "אמת": 2, "אצ": 1, "ב": 1, "ג": 0, "ד": 0, "ום": 0, "ז": 0, "זך": 0, "זנ": 0, "זץ": 0, "ט": 12, "י": 1, "יז": 1, "ינ": 1, "יץ": 0, "יק": 0, "כן": 15, "ך": 0, "ל": 51, "מחל": 82, "מרצ": 5, "נז": 0, "ני": 0, "נף": 0, "נץ": 0, "נק": 0, "נר": 0, "עם": 0, "פה": 40, "ף": 0, "צ": 0, "ץ": 0, "ק": 0, "קי": 0, "קך": 0, "קנ": 0, "קץ": 2, "רז": 0, "שס": 15, "ת": 1, "כתובת קלפי": "החיננית,3 ", "מקום קלפי": "בי\"ס חופית", "נגישה": " ", "נגישה מיוחדת": " ", "בוחרי כנסת בפועל": 483, "turnout_pct": 48.240165631469978, "אמת_pct": 0.86956521739130432, "אצ_pct": 0.43478260869565216, "ב_pct": 0.43478260869565216, "ג_pct": 0.0, "ד_pct": 0.0, "ום_pct": 0.0, "ז_pct": 0.0, "זך_pct": 0.0, "זנ_pct": 0.0, "זץ_pct": 0.0, "ט_pct": 5.2173913043478262, "י_pct": 0.43478260869565216, "יז_pct": 0.43478260869565216, "ינ_pct": 0.43478260869565216, "יץ_pct": 0.0, "יק_pct": 0.0, "כן_pct": 6.5217391304347823, "ך_pct": 0.0, "ל_pct": 22.173913043478262, "מחל_pct": 35.652173913043477, "מרצ_pct": 2.1739130434782608, "נז_pct": 0.0, "ני_pct": 0.0, "נף_pct": 0.0, "נץ_pct": 0.0, "נק_pct": 0.0, "נר_pct": 0.0, "עם_pct": 0.0, "פה_pct": 17.391304347826086, "ף_pct": 0.0, "צ_pct": 0.0, "ץ_pct": 0.0, "ק_pct": 0.0, "קי_pct": 0.0, "קך_pct": 0.0, "קנ_pct": 0.0, "קץ_pct": 0.86956521739130432, "רז_pct": 0.0, "שס_pct": 6.5217391304347823, "ת_pct": 0.43478260869565216, "lat": 32.8166169, "lon": 34.9587936, "neighborhood": "שער העלייה" }, "geometry": { "type": "Point", "coordinates": [ 34.9587936, 32.8166169 ] } },
{ "type": "Feature", "properties": { "סמל ועדה": 7, "ברזל": 3001, "שם ישוב": "חיפה", "סמל ישוב": 4000, "קלפי": "272", "ריכוז": 250, "שופט": 0, "בזב": 584, "מצביעים": 424, "פסולים": 0, "כשרים": 424, "אמת": 12, "אצ": 0, "ב": 1, "ג": 1, "ד": 14, "ום": 24, "ז": 0, "זך": 0, "זנ": 0, "זץ": 0, "ט": 28, "י": 0, "יז": 0, "ינ": 0, "יץ": 0, "יק": 0, "כן": 54, "ך": 0, "ל": 52, "מחל": 108, "מרצ": 13, "נז": 0, "ני": 0, "נף": 0, "נץ": 0, "נק": 0, "נר": 0, "עם": 3, "פה": 103, "ף": 0, "צ": 1, "ץ": 0, "ק": 0, "קי": 0, "קך": 0, "קנ": 0, "קץ": 4, "רז": 0, "שס": 6, "ת": 0, "כתובת קלפי": "שונית,12 ", "מקום קלפי": "אשכול גני ילדים", "נגישה": " ", "נגישה מיוחדת": " ", "בוחרי כנסת בפועל": 584, "turnout_pct": 72.602739726027394, "אמת_pct": 2.8301886792452833, "אצ_pct": 0.0, "ב_pct": 0.23584905660377359, "ג_pct": 0.23584905660377359, "ד_pct": 3.3018867924528301, "ום_pct": 5.6603773584905666, "ז_pct": 0.0, "זך_pct": 0.0, "זנ_pct": 0.0, "זץ_pct": 0.0, "ט_pct": 6.6037735849056602, "י_pct": 0.0, "יז_pct": 0.0, "ינ_pct": 0.0, "יץ_pct": 0.0, "יק_pct": 0.0, "כן_pct": 12.735849056603774, "ך_pct": 0.0, "ל_pct": 12.264150943396226, "מחל_pct": 25.471698113207548, "מרצ_pct": 3.0660377358490565, "נז_pct": 0.0, "ני_pct": 0.0, "נף_pct": 0.0, "נץ_pct": 0.0, "נק_pct": 0.0, "נר_pct": 0.0, "עם_pct": 0.70754716981132082, "פה_pct": 24.29245283018868, "ף_pct": 0.0, "צ_pct": 0.23584905660377359, "ץ_pct": 0.0, "ק_pct": 0.0, "קי_pct": 0.0, "קך_pct": 0.0, "קנ_pct": 0.0, "קץ_pct": 0.94339622641509435, "רז_pct": 0.0, "שס_pct": 1.4150943396226416, "ת_pct": 0.0, "lat": 32.8155111, "lon": 34.9634636, "neighborhood": "רמת חביב (ר. הנשיא), רח' שונית" }, "geometry": { "type": "Point", "coordinates": [ 34.9634636, 32.8155111 ] } },
{ "type": "Feature", "properties": { "סמל ועדה": 7, "ברזל": 3002, "שם ישוב": "חיפה", "סמל ישוב": 4000, "קלפי": "300", "ריכוז": 250, "שופט": 0, "בזב": 581, "מצביעים": 463, "פסולים": 1, "כשרים": 462, "אמת": 9, "אצ": 1, "ב": 3, "ג": 1, "ד": 21, "ום": 41, "ז": 0, "זך": 0, "זנ": 0, "זץ": 0, "ט": 27, "י": 0, "יז": 1, "ינ": 0, "יץ": 0, "יק": 0, "כן": 63, "ך": 0, "ל": 41, "מחל": 129, "מרצ": 12, "נז": 0, "ני": 0, "נף": 0, "נץ": 1, "נק": 0, "נר": 0, "עם": 4, "פה": 97, "ף": 0, "צ": 0, "ץ": 0, "ק": 0, "קי": 0, "קך": 0, "קנ": 0, "קץ": 1, "רז": 0, "שס": 10, "ת": 0, "כתובת קלפי": "שונית,12 ", "מקום קלפי": "אשכול גני ילדים", "נגישה": " ", "נגישה מיוחדת": " ", "בוחרי כנסת בפועל": 581, "turnout_pct": 79.690189328743543, "אמת_pct": 1.948051948051948, "אצ_pct": 0.21645021645021645, "ב_pct": 0.64935064935064934, "ג_pct": 0.21645021645021645, "ד_pct": 4.5454545454545459, "ום_pct": 8.8744588744588757, "ז_pct": 0.0, "זך_pct": 0.0, "זנ_pct": 0.0, "זץ_pct": 0.0, "ט_pct": 5.8441558441558437, "י_pct": 0.0, "יז_pct": 0.21645021645021645, "ינ_pct": 0.0, "יץ_pct": 0.0, "יק_pct": 0.0, "כן_pct": 13.636363636363635, "ך_pct": 0.0, "ל_pct": 8.8744588744588757, "מחל_pct": 27.922077922077921, "מרצ_pct": 2.5974025974025974, "נז_pct": 0.0, "ני_pct": 0.0, "נף_pct": 0.0, "נץ_pct": 0.21645021645021645, "נק_pct": 0.0, "נר_pct": 0.0, "עם_pct": 0.86580086580086579, "פה_pct": 20.995670995670995, "ף_pct": 0.0, "צ_pct": 0.0, "ץ_pct": 0.0, "ק_pct": 0.0, "קי_pct": 0.0, "קך_pct": 0.0, "קנ_pct": 0.0, "קץ_pct": 0.21645021645021645, "רז_pct": 0.0, "שס_pct": 2.1645021645021645, "ת_pct": 0.0, "lat": 32.8155111, "lon": 34.9634636, "neighborhood": "רמת חביב (ר. הנשיא), רח' שונית" }, "geometry": { "type": "Point", "coordinates": [ 34.9634636, 32.8155111 ] } },
{ "type": "Feature", "properties": { "סמל ועדה": 7, "ברזל": 3003, "שם ישוב": "חיפה", "סמל ישוב": 4000, "קלפי": "439", "ריכוז": 248, "שופט": 0, "בזב": 654, "מצביעים": 509, "פסולים": 5, "כשרים": 504, "אמת": 27, "אצ": 3, "ב": 2, "ג": 0, "ד": 6, "ום": 16, "ז": 0, "זך": 0, "זנ": 0, "זץ": 0, "ט": 30, "י": 0, "יז": 3, "ינ": 0, "יץ": 0, "יק": 0, "כן": 71, "ך": 0, "ל": 26, "מחל": 129, "מרצ": 8, "נז": 0, "ני": 0, "נף": 0, "נץ": 0, "נק": 0, "נר": 0, "עם": 5, "פה": 169, "ף": 0, "צ": 0, "ץ": 0, "ק": 1, "קי": 0, "קך": 0, "קנ": 0, "קץ": 1, "רז": 0, "שס": 7, "ת": 0, "כתובת קלפי": "כיכר ואצלב האוול", "מקום קלפי": "בי\"ס נאות פרס", "נגישה": " ", "נגישה מיוחדת": " ", "בוחרי כנסת בפועל": 654, "turnout_pct": 77.828746177370036, "אמת_pct": 5.3571428571428568, "אצ_pct": 0.59523809523809523, "ב_pct": 0.3968253968253968, "ג_pct": 0.0, "ד_pct": 1.1904761904761905, "ום_pct": 3.1746031746031744, "ז_pct": 0.0, "זך_pct": 0.0, "זנ_pct": 0.0, "זץ_pct": 0.0, "ט_pct": 5.9523809523809517, "י_pct": 0.0, "יז_pct": 0.59523809523809523, "ינ_pct": 0.0, "יץ_pct": 0.0, "יק_pct": 0.0, "כן_pct": 14.087301587301587, "ך_pct": 0.0, "ל_pct": 5.1587301587301582, "מחל_pct": 25.595238095238095, "מרצ_pct": 1.5873015873015872, "נז_pct": 0.0, "ני_pct": 0.0, "נף_pct": 0.0, "נץ_pct": 0.0, "נק_pct": 0.0, "נר_pct": 0.0, "עם_pct": 0.99206349206349198, "פה_pct": 33.531746031746032, "ף_pct": 0.0, "צ_pct": 0.0, "ץ_pct": 0.0, "ק_pct": 0.1984126984126984, "קי_pct": 0.0, "קך_pct": 0.0, "קנ_pct": 0.0, "קץ_pct": 0.1984126984126984, "רז_pct": 0.0, "שס_pct": 1.3888888888888888, "ת_pct": 0.0, "lat": 32.7822014, "lon": 34.9677353, "neighborhood": "מרכז הקונגרסים, נאות פרס, יצחק נבון" }, "geometry": { "type": "Point", "coordinates": [ 34.9677353, 32.7822014 ] } },
{ "type": "Feature", "properties": { "סמל ועדה": 7, "ברזל": 3004, "שם ישוב": "חיפה", "סמל ישוב": 4000, "קלפי": "440", "ריכוז": 248, "שופט": 0, "בזב": 544, "מצביעים": 416, "פסולים": 1, "כשרים": 415, "אמת": 14, "אצ": 3, "ב": 4, "ג": 1, "ד": 9, "ום": 13, "ז": 0, "זך": 0, "זנ": 0, "זץ": 0, "ט": 18, "י": 0, "יז": 3, "ינ": 0, "יץ": 0, "יק": 0, "כן": 56, "ך": 0, "ל": 33, "מחל": 101, "מרצ": 11, "נז": 0, "ני": 1, "נף": 0, "נץ": 0, "נק": 0, "נר": 0, "עם": 3, "פה": 138, "ף": 1, "צ": 0, "ץ": 0, "ק": 0, "קי": 0, "קך": 0, "קנ": 0, "קץ": 1, "רז": 0, "שס": 5, "ת": 0, "כתובת קלפי": "כיכר ואצלב האוול", "מקום קלפי": "בי\"ס נאות פרס", "נגישה": " ", "נגישה מיוחדת": " ", "בוחרי כנסת בפועל": 544, "turnout_pct": 76.470588235294116, "אמת_pct": 3.3734939759036147, "אצ_pct": 0.72289156626506024, "ב_pct": 0.96385542168674709, "ג_pct": 0.24096385542168677, "ד_pct": 2.1686746987951806, "ום_pct": 3.132530120481928, "ז_pct": 0.0, "זך_pct": 0.0, "זנ_pct": 0.0, "זץ_pct": 0.0, "ט_pct": 4.3373493975903612, "י_pct": 0.0, "יז_pct": 0.72289156626506024, "ינ_pct": 0.0, "יץ_pct": 0.0, "יק_pct": 0.0, "כן_pct": 13.493975903614459, "ך_pct": 0.0, "ל_pct": 7.9518072289156621, "מחל_pct": 24.337349397590362, "מרצ_pct": 2.6506024096385543, "נז_pct": 0.0, "ני_pct": 0.24096385542168677, "נף_pct": 0.0, "נץ_pct": 0.0, "נק_pct": 0.0, "נר_pct": 0.0, "עם_pct": 0.72289156626506024, "פה_pct": 33.253012048192772, "ף_pct": 0.24096385542168677, "צ_pct": 0.0, "ץ_pct": 0.0, "ק_pct": 0.0, "קי_pct": 0.0, "קך_pct": 0.0, "קנ_pct": 0.0, "קץ_pct": 0.24096385542168677, "רז_pct": 0.0, "שס_pct": 1.2048192771084338, "ת_pct": 0.0, "lat": 32.7822014, "lon": 34.9677353, "neighborhood": "מרכז הקונגרסים, נאות פרס, יצחק נבון" }, "geometry": { "type": "Point", "coordinates": [ 34.9677353, 32.7822014 ] } },
{ "type": "Feature", "properties": { "סמל ועדה": 7, "ברזל": 3005, "שם ישוב": "חיפה", "סמל ישוב": 4000, "קלפי": "441", "ריכוז": 248, "שופט": 0, "בזב": 582, "מצביעים": 474, "פסולים": 0, "כשרים": 474, "אמת": 28, "אצ": 6, "ב": 2, "ג": 1, "ד": 11, "ום": 15, "ז": 0, "זך": 0, "זנ": 0, "זץ": 0, "ט": 21, "י": 1, "יז": 0, "ינ": 0, "יץ": 0, "יק": 0, "כן": 79, "ך": 0, "ל": 37, "מחל": 88, "מרצ": 12, "נז": 0, "ני": 0, "נף": 0, "נץ": 0, "נק": 0, "נר": 0, "עם": 4, "פה": 162, "ף": 0, "צ": 0, "ץ": 0, "ק": 0, "קי": 0, "קך": 0, "קנ": 0, "קץ": 1, "רז": 0, "שס": 6, "ת": 0, "כתובת קלפי": "כיכר ואצלב האוול", "מקום קלפי": "בי\"ס נאות פרס", "נגישה": " ", "נגישה מיוחדת": " ", "בוחרי כנסת בפועל": 582, "turnout_pct": 81.44329896907216, "אמת_pct": 5.9071729957805905, "אצ_pct": 1.2658227848101267, "ב_pct": 0.42194092827004215, "ג_pct": 0.21097046413502107, "ד_pct": 2.3206751054852321, "ום_pct": 3.1645569620253164, "ז_pct": 0.0, "זך_pct": 0.0, "זנ_pct": 0.0, "זץ_pct": 0.0, "ט_pct": 4.4303797468354427, "י_pct": 0.21097046413502107, "יז_pct": 0.0, "ינ_pct": 0.0, "יץ_pct": 0.0, "יק_pct": 0.0, "כן_pct": 16.666666666666664, "ך_pct": 0.0, "ל_pct": 7.8059071729957807, "מחל_pct": 18.565400843881857, "מרצ_pct": 2.5316455696202533, "נז_pct": 0.0, "ני_pct": 0.0, "נף_pct": 0.0, "נץ_pct": 0.0, "נק_pct": 0.0, "נר_pct": 0.0, "עם_pct": 0.8438818565400843, "פה_pct": 34.177215189873415, "ף_pct": 0.0, "צ_pct": 0.0, "ץ_pct": 0.0, "ק_pct": 0.0, "קי_pct": 0.0, "קך_pct": 0.0, "קנ_pct": 0.0, "קץ_pct": 0.21097046413502107, "רז_pct": 0.0, "שס_pct": 1.2658227848101267, "ת_pct": 0.0, "lat": 32.7822014, "lon": 34.9677353, "neighborhood": "מרכז הקונגרסים, נאות פרס, יצחק נבון" }, "geometry": { "type": "Point", "coordinates": [ 34.9677353, 32.7822014 ] } },
{ "type": "Feature", "properties": { "סמל ועדה": 7, "ברזל": 3006, "שם ישוב": "חיפה", "סמל ישוב": 4000, "קלפי": "466", "ריכוז": 250, "שופט": 0, "בזב": 677, "מצביעים": 474, "פסולים": 3, "כשרים": 471, "אמת": 16, "אצ": 0, "ב": 2, "ג": 0, "ד": 12, "ום": 29, "ז": 0, "זך": 0, "זנ": 0, "זץ": 0, "ט": 23, "י": 0, "יז": 0, "ינ": 0, "יץ": 0, "יק": 1, "כן": 54, "ך": 0, "ל": 53, "מחל": 114, "מרצ": 10, "נז": 0, "ני": 0, "נף": 0, "נץ": 1, "נק": 0, "נר": 0, "עם": 9, "פה": 129, "ף": 0, "צ": 0, "ץ": 0, "ק": 0, "קי": 0, "קך": 0, "קנ": 0, "קץ": 3, "רז": 0, "שס": 13, "ת": 2, "כתובת קלפי": "שונית,12 ", "מקום קלפי": "אשכול גני ילדים", "נגישה": " ", "נגישה מיוחדת": " ", "בוחרי כנסת בפועל": 677, "turnout_pct": 70.014771048744464, "אמת_pct": 3.397027600849257, "אצ_pct": 0.0, "ב_pct": 0.42462845010615713, "ג_pct": 0.0, "ד_pct": 2.547770700636943, "ום_pct": 6.1571125265392785, "ז_pct": 0.0, "זך_pct": 0.0, "זנ_pct": 0.0, "זץ_pct": 0.0, "ט_pct": 4.8832271762208075, "י_pct": 0.0, "יז_pct": 0.0, "ינ_pct": 0.0, "יץ_pct": 0.0, "יק_pct": 0.21231422505307856, "כן_pct": 11.464968152866243, "ך_pct": 0.0, "ל_pct": 11.252653927813164, "מחל_pct": 24.203821656050955, "מרצ_pct": 2.1231422505307855, "נז_pct": 0.0, "ני_pct": 0.0, "נף_pct": 0.0, "נץ_pct": 0.21231422505307856, "נק_pct": 0.0, "נר_pct": 0.0, "עם_pct": 1.910828025477707, "פה_pct": 27.388535031847134, "ף_pct": 0.0, "צ_pct": 0.0, "ץ_pct": 0.0, "ק_pct": 0.0, "קי_pct": 0.0, "קך_pct": 0.0, "קנ_pct": 0.0, "קץ_pct": 0.63694267515923575, "רז_pct": 0.0, "שס_pct": 2.7600849256900215, "ת_pct": 0.42462845010615713, "lat": 32.8155111, "lon": 34.9634636, "neighborhood": "רמת חביב (ר. הנשיא), רח' שונית" }, "geometry": { "type": "Point", "coordinates": [ 34.9634636, 32.8155111 ] } },
{ "type": "Feature", "properties": { "סמל ועדה": 7, "ברזל": 3007, "שם ישוב": "חיפה", "סמל ישוב": 4000, "קלפי": "960.1", "ריכוז": 34, "שופט": 0, "בזב": 621, "מצביעים": 259, "פסולים": 2, "כשרים": 257, "אמת": 5, "אצ": 3, "ב": 1, "ג": 1, "ד": 1, "ום": 7, "ז": 0, "זך": 0, "זנ": 0, "זץ": 0, "ט": 22, "י": 0, "יז": 1, "ינ": 1, "יץ": 0, "יק": 0, "כן": 26, "ך": 0, "ל": 26, "מחל": 113, "מרצ": 3, "נז": 0, "ני": 0, "נף": 1, "נץ": 0, "נק": 0, "נר": 0, "עם": 3, "פה": 23, "ף": 0, "צ": 1, "ץ": 0, "ק": 0, "קי": 0, "קך": 1, "קנ": 0, "קץ": 0, "רז": 0, "שס": 18, "ת": 0, "כתובת קלפי": "יהושפט המלך,6 ", "מקום קלפי": "בי\"ס נירים", "נגישה": "כ", "נגישה מיוחדת": "כ", "בוחרי כנסת בפועל": 621, "turnout_pct": 41.706924315619972, "אמת_pct": 1.9455252918287937, "אצ_pct": 1.1673151750972763, "ב_pct": 0.38910505836575876, "ג_pct": 0.38910505836575876, "ד_pct": 0.38910505836575876, "ום_pct": 2.7237354085603114, "ז_pct": 0.0, "זך_pct": 0.0, "זנ_pct": 0.0, "זץ_pct": 0.0, "ט_pct": 8.5603112840466924, "י_pct": 0.0, "יז_pct": 0.38910505836575876, "ינ_pct": 0.38910505836575876, "יץ_pct": 0.0, "יק_pct": 0.0, "כן_pct": 10.116731517509727, "ך_pct": 0.0, "ל_pct": 10.116731517509727, "מחל_pct": 43.968871595330739, "מרצ_pct": 1.1673151750972763, "נז_pct": 0.0, "ני_pct": 0.0, "נף_pct": 0.38910505836575876, "נץ_pct": 0.0, "נק_pct": 0.0, "נר_pct": 0.0, "עם_pct": 1.1673151750972763, "פה_pct": 8.9494163424124515, "ף_pct": 0.0, "צ_pct": 0.38910505836575876, "ץ_pct": 0.0, "ק_pct": 0.0, "קי_pct": 0.0, "קך_pct": 0.38910505836575876, "קנ_pct": 0.0, "קץ_pct": 0.0, "רז_pct": 0.0, "שס_pct": 7.0038910505836576, "ת_pct": 0.0, "lat": 32.8072648, "lon": 34.9612261, "neighborhood": "נוה דוד" }, "geometry": { "type": "Point", "coordinates": [ 34.9612261, 32.8072648 ] } },
{ "type": "Feature", "properties": { "סמל ועדה": 7, "ברזל": 3008, "שם ישוב": "חיפה", "סמל ישוב": 4000, "קלפי": "960.2", "ריכוז": 34, "שופט": 0, "בזב": 621, "מצביעים": 238, "פסולים": 3, "כשרים": 235, "אמת": 5, "אצ": 0, "ב": 1, "ג": 2, "ד": 3, "ום": 7, "ז": 0, "זך": 0, "זנ": 0, "זץ": 0, "ט": 17, "י": 0, "יז": 2, "ינ": 0, "יץ": 0, "יק": 0, "כן": 13, "ך": 0, "ל": 25, "מחל": 106, "מרצ": 5, "נז": 0, "ני": 0, "נף": 0, "נץ": 0, "נק": 0, "נר": 0, "עם": 2, "פה": 26, "ף": 0, "צ": 2, "ץ": 0, "ק": 0, "קי": 0, "קך": 1, "קנ": 0, "קץ": 1, "רז": 1, "שס": 16, "ת": 0, "כתובת קלפי": "יהושפט המלך,6 ", "מקום קלפי": "בי\"ס נירים", "נגישה": "כ", "נגישה מיוחדת": " ", "בוחרי כנסת בפועל": 621, "turnout_pct": 38.325281803542673, "אמת_pct": 2.1276595744680851, "אצ_pct": 0.0, "ב_pct": 0.42553191489361702, "ג_pct": 0.85106382978723405, "ד_pct": 1.2765957446808509, "ום_pct": 2.9787234042553195, "ז_pct": 0.0, "זך_pct": 0.0, "זנ_pct": 0.0, "זץ_pct": 0.0, "ט_pct": 7.2340425531914887, "י_pct": 0.0, "יז_pct": 0.85106382978723405, "ינ_pct": 0.0, "יץ_pct": 0.0, "יק_pct": 0.0, "כן_pct": 5.5319148936170208, "ך_pct": 0.0, "ל_pct": 10.638297872340425, "מחל_pct": 45.106382978723403, "מרצ_pct": 2.1276595744680851, "נז_pct": 0.0, "ני_pct": 0.0, "נף_pct": 0.0, "נץ_pct": 0.0, "נק_pct": 0.0, "נר_pct": 0.0, "עם_pct": 0.85106382978723405, "פה_pct": 11.063829787234042, "ף_pct": 0.0, "צ_pct": 0.85106382978723405, "ץ_pct": 0.0, "ק_pct": 0.0, "קי_pct": 0.0, "קך_pct": 0.42553191489361702, "קנ_pct": 0.0, "קץ_pct": 0.42553191489361702, "רז_pct": 0.42553191489361702, "שס_pct": 6.8085106382978724, "ת_pct": 0.0, "lat": 32.8072648, "lon": 34.9612261, "neighborhood": "נוה דוד" }, "geometry": { "type": "Point", "coordinates": [ 34.9612261, 32.8072648 ] } },
{ "type": "Feature", "properties": { "סמל ועדה": 7, "ברזל": 3009, "שם ישוב": "חיפה", "סמל ישוב": 4000, "קלפי": "960.3", "ריכוז": 34, "שופט": 0, "בזב": 621, "מצביעים": 210, "פסולים": 3, "כשרים": 207, "אמת": 2, "אצ": 1, "ב": 3, "ג": 1, "ד": 1, "ום": 0, "ז": 0, "זך": 0, "זנ": 0, "זץ": 0, "ט": 30, "י": 0, "יז": 1, "ינ": 0, "יץ": 0, "יק": 0, "כן": 14, "ך": 0, "ל": 42, "מחל": 74, "מרצ": 4, "נז": 0, "ני": 1, "נף": 0, "נץ": 0, "נק": 0, "נר": 0, "עם": 0, "פה": 27, "ף": 1, "צ": 0, "ץ": 0, "ק": 0, "קי": 0, "קך": 0, "קנ": 0, "קץ": 2, "רז": 0, "שס": 3, "ת": 0, "כתובת קלפי": "יהושפט המלך,6 ", "מקום קלפי": "בי\"ס נירים", "נגישה": " ", "נגישה מיוחדת": " ", "בוחרי כנסת בפועל": 621, "turnout_pct": 33.816425120772948, "אמת_pct": 0.96618357487922701, "אצ_pct": 0.48309178743961351, "ב_pct": 1.4492753623188406, "ג_pct": 0.48309178743961351, "ד_pct": 0.48309178743961351, "ום_pct": 0.0, "ז_pct": 0.0, "זך_pct": 0.0, "זנ_pct": 0.0, "זץ_pct": 0.0, "ט_pct": 14.492753623188406, "י_pct": 0.0, "יז_pct": 0.48309178743961351, "ינ_pct": 0.0, "יץ_pct": 0.0, "יק_pct": 0.0, "כן_pct": 6.7632850241545892, "ך_pct": 0.0, "ל_pct": 20.289855072463769, "מחל_pct": 35.748792270531396, "מרצ_pct": 1.932367149758454, "נז_pct": 0.0, "ני_pct": 0.48309178743961351, "נף_pct": 0.0, "נץ_pct": 0.0, "נק_pct": 0.0, "נר_pct": 0.0, "עם_pct": 0.0, "פה_pct": 13.043478260869565, "ף_pct": 0.48309178743961351, "צ_pct": 0.0, "ץ_pct": 0.0, "ק_pct": 0.0, "קי_pct": 0.0, "קך_pct": 0.0, "קנ_pct": 0.0, "קץ_pct": 0.96618357487922701, "רז_pct": 0.0, "שס_pct": 1.4492753623188406, "ת_pct": 0.0, "lat": 32.8072648, "lon": 34.9612261, "neighborhood": "נוה דוד" }, "geometry": { "type": "Point", "coordinates": [ 34.9612261, 32.8072648 ] } },
{ "type": "Feature", "properties": { "סמל ועדה": 7, "ברזל": 3010, "שם ישוב": "חיפה", "סמל ישוב": 4000, "קלפי": "966", "ריכוז": 248, "שופט": 0, "בזב": 672, "מצביעים": 512, "פסולים": 3, "כשרים": 509, "אמת": 23, "אצ": 2, "ב": 1, "ג": 0, "ד": 4, "ום": 15, "ז": 0, "זך": 0, "זנ": 0, "זץ": 0, "ט": 27, "י": 0, "יז": 1, "ינ": 0, "יץ": 0, "יק": 0, "כן": 67, "ך": 1, "ל": 22, "מחל": 152, "מרצ": 14, "נז": 0, "ני": 0, "נף": 0, "נץ": 0, "נק": 0, "נר": 0, "עם": 4, "פה": 169, "ף": 0, "צ": 0, "ץ": 0, "ק": 0, "קי": 0, "קך": 0, "קנ": 0, "קץ": 1, "רז": 0, "שס": 6, "ת": 0, "כתובת קלפי": "כיכר ואצלב האוול", "מקום קלפי": "בי\"ס נאות פרס", "נגישה": "כ", "נגישה מיוחדת": " ", "בוחרי כנסת בפועל": 672, "turnout_pct": 76.19047619047619, "אמת_pct": 4.5186640471512778, "אצ_pct": 0.39292730844793711, "ב_pct": 0.19646365422396855, "ג_pct": 0.0, "ד_pct": 0.78585461689587421, "ום_pct": 2.9469548133595285, "ז_pct": 0.0, "זך_pct": 0.0, "זנ_pct": 0.0, "זץ_pct": 0.0, "ט_pct": 5.3045186640471513, "י_pct": 0.0, "יז_pct": 0.19646365422396855, "ינ_pct": 0.0, "יץ_pct": 0.0, "יק_pct": 0.0, "כן_pct": 13.163064833005894, "ך_pct": 0.19646365422396855, "ל_pct": 4.3222003929273081, "מחל_pct": 29.862475442043223, "מרצ_pct": 2.7504911591355601, "נז_pct": 0.0, "ני_pct": 0.0, "נף_pct": 0.0, "נץ_pct": 0.0, "נק_pct": 0.0, "נר_pct": 0.0, "עם_pct": 0.78585461689587421, "פה_pct": 33.20235756385069, "ף_pct": 0.0, "צ_pct": 0.0, "ץ_pct": 0.0, "ק_pct": 0.0, "קי_pct": 0.0, "קך_pct": 0.0, "קנ_pct": 0.0, "קץ_pct": 0.19646365422396855, "רז_pct": 0.0, "שס_pct": 1.1787819253438114, "ת_pct": 0.0, "lat": 32.7822014, "lon": 34.9677353, "neighborhood": "מרכז הקונגרסים, נאות פרס, יצחק נבון" }, "geometry": { "type": "Point", "coordinates": [ 34.9677353, 32.7822014 ] } },
{ "type": "Feature", "properties": { "סמל ועדה": 7, "ברזל": 3011, "שם ישוב": "חיפה", "סמל ישוב": 4000, "קלפי": "968", "ריכוז": 248, "שופט": 0, "בזב": 616, "מצביעים": 461, "פסולים": 2, "כשרים": 459, "אמת": 12, "אצ": 2, "ב": 1, "ג": 0, "ד": 11, "ום": 20, "ז": 0, "זך": 0, "זנ": 0, "זץ": 0, "ט": 26, "י": 0, "יז": 3, "ינ": 0, "יץ": 0, "יק": 0, "כן": 58, "ך": 0, "ל": 30, "מחל": 140, "מרצ": 12, "נז": 0, "ני": 0, "נף": 0, "נץ": 0, "נק": 0, "נר": 0, "עם": 3, "פה": 134, "ף": 0, "צ": 0, "ץ": 0, "ק": 0, "קי": 0, "קך": 0, "קנ": 0, "קץ": 2, "רז": 0, "שס": 5, "ת": 0, "כתובת קלפי": "כיכר ואצלב האוול", "מקום קלפי": "בי\"ס נאות פרס", "נגישה": "כ", "נגישה מיוחדת": "כ", "בוחרי כנסת בפועל": 616, "turnout_pct": 74.837662337662337, "אמת_pct": 2.6143790849673203, "אצ_pct": 0.4357298474945534, "ב_pct": 0.2178649237472767, "ג_pct": 0.0, "ד_pct": 2.3965141612200433, "ום_pct": 4.3572984749455337, "ז_pct": 0.0, "זך_pct": 0.0, "זנ_pct": 0.0, "זץ_pct": 0.0, "ט_pct": 5.6644880174291936, "י_pct": 0.0, "יז_pct": 0.65359477124183007, "ינ_pct": 0.0, "יץ_pct": 0.0, "יק_pct": 0.0, "כן_pct": 12.636165577342048, "ך_pct": 0.0, "ל_pct": 6.5359477124183014, "מחל_pct": 30.501089324618736, "מרצ_pct": 2.6143790849673203, "נז_pct": 0.0, "ני_pct": 0.0, "נף_pct": 0.0, "נץ_pct": 0.0, "נק_pct": 0.0, "נר_pct": 0.0, "עם_pct": 0.65359477124183007, "פה_pct": 29.193899782135073, "ף_pct": 0.0, "צ_pct": 0.0, "ץ_pct": 0.0, "ק_pct": 0.0, "קי_pct": 0.0, "קך_pct": 0.0, "קנ_pct": 0.0, "קץ_pct": 0.4357298474945534, "רז_pct": 0.0, "שס_pct": 1.0893246187363834, "ת_pct": 0.0, "lat": 32.7822014, "lon": 34.9677353, "neighborhood": "מרכז הקונגרסים, נאות פרס, יצחק נבון" }, "geometry": { "type": "Point", "coordinates": [ 34.9677353, 32.7822014 ] } },
{ "type": "Feature", "properties": { "סמל ועדה": 7, "ברזל": 3012, "שם ישוב": "חיפה", "סמל ישוב": 4000, "קלפי": "202", "ריכוז": 22, "שופט": 1, "בזב": 567, "מצביעים": 350, "פסולים": 2, "כשרים": 348, "אמת": 37, "אצ": 2, "ב": 0, "ג": 1, "ד": 7, "ום": 8, "ז": 0, "זך": 0, "זנ": 0, "זץ": 0, "ט": 20, "י": 0, "יז": 2, "ינ": 0, "יץ": 0, "יק": 0, "כן": 43, "ך": 0, "ל": 7, "מחל": 26, "מרצ": 56, "נז": 0, "ני": 0, "נף": 0, "נץ": 0, "נק": 0, "נר": 0, "עם": 0, "פה": 135, "ף": 0, "צ": 0, "ץ": 0, "ק": 0, "קי": 0, "קך": 0, "קנ": 0, "קץ": 2, "רז": 0, "שס": 2, "ת": 0, "כתובת קלפי": "צדקיהו,6 ", "מקום קלפי": "בי\"ס הרצל", "נגישה": " ", "נגישה מיוחדת": " ", "בוחרי כנסת בפועל": 567, "turnout_pct": 61.728395061728392, "אמת_pct": 10.632183908045976, "אצ_pct": 0.57471264367816088, "ב_pct": 0.0, "ג_pct": 0.28735632183908044, "ד_pct": 2.0114942528735633, "ום_pct": 2.2988505747126435, "ז_pct": 0.0, "זך_pct": 0.0, "זנ_pct": 0.0, "זץ_pct": 0.0, "ט_pct": 5.7471264367816088, "י_pct": 0.0, "יז_pct": 0.57471264367816088, "ינ_pct": 0.0, "יץ_pct": 0.0, "יק_pct": 0.0, "כן_pct": 12.35632183908046, "ך_pct": 0.0, "ל_pct": 2.0114942528735633, "מחל_pct": 7.4712643678160928, "מרצ_pct": 16.091954022988507, "נז_pct": 0.0, "ני_pct": 0.0, "נף_pct": 0.0, "נץ_pct": 0.0, "נק_pct": 0.0, "נר_pct": 0.0, "עם_pct": 0.0, "פה_pct": 38.793103448275865, "ף_pct": 0.0, "צ_pct": 0.0, "ץ_pct": 0.0, "ק_pct": 0.0, "קי_pct": 0.0, "קך_pct": 0.0, "קנ_pct": 0.0, "קץ_pct": 0.57471264367816088, "רז_pct": 0.0, "שס_pct": 0.57471264367816088, "ת_pct": 0.0, "lat": 32.7989637, "lon": 34.9810422, "neighborhood": "כרמליה" }, "geometry": { "type": "Point", "coordinates": [ 34.9810422, 32.7989637 ] } },
{ "type": "Feature", "properties": { "סמל ועדה": 7, "ברזל": 3013, "שם ישוב": "חיפה", "סמל ישוב": 4000, "קלפי": "203.1", "ריכוז": 276, "שופט": 0, "בזב": 695, "מצביעים": 410, "פסולים": 0, "כשרים": 410, "אמת": 30, "אצ": 1, "ב": 5, "ג": 1, "ד": 8, "ום": 24, "ז": 0, "זך": 0, "זנ": 0, "זץ": 0, "ט": 9, "י": 0, "יז": 0, "ינ": 0, "יץ": 0, "יק": 0, "כן": 41, "ך": 0, "ל": 17, "מחל": 72, "מרצ": 35, "נז": 0, "ני": 0, "נף": 0, "נץ": 0, "נק": 0, "נר": 0, "עם": 6, "פה": 151, "ף": 0, "צ": 0, "ץ": 0, "ק": 0, "קי": 0, "קך": 0, "קנ": 0, "קץ": 2, "רז": 0, "שס": 7, "ת": 1, "כתובת קלפי": "כ\"ץ יאיר,12 ", "מקום קלפי": "ביס דוד ילין", "נגישה": " ", "נגישה מיוחדת": " ", "בוחרי כנסת בפועל": 695, "turnout_pct": 58.992805755395686, "אמת_pct": 7.3170731707317067, "אצ_pct": 0.24390243902439024, "ב_pct": 1.2195121951219512, "ג_pct": 0.24390243902439024, "ד_pct": 1.9512195121951219, "ום_pct": 5.8536585365853666, "ז_pct": 0.0, "זך_pct": 0.0, "זנ_pct": 0.0, "זץ_pct": 0.0, "ט_pct": 2.1951219512195119, "י_pct": 0.0, "יז_pct": 0.0, "ינ_pct": 0.0, "יץ_pct": 0.0, "יק_pct": 0.0, "כן_pct": 10.0, "ך_pct": 0.0, "ל_pct": 4.1463414634146343, "מחל_pct": 17.560975609756095, "מרצ_pct": 8.536585365853659, "נז_pct": 0.0, "ני_pct": 0.0, "נף_pct": 0.0, "נץ_pct": 0.0, "נק_pct": 0.0, "נר_pct": 0.0, "עם_pct": 1.4634146341463417, "פה_pct": 36.829268292682926, "ף_pct": 0.0, "צ_pct": 0.0, "ץ_pct": 0.0, "ק_pct": 0.0, "קי_pct": 0.0, "קך_pct": 0.0, "קנ_pct": 0.0, "קץ_pct": 0.48780487804878048, "רז_pct": 0.0, "שס_pct": 1.7073170731707319, "ת_pct": 0.24390243902439024, "lat": 32.8008854, "lon": 34.992364, "neighborhood": "כרמל מרכזי- שד' קיש" }, "geometry": { "type": "Point", "coordinates": [ 34.992364, 32.8008854 ] } },
{ "type": "Feature", "properties": { "סמל ועדה": 7, "ברזל": 3014, "שם ישוב": "חיפה", "סמל ישוב": 4000, "קלפי": "203.2", "ריכוז": 276, "שופט": 0, "בזב": 695, "מצביעים": 402, "פסולים": 0, "כשרים": 402, "אמת": 31, "אצ": 1, "ב": 6, "ג": 1, "ד": 16, "ום": 22, "ז": 0, "זך": 0, "זנ": 0, "זץ": 0, "ט": 19, "י": 0, "יז": 0, "ינ": 0, "יץ": 0, "יק": 0, "כן": 45, "ך": 0, "ל": 21, "מחל": 63, "מרצ": 35, "נז": 0, "ני": 0, "נף": 0, "נץ": 0, "נק": 0, "נר": 0, "עם": 6, "פה": 131, "ף": 0, "צ": 0, "ץ": 0, "ק": 0, "קי": 0, "קך": 0, "קנ": 0, "קץ": 2, "רז": 0, "שס": 3, "ת": 0, "כתובת קלפי": "כ\"ץ יאיר,12 ", "מקום קלפי": "ביס דוד ילין", "נגישה": " ", "נגישה מיוחדת": " ", "בוחרי כנסת בפועל": 695, "turnout_pct": 57.841726618705039, "אמת_pct": 7.7114427860696511, "אצ_pct": 0.24875621890547264, "ב_pct": 1.4925373134328357, "ג_pct": 0.24875621890547264, "ד_pct": 3.9800995024875623, "ום_pct": 5.4726368159203984, "ז_pct": 0.0, "זך_pct": 0.0, "זנ_pct": 0.0, "זץ_pct": 0.0, "ט_pct": 4.7263681592039797, "י_pct": 0.0, "יז_pct": 0.0, "ינ_pct": 0.0, "יץ_pct": 0.0, "יק_pct": 0.0, "כן_pct": 11.194029850746269, "ך_pct": 0.0, "ל_pct": 5.2238805970149249, "מחל_pct": 15.671641791044777, "מרצ_pct": 8.7064676616915424, "נז_pct": 0.0, "ני_pct": 0.0, "נף_pct": 0.0, "נץ_pct": 0.0, "נק_pct": 0.0, "נר_pct": 0.0, "עם_pct": 1.4925373134328357, "פה_pct": 32.587064676616919, "ף_pct": 0.0, "צ_pct": 0.0, "ץ_pct": 0.0, "ק_pct": 0.0, "קי_pct": 0.0, "קך_pct": 0.0, "קנ_pct": 0.0, "קץ_pct": 0.49751243781094528, "רז_pct": 0.0, "שס_pct": 0.74626865671641784, "ת_pct": 0.0, "lat": 32.8008854, "lon": 34.992364, "neighborhood": "כרמל מרכזי- שד' קיש" }, "geometry": { "type": "Point", "coordinates": [ 34.992364, 32.8008854 ] } },
{ "type": "Feature", "properties": { "סמל ועדה": 7, "ברזל": 3015, "שם ישוב": "חיפה", "סמל ישוב": 4000, "קלפי": "203.3", "ריכוז": 276, "שופט": 0, "בזב": 693, "מצביעים": 402, "פסולים": 2, "כשרים": 400, "אמת": 28, "אצ": 1, "ב": 3, "ג": 1, "ד": 3, "ום": 25, "ז": 0, "זך": 0, "זנ": 0, "זץ": 0, "ט": 18, "י": 1, "יז": 0, "ינ": 0, "יץ": 0, "יק": 0, "כן": 43, "ך": 0, "ל": 17, "מחל": 55, "מרצ": 49, "נז": 0, "ני": 0, "נף": 0, "נץ": 0, "נק": 0, "נר": 0, "עם": 1, "פה": 146, "ף": 0, "צ": 0, "ץ": 0, "ק": 0, "קי": 0, "קך": 0, "קנ": 0, "קץ": 2, "רז": 0, "שס": 7, "ת": 0, "כתובת קלפי": "כ\"ץ יאיר,12 ", "מקום קלפי": "ביס דוד ילין", "נגישה": " ", "נגישה מיוחדת": " ", "בוחרי כנסת בפועל": 693, "turnout_pct": 58.00865800865801, "אמת_pct": 7.0000000000000009, "אצ_pct": 0.25, "ב_pct": 0.75, "ג_pct": 0.25, "ד_pct": 0.75, "ום_pct": 6.25, "ז_pct": 0.0, "זך_pct": 0.0, "זנ_pct": 0.0, "זץ_pct": 0.0, "ט_pct": 4.5, "י_pct": 0.25, "יז_pct": 0.0, "ינ_pct": 0.0, "יץ_pct": 0.0, "יק_pct": 0.0, "כן_pct": 10.75, "ך_pct": 0.0, "ל_pct": 4.25, "מחל_pct": 13.75, "מרצ_pct": 12.25, "נז_pct": 0.0, "ני_pct": 0.0, "נף_pct": 0.0, "נץ_pct": 0.0, "נק_pct": 0.0, "נר_pct": 0.0, "עם_pct": 0.25, "פה_pct": 36.5, "ף_pct": 0.0, "צ_pct": 0.0, "ץ_pct": 0.0, "ק_pct": 0.0, "קי_pct": 0.0, "קך_pct": 0.0, "קנ_pct": 0.0, "קץ_pct": 0.5, "רז_pct": 0.0, "שס_pct": 1.75, "ת_pct": 0.0, "lat": 32.8008854, "lon": 34.992364, "neighborhood": "כרמל מרכזי- שד' קיש" }, "geometry": { "type": "Point", "coordinates": [ 34.992364, 32.8008854 ] } },
{ "type": "Feature", "properties": { "סמל ועדה": 7, "ברזל": 3016, "שם ישוב": "חיפה", "סמל ישוב": 4000, "קלפי": "212.1", "ריכוז": 260, "שופט": 0, "בזב": 628, "מצביעים": 412, "פסולים": 2, "כשרים": 410, "אמת": 37, "אצ": 0, "ב": 2, "ג": 0, "ד": 2, "ום": 5, "ז": 0, "זך": 0, "זנ": 0, "זץ": 0, "ט": 13, "י": 0, "יז": 3, "ינ": 0, "יץ": 0, "יק": 0, "כן": 51, "ך": 0, "ל": 11, "מחל": 63, "מרצ": 51, "נז": 0, "ני": 0, "נף": 0, "נץ": 0, "נק": 0, "נר": 0, "עם": 1, "פה": 164, "ף": 0, "צ": 0, "ץ": 0, "ק": 0, "קי": 0, "קך": 0, "קנ": 0, "קץ": 6, "רז": 0, "שס": 1, "ת": 0, "כתובת קלפי": "לוטוס,16 ", "מקום קלפי": "בית ספר הרצל - שלוחה", "נגישה": " ", "נגישה מיוחדת": " ", "בוחרי כנסת בפועל": 628, "turnout_pct": 65.605095541401269, "אמת_pct": 9.0243902439024382, "אצ_pct": 0.0, "ב_pct": 0.48780487804878048, "ג_pct": 0.0, "ד_pct": 0.48780487804878048, "ום_pct": 1.2195121951219512, "ז_pct": 0.0, "זך_pct": 0.0, "זנ_pct": 0.0, "זץ_pct": 0.0, "ט_pct": 3.1707317073170733, "י_pct": 0.0, "יז_pct": 0.73170731707317083, "ינ_pct": 0.0, "יץ_pct": 0.0, "יק_pct": 0.0, "כן_pct": 12.439024390243903, "ך_pct": 0.0, "ל_pct": 2.6829268292682928, "מחל_pct": 15.365853658536585, "מרצ_pct": 12.439024390243903, "נז_pct": 0.0, "ני_pct": 0.0, "נף_pct": 0.0, "נץ_pct": 0.0, "נק_pct": 0.0, "נר_pct": 0.0, "עם_pct": 0.24390243902439024, "פה_pct": 40.0, "ף_pct": 0.0, "צ_pct": 0.0, "ץ_pct": 0.0, "ק_pct": 0.0, "קי_pct": 0.0, "קך_pct": 0.0, "קנ_pct": 0.0, "קץ_pct": 1.4634146341463417, "רז_pct": 0.0, "שס_pct": 0.24390243902439024, "ת_pct": 0.0, "lat": 32.7984314, "lon": 34.9816089, "neighborhood": "כרמליה" }, "geometry": { "type": "Point", "coordinates": [ 34.9816089, 32.7984314 ] } },
{ "type": "Feature", "properties": { "סמל ועדה": 7, "ברזל": 3017, "שם ישוב": "חיפה", "סמל ישוב": 4000, "קלפי": "212.2", "ריכוז": 260, "שופט": 0, "בזב": 628, "מצביעים": 410, "פסולים": 1, "כשרים": 409, "אמת": 26, "אצ": 2, "ב": 1, "ג": 1, "ד": 7, "ום": 9, "ז": 0, "זך": 0, "זנ": 0, "זץ": 0, "ט": 10, "י": 0, "יז": 1, "ינ": 0, "יץ": 0, "יק": 0, "כן": 58, "ך": 0, "ל": 20, "מחל": 54, "מרצ": 32, "נז": 0, "ני": 0, "נף": 0, "נץ": 0, "נק": 0, "נר": 0, "עם": 2, "פה": 178, "ף": 0, "צ": 0, "ץ": 0, "ק": 2, "קי": 0, "קך": 0, "קנ": 0, "קץ": 5, "רז": 0, "שס": 1, "ת": 0, "כתובת קלפי": "לוטוס,16 ", "מקום קלפי": "בית ספר הרצל - שלוחה", "נגישה": " ", "נגישה מיוחדת": " ", "בוחרי כנסת בפועל": 628, "turnout_pct": 65.286624203821646, "אמת_pct": 6.3569682151589246, "אצ_pct": 0.48899755501222492, "ב_pct": 0.24449877750611246, "ג_pct": 0.24449877750611246, "ד_pct": 1.7114914425427872, "ום_pct": 2.2004889975550124, "ז_pct": 0.0, "זך_pct": 0.0, "זנ_pct": 0.0, "זץ_pct": 0.0, "ט_pct": 2.4449877750611249, "י_pct": 0.0, "יז_pct": 0.24449877750611246, "ינ_pct": 0.0, "יץ_pct": 0.0, "יק_pct": 0.0, "כן_pct": 14.180929095354522, "ך_pct": 0.0, "ל_pct": 4.8899755501222497, "מחל_pct": 13.202933985330073, "מרצ_pct": 7.8239608801955987, "נז_pct": 0.0, "ני_pct": 0.0, "נף_pct": 0.0, "נץ_pct": 0.0, "נק_pct": 0.0, "נר_pct": 0.0, "עם_pct": 0.48899755501222492, "פה_pct": 43.520782396088023, "ף_pct": 0.0, "צ_pct": 0.0, "ץ_pct": 0.0, "ק_pct": 0.48899755501222492, "קי_pct": 0.0, "קך_pct": 0.0, "קנ_pct": 0.0, "קץ_pct": 1.2224938875305624, "רז_pct": 0.0, "שס_pct": 0.24449877750611246, "ת_pct": 0.0, "lat": 32.7984314, "lon": 34.9816089, "neighborhood": "כרמליה" }, "geometry": { "type": "Point", "coordinates": [ 34.9816089, 32.7984314 ] } },
{ "type": "Feature", "properties": { "סמל ועדה": 7, "ברזל": 3018, "שם ישוב": "חיפה", "סמל ישוב": 4000, "קלפי": "212.3", "ריכוז": 260, "שופט": 0, "בזב": 626, "מצביעים": 402, "פסולים": 0, "כשרים": 402, "אמת": 31, "אצ": 1, "ב": 7, "ג": 2, "ד": 1, "ום": 1, "ז": 0, "זך": 0, "זנ": 0, "זץ": 0, "ט": 8, "י": 0, "יז": 0, "ינ": 0, "יץ": 0, "יק": 0, "כן": 54, "ך": 0, "ל": 9, "מחל": 45, "מרצ": 63, "נז": 0, "ני": 0, "נף": 0, "נץ": 0, "נק": 0, "נר": 0, "עם": 0, "פה": 176, "ף": 0, "צ": 0, "ץ": 0, "ק": 0, "קי": 0, "קך": 0, "קנ": 0, "קץ": 2, "רז": 0, "שס": 2, "ת": 0, "כתובת קלפי": "לוטוס,16 ", "מקום קלפי": "בית ספר הרצל - שלוחה", "נגישה": " ", "נגישה מיוחדת": " ", "בוחרי כנסת בפועל": 626, "turnout_pct": 64.217252396166131, "אמת_pct": 7.7114427860696511, "אצ_pct": 0.24875621890547264, "ב_pct": 1.7412935323383085, "ג_pct": 0.49751243781094528, "ד_pct": 0.24875621890547264, "ום_pct": 0.24875621890547264, "ז_pct": 0.0, "זך_pct": 0.0, "זנ_pct": 0.0, "זץ_pct": 0.0, "ט_pct": 1.9900497512437811, "י_pct": 0.0, "יז_pct": 0.0, "ינ_pct": 0.0, "יץ_pct": 0.0, "יק_pct": 0.0, "כן_pct": 13.432835820895523, "ך_pct": 0.0, "ל_pct": 2.2388059701492535, "מחל_pct": 11.194029850746269, "מרצ_pct": 15.671641791044777, "נז_pct": 0.0, "ני_pct": 0.0, "נף_pct": 0.0, "נץ_pct": 0.0, "נק_pct": 0.0, "נר_pct": 0.0, "עם_pct": 0.0, "פה_pct": 43.781094527363187, "ף_pct": 0.0, "צ_pct": 0.0, "ץ_pct": 0.0, "ק_pct": 0.0, "קי_pct": 0.0, "קך_pct": 0.0, "קנ_pct": 0.0, "קץ_pct": 0.49751243781094528, "רז_pct": 0.0, "שס_pct": 0.49751243781094528, "ת_pct": 0.0, "lat": 32.7984314, "lon": 34.9816089, "neighborhood": "כרמליה" }, "geometry": { "type": "Point", "coordinates": [ 34.9816089, 32.7984314 ] } },
{ "type": "Feature", "properties": { "סמל ועדה": 7, "ברזל": 3019, "שם ישוב": "חיפה", "סמל ישוב": 4000, "קלפי": "213", "ריכוז": 22, "שופט": 0, "בזב": 683, "מצביעים": 453, "פסולים": 3, "כשרים": 450, "אמת": 45, "אצ": 3, "ב": 1, "ג": 2, "ד": 1, "ום": 4, "ז": 0, "זך": 0, "זנ": 0, "זץ": 0, "ט": 14, "י": 0, "יז": 2, "ינ": 0, "יץ": 0, "יק": 0, "כן": 47, "ך": 0, "ל": 21, "מחל": 59, "מרצ": 55, "נז": 0, "ני": 0, "נף": 0, "נץ": 0, "נק": 0, "נר": 1, "עם": 0, "פה": 192, "ף": 0, "צ": 0, "ץ": 0, "ק": 0, "קי": 0, "קך": 0, "קנ": 0, "קץ": 1, "רז": 0, "שס": 2, "ת": 0, "כתובת קלפי": "צדקיהו,6 ", "מקום קלפי": "בי\"ס הרצל", "נגישה": " ", "נגישה מיוחדת": " ", "בוחרי כנסת בפועל": 683, "turnout_pct": 66.325036603221093, "אמת_pct": 10.0, "אצ_pct": 0.66666666666666674, "ב_pct": 0.22222222222222221, "ג_pct": 0.44444444444444442, "ד_pct": 0.22222222222222221, "ום_pct": 0.88888888888888884, "ז_pct": 0.0, "זך_pct": 0.0, "זנ_pct": 0.0, "זץ_pct": 0.0, "ט_pct": 3.1111111111111112, "י_pct": 0.0, "יז_pct": 0.44444444444444442, "ינ_pct": 0.0, "יץ_pct": 0.0, "יק_pct": 0.0, "כן_pct": 10.444444444444445, "ך_pct": 0.0, "ל_pct": 4.666666666666667, "מחל_pct": 13.111111111111112, "מרצ_pct": 12.222222222222221, "נז_pct": 0.0, "ני_pct": 0.0, "נף_pct": 0.0, "נץ_pct": 0.0, "נק_pct": 0.0, "נר_pct": 0.22222222222222221, "עם_pct": 0.0, "פה_pct": 42.666666666666671, "ף_pct": 0.0, "צ_pct": 0.0, "ץ_pct": 0.0, "ק_pct": 0.0, "קי_pct": 0.0, "קך_pct": 0.0, "קנ_pct": 0.0, "קץ_pct": 0.22222222222222221, "רז_pct": 0.0, "שס_pct": 0.44444444444444442, "ת_pct": 0.0, "lat": 32.7989637, "lon": 34.9810422, "neighborhood": "כרמליה" }, "geometry": { "type": "Point", "coordinates": [ 34.9810422, 32.7989637 ] } },
{ "type": "Feature", "properties": { "סמל ועדה": 7, "ברזל": 3020, "שם ישוב": "חיפה", "סמל ישוב": 4000, "קלפי": "214", "ריכוז": 22, "שופט": 0, "בזב": 513, "מצביעים": 310, "פסולים": 0, "כשרים": 310, "אמת": 29, "אצ": 0, "ב": 2, "ג": 0, "ד": 3, "ום": 8, "ז": 0, "זך": 0, "זנ": 0, "זץ": 0, "ט": 7, "י": 0, "יז": 0, "ינ": 0, "יץ": 0, "יק": 0, "כן": 38, "ך": 0, "ל": 9, "מחל": 49, "מרצ": 37, "נז": 0, "ני": 0, "נף": 0, "נץ": 0, "נק": 0, "נר": 0, "עם": 1, "פה": 121, "ף": 0, "צ": 1, "ץ": 0, "ק": 0, "קי": 0, "קך": 0, "קנ": 0, "קץ": 5, "רז": 0, "שס": 0, "ת": 0, "כתובת קלפי": "צדקיהו,6 ", "מקום קלפי": "בי\"ס הרצל", "נגישה": " ", "נגישה מיוחדת": " ", "בוחרי כנסת בפועל": 513, "turnout_pct": 60.428849902534111, "אמת_pct": 9.3548387096774199, "אצ_pct": 0.0, "ב_pct": 0.64516129032258063, "ג_pct": 0.0, "ד_pct": 0.967741935483871, "ום_pct": 2.5806451612903225, "ז_pct": 0.0, "זך_pct": 0.0, "זנ_pct": 0.0, "זץ_pct": 0.0, "ט_pct": 2.258064516129032, "י_pct": 0.0, "יז_pct": 0.0, "ינ_pct": 0.0, "יץ_pct": 0.0, "יק_pct": 0.0, "כן_pct": 12.258064516129032, "ך_pct": 0.0, "ל_pct": 2.903225806451613, "מחל_pct": 15.806451612903224, "מרצ_pct": 11.935483870967742, "נז_pct": 0.0, "ני_pct": 0.0, "נף_pct": 0.0, "נץ_pct": 0.0, "נק_pct": 0.0, "נר_pct": 0.0, "עם_pct": 0.32258064516129031, "פה_pct": 39.032258064516128, "ף_pct": 0.0, "צ_pct": 0.32258064516129031, "ץ_pct": 0.0, "ק_pct": 0.0, "קי_pct": 0.0, "קך_pct": 0.0, "קנ_pct": 0.0, "קץ_pct": 1.6129032258064515, "רז_pct": 0.0, "שס_pct": 0.0, "ת_pct": 0.0, "lat": 32.7989637, "lon": 34.9810422, "neighborhood": "כרמליה" }, "geometry": { "type": "Point", "coordinates": [ 34.9810422, 32.7989637 ] } },
{ "type": "Feature", "properties": { "סמל ועדה": 7, "ברזל": 3021, "שם ישוב": "חיפה", "סמל ישוב": 4000, "קלפי": "216", "ריכוז": 102, "שופט": 0, "בזב": 524, "מצביעים": 323, "פסולים": 1, "כשרים": 322, "אמת": 33, "אצ": 0, "ב": 0, "ג": 1, "ד": 5, "ום": 9, "ז": 0, "זך": 0, "זנ": 0, "זץ": 0, "ט": 3, "י": 0, "יז": 1, "ינ": 0, "יץ": 0, "יק": 0, "כן": 34, "ך": 0, "ל": 18, "מחל": 37, "מרצ": 33, "נז": 0, "ני": 0, "נף": 0, "נץ": 0, "נק": 0, "נר": 0, "עם": 2, "פה": 143, "ף": 0, "צ": 0, "ץ": 0, "ק": 0, "קי": 0, "קך": 0, "קנ": 0, "קץ": 2, "רז": 0, "שס": 1, "ת": 0, "כתובת קלפי": "הלילך,26 ", "מקום קלפי": "גן שקמה", "נגישה": " ", "נגישה מיוחדת": " ", "בוחרי כנסת בפועל": 524, "turnout_pct": 61.641221374045806, "אמת_pct": 10.248447204968944, "אצ_pct": 0.0, "ב_pct": 0.0, "ג_pct": 0.3105590062111801, "ד_pct": 1.5527950310559007, "ום_pct": 2.7950310559006213, "ז_pct": 0.0, "זך_pct": 0.0, "זנ_pct": 0.0, "זץ_pct": 0.0, "ט_pct": 0.93167701863354035, "י_pct": 0.0, "יז_pct": 0.3105590062111801, "ינ_pct": 0.0, "יץ_pct": 0.0, "יק_pct": 0.0, "כן_pct": 10.559006211180124, "ך_pct": 0.0, "ל_pct": 5.5900621118012426, "מחל_pct": 11.490683229813664, "מרצ_pct": 10.248447204968944, "נז_pct": 0.0, "ני_pct": 0.0, "נף_pct": 0.0, "נץ_pct": 0.0, "נק_pct": 0.0, "נר_pct": 0.0, "עם_pct": 0.6211180124223602, "פה_pct": 44.409937888198755, "ף_pct": 0.0, "צ_pct": 0.0, "ץ_pct": 0.0, "ק_pct": 0.0, "קי_pct": 0.0, "קך_pct": 0.0, "קנ_pct": 0.0, "קץ_pct": 0.6211180124223602, "רז_pct": 0.0, "שס_pct": 0.3105590062111801, "ת_pct": 0.0, "lat": 32.8018169, "lon": 34.9808741, "neighborhood": "כבירים" }, "geometry": { "type": "Point", "coordinates": [ 34.9808741, 32.8018169 ] } },
{ "type": "Feature", "properties": { "סמל ועדה": 7, "ברזל": 3022, "שם ישוב": "חיפה", "סמל ישוב": 4000, "קלפי": "241", "ריכוז": 98, "שופט": 1, "בזב": 669, "מצביעים": 471, "פסולים": 0, "כשרים": 471, "אמת": 48, "אצ": 2, "ב": 17, "ג": 0, "ד": 4, "ום": 2, "ז": 0, "זך": 0, "זנ": 0, "זץ": 0, "ט": 12, "י": 0, "יז": 0, "ינ": 0, "יץ": 0, "יק": 0, "כן": 54, "ך": 0, "ל": 17, "מחל": 54, "מרצ": 43, "נז": 0, "ני": 0, "נף": 0, "נץ": 0, "נק": 0, "נר": 0, "עם": 0, "פה": 206, "ף": 0, "צ": 0, "ץ": 0, "ק": 2, "קי": 0, "קך": 0, "קנ": 1, "קץ": 7, "רז": 0, "שס": 2, "ת": 0, "כתובת קלפי": "לאה,11 ", "מקום קלפי": "גן מעין", "נגישה": " ", "נגישה מיוחדת": " ", "בוחרי כנסת בפועל": 669, "turnout_pct": 70.403587443946194, "אמת_pct": 10.191082802547772, "אצ_pct": 0.42462845010615713, "ב_pct": 3.6093418259023355, "ג_pct": 0.0, "ד_pct": 0.84925690021231426, "ום_pct": 0.42462845010615713, "ז_pct": 0.0, "זך_pct": 0.0, "זנ_pct": 0.0, "זץ_pct": 0.0, "ט_pct": 2.547770700636943, "י_pct": 0.0, "יז_pct": 0.0, "ינ_pct": 0.0, "יץ_pct": 0.0, "יק_pct": 0.0, "כן_pct": 11.464968152866243, "ך_pct": 0.0, "ל_pct": 3.6093418259023355, "מחל_pct": 11.464968152866243, "מרצ_pct": 9.1295116772823768, "נז_pct": 0.0, "ני_pct": 0.0, "נף_pct": 0.0, "נץ_pct": 0.0, "נק_pct": 0.0, "נר_pct": 0.0, "עם_pct": 0.0, "פה_pct": 43.736730360934182, "ף_pct": 0.0, "צ_pct": 0.0, "ץ_pct": 0.0, "ק_pct": 0.42462845010615713, "קי_pct": 0.0, "קך_pct": 0.0, "קנ_pct": 0.21231422505307856, "קץ_pct": 1.48619957537155, "רז_pct": 0.0, "שס_pct": 0.42462845010615713, "ת_pct": 0.0, "lat": 32.7960489, "lon": 34.9769646, "neighborhood": "כרמליה" }, "geometry": { "type": "Point", "coordinates": [ 34.9769646, 32.7960489 ] } },
{ "type": "Feature", "properties": { "סמל ועדה": 7, "ברזל": 3023, "שם ישוב": "חיפה", "סמל ישוב": 4000, "קלפי": "250.1", "ריכוז": 52, "שופט": 0, "בזב": 578, "מצביעים": 364, "פסולים": 2, "כשרים": 362, "אמת": 23, "אצ": 5, "ב": 1, "ג": 2, "ד": 3, "ום": 3, "ז": 0, "זך": 0, "זנ": 0, "זץ": 0, "ט": 20, "י": 0, "יז": 1, "ינ": 0, "יץ": 0, "יק": 0, "כן": 55, "ך": 0, "ל": 21, "מחל": 58, "מרצ": 25, "נז": 0, "ני": 0, "נף": 0, "נץ": 0, "נק": 0, "נר": 0, "עם": 0, "פה": 134, "ף": 0, "צ": 0, "ץ": 0, "ק": 0, "קי": 0, "קך": 1, "קנ": 0, "קץ": 4, "רז": 0, "שס": 6, "ת": 0, "כתובת קלפי": "ביכורים,27 ", "מקום קלפי": "בי\"ס תיכון עירוני ה", "נגישה": "כ", "נגישה מיוחדת": "כ", "בוחרי כנסת בפועל": 578, "turnout_pct": 62.975778546712803, "אמת_pct": 6.3535911602209953, "אצ_pct": 1.3812154696132597, "ב_pct": 0.27624309392265189, "ג_pct": 0.55248618784530379, "ד_pct": 0.82872928176795579, "ום_pct": 0.82872928176795579, "ז_pct": 0.0, "זך_pct": 0.0, "זנ_pct": 0.0, "זץ_pct": 0.0, "ט_pct": 5.5248618784530388, "י_pct": 0.0, "יז_pct": 0.27624309392265189, "ינ_pct": 0.0, "יץ_pct": 0.0, "יק_pct": 0.0, "כן_pct": 15.193370165745856, "ך_pct": 0.0, "ל_pct": 5.8011049723756907, "מחל_pct": 16.022099447513813, "מרצ_pct": 6.9060773480662991, "נז_pct": 0.0, "ני_pct": 0.0, "נף_pct": 0.0, "נץ_pct": 0.0, "נק_pct": 0.0, "נר_pct": 0.0, "עם_pct": 0.0, "פה_pct": 37.016574585635361, "ף_pct": 0.0, "צ_pct": 0.0, "ץ_pct": 0.0, "ק_pct": 0.0, "קי_pct": 0.0, "קך_pct": 0.27624309392265189, "קנ_pct": 0.0, "קץ_pct": 1.1049723756906076, "רז_pct": 0.0, "שס_pct": 1.6574585635359116, "ת_pct": 0.0, "lat": 32.7983413, "lon": 34.9870973, "neighborhood": "מרכז הכרמל" }, "geometry": { "type": "Point", "coordinates": [ 34.9870973, 32.7983413 ] } },
{ "type": "Feature", "properties": { "סמל ועדה": 7, "ברזל": 3024, "שם ישוב": "חיפה", "סמל ישוב": 4000, "קלפי": "250.2", "ריכוז": 52, "שופט": 0, "בזב": 578, "מצביעים": 356, "פסולים": 2, "כשרים": 354, "אמת": 30, "אצ": 2, "ב": 3, "ג": 3, "ד": 1, "ום": 2, "ז": 0, "זך": 0, "זנ": 0, "זץ": 0, "ט": 10, "י": 0, "יז": 0, "ינ": 0, "יץ": 0, "יק": 1, "כן": 50, "ך": 0, "ל": 18, "מחל": 63, "מרצ": 31, "נז": 0, "ני": 0, "נף": 0, "נץ": 0, "נק": 0, "נר": 0, "עם": 2, "פה": 130, "ף": 0, "צ": 1, "ץ": 0, "ק": 1, "קי": 0, "קך": 0, "קנ": 0, "קץ": 4, "רז": 0, "שס": 2, "ת": 0, "כתובת קלפי": "ביכורים,27 ", "מקום קלפי": "בי\"ס תיכון עירוני ה", "נגישה": "כ", "נגישה מיוחדת": " ", "בוחרי כנסת בפועל": 578, "turnout_pct": 61.591695501730101, "אמת_pct": 8.4745762711864394, "אצ_pct": 0.56497175141242939, "ב_pct": 0.84745762711864403, "ג_pct": 0.84745762711864403, "ד_pct": 0.2824858757062147, "ום_pct": 0.56497175141242939, "ז_pct": 0.0, "זך_pct": 0.0, "זנ_pct": 0.0, "זץ_pct": 0.0, "ט_pct": 2.8248587570621471, "י_pct": 0.0, "יז_pct": 0.0, "ינ_pct": 0.0, "יץ_pct": 0.0, "יק_pct": 0.2824858757062147, "כן_pct": 14.124293785310735, "ך_pct": 0.0, "ל_pct": 5.0847457627118651, "מחל_pct": 17.796610169491526, "מרצ_pct": 8.7570621468926557, "נז_pct": 0.0, "ני_pct": 0.0, "נף_pct": 0.0, "נץ_pct": 0.0, "נק_pct": 0.0, "נר_pct": 0.0, "עם_pct": 0.56497175141242939, "פה_pct": 36.72316384180791, "ף_pct": 0.0, "צ_pct": 0.2824858757062147, "ץ_pct": 0.0, "ק_pct": 0.2824858757062147, "קי_pct": 0.0, "קך_pct": 0.0, "קנ_pct": 0.0, "קץ_pct": 1.1299435028248588, "רז_pct": 0.0, "שס_pct": 0.56497175141242939, "ת_pct": 0.0, "lat": 32.7983413, "lon": 34.9870973, "neighborhood": "מרכז הכרמל" }, "geometry": { "type": "Point", "coordinates": [ 34.9870973, 32.7983413 ] } },
{ "type": "Feature", "properties": { "סמל ועדה": 7, "ברזל": 3025, "שם ישוב": "חיפה", "סמל ישוב": 4000, "קלפי": "250.3", "ריכוז": 52, "שופט": 0, "בזב": 578, "מצביעים": 332, "פסולים": 4, "כשרים": 328, "אמת": 19, "אצ": 3, "ב": 2, "ג": 0, "ד": 3, "ום": 3, "ז": 0, "זך": 0, "זנ": 0, "זץ": 0, "ט": 8, "י": 0, "יז": 2, "ינ": 0, "יץ": 0, "יק": 0, "כן": 37, "ך": 0, "ל": 13, "מחל": 67, "מרצ": 24, "נז": 0, "ני": 0, "נף": 0, "נץ": 0, "נק": 0, "נר": 0, "עם": 0, "פה": 138, "ף": 2, "צ": 2, "ץ": 0, "ק": 1, "קי": 0, "קך": 0, "קנ": 0, "קץ": 1, "רז": 0, "שס": 3, "ת": 0, "כתובת קלפי": "ביכורים,27 ", "מקום קלפי": "בי\"ס תיכון עירוני ה", "נגישה": "כ", "נגישה מיוחדת": " ", "בוחרי כנסת בפועל": 578, "turnout_pct": 57.439446366782008, "אמת_pct": 5.7926829268292686, "אצ_pct": 0.91463414634146334, "ב_pct": 0.6097560975609756, "ג_pct": 0.0, "ד_pct": 0.91463414634146334, "ום_pct": 0.91463414634146334, "ז_pct": 0.0, "זך_pct": 0.0, "זנ_pct": 0.0, "זץ_pct": 0.0, "ט_pct": 2.4390243902439024, "י_pct": 0.0, "יז_pct": 0.6097560975609756, "ינ_pct": 0.0, "יץ_pct": 0.0, "יק_pct": 0.0, "כן_pct": 11.280487804878049, "ך_pct": 0.0, "ל_pct": 3.9634146341463414, "מחל_pct": 20.426829268292682, "מרצ_pct": 7.3170731707317067, "נז_pct": 0.0, "ני_pct": 0.0, "נף_pct": 0.0, "נץ_pct": 0.0, "נק_pct": 0.0, "נר_pct": 0.0, "עם_pct": 0.0, "פה_pct": 42.073170731707314, "ף_pct": 0.6097560975609756, "צ_pct": 0.6097560975609756, "ץ_pct": 0.0, "ק_pct": 0.3048780487804878, "קי_pct": 0.0, "קך_pct": 0.0, "קנ_pct": 0.0, "קץ_pct": 0.3048780487804878, "רז_pct": 0.0, "שס_pct": 0.91463414634146334, "ת_pct": 0.0, "lat": 32.7983413, "lon": 34.9870973, "neighborhood": "מרכז הכרמל" }, "geometry": { "type": "Point", "coordinates": [ 34.9870973, 32.7983413 ] } },
{ "type": "Feature", "properties": { "סמל ועדה": 7, "ברזל": 3026, "שם ישוב": "חיפה", "סמל ישוב": 4000, "קלפי": "250.4", "ריכוז": 52, "שופט": 0, "בזב": 578, "מצביעים": 332, "פסולים": 0, "כשרים": 332, "אמת": 32, "אצ": 1, "ב": 6, "ג": 2, "ד": 1, "ום": 9, "ז": 0, "זך": 0, "זנ": 0, "זץ": 0, "ט": 12, "י": 0, "יז": 1, "ינ": 0, "יץ": 0, "יק": 0, "כן": 51, "ך": 0, "ל": 22, "מחל": 51, "מרצ": 32, "נז": 0, "ני": 1, "נף": 0, "נץ": 0, "נק": 0, "נר": 0, "עם": 0, "פה": 101, "ף": 0, "צ": 0, "ץ": 0, "ק": 0, "קי": 0, "קך": 0, "קנ": 0, "קץ": 5, "רז": 2, "שס": 3, "ת": 0, "כתובת קלפי": "ביכורים,27 ", "מקום קלפי": "בי\"ס תיכון עירוני ה", "נגישה": "כ", "נגישה מיוחדת": " ", "בוחרי כנסת בפועל": 578, "turnout_pct": 57.439446366782008, "אמת_pct": 9.6385542168674707, "אצ_pct": 0.30120481927710846, "ב_pct": 1.8072289156626504, "ג_pct": 0.60240963855421692, "ד_pct": 0.30120481927710846, "ום_pct": 2.7108433734939759, "ז_pct": 0.0, "זך_pct": 0.0, "זנ_pct": 0.0, "זץ_pct": 0.0, "ט_pct": 3.6144578313253009, "י_pct": 0.0, "יז_pct": 0.30120481927710846, "ינ_pct": 0.0, "יץ_pct": 0.0, "יק_pct": 0.0, "כן_pct": 15.361445783132529, "ך_pct": 0.0, "ל_pct": 6.6265060240963862, "מחל_pct": 15.361445783132529, "מרצ_pct": 9.6385542168674707, "נז_pct": 0.0, "ני_pct": 0.30120481927710846, "נף_pct": 0.0, "נץ_pct": 0.0, "נק_pct": 0.0, "נר_pct": 0.0, "עם_pct": 0.0, "פה_pct": 30.421686746987952, "ף_pct": 0.0, "צ_pct": 0.0, "ץ_pct": 0.0, "ק_pct": 0.0, "קי_pct": 0.0, "קך_pct": 0.0, "קנ_pct": 0.0, "קץ_pct": 1.5060240963855422, "רז_pct": 0.60240963855421692, "שס_pct": 0.90361445783132521, "ת_pct": 0.0, "lat": 32.7983413, "lon": 34.9870973, "neighborhood": "מרכז הכרמל" }, "geometry": { "type": "Point", "coordinates": [ 34.9870973, 32.7983413 ] } },
{ "type": "Feature", "properties": { "סמל ועדה": 7, "ברזל": 3027, "שם ישוב": "חיפה", "סמל ישוב": 4000, "קלפי": "250.5", "ריכוז": 52, "שופט": 0, "בזב": 578, "מצביעים": 351, "פסולים": 0, "כשרים": 351, "אמת": 31, "אצ": 3, "ב": 2, "ג": 0, "ד": 1, "ום": 7, "ז": 0, "זך": 0, "זנ": 0, "זץ": 0, "ט": 10, "י": 0, "יז": 1, "ינ": 1, "יץ": 0, "יק": 0, "כן": 38, "ך": 0, "ל": 26, "מחל": 62, "מרצ": 16, "נז": 0, "ני": 0, "נף": 0, "נץ": 0, "נק": 0, "נר": 0, "עם": 0, "פה": 151, "ף": 0, "צ": 0, "ץ": 0, "ק": 0, "קי": 0, "קך": 0, "קנ": 0, "קץ": 1, "רז": 0, "שס": 1, "ת": 0, "כתובת קלפי": "ביכורים,27 ", "מקום קלפי": "בי\"ס תיכון עירוני ה", "נגישה": " ", "נגישה מיוחדת": " ", "בוחרי כנסת בפועל": 578, "turnout_pct": 60.726643598615915, "אמת_pct": 8.8319088319088319, "אצ_pct": 0.85470085470085477, "ב_pct": 0.56980056980056981, "ג_pct": 0.0, "ד_pct": 0.28490028490028491, "ום_pct": 1.9943019943019942, "ז_pct": 0.0, "זך_pct": 0.0, "זנ_pct": 0.0, "זץ_pct": 0.0, "ט_pct": 2.8490028490028489, "י_pct": 0.0, "יז_pct": 0.28490028490028491, "ינ_pct": 0.28490028490028491, "יץ_pct": 0.0, "יק_pct": 0.0, "כן_pct": 10.826210826210826, "ך_pct": 0.0, "ל_pct": 7.4074074074074066, "מחל_pct": 17.663817663817664, "מרצ_pct": 4.5584045584045585, "נז_pct": 0.0, "ני_pct": 0.0, "נף_pct": 0.0, "נץ_pct": 0.0, "נק_pct": 0.0, "נר_pct": 0.0, "עם_pct": 0.0, "פה_pct": 43.019943019943021, "ף_pct": 0.0, "צ_pct": 0.0, "ץ_pct": 0.0, "ק_pct": 0.0, "קי_pct": 0.0, "קך_pct": 0.0, "קנ_pct": 0.0, "קץ_pct": 0.28490028490028491, "רז_pct": 0.0, "שס_pct": 0.28490028490028491, "ת_pct": 0.0, "lat": 32.7983413, "lon": 34.9870973, "neighborhood": "מרכז הכרמל" }, "geometry": { "type": "Point", "coordinates": [ 34.9870973, 32.7983413 ] } },
{ "type": "Feature", "properties": { "סמל ועדה": 7, "ברזל": 3028, "שם ישוב": "חיפה", "סמל ישוב": 4000, "קלפי": "254.1", "ריכוז": 269, "שופט": 0, "בזב": 682, "מצביעים": 482, "פסולים": 2, "כשרים": 480, "אמת": 46, "אצ": 1, "ב": 8, "ג": 1, "ד": 0, "ום": 3, "ז": 0, "זך": 0, "זנ": 0, "זץ": 0, "ט": 12, "י": 2, "יז": 1, "ינ": 0, "יץ": 0, "יק": 0, "כן": 65, "ך": 0, "ל": 17, "מחל": 68, "מרצ": 45, "נז": 0, "ני": 0, "נף": 0, "נץ": 0, "נק": 1, "נר": 0, "עם": 1, "פה": 203, "ף": 0, "צ": 0, "ץ": 1, "ק": 0, "קי": 0, "קך": 0, "קנ": 0, "קץ": 3, "רז": 0, "שס": 2, "ת": 0, "כתובת קלפי": "לאה,39 ", "מקום קלפי": "גני ילדים", "נגישה": " ", "נגישה מיוחדת": " ", "בוחרי כנסת בפועל": 682, "turnout_pct": 70.674486803519059, "אמת_pct": 9.5833333333333339, "אצ_pct": 0.20833333333333334, "ב_pct": 1.6666666666666667, "ג_pct": 0.20833333333333334, "ד_pct": 0.0, "ום_pct": 0.625, "ז_pct": 0.0, "זך_pct": 0.0, "זנ_pct": 0.0, "זץ_pct": 0.0, "ט_pct": 2.5, "י_pct": 0.41666666666666669, "יז_pct": 0.20833333333333334, "ינ_pct": 0.0, "יץ_pct": 0.0, "יק_pct": 0.0, "כן_pct": 13.541666666666666, "ך_pct": 0.0, "ל_pct": 3.5416666666666665, "מחל_pct": 14.166666666666666, "מרצ_pct": 9.375, "נז_pct": 0.0, "ני_pct": 0.0, "נף_pct": 0.0, "נץ_pct": 0.0, "נק_pct": 0.20833333333333334, "נר_pct": 0.0, "עם_pct": 0.20833333333333334, "פה_pct": 42.291666666666664, "ף_pct": 0.0, "צ_pct": 0.0, "ץ_pct": 0.20833333333333334, "ק_pct": 0.0, "קי_pct": 0.0, "קך_pct": 0.0, "קנ_pct": 0.0, "קץ_pct": 0.625, "רז_pct": 0.0, "שס_pct": 0.41666666666666669, "ת_pct": 0.0, "lat": 32.7974918, "lon": 34.9742685, "neighborhood": "כרמליה" }, "geometry": { "type": "Point", "coordinates": [ 34.9742685, 32.7974918 ] } },
{ "type": "Feature", "properties": { "סמל ועדה": 7, "ברזל": 3029, "שם ישוב": "חיפה", "סמל ישוב": 4000, "קלפי": "254.2", "ריכוז": 269, "שופט": 0, "בזב": 682, "מצביעים": 481, "פסולים": 1, "כשרים": 480, "אמת": 32, "אצ": 1, "ב": 5, "ג": 0, "ד": 1, "ום": 3, "ז": 0, "זך": 0, "זנ": 0, "זץ": 0, "ט": 12, "י": 0, "יז": 1, "ינ": 0, "יץ": 1, "יק": 0, "כן": 93, "ך": 0, "ל": 17, "מחל": 58, "מרצ": 31, "נז": 0, "ני": 0, "נף": 0, "נץ": 0, "נק": 0, "נר": 1, "עם": 2, "פה": 214, "ף": 0, "צ": 1, "ץ": 0, "ק": 0, "קי": 0, "קך": 0, "קנ": 0, "קץ": 3, "רז": 0, "שס": 4, "ת": 0, "כתובת קלפי": "לאה,39 ", "מקום קלפי": "גני ילדים", "נגישה": " ", "נגישה מיוחדת": " ", "בוחרי כנסת בפועל": 682, "turnout_pct": 70.52785923753666, "אמת_pct": 6.666666666666667, "אצ_pct": 0.20833333333333334, "ב_pct": 1.0416666666666665, "ג_pct": 0.0, "ד_pct": 0.20833333333333334, "ום_pct": 0.625, "ז_pct": 0.0, "זך_pct": 0.0, "זנ_pct": 0.0, "זץ_pct": 0.0, "ט_pct": 2.5, "י_pct": 0.0, "יז_pct": 0.20833333333333334, "ינ_pct": 0.0, "יץ_pct": 0.20833333333333334, "יק_pct": 0.0, "כן_pct": 19.375, "ך_pct": 0.0, "ל_pct": 3.5416666666666665, "מחל_pct": 12.083333333333334, "מרצ_pct": 6.4583333333333339, "נז_pct": 0.0, "ני_pct": 0.0, "נף_pct": 0.0, "נץ_pct": 0.0, "נק_pct": 0.0, "נר_pct": 0.20833333333333334, "עם_pct": 0.41666666666666669, "פה_pct": 44.583333333333336, "ף_pct": 0.0, "צ_pct": 0.20833333333333334, "ץ_pct": 0.0, "ק_pct": 0.0, "קי_pct": 0.0, "קך_pct": 0.0, "קנ_pct": 0.0, "קץ_pct": 0.625, "רז_pct": 0.0, "שס_pct": 0.83333333333333337, "ת_pct": 0.0, "lat": 32.7974918, "lon": 34.9742685, "neighborhood": "כרמליה" }, "geometry": { "type": "Point", "coordinates": [ 34.9742685, 32.7974918 ] } },
{ "type": "Feature", "properties": { "סמל ועדה": 7, "ברזל": 3030, "שם ישוב": "חיפה", "סמל ישוב": 4000, "קלפי": "254.3", "ריכוז": 269, "שופט": 0, "בזב": 681, "מצביעים": 467, "פסולים": 1, "כשרים": 466, "אמת": 28, "אצ": 3, "ב": 2, "ג": 2, "ד": 4, "ום": 4, "ז": 0, "זך": 0, "זנ": 0, "זץ": 0, "ט": 10, "י": 0, "יז": 0, "ינ": 0, "יץ": 0, "יק": 0, "כן": 60, "ך": 0, "ל": 19, "מחל": 62, "מרצ": 37, "נז": 0, "ני": 0, "נף": 0, "נץ": 0, "נק": 0, "נר": 0, "עם": 0, "פה": 225, "ף": 0, "צ": 0, "ץ": 0, "ק": 1, "קי": 0, "קך": 1, "קנ": 0, "קץ": 7, "רז": 0, "שס": 1, "ת": 0, "כתובת קלפי": "לאה,39 ", "מקום קלפי": "גני ילדים", "נגישה": " ", "נגישה מיוחדת": " ", "בוחרי כנסת בפועל": 681, "turnout_pct": 68.575624082232011, "אמת_pct": 6.0085836909871242, "אצ_pct": 0.64377682403433478, "ב_pct": 0.42918454935622319, "ג_pct": 0.42918454935622319, "ד_pct": 0.85836909871244638, "ום_pct": 0.85836909871244638, "ז_pct": 0.0, "זך_pct": 0.0, "זנ_pct": 0.0, "זץ_pct": 0.0, "ט_pct": 2.1459227467811157, "י_pct": 0.0, "יז_pct": 0.0, "ינ_pct": 0.0, "יץ_pct": 0.0, "יק_pct": 0.0, "כן_pct": 12.875536480686694, "ך_pct": 0.0, "ל_pct": 4.0772532188841204, "מחל_pct": 13.304721030042918, "מרצ_pct": 7.939914163090128, "נז_pct": 0.0, "ני_pct": 0.0, "נף_pct": 0.0, "נץ_pct": 0.0, "נק_pct": 0.0, "נר_pct": 0.0, "עם_pct": 0.0, "פה_pct": 48.283261802575105, "ף_pct": 0.0, "צ_pct": 0.0, "ץ_pct": 0.0, "ק_pct": 0.21459227467811159, "קי_pct": 0.0, "קך_pct": 0.21459227467811159, "קנ_pct": 0.0, "קץ_pct": 1.502145922746781, "רז_pct": 0.0, "שס_pct": 0.21459227467811159, "ת_pct": 0.0, "lat": 32.7974918, "lon": 34.9742685, "neighborhood": "כרמליה" }, "geometry": { "type": "Point", "coordinates": [ 34.9742685, 32.7974918 ] } },
{ "type": "Feature", "properties": { "סמל ועדה": 7, "ברזל": 3031, "שם ישוב": "חיפה", "סמל ישוב": 4000, "קלפי": "255.1", "ריכוז": 7, "שופט": 0, "בזב": 589, "מצביעים": 354, "פסולים": 0, "כשרים": 354, "אמת": 22, "אצ": 0, "ב": 3, "ג": 0, "ד": 48, "ום": 80, "ז": 0, "זך": 0, "זנ": 0, "זץ": 0, "ט": 7, "י": 0, "יז": 0, "ינ": 0, "יץ": 0, "יק": 0, "כן": 20, "ך": 0, "ל": 6, "מחל": 31, "מרצ": 32, "נז": 0, "ני": 0, "נף": 0, "נץ": 0, "נק": 0, "נר": 1, "עם": 20, "פה": 83, "ף": 0, "צ": 0, "ץ": 0, "ק": 0, "קי": 0, "קך": 0, "קנ": 0, "קץ": 1, "רז": 0, "שס": 0, "ת": 0, "כתובת קלפי": "גלאל אל דין,3 ", "מקום קלפי": "בי\"ס אחמדיה", "נגישה": " ", "נגישה מיוחדת": " ", "בוחרי כנסת בפועל": 589, "turnout_pct": 60.101867572156195, "אמת_pct": 6.2146892655367232, "אצ_pct": 0.0, "ב_pct": 0.84745762711864403, "ג_pct": 0.0, "ד_pct": 13.559322033898304, "ום_pct": 22.598870056497177, "ז_pct": 0.0, "זך_pct": 0.0, "זנ_pct": 0.0, "זץ_pct": 0.0, "ט_pct": 1.977401129943503, "י_pct": 0.0, "יז_pct": 0.0, "ינ_pct": 0.0, "יץ_pct": 0.0, "יק_pct": 0.0, "כן_pct": 5.6497175141242941, "ך_pct": 0.0, "ל_pct": 1.6949152542372881, "מחל_pct": 8.7570621468926557, "מרצ_pct": 9.0395480225988702, "נז_pct": 0.0, "ני_pct": 0.0, "נף_pct": 0.0, "נץ_pct": 0.0, "נק_pct": 0.0, "נר_pct": 0.2824858757062147, "עם_pct": 5.6497175141242941, "פה_pct": 23.44632768361582, "ף_pct": 0.0, "צ_pct": 0.0, "ץ_pct": 0.0, "ק_pct": 0.0, "קי_pct": 0.0, "קך_pct": 0.0, "קנ_pct": 0.0, "קץ_pct": 0.2824858757062147, "רז_pct": 0.0, "שס_pct": 0.0, "ת_pct": 0.0, "lat": 32.8055569, "lon": 34.9715098, "neighborhood": "כבאביר" }, "geometry": { "type": "Point", "coordinates": [ 34.9715098, 32.8055569 ] } },
{ "type": "Feature", "properties": { "סמל ועדה": 7, "ברזל": 3032, "שם ישוב": "חיפה", "סמל ישוב": 4000, "קלפי": "255.2", "ריכוז": 7, "שופט": 0, "בזב": 589, "מצביעים": 356, "פסולים": 2, "כשרים": 354, "אמת": 14, "אצ": 0, "ב": 1, "ג": 0, "ד": 60, "ום": 83, "ז": 0, "זך": 0, "זנ": 0, "זץ": 0, "ט": 3, "י": 0, "יז": 2, "ינ": 0, "יץ": 0, "יק": 0, "כן": 23, "ך": 0, "ל": 6, "מחל": 36, "מרצ": 33, "נז": 0, "ני": 0, "נף": 0, "נץ": 0, "נק": 0, "נר": 0, "עם": 14, "פה": 77, "ף": 0, "צ": 0, "ץ": 1, "ק": 0, "קי": 0, "קך": 0, "קנ": 0, "קץ": 1, "רז": 0, "שס": 0, "ת": 0, "כתובת קלפי": "גלאל אל דין,3 ", "מקום קלפי": "בי\"ס אחמדיה", "נגישה": " ", "נגישה מיוחדת": " ", "בוחרי כנסת בפועל": 589, "turnout_pct": 60.441426146010194, "אמת_pct": 3.9548022598870061, "אצ_pct": 0.0, "ב_pct": 0.2824858757062147, "ג_pct": 0.0, "ד_pct": 16.949152542372879, "ום_pct": 23.44632768361582, "ז_pct": 0.0, "זך_pct": 0.0, "זנ_pct": 0.0, "זץ_pct": 0.0, "ט_pct": 0.84745762711864403, "י_pct": 0.0, "יז_pct": 0.56497175141242939, "ינ_pct": 0.0, "יץ_pct": 0.0, "יק_pct": 0.0, "כן_pct": 6.4971751412429377, "ך_pct": 0.0, "ל_pct": 1.6949152542372881, "מחל_pct": 10.16949152542373, "מרצ_pct": 9.3220338983050848, "נז_pct": 0.0, "ני_pct": 0.0, "נף_pct": 0.0, "נץ_pct": 0.0, "נק_pct": 0.0, "נר_pct": 0.0, "עם_pct": 3.9548022598870061, "פה_pct": 21.751412429378529, "ף_pct": 0.0, "צ_pct": 0.0, "ץ_pct": 0.2824858757062147, "ק_pct": 0.0, "קי_pct": 0.0, "קך_pct": 0.0, "קנ_pct": 0.0, "קץ_pct": 0.2824858757062147, "רז_pct": 0.0, "שס_pct": 0.0, "ת_pct": 0.0, "lat": 32.8055569, "lon": 34.9715098, "neighborhood": "כבאביר" }, "geometry": { "type": "Point", "coordinates": [ 34.9715098, 32.8055569 ] } },
{ "type": "Feature", "properties": { "סמל ועדה": 7, "ברזל": 3033, "שם ישוב": "חיפה", "סמל ישוב": 4000, "קלפי": "255.3", "ריכוז": 7, "שופט": 0, "בזב": 589, "מצביעים": 370, "פסולים": 1, "כשרים": 369, "אמת": 12, "אצ": 0, "ב": 0, "ג": 0, "ד": 77, "ום": 137, "ז": 0, "זך": 0, "זנ": 0, "זץ": 0, "ט": 2, "י": 0, "יז": 0, "ינ": 0, "יץ": 0, "יק": 0, "כן": 11, "ך": 0, "ל": 5, "מחל": 19, "מרצ": 21, "נז": 0, "ני": 0, "נף": 0, "נץ": 0, "נק": 0, "נר": 0, "עם": 28, "פה": 53, "ף": 0, "צ": 0, "ץ": 1, "ק": 0, "קי": 0, "קך": 0, "קנ": 0, "קץ": 1, "רז": 0, "שס": 2, "ת": 0, "כתובת קלפי": "גלאל אל דין,3 ", "מקום קלפי": "בי\"ס אחמדיה", "נגישה": " ", "נגישה מיוחדת": " ", "בוחרי כנסת בפועל": 589, "turnout_pct": 62.818336162988118, "אמת_pct": 3.2520325203252036, "אצ_pct": 0.0, "ב_pct": 0.0, "ג_pct": 0.0, "ד_pct": 20.867208672086722, "ום_pct": 37.12737127371274, "ז_pct": 0.0, "זך_pct": 0.0, "זנ_pct": 0.0, "זץ_pct": 0.0, "ט_pct": 0.54200542005420049, "י_pct": 0.0, "יז_pct": 0.0, "ינ_pct": 0.0, "יץ_pct": 0.0, "יק_pct": 0.0, "כן_pct": 2.9810298102981028, "ך_pct": 0.0, "ל_pct": 1.3550135501355014, "מחל_pct": 5.1490514905149052, "מרצ_pct": 5.6910569105691051, "נז_pct": 0.0, "ני_pct": 0.0, "נף_pct": 0.0, "נץ_pct": 0.0, "נק_pct": 0.0, "נר_pct": 0.0, "עם_pct": 7.5880758807588071, "פה_pct": 14.363143631436316, "ף_pct": 0.0, "צ_pct": 0.0, "ץ_pct": 0.27100271002710025, "ק_pct": 0.0, "קי_pct": 0.0, "קך_pct": 0.0, "קנ_pct": 0.0, "קץ_pct": 0.27100271002710025, "רז_pct": 0.0, "שס_pct": 0.54200542005420049, "ת_pct": 0.0, "lat": 32.8055569, "lon": 34.9715098, "neighborhood": "כבאביר" }, "geometry": { "type": "Point", "coordinates": [ 34.9715098, 32.8055569 ] } },
{ "type": "Feature", "properties": { "סמל ועדה": 7, "ברזל": 3034, "שם ישוב": "חיפה", "סמל ישוב": 4000, "קלפי": "255.4", "ריכוז": 7, "שופט": 0, "בזב": 589, "מצביעים": 412, "פסולים": 7, "כשרים": 405, "אמת": 5, "אצ": 0, "ב": 0, "ג": 0, "ד": 72, "ום": 277, "ז": 0, "זך": 0, "זנ": 0, "זץ": 0, "ט": 2, "י": 0, "יז": 0, "ינ": 0, "יץ": 0, "יק": 0, "כן": 4, "ך": 0, "ל": 0, "מחל": 5, "מרצ": 10, "נז": 0, "ני": 1, "נף": 0, "נץ": 0, "נק": 0, "נר": 0, "עם": 19, "פה": 9, "ף": 0, "צ": 0, "ץ": 1, "ק": 0, "קי": 0, "קך": 0, "קנ": 0, "קץ": 0, "רז": 0, "שס": 0, "ת": 0, "כתובת קלפי": "גלאל אל דין,3 ", "מקום קלפי": "בי\"ס אחמדיה", "נגישה": " ", "נגישה מיוחדת": " ", "בוחרי כנסת בפועל": 589, "turnout_pct": 69.94906621392191, "אמת_pct": 1.2345679012345678, "אצ_pct": 0.0, "ב_pct": 0.0, "ג_pct": 0.0, "ד_pct": 17.777777777777779, "ום_pct": 68.395061728395063, "ז_pct": 0.0, "זך_pct": 0.0, "זנ_pct": 0.0, "זץ_pct": 0.0, "ט_pct": 0.49382716049382713, "י_pct": 0.0, "יז_pct": 0.0, "ינ_pct": 0.0, "יץ_pct": 0.0, "יק_pct": 0.0, "כן_pct": 0.98765432098765427, "ך_pct": 0.0, "ל_pct": 0.0, "מחל_pct": 1.2345679012345678, "מרצ_pct": 2.4691358024691357, "נז_pct": 0.0, "ני_pct": 0.24691358024691357, "נף_pct": 0.0, "נץ_pct": 0.0, "נק_pct": 0.0, "נר_pct": 0.0, "עם_pct": 4.6913580246913584, "פה_pct": 2.2222222222222223, "ף_pct": 0.0, "צ_pct": 0.0, "ץ_pct": 0.24691358024691357, "ק_pct": 0.0, "קי_pct": 0.0, "קך_pct": 0.0, "קנ_pct": 0.0, "קץ_pct": 0.0, "רז_pct": 0.0, "שס_pct": 0.0, "ת_pct": 0.0, "lat": 32.8055569, "lon": 34.9715098, "neighborhood": "כבאביר" }, "geometry": { "type": "Point", "coordinates": [ 34.9715098, 32.8055569 ] } },
{ "type": "Feature", "properties": { "סמל ועדה": 7, "ברזל": 3035, "שם ישוב": "חיפה", "סמל ישוב": 4000, "קלפי": "255.5", "ריכוז": 7, "שופט": 0, "בזב": 588, "מצביעים": 368, "פסולים": 6, "כשרים": 362, "אמת": 21, "אצ": 1, "ב": 1, "ג": 0, "ד": 40, "ום": 104, "ז": 0, "זך": 0, "זנ": 0, "זץ": 0, "ט": 5, "י": 0, "יז": 2, "ינ": 0, "יץ": 0, "יק": 0, "כן": 27, "ך": 0, "ל": 9, "מחל": 28, "מרצ": 37, "נז": 0, "ני": 0, "נף": 0, "נץ": 0, "נק": 0, "נר": 0, "עם": 19, "פה": 67, "ף": 0, "צ": 0, "ץ": 0, "ק": 0, "קי": 0, "קך": 0, "קנ": 0, "קץ": 0, "רז": 1, "שס": 0, "ת": 0, "כתובת קלפי": "גלאל אל דין,3 ", "מקום קלפי": "בי\"ס אחמדיה", "נגישה": " ", "נגישה מיוחדת": " ", "בוחרי כנסת בפועל": 588, "turnout_pct": 62.585034013605444, "אמת_pct": 5.8011049723756907, "אצ_pct": 0.27624309392265189, "ב_pct": 0.27624309392265189, "ג_pct": 0.0, "ד_pct": 11.049723756906078, "ום_pct": 28.729281767955801, "ז_pct": 0.0, "זך_pct": 0.0, "זנ_pct": 0.0, "זץ_pct": 0.0, "ט_pct": 1.3812154696132597, "י_pct": 0.0, "יז_pct": 0.55248618784530379, "ינ_pct": 0.0, "יץ_pct": 0.0, "יק_pct": 0.0, "כן_pct": 7.4585635359116029, "ך_pct": 0.0, "ל_pct": 2.4861878453038675, "מחל_pct": 7.7348066298342539, "מרצ_pct": 10.220994475138122, "נז_pct": 0.0, "ני_pct": 0.0, "נף_pct": 0.0, "נץ_pct": 0.0, "נק_pct": 0.0, "נר_pct": 0.0, "עם_pct": 5.2486187845303869, "פה_pct": 18.50828729281768, "ף_pct": 0.0, "צ_pct": 0.0, "ץ_pct": 0.0, "ק_pct": 0.0, "קי_pct": 0.0, "קך_pct": 0.0, "קנ_pct": 0.0, "קץ_pct": 0.0, "רז_pct": 0.27624309392265189, "שס_pct": 0.0, "ת_pct": 0.0, "lat": 32.8055569, "lon": 34.9715098, "neighborhood": "כבאביר" }, "geometry": { "type": "Point", "coordinates": [ 34.9715098, 32.8055569 ] } },
{ "type": "Feature", "properties": { "סמל ועדה": 7, "ברזל": 3036, "שם ישוב": "חיפה", "סמל ישוב": 4000, "קלפי": "256", "ריכוז": 22, "שופט": 0, "בזב": 670, "מצביעים": 432, "פסולים": 0, "כשרים": 432, "אמת": 35, "אצ": 2, "ב": 6, "ג": 0, "ד": 0, "ום": 1, "ז": 0, "זך": 0, "זנ": 0, "זץ": 0, "ט": 9, "י": 1, "יז": 1, "ינ": 0, "יץ": 0, "יק": 0, "כן": 68, "ך": 0, "ל": 19, "מחל": 54, "מרצ": 37, "נז": 0, "ני": 0, "נף": 0, "נץ": 0, "נק": 0, "נר": 0, "עם": 0, "פה": 194, "ף": 1, "צ": 0, "ץ": 0, "ק": 0, "קי": 0, "קך": 0, "קנ": 0, "קץ": 2, "רז": 0, "שס": 2, "ת": 0, "כתובת קלפי": "צדקיהו,6 ", "מקום קלפי": "בי\"ס הרצל", "נגישה": " ", "נגישה מיוחדת": " ", "בוחרי כנסת בפועל": 670, "turnout_pct": 64.477611940298502, "אמת_pct": 8.1018518518518512, "אצ_pct": 0.46296296296296291, "ב_pct": 1.3888888888888888, "ג_pct": 0.0, "ד_pct": 0.0, "ום_pct": 0.23148148148148145, "ז_pct": 0.0, "זך_pct": 0.0, "זנ_pct": 0.0, "זץ_pct": 0.0, "ט_pct": 2.083333333333333, "י_pct": 0.23148148148148145, "יז_pct": 0.23148148148148145, "ינ_pct": 0.0, "יץ_pct": 0.0, "יק_pct": 0.0, "כן_pct": 15.74074074074074, "ך_pct": 0.0, "ל_pct": 4.3981481481481479, "מחל_pct": 12.5, "מרצ_pct": 8.5648148148148149, "נז_pct": 0.0, "ני_pct": 0.0, "נף_pct": 0.0, "נץ_pct": 0.0, "נק_pct": 0.0, "נר_pct": 0.0, "עם_pct": 0.0, "פה_pct": 44.907407407407405, "ף_pct": 0.23148148148148145, "צ_pct": 0.0, "ץ_pct": 0.0, "ק_pct": 0.0, "קי_pct": 0.0, "קך_pct": 0.0, "קנ_pct": 0.0, "קץ_pct": 0.46296296296296291, "רז_pct": 0.0, "שס_pct": 0.46296296296296291, "ת_pct": 0.0, "lat": 32.7989637, "lon": 34.9810422, "neighborhood": "כרמליה" }, "geometry": { "type": "Point", "coordinates": [ 34.9810422, 32.7989637 ] } },
{ "type": "Feature", "properties": { "סמל ועדה": 7, "ברזל": 3037, "שם ישוב": "חיפה", "סמל ישוב": 4000, "קלפי": "259.1", "ריכוז": 62, "שופט": 0, "בזב": 699, "מצביעים": 399, "פסולים": 1, "כשרים": 398, "אמת": 34, "אצ": 1, "ב": 5, "ג": 3, "ד": 0, "ום": 8, "ז": 0, "זך": 0, "זנ": 0, "זץ": 0, "ט": 15, "י": 0, "יז": 1, "ינ": 0, "יץ": 0, "יק": 0, "כן": 58, "ך": 0, "ל": 24, "מחל": 46, "מרצ": 41, "נז": 0, "ני": 1, "נף": 0, "נץ": 0, "נק": 0, "נר": 0, "עם": 1, "פה": 156, "ף": 0, "צ": 0, "ץ": 0, "ק": 0, "קי": 0, "קך": 0, "קנ": 1, "קץ": 0, "רז": 0, "שס": 3, "ת": 0, "כתובת קלפי": "שד הנשיא,142 ", "מקום קלפי": "בית הכט", "נגישה": "כ", "נגישה מיוחדת": "כ", "בוחרי כנסת בפועל": 699, "turnout_pct": 57.081545064377679, "אמת_pct": 8.5427135678391952, "אצ_pct": 0.25125628140703515, "ב_pct": 1.256281407035176, "ג_pct": 0.75376884422110546, "ד_pct": 0.0, "ום_pct": 2.0100502512562812, "ז_pct": 0.0, "זך_pct": 0.0, "זנ_pct": 0.0, "זץ_pct": 0.0, "ט_pct": 3.7688442211055273, "י_pct": 0.0, "יז_pct": 0.25125628140703515, "ינ_pct": 0.0, "יץ_pct": 0.0, "יק_pct": 0.0, "כן_pct": 14.572864321608039, "ך_pct": 0.0, "ל_pct": 6.0301507537688437, "מחל_pct": 11.557788944723619, "מרצ_pct": 10.301507537688442, "נז_pct": 0.0, "ני_pct": 0.25125628140703515, "נף_pct": 0.0, "נץ_pct": 0.0, "נק_pct": 0.0, "נר_pct": 0.0, "עם_pct": 0.25125628140703515, "פה_pct": 39.195979899497488, "ף_pct": 0.0, "צ_pct": 0.0, "ץ_pct": 0.0, "ק_pct": 0.0, "קי_pct": 0.0, "קך_pct": 0.0, "קנ_pct": 0.25125628140703515, "קץ_pct": 0.0, "רז_pct": 0.0, "שס_pct": 0.75376884422110546, "ת_pct": 0.0, "lat": 32.8064967, "lon": 34.9874705, "neighborhood": "מרכז הכרמל" }, "geometry": { "type": "Point", "coordinates": [ 34.9874705, 32.8064967 ] } },
{ "type": "Feature", "properties": { "סמל ועדה": 7, "ברזל": 3038, "שם ישוב": "חיפה", "סמל ישוב": 4000, "קלפי": "259.2", "ריכוז": 62, "שופט": 0, "בזב": 699, "מצביעים": 409, "פסולים": 1, "כשרים": 408, "אמת": 40, "אצ": 4, "ב": 2, "ג": 0, "ד": 3, "ום": 7, "ז": 0, "זך": 0, "זנ": 0, "זץ": 0, "ט": 9, "י": 0, "יז": 3, "ינ": 0, "יץ": 0, "יק": 0, "כן": 52, "ך": 0, "ל": 16, "מחל": 52, "מרצ": 49, "נז": 0, "ני": 0, "נף": 0, "נץ": 0, "נק": 0, "נר": 0, "עם": 0, "פה": 162, "ף": 0, "צ": 1, "ץ": 0, "ק": 0, "קי": 0, "קך": 0, "קנ": 0, "קץ": 5, "רז": 0, "שס": 3, "ת": 0, "כתובת קלפי": "שד הנשיא,142 ", "מקום קלפי": "בית הכט", "נגישה": "כ", "נגישה מיוחדת": "כ", "בוחרי כנסת בפועל": 699, "turnout_pct": 58.512160228898423, "אמת_pct": 9.8039215686274517, "אצ_pct": 0.98039215686274506, "ב_pct": 0.49019607843137253, "ג_pct": 0.0, "ד_pct": 0.73529411764705876, "ום_pct": 1.715686274509804, "ז_pct": 0.0, "זך_pct": 0.0, "זנ_pct": 0.0, "זץ_pct": 0.0, "ט_pct": 2.2058823529411766, "י_pct": 0.0, "יז_pct": 0.73529411764705876, "ינ_pct": 0.0, "יץ_pct": 0.0, "יק_pct": 0.0, "כן_pct": 12.745098039215685, "ך_pct": 0.0, "ל_pct": 3.9215686274509802, "מחל_pct": 12.745098039215685, "מרצ_pct": 12.009803921568627, "נז_pct": 0.0, "ני_pct": 0.0, "נף_pct": 0.0, "נץ_pct": 0.0, "נק_pct": 0.0, "נר_pct": 0.0, "עם_pct": 0.0, "פה_pct": 39.705882352941174, "ף_pct": 0.0, "צ_pct": 0.24509803921568626, "ץ_pct": 0.0, "ק_pct": 0.0, "קי_pct": 0.0, "קך_pct": 0.0, "קנ_pct": 0.0, "קץ_pct": 1.2254901960784315, "רז_pct": 0.0, "שס_pct": 0.73529411764705876, "ת_pct": 0.0, "lat": 32.8064967, "lon": 34.9874705, "neighborhood": "מרכז הכרמל" }, "geometry": { "type": "Point", "coordinates": [ 34.9874705, 32.8064967 ] } },
{ "type": "Feature", "properties": { "סמל ועדה": 7, "ברזל": 3039, "שם ישוב": "חיפה", "סמל ישוב": 4000, "קלפי": "259.3", "ריכוז": 62, "שופט": 0, "בזב": 699, "מצביעים": 404, "פסולים": 2, "כשרים": 402, "אמת": 31, "אצ": 3, "ב": 4, "ג": 1, "ד": 7, "ום": 13, "ז": 0, "זך": 0, "זנ": 0, "זץ": 0, "ט": 9, "י": 0, "יז": 1, "ינ": 0, "יץ": 0, "יק": 0, "כן": 41, "ך": 0, "ל": 25, "מחל": 54, "מרצ": 44, "נז": 0, "ני": 0, "נף": 0, "נץ": 0, "נק": 0, "נר": 0, "עם": 2, "פה": 163, "ף": 0, "צ": 0, "ץ": 0, "ק": 0, "קי": 0, "קך": 1, "קנ": 0, "קץ": 3, "רז": 0, "שס": 0, "ת": 0, "כתובת קלפי": "שד הנשיא,142 ", "מקום קלפי": "בית הכט", "נגישה": " ", "נגישה מיוחדת": " ", "בוחרי כנסת בפועל": 699, "turnout_pct": 57.796852646638051, "אמת_pct": 7.7114427860696511, "אצ_pct": 0.74626865671641784, "ב_pct": 0.99502487562189057, "ג_pct": 0.24875621890547264, "ד_pct": 1.7412935323383085, "ום_pct": 3.233830845771144, "ז_pct": 0.0, "זך_pct": 0.0, "זנ_pct": 0.0, "זץ_pct": 0.0, "ט_pct": 2.2388059701492535, "י_pct": 0.0, "יז_pct": 0.24875621890547264, "ינ_pct": 0.0, "יץ_pct": 0.0, "יק_pct": 0.0, "כן_pct": 10.199004975124378, "ך_pct": 0.0, "ל_pct": 6.2189054726368163, "מחל_pct": 13.432835820895523, "מרצ_pct": 10.945273631840797, "נז_pct": 0.0, "ני_pct": 0.0, "נף_pct": 0.0, "נץ_pct": 0.0, "נק_pct": 0.0, "נר_pct": 0.0, "עם_pct": 0.49751243781094528, "פה_pct": 40.547263681592035, "ף_pct": 0.0, "צ_pct": 0.0, "ץ_pct": 0.0, "ק_pct": 0.0, "קי_pct": 0.0, "קך_pct": 0.24875621890547264, "קנ_pct": 0.0, "קץ_pct": 0.74626865671641784, "רז_pct": 0.0, "שס_pct": 0.0, "ת_pct": 0.0, "lat": 32.8064967, "lon": 34.9874705, "neighborhood": "מרכז הכרמל" }, "geometry": { "type": "Point", "coordinates": [ 34.9874705, 32.8064967 ] } },
{ "type": "Feature", "properties": { "סמל ועדה": 7, "ברזל": 3040, "שם ישוב": "חיפה", "סמל ישוב": 4000, "קלפי": "259.4", "ריכוז": 62, "שופט": 0, "בזב": 699, "מצביעים": 415, "פסולים": 3, "כשרים": 412, "אמת": 39, "אצ": 0, "ב": 0, "ג": 0, "ד": 2, "ום": 5, "ז": 0, "זך": 0, "זנ": 0, "זץ": 0, "ט": 6, "י": 0, "יז": 1, "ינ": 0, "יץ": 0, "יק": 0, "כן": 52, "ך": 0, "ל": 20, "מחל": 41, "מרצ": 59, "נז": 0, "ני": 0, "נף": 0, "נץ": 0, "נק": 0, "נר": 0, "עם": 0, "פה": 182, "ף": 0, "צ": 0, "ץ": 0, "ק": 0, "קי": 0, "קך": 0, "קנ": 0, "קץ": 1, "רז": 0, "שס": 4, "ת": 0, "כתובת קלפי": "שד הנשיא,142 ", "מקום קלפי": "בית הכט", "נגישה": " ", "נגישה מיוחדת": " ", "בוחרי כנסת בפועל": 699, "turnout_pct": 59.370529327610875, "אמת_pct": 9.4660194174757279, "אצ_pct": 0.0, "ב_pct": 0.0, "ג_pct": 0.0, "ד_pct": 0.48543689320388345, "ום_pct": 1.2135922330097086, "ז_pct": 0.0, "זך_pct": 0.0, "זנ_pct": 0.0, "זץ_pct": 0.0, "ט_pct": 1.4563106796116505, "י_pct": 0.0, "יז_pct": 0.24271844660194172, "ינ_pct": 0.0, "יץ_pct": 0.0, "יק_pct": 0.0, "כן_pct": 12.621359223300971, "ך_pct": 0.0, "ל_pct": 4.8543689320388346, "מחל_pct": 9.9514563106796121, "מרצ_pct": 14.320388349514563, "נז_pct": 0.0, "ני_pct": 0.0, "נף_pct": 0.0, "נץ_pct": 0.0, "נק_pct": 0.0, "נר_pct": 0.0, "עם_pct": 0.0, "פה_pct": 44.174757281553397, "ף_pct": 0.0, "צ_pct": 0.0, "ץ_pct": 0.0, "ק_pct": 0.0, "קי_pct": 0.0, "קך_pct": 0.0, "קנ_pct": 0.0, "קץ_pct": 0.24271844660194172, "רז_pct": 0.0, "שס_pct": 0.97087378640776689, "ת_pct": 0.0, "lat": 32.8064967, "lon": 34.9874705, "neighborhood": "מרכז הכרמל" }, "geometry": { "type": "Point", "coordinates": [ 34.9874705, 32.8064967 ] } },
{ "type": "Feature", "properties": { "סמל ועדה": 7, "ברזל": 3041, "שם ישוב": "חיפה", "סמל ישוב": 4000, "קלפי": "260", "ריכוז": 124, "שופט": 0, "בזב": 588, "מצביעים": 267, "פסולים": 0, "כשרים": 267, "אמת": 29, "אצ": 0, "ב": 1, "ג": 2, "ד": 3, "ום": 4, "ז": 0, "זך": 0, "זנ": 0, "זץ": 0, "ט": 11, "י": 0, "יז": 2, "ינ": 0, "יץ": 0, "יק": 0, "כן": 28, "ך": 0, "ל": 21, "מחל": 37, "מרצ": 25, "נז": 0, "ני": 0, "נף": 0, "נץ": 0, "נק": 0, "נר": 0, "עם": 0, "פה": 101, "ף": 0, "צ": 0, "ץ": 0, "ק": 0, "קי": 0, "קך": 0, "קנ": 0, "קץ": 1, "רז": 0, "שס": 2, "ת": 0, "כתובת קלפי": "הטנא,2 ", "מקום קלפי": "עירוני ה חטיבת בינים", "נגישה": " ", "נגישה מיוחדת": " ", "בוחרי כנסת בפועל": 588, "turnout_pct": 45.408163265306122, "אמת_pct": 10.861423220973784, "אצ_pct": 0.0, "ב_pct": 0.37453183520599254, "ג_pct": 0.74906367041198507, "ד_pct": 1.1235955056179776, "ום_pct": 1.4981273408239701, "ז_pct": 0.0, "זך_pct": 0.0, "זנ_pct": 0.0, "זץ_pct": 0.0, "ט_pct": 4.119850187265917, "י_pct": 0.0, "יז_pct": 0.74906367041198507, "ינ_pct": 0.0, "יץ_pct": 0.0, "יק_pct": 0.0, "כן_pct": 10.486891385767791, "ך_pct": 0.0, "ל_pct": 7.8651685393258424, "מחל_pct": 13.857677902621724, "מרצ_pct": 9.3632958801498134, "נז_pct": 0.0, "ני_pct": 0.0, "נף_pct": 0.0, "נץ_pct": 0.0, "נק_pct": 0.0, "נר_pct": 0.0, "עם_pct": 0.0, "פה_pct": 37.827715355805239, "ף_pct": 0.0, "צ_pct": 0.0, "ץ_pct": 0.0, "ק_pct": 0.0, "קי_pct": 0.0, "קך_pct": 0.0, "קנ_pct": 0.0, "קץ_pct": 0.37453183520599254, "רז_pct": 0.0, "שס_pct": 0.74906367041198507, "ת_pct": 0.0, "lat": 32.8007604, "lon": 34.9880104, "neighborhood": "מרכז הכרמל" }, "geometry": { "type": "Point", "coordinates": [ 34.9880104, 32.8007604 ] } },
{ "type": "Feature", "properties": { "סמל ועדה": 7, "ברזל": 3042, "שם ישוב": "חיפה", "סמל ישוב": 4000, "קלפי": "302", "ריכוז": 102, "שופט": 0, "בזב": 498, "מצביעים": 288, "פסולים": 2, "כשרים": 286, "אמת": 35, "אצ": 0, "ב": 0, "ג": 1, "ד": 2, "ום": 2, "ז": 0, "זך": 0, "זנ": 0, "זץ": 0, "ט": 3, "י": 0, "יז": 0, "ינ": 0, "יץ": 0, "יק": 0, "כן": 31, "ך": 0, "ל": 7, "מחל": 30, "מרצ": 36, "נז": 0, "ני": 0, "נף": 0, "נץ": 0, "נק": 1, "נר": 0, "עם": 2, "פה": 135, "ף": 0, "צ": 0, "ץ": 0, "ק": 0, "קי": 0, "קך": 0, "קנ": 0, "קץ": 1, "רז": 0, "שס": 0, "ת": 0, "כתובת קלפי": "הלילך,26 ", "מקום קלפי": "גן שקמה", "נגישה": " ", "נגישה מיוחדת": " ", "בוחרי כנסת בפועל": 498, "turnout_pct": 57.831325301204814, "אמת_pct": 12.237762237762238, "אצ_pct": 0.0, "ב_pct": 0.0, "ג_pct": 0.34965034965034963, "ד_pct": 0.69930069930069927, "ום_pct": 0.69930069930069927, "ז_pct": 0.0, "זך_pct": 0.0, "זנ_pct": 0.0, "זץ_pct": 0.0, "ט_pct": 1.048951048951049, "י_pct": 0.0, "יז_pct": 0.0, "ינ_pct": 0.0, "יץ_pct": 0.0, "יק_pct": 0.0, "כן_pct": 10.839160839160838, "ך_pct": 0.0, "ל_pct": 2.4475524475524475, "מחל_pct": 10.48951048951049, "מרצ_pct": 12.587412587412588, "נז_pct": 0.0, "ני_pct": 0.0, "נף_pct": 0.0, "נץ_pct": 0.0, "נק_pct": 0.34965034965034963, "נר_pct": 0.0, "עם_pct": 0.69930069930069927, "פה_pct": 47.2027972027972, "ף_pct": 0.0, "צ_pct": 0.0, "ץ_pct": 0.0, "ק_pct": 0.0, "קי_pct": 0.0, "קך_pct": 0.0, "קנ_pct": 0.0, "קץ_pct": 0.34965034965034963, "רז_pct": 0.0, "שס_pct": 0.0, "ת_pct": 0.0, "lat": 32.8018169, "lon": 34.9808741, "neighborhood": "כבירים" }, "geometry": { "type": "Point", "coordinates": [ 34.9808741, 32.8018169 ] } },
{ "type": "Feature", "properties": { "סמל ועדה": 7, "ברזל": 3043, "שם ישוב": "חיפה", "סמל ישוב": 4000, "קלפי": "322", "ריכוז": 124, "שופט": 0, "בזב": 547, "מצביעים": 311, "פסולים": 1, "כשרים": 310, "אמת": 14, "אצ": 1, "ב": 2, "ג": 0, "ד": 5, "ום": 12, "ז": 0, "זך": 0, "זנ": 0, "זץ": 0, "ט": 20, "י": 0, "יז": 2, "ינ": 0, "יץ": 0, "יק": 0, "כן": 26, "ך": 0, "ל": 13, "מחל": 95, "מרצ": 14, "נז": 0, "ני": 0, "נף": 0, "נץ": 0, "נק": 0, "נר": 0, "עם": 3, "פה": 102, "ף": 0, "צ": 0, "ץ": 0, "ק": 0, "קי": 0, "קך": 0, "קנ": 0, "קץ": 1, "רז": 0, "שס": 0, "ת": 0, "כתובת קלפי": "הטנא,2 ", "מקום קלפי": "עירוני ה חטיבת בינים", "נגישה": " ", "נגישה מיוחדת": " ", "בוחרי כנסת בפועל": 547, "turnout_pct": 56.855575868372945, "אמת_pct": 4.5161290322580641, "אצ_pct": 0.32258064516129031, "ב_pct": 0.64516129032258063, "ג_pct": 0.0, "ד_pct": 1.6129032258064515, "ום_pct": 3.870967741935484, "ז_pct": 0.0, "זך_pct": 0.0, "זנ_pct": 0.0, "זץ_pct": 0.0, "ט_pct": 6.4516129032258061, "י_pct": 0.0, "יז_pct": 0.64516129032258063, "ינ_pct": 0.0, "יץ_pct": 0.0, "יק_pct": 0.0, "כן_pct": 8.3870967741935498, "ך_pct": 0.0, "ל_pct": 4.1935483870967749, "מחל_pct": 30.64516129032258, "מרצ_pct": 4.5161290322580641, "נז_pct": 0.0, "ני_pct": 0.0, "נף_pct": 0.0, "נץ_pct": 0.0, "נק_pct": 0.0, "נר_pct": 0.0, "עם_pct": 0.967741935483871, "פה_pct": 32.903225806451616, "ף_pct": 0.0, "צ_pct": 0.0, "ץ_pct": 0.0, "ק_pct": 0.0, "קי_pct": 0.0, "קך_pct": 0.0, "קנ_pct": 0.0, "קץ_pct": 0.32258064516129031, "רז_pct": 0.0, "שס_pct": 0.0, "ת_pct": 0.0, "lat": 32.8007604, "lon": 34.9880104, "neighborhood": "מרכז הכרמל" }, "geometry": { "type": "Point", "coordinates": [ 34.9880104, 32.8007604 ] } },
{ "type": "Feature", "properties": { "סמל ועדה": 7, "ברזל": 3044, "שם ישוב": "חיפה", "סמל ישוב": 4000, "קלפי": "180", "ריכוז": 42, "שופט": 0, "בזב": 601, "מצביעים": 271, "פסולים": 2, "כשרים": 269, "אמת": 11, "אצ": 0, "ב": 9, "ג": 1, "ד": 1, "ום": 2, "ז": 0, "זך": 0, "זנ": 0, "זץ": 0, "ט": 15, "י": 0, "יז": 1, "ינ": 0, "יץ": 0, "יק": 0, "כן": 34, "ך": 0, "ל": 49, "מחל": 60, "מרצ": 7, "נז": 0, "ני": 0, "נף": 0, "נץ": 0, "נק": 0, "נר": 0, "עם": 0, "פה": 75, "ף": 0, "צ": 0, "ץ": 0, "ק": 0, "קי": 0, "קך": 0, "קנ": 0, "קץ": 3, "רז": 0, "שס": 1, "ת": 0, "כתובת קלפי": "אורן,27 ", "מקום קלפי": "בי\"ס רוממה", "נגישה": "כ", "נגישה מיוחדת": " ", "בוחרי כנסת בפועל": 601, "turnout_pct": 45.091514143094841, "אמת_pct": 4.0892193308550189, "אצ_pct": 0.0, "ב_pct": 3.3457249070631967, "ג_pct": 0.37174721189591076, "ד_pct": 0.37174721189591076, "ום_pct": 0.74349442379182151, "ז_pct": 0.0, "זך_pct": 0.0, "זנ_pct": 0.0, "זץ_pct": 0.0, "ט_pct": 5.5762081784386615, "י_pct": 0.0, "יז_pct": 0.37174721189591076, "ינ_pct": 0.0, "יץ_pct": 0.0, "יק_pct": 0.0, "כן_pct": 12.639405204460965, "ך_pct": 0.0, "ל_pct": 18.21561338289963, "מחל_pct": 22.304832713754646, "מרצ_pct": 2.6022304832713754, "נז_pct": 0.0, "ני_pct": 0.0, "נף_pct": 0.0, "נץ_pct": 0.0, "נק_pct": 0.0, "נר_pct": 0.0, "עם_pct": 0.0, "פה_pct": 27.881040892193308, "ף_pct": 0.0, "צ_pct": 0.0, "ץ_pct": 0.0, "ק_pct": 0.0, "קי_pct": 0.0, "קך_pct": 0.0, "קנ_pct": 0.0, "קץ_pct": 1.1152416356877324, "רז_pct": 0.0, "שס_pct": 0.37174721189591076, "ת_pct": 0.0, "lat": 32.7831884, "lon": 34.9970567, "neighborhood": "רמת בן גוריון" }, "geometry": { "type": "Point", "coordinates": [ 34.9970567, 32.7831884 ] } },
{ "type": "Feature", "properties": { "סמל ועדה": 7, "ברזל": 3045, "שם ישוב": "חיפה", "סמל ישוב": 4000, "קלפי": "184", "ריכוז": 42, "שופט": 0, "בזב": 571, "מצביעים": 361, "פסולים": 2, "כשרים": 359, "אמת": 25, "אצ": 1, "ב": 6, "ג": 1, "ד": 0, "ום": 2, "ז": 0, "זך": 0, "זנ": 0, "זץ": 0, "ט": 17, "י": 0, "יז": 2, "ינ": 0, "יץ": 0, "יק": 0, "כן": 48, "ך": 0, "ל": 30, "מחל": 42, "מרצ": 23, "נז": 0, "ני": 0, "נף": 0, "נץ": 0, "נק": 0, "נר": 0, "עם": 0, "פה": 159, "ף": 0, "צ": 0, "ץ": 0, "ק": 1, "קי": 0, "קך": 0, "קנ": 1, "קץ": 0, "רז": 0, "שס": 1, "ת": 0, "כתובת קלפי": "אורן,27 ", "מקום קלפי": "בי\"ס רוממה", "נגישה": "כ", "נגישה מיוחדת": " ", "בוחרי כנסת בפועל": 571, "turnout_pct": 63.22241681260946, "אמת_pct": 6.9637883008356551, "אצ_pct": 0.2785515320334262, "ב_pct": 1.6713091922005572, "ג_pct": 0.2785515320334262, "ד_pct": 0.0, "ום_pct": 0.55710306406685239, "ז_pct": 0.0, "זך_pct": 0.0, "זנ_pct": 0.0, "זץ_pct": 0.0, "ט_pct": 4.7353760445682447, "י_pct": 0.0, "יז_pct": 0.55710306406685239, "ינ_pct": 0.0, "יץ_pct": 0.0, "יק_pct": 0.0, "כן_pct": 13.370473537604457, "ך_pct": 0.0, "ל_pct": 8.3565459610027855, "מחל_pct": 11.699164345403899, "מרצ_pct": 6.4066852367688023, "נז_pct": 0.0, "ני_pct": 0.0, "נף_pct": 0.0, "נץ_pct": 0.0, "נק_pct": 0.0, "נר_pct": 0.0, "עם_pct": 0.0, "פה_pct": 44.289693593314759, "ף_pct": 0.0, "צ_pct": 0.0, "ץ_pct": 0.0, "ק_pct": 0.2785515320334262, "קי_pct": 0.0, "קך_pct": 0.0, "קנ_pct": 0.2785515320334262, "קץ_pct": 0.0, "רז_pct": 0.0, "שס_pct": 0.2785515320334262, "ת_pct": 0.0, "lat": 32.7831884, "lon": 34.9970567, "neighborhood": "רמת בן גוריון" }, "geometry": { "type": "Point", "coordinates": [ 34.9970567, 32.7831884 ] } },
{ "type": "Feature", "properties": { "סמל ועדה": 7, "ברזל": 3046, "שם ישוב": "חיפה", "סמל ישוב": 4000, "קלפי": "186", "ריכוז": 42, "שופט": 0, "בזב": 503, "מצביעים": 287, "פסולים": 3, "כשרים": 284, "אמת": 30, "אצ": 1, "ב": 1, "ג": 0, "ד": 0, "ום": 0, "ז": 0, "זך": 0, "זנ": 0, "זץ": 0, "ט": 11, "י": 0, "יז": 3, "ינ": 0, "יץ": 0, "יק": 0, "כן": 32, "ך": 0, "ל": 32, "מחל": 38, "מרצ": 10, "נז": 0, "ני": 0, "נף": 0, "נץ": 1, "נק": 0, "נר": 1, "עם": 0, "פה": 117, "ף": 0, "צ": 1, "ץ": 0, "ק": 0, "קי": 0, "קך": 0, "קנ": 1, "קץ": 3, "רז": 0, "שס": 2, "ת": 0, "כתובת קלפי": "אורן,27 ", "מקום קלפי": "בי\"ס רוממה", "נגישה": " ", "נגישה מיוחדת": " ", "בוחרי כנסת בפועל": 503, "turnout_pct": 57.057654075546715, "אמת_pct": 10.56338028169014, "אצ_pct": 0.35211267605633806, "ב_pct": 0.35211267605633806, "ג_pct": 0.0, "ד_pct": 0.0, "ום_pct": 0.0, "ז_pct": 0.0, "זך_pct": 0.0, "זנ_pct": 0.0, "זץ_pct": 0.0, "ט_pct": 3.873239436619718, "י_pct": 0.0, "יז_pct": 1.056338028169014, "ינ_pct": 0.0, "יץ_pct": 0.0, "יק_pct": 0.0, "כן_pct": 11.267605633802818, "ך_pct": 0.0, "ל_pct": 11.267605633802818, "מחל_pct": 13.380281690140844, "מרצ_pct": 3.5211267605633805, "נז_pct": 0.0, "ני_pct": 0.0, "נף_pct": 0.0, "נץ_pct": 0.35211267605633806, "נק_pct": 0.0, "נר_pct": 0.35211267605633806, "עם_pct": 0.0, "פה_pct": 41.197183098591552, "ף_pct": 0.0, "צ_pct": 0.35211267605633806, "ץ_pct": 0.0, "ק_pct": 0.0, "קי_pct": 0.0, "קך_pct": 0.0, "קנ_pct": 0.35211267605633806, "קץ_pct": 1.056338028169014, "רז_pct": 0.0, "שס_pct": 0.70422535211267612, "ת_pct": 0.0, "lat": 32.7831884, "lon": 34.9970567, "neighborhood": "רמת בן גוריון" }, "geometry": { "type": "Point", "coordinates": [ 34.9970567, 32.7831884 ] } },
{ "type": "Feature", "properties": { "סמל ועדה": 7, "ברזל": 3047, "שם ישוב": "חיפה", "סמל ישוב": 4000, "קלפי": "195", "ריכוז": 42, "שופט": 1, "בזב": 522, "מצביעים": 290, "פסולים": 5, "כשרים": 285, "אמת": 18, "אצ": 3, "ב": 2, "ג": 1, "ד": 0, "ום": 0, "ז": 0, "זך": 0, "זנ": 0, "זץ": 0, "ט": 8, "י": 0, "יז": 1, "ינ": 0, "יץ": 0, "יק": 0, "כן": 39, "ך": 1, "ל": 50, "מחל": 53, "מרצ": 13, "נז": 0, "ני": 0, "נף": 0, "נץ": 0, "נק": 0, "נר": 0, "עם": 0, "פה": 90, "ף": 0, "צ": 0, "ץ": 0, "ק": 0, "קי": 0, "קך": 0, "קנ": 1, "קץ": 1, "רז": 0, "שס": 4, "ת": 0, "כתובת קלפי": "אורן,27 ", "מקום קלפי": "בי\"ס רוממה", "נגישה": " ", "נגישה מיוחדת": " ", "בוחרי כנסת בפועל": 522, "turnout_pct": 55.555555555555557, "אמת_pct": 6.3157894736842106, "אצ_pct": 1.0526315789473684, "ב_pct": 0.70175438596491224, "ג_pct": 0.35087719298245612, "ד_pct": 0.0, "ום_pct": 0.0, "ז_pct": 0.0, "זך_pct": 0.0, "זנ_pct": 0.0, "זץ_pct": 0.0, "ט_pct": 2.807017543859649, "י_pct": 0.0, "יז_pct": 0.35087719298245612, "ינ_pct": 0.0, "יץ_pct": 0.0, "יק_pct": 0.0, "כן_pct": 13.684210526315791, "ך_pct": 0.35087719298245612, "ל_pct": 17.543859649122805, "מחל_pct": 18.596491228070175, "מרצ_pct": 4.5614035087719298, "נז_pct": 0.0, "ני_pct": 0.0, "נף_pct": 0.0, "נץ_pct": 0.0, "נק_pct": 0.0, "נר_pct": 0.0, "עם_pct": 0.0, "פה_pct": 31.578947368421051, "ף_pct": 0.0, "צ_pct": 0.0, "ץ_pct": 0.0, "ק_pct": 0.0, "קי_pct": 0.0, "קך_pct": 0.0, "קנ_pct": 0.35087719298245612, "קץ_pct": 0.35087719298245612, "רז_pct": 0.0, "שס_pct": 1.4035087719298245, "ת_pct": 0.0, "lat": 32.7831884, "lon": 34.9970567, "neighborhood": "רמת בן גוריון" }, "geometry": { "type": "Point", "coordinates": [ 34.9970567, 32.7831884 ] } },
{ "type": "Feature", "properties": { "סמל ועדה": 7, "ברזל": 3048, "שם ישוב": "חיפה", "סמל ישוב": 4000, "קלפי": "199.1", "ריכוז": 70, "שופט": 0, "בזב": 548, "מצביעים": 346, "פסולים": 1, "כשרים": 345, "אמת": 34, "אצ": 0, "ב": 7, "ג": 0, "ד": 0, "ום": 1, "ז": 0, "זך": 0, "זנ": 0, "זץ": 0, "ט": 7, "י": 0, "יז": 1, "ינ": 0, "יץ": 0, "יק": 0, "כן": 52, "ך": 0, "ל": 19, "מחל": 46, "מרצ": 40, "נז": 0, "ני": 0, "נף": 0, "נץ": 0, "נק": 0, "נר": 0, "עם": 0, "פה": 132, "ף": 0, "צ": 1, "ץ": 0, "ק": 0, "קי": 0, "קך": 0, "קנ": 0, "קץ": 2, "רז": 0, "שס": 3, "ת": 0, "כתובת קלפי": "קריית ספר,27 ", "מקום קלפי": "בי\"ס \"ריאלי\" יסודי", "נגישה": "כ", "נגישה מיוחדת": "כ", "בוחרי כנסת בפועל": 548, "turnout_pct": 63.138686131386855, "אמת_pct": 9.8550724637681171, "אצ_pct": 0.0, "ב_pct": 2.0289855072463765, "ג_pct": 0.0, "ד_pct": 0.0, "ום_pct": 0.28985507246376813, "ז_pct": 0.0, "זך_pct": 0.0, "זנ_pct": 0.0, "זץ_pct": 0.0, "ט_pct": 2.0289855072463765, "י_pct": 0.0, "יז_pct": 0.28985507246376813, "ינ_pct": 0.0, "יץ_pct": 0.0, "יק_pct": 0.0, "כן_pct": 15.072463768115943, "ך_pct": 0.0, "ל_pct": 5.5072463768115938, "מחל_pct": 13.333333333333334, "מרצ_pct": 11.594202898550725, "נז_pct": 0.0, "ני_pct": 0.0, "נף_pct": 0.0, "נץ_pct": 0.0, "נק_pct": 0.0, "נר_pct": 0.0, "עם_pct": 0.0, "פה_pct": 38.260869565217391, "ף_pct": 0.0, "צ_pct": 0.28985507246376813, "ץ_pct": 0.0, "ק_pct": 0.0, "קי_pct": 0.0, "קך_pct": 0.0, "קנ_pct": 0.0, "קץ_pct": 0.57971014492753625, "רז_pct": 0.0, "שס_pct": 0.86956521739130432, "ת_pct": 0.0, "lat": 32.7901424, "lon": 34.9884241, "neighborhood": "אחוזה" }, "geometry": { "type": "Point", "coordinates": [ 34.9884241, 32.7901424 ] } },
{ "type": "Feature", "properties": { "סמל ועדה": 7, "ברזל": 3049, "שם ישוב": "חיפה", "סמל ישוב": 4000, "קלפי": "199.2", "ריכוז": 70, "שופט": 0, "בזב": 548, "מצביעים": 351, "פסולים": 1, "כשרים": 350, "אמת": 31, "אצ": 4, "ב": 1, "ג": 1, "ד": 3, "ום": 1, "ז": 0, "זך": 0, "זנ": 0, "זץ": 0, "ט": 14, "י": 2, "יז": 2, "ינ": 0, "יץ": 0, "יק": 0, "כן": 57, "ך": 0, "ל": 19, "מחל": 36, "מרצ": 29, "נז": 0, "ני": 1, "נף": 0, "נץ": 0, "נק": 0, "נר": 0, "עם": 0, "פה": 147, "ף": 0, "צ": 0, "ץ": 0, "ק": 0, "קי": 0, "קך": 0, "קנ": 0, "קץ": 2, "רז": 0, "שס": 0, "ת": 0, "כתובת קלפי": "קריית ספר,27 ", "מקום קלפי": "בי\"ס \"ריאלי\" יסודי", "נגישה": "כ", "נגישה מיוחדת": " ", "בוחרי כנסת בפועל": 548, "turnout_pct": 64.051094890510953, "אמת_pct": 8.8571428571428559, "אצ_pct": 1.1428571428571428, "ב_pct": 0.2857142857142857, "ג_pct": 0.2857142857142857, "ד_pct": 0.85714285714285721, "ום_pct": 0.2857142857142857, "ז_pct": 0.0, "זך_pct": 0.0, "זנ_pct": 0.0, "זץ_pct": 0.0, "ט_pct": 4.0, "י_pct": 0.5714285714285714, "יז_pct": 0.5714285714285714, "ינ_pct": 0.0, "יץ_pct": 0.0, "יק_pct": 0.0, "כן_pct": 16.285714285714288, "ך_pct": 0.0, "ל_pct": 5.4285714285714288, "מחל_pct": 10.285714285714285, "מרצ_pct": 8.2857142857142847, "נז_pct": 0.0, "ני_pct": 0.2857142857142857, "נף_pct": 0.0, "נץ_pct": 0.0, "נק_pct": 0.0, "נר_pct": 0.0, "עם_pct": 0.0, "פה_pct": 42.0, "ף_pct": 0.0, "צ_pct": 0.0, "ץ_pct": 0.0, "ק_pct": 0.0, "קי_pct": 0.0, "קך_pct": 0.0, "קנ_pct": 0.0, "קץ_pct": 0.5714285714285714, "רז_pct": 0.0, "שס_pct": 0.0, "ת_pct": 0.0, "lat": 32.7901424, "lon": 34.9884241, "neighborhood": "אחוזה" }, "geometry": { "type": "Point", "coordinates": [ 34.9884241, 32.7901424 ] } },
{ "type": "Feature", "properties": { "סמל ועדה": 7, "ברזל": 3050, "שם ישוב": "חיפה", "סמל ישוב": 4000, "קלפי": "199.3", "ריכוז": 70, "שופט": 0, "בזב": 548, "מצביעים": 338, "פסולים": 0, "כשרים": 338, "אמת": 38, "אצ": 1, "ב": 3, "ג": 4, "ד": 0, "ום": 3, "ז": 0, "זך": 0, "זנ": 0, "זץ": 0, "ט": 18, "י": 0, "יז": 2, "ינ": 0, "יץ": 0, "יק": 0, "כן": 35, "ך": 0, "ל": 23, "מחל": 48, "מרצ": 34, "נז": 0, "ני": 0, "נף": 1, "נץ": 0, "נק": 0, "נר": 0, "עם": 1, "פה": 120, "ף": 0, "צ": 0, "ץ": 0, "ק": 0, "קי": 0, "קך": 0, "קנ": 0, "קץ": 5, "רז": 0, "שס": 2, "ת": 0, "כתובת קלפי": "קריית ספר,27 ", "מקום קלפי": "בי\"ס \"ריאלי\" יסודי", "נגישה": "כ", "נגישה מיוחדת": " ", "בוחרי כנסת בפועל": 548, "turnout_pct": 61.678832116788321, "אמת_pct": 11.242603550295858, "אצ_pct": 0.29585798816568049, "ב_pct": 0.8875739644970414, "ג_pct": 1.1834319526627219, "ד_pct": 0.0, "ום_pct": 0.8875739644970414, "ז_pct": 0.0, "זך_pct": 0.0, "זנ_pct": 0.0, "זץ_pct": 0.0, "ט_pct": 5.3254437869822491, "י_pct": 0.0, "יז_pct": 0.59171597633136097, "ינ_pct": 0.0, "יץ_pct": 0.0, "יק_pct": 0.0, "כן_pct": 10.355029585798817, "ך_pct": 0.0, "ל_pct": 6.8047337278106506, "מחל_pct": 14.201183431952662, "מרצ_pct": 10.059171597633137, "נז_pct": 0.0, "ני_pct": 0.0, "נף_pct": 0.29585798816568049, "נץ_pct": 0.0, "נק_pct": 0.0, "נר_pct": 0.0, "עם_pct": 0.29585798816568049, "פה_pct": 35.502958579881657, "ף_pct": 0.0, "צ_pct": 0.0, "ץ_pct": 0.0, "ק_pct": 0.0, "קי_pct": 0.0, "קך_pct": 0.0, "קנ_pct": 0.0, "קץ_pct": 1.4792899408284024, "רז_pct": 0.0, "שס_pct": 0.59171597633136097, "ת_pct": 0.0, "lat": 32.7901424, "lon": 34.9884241, "neighborhood": "אחוזה" }, "geometry": { "type": "Point", "coordinates": [ 34.9884241, 32.7901424 ] } },
{ "type": "Feature", "properties": { "סמל ועדה": 7, "ברזל": 3051, "שם ישוב": "חיפה", "סמל ישוב": 4000, "קלפי": "199.4", "ריכוז": 70, "שופט": 0, "בזב": 548, "מצביעים": 335, "פסולים": 0, "כשרים": 335, "אמת": 27, "אצ": 5, "ב": 7, "ג": 0, "ד": 0, "ום": 2, "ז": 0, "זך": 0, "זנ": 0, "זץ": 0, "ט": 5, "י": 0, "יז": 1, "ינ": 0, "יץ": 0, "יק": 0, "כן": 42, "ך": 0, "ל": 16, "מחל": 49, "מרצ": 37, "נז": 0, "ני": 0, "נף": 0, "נץ": 0, "נק": 0, "נר": 0, "עם": 1, "פה": 142, "ף": 0, "צ": 0, "ץ": 0, "ק": 0, "קי": 0, "קך": 0, "קנ": 0, "קץ": 1, "רז": 0, "שס": 0, "ת": 0, "כתובת קלפי": "קריית ספר,27 ", "מקום קלפי": "בי\"ס \"ריאלי\" יסודי", "נגישה": " ", "נגישה מיוחדת": " ", "בוחרי כנסת בפועל": 548, "turnout_pct": 61.131386861313864, "אמת_pct": 8.0597014925373127, "אצ_pct": 1.4925373134328357, "ב_pct": 2.0895522388059704, "ג_pct": 0.0, "ד_pct": 0.0, "ום_pct": 0.59701492537313439, "ז_pct": 0.0, "זך_pct": 0.0, "זנ_pct": 0.0, "זץ_pct": 0.0, "ט_pct": 1.4925373134328357, "י_pct": 0.0, "יז_pct": 0.29850746268656719, "ינ_pct": 0.0, "יץ_pct": 0.0, "יק_pct": 0.0, "כן_pct": 12.53731343283582, "ך_pct": 0.0, "ל_pct": 4.7761194029850751, "מחל_pct": 14.626865671641792, "מרצ_pct": 11.044776119402986, "נז_pct": 0.0, "ני_pct": 0.0, "נף_pct": 0.0, "נץ_pct": 0.0, "נק_pct": 0.0, "נר_pct": 0.0, "עם_pct": 0.29850746268656719, "פה_pct": 42.388059701492537, "ף_pct": 0.0, "צ_pct": 0.0, "ץ_pct": 0.0, "ק_pct": 0.0, "קי_pct": 0.0, "קך_pct": 0.0, "קנ_pct": 0.0, "קץ_pct": 0.29850746268656719, "רז_pct": 0.0, "שס_pct": 0.0, "ת_pct": 0.0, "lat": 32.7901424, "lon": 34.9884241, "neighborhood": "אחוזה" }, "geometry": { "type": "Point", "coordinates": [ 34.9884241, 32.7901424 ] } },
{ "type": "Feature", "properties": { "סמל ועדה": 7, "ברזל": 3052, "שם ישוב": "חיפה", "סמל ישוב": 4000, "קלפי": "200", "ריכוז": 200, "שופט": 0, "בזב": 611, "מצביעים": 345, "פסולים": 0, "כשרים": 345, "אמת": 28, "אצ": 2, "ב": 0, "ג": 0, "ד": 2, "ום": 3, "ז": 0, "זך": 0, "זנ": 0, "זץ": 0, "ט": 13, "י": 0, "יז": 0, "ינ": 0, "יץ": 0, "יק": 0, "כן": 37, "ך": 0, "ל": 20, "מחל": 53, "מרצ": 24, "נז": 0, "ני": 0, "נף": 0, "נץ": 0, "נק": 0, "נר": 0, "עם": 0, "פה": 152, "ף": 0, "צ": 1, "ץ": 0, "ק": 0, "קי": 0, "קך": 0, "קנ": 1, "קץ": 4, "רז": 0, "שס": 5, "ת": 0, "כתובת קלפי": "הצלפים,5 ", "מקום קלפי": "גן ילדים רוממה כלנית", "נגישה": " ", "נגישה מיוחדת": " ", "בוחרי כנסת בפועל": 611, "turnout_pct": 56.46481178396072, "אמת_pct": 8.115942028985506, "אצ_pct": 0.57971014492753625, "ב_pct": 0.0, "ג_pct": 0.0, "ד_pct": 0.57971014492753625, "ום_pct": 0.86956521739130432, "ז_pct": 0.0, "זך_pct": 0.0, "זנ_pct": 0.0, "זץ_pct": 0.0, "ט_pct": 3.7681159420289858, "י_pct": 0.0, "יז_pct": 0.0, "ינ_pct": 0.0, "יץ_pct": 0.0, "יק_pct": 0.0, "כן_pct": 10.72463768115942, "ך_pct": 0.0, "ל_pct": 5.7971014492753623, "מחל_pct": 15.362318840579711, "מרצ_pct": 6.9565217391304346, "נז_pct": 0.0, "ני_pct": 0.0, "נף_pct": 0.0, "נץ_pct": 0.0, "נק_pct": 0.0, "נר_pct": 0.0, "עם_pct": 0.0, "פה_pct": 44.05797101449275, "ף_pct": 0.0, "צ_pct": 0.28985507246376813, "ץ_pct": 0.0, "ק_pct": 0.0, "קי_pct": 0.0, "קך_pct": 0.0, "קנ_pct": 0.28985507246376813, "קץ_pct": 1.1594202898550725, "רז_pct": 0.0, "שס_pct": 1.4492753623188406, "ת_pct": 0.0, "lat": 32.7879362, "lon": 34.9952815, "neighborhood": "רוממה" }, "geometry": { "type": "Point", "coordinates": [ 34.9952815, 32.7879362 ] } },
{ "type": "Feature", "properties": { "סמל ועדה": 7, "ברזל": 3053, "שם ישוב": "חיפה", "סמל ישוב": 4000, "קלפי": "262", "ריכוז": 42, "שופט": 0, "בזב": 450, "מצביעים": 256, "פסולים": 1, "כשרים": 255, "אמת": 17, "אצ": 1, "ב": 0, "ג": 0, "ד": 1, "ום": 0, "ז": 0, "זך": 0, "זנ": 0, "זץ": 0, "ט": 6, "י": 0, "יז": 2, "ינ": 0, "יץ": 0, "יק": 0, "כן": 34, "ך": 0, "ל": 26, "מחל": 60, "מרצ": 11, "נז": 0, "ני": 1, "נף": 0, "נץ": 0, "נק": 0, "נר": 0, "עם": 0, "פה": 93, "ף": 0, "צ": 0, "ץ": 0, "ק": 0, "קי": 0, "קך": 1, "קנ": 0, "קץ": 1, "רז": 0, "שס": 1, "ת": 0, "כתובת קלפי": "אורן,27 ", "מקום קלפי": "בי\"ס רוממה", "נגישה": "כ", "נגישה מיוחדת": "כ", "בוחרי כנסת בפועל": 450, "turnout_pct": 56.888888888888886, "אמת_pct": 6.666666666666667, "אצ_pct": 0.39215686274509803, "ב_pct": 0.0, "ג_pct": 0.0, "ד_pct": 0.39215686274509803, "ום_pct": 0.0, "ז_pct": 0.0, "זך_pct": 0.0, "זנ_pct": 0.0, "זץ_pct": 0.0, "ט_pct": 2.3529411764705883, "י_pct": 0.0, "יז_pct": 0.78431372549019607, "ינ_pct": 0.0, "יץ_pct": 0.0, "יק_pct": 0.0, "כן_pct": 13.333333333333334, "ך_pct": 0.0, "ל_pct": 10.196078431372548, "מחל_pct": 23.52941176470588, "מרצ_pct": 4.3137254901960782, "נז_pct": 0.0, "ני_pct": 0.39215686274509803, "נף_pct": 0.0, "נץ_pct": 0.0, "נק_pct": 0.0, "נר_pct": 0.0, "עם_pct": 0.0, "פה_pct": 36.470588235294116, "ף_pct": 0.0, "צ_pct": 0.0, "ץ_pct": 0.0, "ק_pct": 0.0, "קי_pct": 0.0, "קך_pct": 0.39215686274509803, "קנ_pct": 0.0, "קץ_pct": 0.39215686274509803, "רז_pct": 0.0, "שס_pct": 0.39215686274509803, "ת_pct": 0.0, "lat": 32.7831884, "lon": 34.9970567, "neighborhood": "רמת בן גוריון" }, "geometry": { "type": "Point", "coordinates": [ 34.9970567, 32.7831884 ] } },
{ "type": "Feature", "properties": { "סמל ועדה": 7, "ברזל": 3054, "שם ישוב": "חיפה", "סמל ישוב": 4000, "קלפי": "273.1", "ריכוז": 2, "שופט": 0, "בזב": 631, "מצביעים": 398, "פסולים": 1, "כשרים": 397, "אמת": 22, "אצ": 1, "ב": 3, "ג": 4, "ד": 2, "ום": 4, "ז": 0, "זך": 0, "זנ": 0, "זץ": 0, "ט": 15, "י": 0, "יז": 3, "ינ": 0, "יץ": 0, "יק": 0, "כן": 60, "ך": 0, "ל": 12, "מחל": 85, "מרצ": 38, "נז": 0, "ני": 0, "נף": 0, "נץ": 0, "נק": 0, "נר": 0, "עם": 1, "פה": 144, "ף": 0, "צ": 0, "ץ": 0, "ק": 0, "קי": 0, "קך": 0, "קנ": 0, "קץ": 1, "רז": 1, "שס": 1, "ת": 0, "כתובת קלפי": "אהוד,18 ", "מקום קלפי": "בי\"ס אהוד", "נגישה": "כ", "נגישה מיוחדת": "כ", "בוחרי כנסת בפועל": 631, "turnout_pct": 63.074484944532486, "אמת_pct": 5.5415617128463479, "אצ_pct": 0.25188916876574308, "ב_pct": 0.75566750629722923, "ג_pct": 1.0075566750629723, "ד_pct": 0.50377833753148615, "ום_pct": 1.0075566750629723, "ז_pct": 0.0, "זך_pct": 0.0, "זנ_pct": 0.0, "זץ_pct": 0.0, "ט_pct": 3.7783375314861463, "י_pct": 0.0, "יז_pct": 0.75566750629722923, "ינ_pct": 0.0, "יץ_pct": 0.0, "יק_pct": 0.0, "כן_pct": 15.113350125944585, "ך_pct": 0.0, "ל_pct": 3.0226700251889169, "מחל_pct": 21.410579345088159, "מרצ_pct": 9.5717884130982362, "נז_pct": 0.0, "ני_pct": 0.0, "נף_pct": 0.0, "נץ_pct": 0.0, "נק_pct": 0.0, "נר_pct": 0.0, "עם_pct": 0.25188916876574308, "פה_pct": 36.272040302267001, "ף_pct": 0.0, "צ_pct": 0.0, "ץ_pct": 0.0, "ק_pct": 0.0, "קי_pct": 0.0, "קך_pct": 0.0, "קנ_pct": 0.0, "קץ_pct": 0.25188916876574308, "רז_pct": 0.25188916876574308, "שס_pct": 0.25188916876574308, "ת_pct": 0.0, "lat": 32.7917812, "lon": 34.9889316, "neighborhood": "אחוזה" }, "geometry": { "type": "Point", "coordinates": [ 34.9889316, 32.7917812 ] } },
{ "type": "Feature", "properties": { "סמל ועדה": 7, "ברזל": 3055, "שם ישוב": "חיפה", "סמל ישוב": 4000, "קלפי": "273.2", "ריכוז": 2, "שופט": 0, "בזב": 631, "מצביעים": 381, "פסולים": 0, "כשרים": 381, "אמת": 35, "אצ": 0, "ב": 3, "ג": 2, "ד": 3, "ום": 1, "ז": 0, "זך": 0, "זנ": 0, "זץ": 0, "ט": 16, "י": 0, "יז": 0, "ינ": 0, "יץ": 0, "יק": 0, "כן": 63, "ך": 0, "ל": 19, "מחל": 59, "מרצ": 33, "נז": 0, "ני": 0, "נף": 0, "נץ": 0, "נק": 0, "נר": 0, "עם": 0, "פה": 144, "ף": 0, "צ": 0, "ץ": 0, "ק": 0, "קי": 0, "קך": 0, "קנ": 0, "קץ": 2, "רז": 0, "שס": 1, "ת": 0, "כתובת קלפי": "אהוד,18 ", "מקום קלפי": "בי\"ס אהוד", "נגישה": "כ", "נגישה מיוחדת": "כ", "בוחרי כנסת בפועל": 631, "turnout_pct": 60.380348652931858, "אמת_pct": 9.1863517060367457, "אצ_pct": 0.0, "ב_pct": 0.78740157480314954, "ג_pct": 0.52493438320209973, "ד_pct": 0.78740157480314954, "ום_pct": 0.26246719160104987, "ז_pct": 0.0, "זך_pct": 0.0, "זנ_pct": 0.0, "זץ_pct": 0.0, "ט_pct": 4.1994750656167978, "י_pct": 0.0, "יז_pct": 0.0, "ינ_pct": 0.0, "יץ_pct": 0.0, "יק_pct": 0.0, "כן_pct": 16.535433070866144, "ך_pct": 0.0, "ל_pct": 4.9868766404199478, "מחל_pct": 15.485564304461944, "מרצ_pct": 8.6614173228346463, "נז_pct": 0.0, "ני_pct": 0.0, "נף_pct": 0.0, "נץ_pct": 0.0, "נק_pct": 0.0, "נר_pct": 0.0, "עם_pct": 0.0, "פה_pct": 37.795275590551178, "ף_pct": 0.0, "צ_pct": 0.0, "ץ_pct": 0.0, "ק_pct": 0.0, "קי_pct": 0.0, "קך_pct": 0.0, "קנ_pct": 0.0, "קץ_pct": 0.52493438320209973, "רז_pct": 0.0, "שס_pct": 0.26246719160104987, "ת_pct": 0.0, "lat": 32.7917812, "lon": 34.9889316, "neighborhood": "אחוזה" }, "geometry": { "type": "Point", "coordinates": [ 34.9889316, 32.7917812 ] } },
{ "type": "Feature", "properties": { "סמל ועדה": 7, "ברזל": 3056, "שם ישוב": "חיפה", "סמל ישוב": 4000, "קלפי": "273.3", "ריכוז": 2, "שופט": 0, "בזב": 631, "מצביעים": 369, "פסולים": 0, "כשרים": 369, "אמת": 26, "אצ": 5, "ב": 3, "ג": 1, "ד": 0, "ום": 2, "ז": 0, "זך": 0, "זנ": 0, "זץ": 0, "ט": 11, "י": 0, "יז": 3, "ינ": 0, "יץ": 0, "יק": 0, "כן": 52, "ך": 0, "ל": 19, "מחל": 64, "מרצ": 46, "נז": 0, "ני": 0, "נף": 0, "נץ": 0, "נק": 0, "נר": 0, "עם": 1, "פה": 131, "ף": 0, "צ": 0, "ץ": 0, "ק": 0, "קי": 0, "קך": 0, "קנ": 0, "קץ": 1, "רז": 0, "שס": 4, "ת": 0, "כתובת קלפי": "אהוד,18 ", "מקום קלפי": "בי\"ס אהוד", "נגישה": " ", "נגישה מיוחדת": " ", "בוחרי כנסת בפועל": 631, "turnout_pct": 58.478605388272584, "אמת_pct": 7.0460704607046063, "אצ_pct": 1.3550135501355014, "ב_pct": 0.81300813008130091, "ג_pct": 0.27100271002710025, "ד_pct": 0.0, "ום_pct": 0.54200542005420049, "ז_pct": 0.0, "זך_pct": 0.0, "זנ_pct": 0.0, "זץ_pct": 0.0, "ט_pct": 2.9810298102981028, "י_pct": 0.0, "יז_pct": 0.81300813008130091, "ינ_pct": 0.0, "יץ_pct": 0.0, "יק_pct": 0.0, "כן_pct": 14.092140921409213, "ך_pct": 0.0, "ל_pct": 5.1490514905149052, "מחל_pct": 17.344173441734416, "מרצ_pct": 12.466124661246612, "נז_pct": 0.0, "ני_pct": 0.0, "נף_pct": 0.0, "נץ_pct": 0.0, "נק_pct": 0.0, "נר_pct": 0.0, "עם_pct": 0.27100271002710025, "פה_pct": 35.501355013550132, "ף_pct": 0.0, "צ_pct": 0.0, "ץ_pct": 0.0, "ק_pct": 0.0, "קי_pct": 0.0, "קך_pct": 0.0, "קנ_pct": 0.0, "קץ_pct": 0.27100271002710025, "רז_pct": 0.0, "שס_pct": 1.084010840108401, "ת_pct": 0.0, "lat": 32.7917812, "lon": 34.9889316, "neighborhood": "אחוזה" }, "geometry": { "type": "Point", "coordinates": [ 34.9889316, 32.7917812 ] } },
{ "type": "Feature", "properties": { "סמל ועדה": 7, "ברזל": 3057, "שם ישוב": "חיפה", "סמל ישוב": 4000, "קלפי": "273.4", "ריכוז": 2, "שופט": 0, "בזב": 631, "מצביעים": 400, "פסולים": 4, "כשרים": 396, "אמת": 43, "אצ": 2, "ב": 3, "ג": 0, "ד": 1, "ום": 2, "ז": 0, "זך": 0, "זנ": 0, "זץ": 0, "ט": 14, "י": 0, "יז": 0, "ינ": 0, "יץ": 0, "יק": 0, "כן": 49, "ך": 0, "ל": 23, "מחל": 50, "מרצ": 26, "נז": 0, "ני": 0, "נף": 0, "נץ": 0, "נק": 0, "נר": 0, "עם": 0, "פה": 176, "ף": 1, "צ": 1, "ץ": 0, "ק": 0, "קי": 0, "קך": 0, "קנ": 0, "קץ": 3, "רז": 0, "שס": 1, "ת": 1, "כתובת קלפי": "אהוד,18 ", "מקום קלפי": "בי\"ס אהוד", "נגישה": " ", "נגישה מיוחדת": " ", "בוחרי כנסת בפועל": 631, "turnout_pct": 63.391442155309029, "אמת_pct": 10.85858585858586, "אצ_pct": 0.50505050505050508, "ב_pct": 0.75757575757575757, "ג_pct": 0.0, "ד_pct": 0.25252525252525254, "ום_pct": 0.50505050505050508, "ז_pct": 0.0, "זך_pct": 0.0, "זנ_pct": 0.0, "זץ_pct": 0.0, "ט_pct": 3.535353535353535, "י_pct": 0.0, "יז_pct": 0.0, "ינ_pct": 0.0, "יץ_pct": 0.0, "יק_pct": 0.0, "כן_pct": 12.373737373737374, "ך_pct": 0.0, "ל_pct": 5.808080808080808, "מחל_pct": 12.626262626262626, "מרצ_pct": 6.5656565656565666, "נז_pct": 0.0, "ני_pct": 0.0, "נף_pct": 0.0, "נץ_pct": 0.0, "נק_pct": 0.0, "נר_pct": 0.0, "עם_pct": 0.0, "פה_pct": 44.444444444444443, "ף_pct": 0.25252525252525254, "צ_pct": 0.25252525252525254, "ץ_pct": 0.0, "ק_pct": 0.0, "קי_pct": 0.0, "קך_pct": 0.0, "קנ_pct": 0.0, "קץ_pct": 0.75757575757575757, "רז_pct": 0.0, "שס_pct": 0.25252525252525254, "ת_pct": 0.25252525252525254, "lat": 32.7917812, "lon": 34.9889316, "neighborhood": "אחוזה" }, "geometry": { "type": "Point", "coordinates": [ 34.9889316, 32.7917812 ] } },
{ "type": "Feature", "properties": { "סמל ועדה": 7, "ברזל": 3058, "שם ישוב": "חיפה", "סמל ישוב": 4000, "קלפי": "273.5", "ריכוז": 2, "שופט": 0, "בזב": 631, "מצביעים": 400, "פסולים": 1, "כשרים": 399, "אמת": 38, "אצ": 5, "ב": 4, "ג": 2, "ד": 2, "ום": 3, "ז": 0, "זך": 0, "זנ": 0, "זץ": 0, "ט": 9, "י": 0, "יז": 1, "ינ": 0, "יץ": 0, "יק": 0, "כן": 54, "ך": 0, "ל": 11, "מחל": 56, "מרצ": 32, "נז": 0, "ני": 0, "נף": 0, "נץ": 0, "נק": 0, "נר": 0, "עם": 0, "פה": 178, "ף": 1, "צ": 1, "ץ": 0, "ק": 1, "קי": 0, "קך": 0, "קנ": 0, "קץ": 0, "רז": 0, "שס": 1, "ת": 0, "כתובת קלפי": "אהוד,18 ", "מקום קלפי": "בי\"ס אהוד", "נגישה": " ", "נגישה מיוחדת": " ", "בוחרי כנסת בפועל": 631, "turnout_pct": 63.391442155309029, "אמת_pct": 9.5238095238095237, "אצ_pct": 1.2531328320802004, "ב_pct": 1.0025062656641603, "ג_pct": 0.50125313283208017, "ד_pct": 0.50125313283208017, "ום_pct": 0.75187969924812026, "ז_pct": 0.0, "זך_pct": 0.0, "זנ_pct": 0.0, "זץ_pct": 0.0, "ט_pct": 2.2556390977443606, "י_pct": 0.0, "יז_pct": 0.25062656641604009, "ינ_pct": 0.0, "יץ_pct": 0.0, "יק_pct": 0.0, "כן_pct": 13.533834586466165, "ך_pct": 0.0, "ל_pct": 2.7568922305764412, "מחל_pct": 14.035087719298245, "מרצ_pct": 8.0200501253132828, "נז_pct": 0.0, "ני_pct": 0.0, "נף_pct": 0.0, "נץ_pct": 0.0, "נק_pct": 0.0, "נר_pct": 0.0, "עם_pct": 0.0, "פה_pct": 44.611528822055135, "ף_pct": 0.25062656641604009, "צ_pct": 0.25062656641604009, "ץ_pct": 0.0, "ק_pct": 0.25062656641604009, "קי_pct": 0.0, "קך_pct": 0.0, "קנ_pct": 0.0, "קץ_pct": 0.0, "רז_pct": 0.0, "שס_pct": 0.25062656641604009, "ת_pct": 0.0, "lat": 32.7917812, "lon": 34.9889316, "neighborhood": "אחוזה" }, "geometry": { "type": "Point", "coordinates": [ 34.9889316, 32.7917812 ] } },
{ "type": "Feature", "properties": { "סמל ועדה": 7, "ברזל": 3059, "שם ישוב": "חיפה", "סמל ישוב": 4000, "קלפי": "364", "ריכוז": 42, "שופט": 0, "בזב": 574, "מצביעים": 413, "פסולים": 1, "כשרים": 412, "אמת": 25, "אצ": 0, "ב": 6, "ג": 0, "ד": 0, "ום": 1, "ז": 0, "זך": 0, "זנ": 0, "זץ": 0, "ט": 23, "י": 0, "יז": 1, "ינ": 0, "יץ": 0, "יק": 0, "כן": 47, "ך": 0, "ל": 24, "מחל": 66, "מרצ": 25, "נז": 0, "ני": 0, "נף": 0, "נץ": 0, "נק": 0, "נר": 0, "עם": 2, "פה": 186, "ף": 0, "צ": 0, "ץ": 0, "ק": 0, "קי": 0, "קך": 0, "קנ": 0, "קץ": 4, "רז": 0, "שס": 2, "ת": 0, "כתובת קלפי": "אורן,27 ", "מקום קלפי": "בי\"ס רוממה", "נגישה": " ", "נגישה מיוחדת": " ", "בוחרי כנסת בפועל": 574, "turnout_pct": 71.951219512195124, "אמת_pct": 6.0679611650485441, "אצ_pct": 0.0, "ב_pct": 1.4563106796116505, "ג_pct": 0.0, "ד_pct": 0.0, "ום_pct": 0.24271844660194172, "ז_pct": 0.0, "זך_pct": 0.0, "זנ_pct": 0.0, "זץ_pct": 0.0, "ט_pct": 5.5825242718446608, "י_pct": 0.0, "יז_pct": 0.24271844660194172, "ינ_pct": 0.0, "יץ_pct": 0.0, "יק_pct": 0.0, "כן_pct": 11.407766990291263, "ך_pct": 0.0, "ל_pct": 5.825242718446602, "מחל_pct": 16.019417475728158, "מרצ_pct": 6.0679611650485441, "נז_pct": 0.0, "ני_pct": 0.0, "נף_pct": 0.0, "נץ_pct": 0.0, "נק_pct": 0.0, "נר_pct": 0.0, "עם_pct": 0.48543689320388345, "פה_pct": 45.145631067961169, "ף_pct": 0.0, "צ_pct": 0.0, "ץ_pct": 0.0, "ק_pct": 0.0, "קי_pct": 0.0, "קך_pct": 0.0, "קנ_pct": 0.0, "קץ_pct": 0.97087378640776689, "רז_pct": 0.0, "שס_pct": 0.48543689320388345, "ת_pct": 0.0, "lat": 32.7831884, "lon": 34.9970567, "neighborhood": "רמת בן גוריון" }, "geometry": { "type": "Point", "coordinates": [ 34.9970567, 32.7831884 ] } },
{ "type": "Feature", "properties": { "סמל ועדה": 7, "ברזל": 3060, "שם ישוב": "חיפה", "סמל ישוב": 4000, "קלפי": "365", "ריכוז": 262, "שופט": 0, "בזב": 600, "מצביעים": 175, "פסולים": 3, "כשרים": 172, "אמת": 11, "אצ": 0, "ב": 4, "ג": 0, "ד": 0, "ום": 0, "ז": 0, "זך": 0, "זנ": 0, "זץ": 0, "ט": 2, "י": 0, "יז": 0, "ינ": 0, "יץ": 0, "יק": 0, "כן": 17, "ך": 0, "ל": 30, "מחל": 42, "מרצ": 9, "נז": 0, "ני": 0, "נף": 0, "נץ": 0, "נק": 0, "נר": 0, "עם": 0, "פה": 56, "ף": 0, "צ": 0, "ץ": 0, "ק": 0, "קי": 0, "קך": 0, "קנ": 0, "קץ": 0, "רז": 0, "שס": 1, "ת": 0, "כתובת קלפי": "אורן,27 ", "מקום קלפי": "אולם ספורט ביה\"ס רוממה", "נגישה": "כ", "נגישה מיוחדת": "כ", "בוחרי כנסת בפועל": 600, "turnout_pct": 29.166666666666668, "אמת_pct": 6.395348837209303, "אצ_pct": 0.0, "ב_pct": 2.3255813953488373, "ג_pct": 0.0, "ד_pct": 0.0, "ום_pct": 0.0, "ז_pct": 0.0, "זך_pct": 0.0, "זנ_pct": 0.0, "זץ_pct": 0.0, "ט_pct": 1.1627906976744187, "י_pct": 0.0, "יז_pct": 0.0, "ינ_pct": 0.0, "יץ_pct": 0.0, "יק_pct": 0.0, "כן_pct": 9.8837209302325579, "ך_pct": 0.0, "ל_pct": 17.441860465116278, "מחל_pct": 24.418604651162788, "מרצ_pct": 5.2325581395348841, "נז_pct": 0.0, "ני_pct": 0.0, "נף_pct": 0.0, "נץ_pct": 0.0, "נק_pct": 0.0, "נר_pct": 0.0, "עם_pct": 0.0, "פה_pct": 32.558139534883722, "ף_pct": 0.0, "צ_pct": 0.0, "ץ_pct": 0.0, "ק_pct": 0.0, "קי_pct": 0.0, "קך_pct": 0.0, "קנ_pct": 0.0, "קץ_pct": 0.0, "רז_pct": 0.0, "שס_pct": 0.58139534883720934, "ת_pct": 0.0, "lat": 32.7831884, "lon": 34.9970567, "neighborhood": "רמת בן גוריון" }, "geometry": { "type": "Point", "coordinates": [ 34.9970567, 32.7831884 ] } },
{ "type": "Feature", "properties": { "סמל ועדה": 7, "ברזל": 3061, "שם ישוב": "חיפה", "סמל ישוב": 4000, "קלפי": "425", "ריכוז": 274, "שופט": 0, "בזב": 606, "מצביעים": 438, "פסולים": 1, "כשרים": 437, "אמת": 32, "אצ": 1, "ב": 3, "ג": 0, "ד": 1, "ום": 4, "ז": 0, "זך": 0, "זנ": 0, "זץ": 0, "ט": 18, "י": 0, "יז": 1, "ינ": 0, "יץ": 0, "יק": 0, "כן": 85, "ך": 0, "ל": 12, "מחל": 103, "מרצ": 17, "נז": 0, "ני": 0, "נף": 0, "נץ": 0, "נק": 0, "נר": 0, "עם": 0, "פה": 154, "ף": 0, "צ": 1, "ץ": 0, "ק": 0, "קי": 0, "קך": 0, "קנ": 0, "קץ": 0, "רז": 0, "שס": 5, "ת": 0, "כתובת קלפי": "ורדיה,15 ", "מקום קלפי": "גן שושן", "נגישה": " ", "נגישה מיוחדת": " ", "בוחרי כנסת בפועל": 606, "turnout_pct": 72.277227722772281, "אמת_pct": 7.3226544622425633, "אצ_pct": 0.2288329519450801, "ב_pct": 0.68649885583524028, "ג_pct": 0.0, "ד_pct": 0.2288329519450801, "ום_pct": 0.91533180778032042, "ז_pct": 0.0, "זך_pct": 0.0, "זנ_pct": 0.0, "זץ_pct": 0.0, "ט_pct": 4.1189931350114417, "י_pct": 0.0, "יז_pct": 0.2288329519450801, "ינ_pct": 0.0, "יץ_pct": 0.0, "יק_pct": 0.0, "כן_pct": 19.450800915331808, "ך_pct": 0.0, "ל_pct": 2.7459954233409611, "מחל_pct": 23.569794050343248, "מרצ_pct": 3.8901601830663615, "נז_pct": 0.0, "ני_pct": 0.0, "נף_pct": 0.0, "נץ_pct": 0.0, "נק_pct": 0.0, "נר_pct": 0.0, "עם_pct": 0.0, "פה_pct": 35.240274599542332, "ף_pct": 0.0, "צ_pct": 0.2288329519450801, "ץ_pct": 0.0, "ק_pct": 0.0, "קי_pct": 0.0, "קך_pct": 0.0, "קנ_pct": 0.0, "קץ_pct": 0.0, "רז_pct": 0.0, "שס_pct": 1.1441647597254003, "ת_pct": 0.0, "lat": 32.7941448, "lon": 34.9961037, "neighborhood": "ורדיה" }, "geometry": { "type": "Point", "coordinates": [ 34.9961037, 32.7941448 ] } },
{ "type": "Feature", "properties": { "סמל ועדה": 7, "ברזל": 3062, "שם ישוב": "חיפה", "סמל ישוב": 4000, "קלפי": "428", "ריכוז": 274, "שופט": 0, "בזב": 675, "מצביעים": 515, "פסולים": 0, "כשרים": 515, "אמת": 21, "אצ": 2, "ב": 2, "ג": 1, "ד": 1, "ום": 2, "ז": 0, "זך": 0, "זנ": 0, "זץ": 0, "ט": 24, "י": 0, "יז": 1, "ינ": 0, "יץ": 0, "יק": 0, "כן": 76, "ך": 0, "ל": 14, "מחל": 134, "מרצ": 20, "נז": 0, "ני": 0, "נף": 0, "נץ": 0, "נק": 0, "נר": 0, "עם": 1, "פה": 207, "ף": 0, "צ": 0, "ץ": 0, "ק": 0, "קי": 0, "קך": 0, "קנ": 0, "קץ": 2, "רז": 0, "שס": 7, "ת": 0, "כתובת קלפי": "ורדיה,15 ", "מקום קלפי": "גן שושן", "נגישה": " ", "נגישה מיוחדת": " ", "בוחרי כנסת בפועל": 675, "turnout_pct": 76.296296296296291, "אמת_pct": 4.0776699029126213, "אצ_pct": 0.38834951456310679, "ב_pct": 0.38834951456310679, "ג_pct": 0.1941747572815534, "ד_pct": 0.1941747572815534, "ום_pct": 0.38834951456310679, "ז_pct": 0.0, "זך_pct": 0.0, "זנ_pct": 0.0, "זץ_pct": 0.0, "ט_pct": 4.6601941747572813, "י_pct": 0.0, "יז_pct": 0.1941747572815534, "ינ_pct": 0.0, "יץ_pct": 0.0, "יק_pct": 0.0, "כן_pct": 14.757281553398057, "ך_pct": 0.0, "ל_pct": 2.7184466019417477, "מחל_pct": 26.019417475728158, "מרצ_pct": 3.8834951456310676, "נז_pct": 0.0, "ני_pct": 0.0, "נף_pct": 0.0, "נץ_pct": 0.0, "נק_pct": 0.0, "נר_pct": 0.0, "עם_pct": 0.1941747572815534, "פה_pct": 40.194174757281552, "ף_pct": 0.0, "צ_pct": 0.0, "ץ_pct": 0.0, "ק_pct": 0.0, "קי_pct": 0.0, "קך_pct": 0.0, "קנ_pct": 0.0, "קץ_pct": 0.38834951456310679, "רז_pct": 0.0, "שס_pct": 1.3592233009708738, "ת_pct": 0.0, "lat": 32.7941448, "lon": 34.9961037, "neighborhood": "ורדיה" }, "geometry": { "type": "Point", "coordinates": [ 34.9961037, 32.7941448 ] } },
{ "type": "Feature", "properties": { "סמל ועדה": 7, "ברזל": 3063, "שם ישוב": "חיפה", "סמל ישוב": 4000, "קלפי": "429", "ריכוז": 218, "שופט": 0, "בזב": 545, "מצביעים": 407, "פסולים": 0, "כשרים": 407, "אמת": 17, "אצ": 3, "ב": 3, "ג": 0, "ד": 2, "ום": 0, "ז": 0, "זך": 0, "זנ": 0, "זץ": 0, "ט": 14, "י": 0, "יז": 1, "ינ": 0, "יץ": 0, "יק": 0, "כן": 68, "ך": 0, "ל": 14, "מחל": 82, "מרצ": 20, "נז": 0, "ני": 0, "נף": 0, "נץ": 0, "נק": 0, "נר": 0, "עם": 0, "פה": 179, "ף": 0, "צ": 0, "ץ": 0, "ק": 0, "קי": 0, "קך": 0, "קנ": 0, "קץ": 0, "רז": 0, "שס": 4, "ת": 0, "כתובת קלפי": "צבעוני,17 ", "מקום קלפי": "גן ילדים נחל", "נגישה": " ", "נגישה מיוחדת": " ", "בוחרי כנסת בפועל": 545, "turnout_pct": 74.678899082568805, "אמת_pct": 4.176904176904177, "אצ_pct": 0.73710073710073709, "ב_pct": 0.73710073710073709, "ג_pct": 0.0, "ד_pct": 0.49140049140049141, "ום_pct": 0.0, "ז_pct": 0.0, "זך_pct": 0.0, "זנ_pct": 0.0, "זץ_pct": 0.0, "ט_pct": 3.4398034398034398, "י_pct": 0.0, "יז_pct": 0.24570024570024571, "ינ_pct": 0.0, "יץ_pct": 0.0, "יק_pct": 0.0, "כן_pct": 16.707616707616708, "ך_pct": 0.0, "ל_pct": 3.4398034398034398, "מחל_pct": 20.147420147420149, "מרצ_pct": 4.9140049140049138, "נז_pct": 0.0, "ני_pct": 0.0, "נף_pct": 0.0, "נץ_pct": 0.0, "נק_pct": 0.0, "נר_pct": 0.0, "עם_pct": 0.0, "פה_pct": 43.980343980343974, "ף_pct": 0.0, "צ_pct": 0.0, "ץ_pct": 0.0, "ק_pct": 0.0, "קי_pct": 0.0, "קך_pct": 0.0, "קנ_pct": 0.0, "קץ_pct": 0.0, "רז_pct": 0.0, "שס_pct": 0.98280098280098283, "ת_pct": 0.0, "lat": 32.7952946, "lon": 34.9958229, "neighborhood": "ורדיה" }, "geometry": { "type": "Point", "coordinates": [ 34.9958229, 32.7952946 ] } },
{ "type": "Feature", "properties": { "סמל ועדה": 7, "ברזל": 3064, "שם ישוב": "חיפה", "סמל ישוב": 4000, "קלפי": "434", "ריכוז": 275, "שופט": 0, "בזב": 681, "מצביעים": 482, "פסולים": 2, "כשרים": 480, "אמת": 22, "אצ": 5, "ב": 1, "ג": 2, "ד": 0, "ום": 1, "ז": 0, "זך": 0, "זנ": 0, "זץ": 0, "ט": 24, "י": 0, "יז": 2, "ינ": 0, "יץ": 0, "יק": 0, "כן": 90, "ך": 0, "ל": 8, "מחל": 107, "מרצ": 16, "נז": 0, "ני": 0, "נף": 0, "נץ": 0, "נק": 0, "נר": 0, "עם": 1, "פה": 191, "ף": 2, "צ": 2, "ץ": 0, "ק": 0, "קי": 0, "קך": 0, "קנ": 1, "קץ": 2, "רז": 0, "שס": 3, "ת": 0, "כתובת קלפי": "צבעוני,17 ", "מקום קלפי": "גן ניצן", "נגישה": " ", "נגישה מיוחדת": " ", "בוחרי כנסת בפועל": 681, "turnout_pct": 70.77826725403817, "אמת_pct": 4.583333333333333, "אצ_pct": 1.0416666666666665, "ב_pct": 0.20833333333333334, "ג_pct": 0.41666666666666669, "ד_pct": 0.0, "ום_pct": 0.20833333333333334, "ז_pct": 0.0, "זך_pct": 0.0, "זנ_pct": 0.0, "זץ_pct": 0.0, "ט_pct": 5.0, "י_pct": 0.0, "יז_pct": 0.41666666666666669, "ינ_pct": 0.0, "יץ_pct": 0.0, "יק_pct": 0.0, "כן_pct": 18.75, "ך_pct": 0.0, "ל_pct": 1.6666666666666667, "מחל_pct": 22.291666666666668, "מרצ_pct": 3.3333333333333335, "נז_pct": 0.0, "ני_pct": 0.0, "נף_pct": 0.0, "נץ_pct": 0.0, "נק_pct": 0.0, "נר_pct": 0.0, "עם_pct": 0.20833333333333334, "פה_pct": 39.791666666666664, "ף_pct": 0.41666666666666669, "צ_pct": 0.41666666666666669, "ץ_pct": 0.0, "ק_pct": 0.0, "קי_pct": 0.0, "קך_pct": 0.0, "קנ_pct": 0.20833333333333334, "קץ_pct": 0.41666666666666669, "רז_pct": 0.0, "שס_pct": 0.625, "ת_pct": 0.0, "lat": 32.7952946, "lon": 34.9958229, "neighborhood": "ורדיה" }, "geometry": { "type": "Point", "coordinates": [ 34.9958229, 32.7952946 ] } },
{ "type": "Feature", "properties": { "סמל ועדה": 7, "ברזל": 3065, "שם ישוב": "חיפה", "סמל ישוב": 4000, "קלפי": "461.1", "ריכוז": 108, "שופט": 0, "בזב": 682, "מצביעים": 459, "פסולים": 0, "כשרים": 459, "אמת": 31, "אצ": 2, "ב": 6, "ג": 1, "ד": 0, "ום": 3, "ז": 2, "זך": 0, "זנ": 0, "זץ": 0, "ט": 18, "י": 0, "יז": 1, "ינ": 0, "יץ": 0, "יק": 0, "כן": 65, "ך": 0, "ל": 31, "מחל": 88, "מרצ": 21, "נז": 0, "ני": 0, "נף": 0, "נץ": 0, "נק": 0, "נר": 0, "עם": 2, "פה": 174, "ף": 0, "צ": 1, "ץ": 0, "ק": 0, "קי": 0, "קך": 0, "קנ": 0, "קץ": 4, "רז": 0, "שס": 9, "ת": 0, "כתובת קלפי": "קרן היסוד,33 ", "מקום קלפי": "בי\"ס בן גוריון", "נגישה": " ", "נגישה מיוחדת": " ", "בוחרי כנסת בפועל": 682, "turnout_pct": 67.302052785923749, "אמת_pct": 6.7538126361655779, "אצ_pct": 0.4357298474945534, "ב_pct": 1.3071895424836601, "ג_pct": 0.2178649237472767, "ד_pct": 0.0, "ום_pct": 0.65359477124183007, "ז_pct": 0.4357298474945534, "זך_pct": 0.0, "זנ_pct": 0.0, "זץ_pct": 0.0, "ט_pct": 3.9215686274509802, "י_pct": 0.0, "יז_pct": 0.2178649237472767, "ינ_pct": 0.0, "יץ_pct": 0.0, "יק_pct": 0.0, "כן_pct": 14.161220043572984, "ך_pct": 0.0, "ל_pct": 6.7538126361655779, "מחל_pct": 19.172113289760347, "מרצ_pct": 4.5751633986928102, "נז_pct": 0.0, "ני_pct": 0.0, "נף_pct": 0.0, "נץ_pct": 0.0, "נק_pct": 0.0, "נר_pct": 0.0, "עם_pct": 0.4357298474945534, "פה_pct": 37.908496732026144, "ף_pct": 0.0, "צ_pct": 0.2178649237472767, "ץ_pct": 0.0, "ק_pct": 0.0, "קי_pct": 0.0, "קך_pct": 0.0, "קנ_pct": 0.0, "קץ_pct": 0.8714596949891068, "רז_pct": 0.0, "שס_pct": 1.9607843137254901, "ת_pct": 0.0, "lat": 32.7907366, "lon": 35.0012168, "neighborhood": "רוממה" }, "geometry": { "type": "Point", "coordinates": [ 35.0012168, 32.7907366 ] } },
{ "type": "Feature", "properties": { "סמל ועדה": 7, "ברזל": 3066, "שם ישוב": "חיפה", "סמל ישוב": 4000, "קלפי": "461.2", "ריכוז": 108, "שופט": 0, "בזב": 682, "מצביעים": 453, "פסולים": 0, "כשרים": 453, "אמת": 30, "אצ": 0, "ב": 3, "ג": 0, "ד": 3, "ום": 1, "ז": 0, "זך": 0, "זנ": 0, "זץ": 0, "ט": 16, "י": 0, "יז": 0, "ינ": 0, "יץ": 0, "יק": 0, "כן": 73, "ך": 0, "ל": 26, "מחל": 76, "מרצ": 25, "נז": 0, "ני": 0, "נף": 0, "נץ": 0, "נק": 0, "נר": 0, "עם": 0, "פה": 196, "ף": 0, "צ": 0, "ץ": 0, "ק": 1, "קי": 0, "קך": 0, "קנ": 0, "קץ": 2, "רז": 0, "שס": 1, "ת": 0, "כתובת קלפי": "קרן היסוד,33 ", "מקום קלפי": "בי\"ס בן גוריון", "נגישה": " ", "נגישה מיוחדת": " ", "בוחרי כנסת בפועל": 682, "turnout_pct": 66.422287390029325, "אמת_pct": 6.6225165562913908, "אצ_pct": 0.0, "ב_pct": 0.66225165562913912, "ג_pct": 0.0, "ד_pct": 0.66225165562913912, "ום_pct": 0.22075055187637968, "ז_pct": 0.0, "זך_pct": 0.0, "זנ_pct": 0.0, "זץ_pct": 0.0, "ט_pct": 3.5320088300220749, "י_pct": 0.0, "יז_pct": 0.0, "ינ_pct": 0.0, "יץ_pct": 0.0, "יק_pct": 0.0, "כן_pct": 16.114790286975715, "ך_pct": 0.0, "ל_pct": 5.739514348785872, "מחל_pct": 16.777041942604857, "מרצ_pct": 5.518763796909492, "נז_pct": 0.0, "ני_pct": 0.0, "נף_pct": 0.0, "נץ_pct": 0.0, "נק_pct": 0.0, "נר_pct": 0.0, "עם_pct": 0.0, "פה_pct": 43.267108167770417, "ף_pct": 0.0, "צ_pct": 0.0, "ץ_pct": 0.0, "ק_pct": 0.22075055187637968, "קי_pct": 0.0, "קך_pct": 0.0, "קנ_pct": 0.0, "קץ_pct": 0.44150110375275936, "רז_pct": 0.0, "שס_pct": 0.22075055187637968, "ת_pct": 0.0, "lat": 32.7907366, "lon": 35.0012168, "neighborhood": "רוממה" }, "geometry": { "type": "Point", "coordinates": [ 35.0012168, 32.7907366 ] } },
{ "type": "Feature", "properties": { "סמל ועדה": 7, "ברזל": 3067, "שם ישוב": "חיפה", "סמל ישוב": 4000, "קלפי": "461.3", "ריכוז": 108, "שופט": 0, "בזב": 682, "מצביעים": 433, "פסולים": 3, "כשרים": 430, "אמת": 39, "אצ": 6, "ב": 4, "ג": 0, "ד": 1, "ום": 3, "ז": 0, "זך": 0, "זנ": 0, "זץ": 0, "ט": 15, "י": 0, "יז": 1, "ינ": 0, "יץ": 0, "יק": 0, "כן": 67, "ך": 0, "ל": 29, "מחל": 64, "מרצ": 20, "נז": 0, "ני": 0, "נף": 0, "נץ": 0, "נק": 0, "נר": 0, "עם": 1, "פה": 175, "ף": 0, "צ": 2, "ץ": 0, "ק": 0, "קי": 0, "קך": 0, "קנ": 0, "קץ": 2, "רז": 0, "שס": 1, "ת": 0, "כתובת קלפי": "קרן היסוד,33 ", "מקום קלפי": "בי\"ס בן גוריון", "נגישה": " ", "נגישה מיוחדת": " ", "בוחרי כנסת בפועל": 682, "turnout_pct": 63.489736070381234, "אמת_pct": 9.0697674418604652, "אצ_pct": 1.3953488372093024, "ב_pct": 0.93023255813953487, "ג_pct": 0.0, "ד_pct": 0.23255813953488372, "ום_pct": 0.69767441860465118, "ז_pct": 0.0, "זך_pct": 0.0, "זנ_pct": 0.0, "זץ_pct": 0.0, "ט_pct": 3.4883720930232558, "י_pct": 0.0, "יז_pct": 0.23255813953488372, "ינ_pct": 0.0, "יץ_pct": 0.0, "יק_pct": 0.0, "כן_pct": 15.58139534883721, "ך_pct": 0.0, "ל_pct": 6.7441860465116283, "מחל_pct": 14.883720930232558, "מרצ_pct": 4.6511627906976747, "נז_pct": 0.0, "ני_pct": 0.0, "נף_pct": 0.0, "נץ_pct": 0.0, "נק_pct": 0.0, "נר_pct": 0.0, "עם_pct": 0.23255813953488372, "פה_pct": 40.697674418604649, "ף_pct": 0.0, "צ_pct": 0.46511627906976744, "ץ_pct": 0.0, "ק_pct": 0.0, "קי_pct": 0.0, "קך_pct": 0.0, "קנ_pct": 0.0, "קץ_pct": 0.46511627906976744, "רז_pct": 0.0, "שס_pct": 0.23255813953488372, "ת_pct": 0.0, "lat": 32.7907366, "lon": 35.0012168, "neighborhood": "רוממה" }, "geometry": { "type": "Point", "coordinates": [ 35.0012168, 32.7907366 ] } },
{ "type": "Feature", "properties": { "סמל ועדה": 7, "ברזל": 3068, "שם ישוב": "חיפה", "סמל ישוב": 4000, "קלפי": "461.4", "ריכוז": 108, "שופט": 0, "בזב": 679, "מצביעים": 435, "פסולים": 3, "כשרים": 432, "אמת": 25, "אצ": 2, "ב": 3, "ג": 0, "ד": 0, "ום": 1, "ז": 0, "זך": 0, "זנ": 0, "זץ": 0, "ט": 6, "י": 0, "יז": 0, "ינ": 0, "יץ": 0, "יק": 0, "כן": 73, "ך": 0, "ל": 37, "מחל": 53, "מרצ": 27, "נז": 0, "ני": 0, "נף": 0, "נץ": 0, "נק": 0, "נר": 0, "עם": 2, "פה": 203, "ף": 0, "צ": 0, "ץ": 0, "ק": 0, "קי": 0, "קך": 0, "קנ": 0, "קץ": 0, "רז": 0, "שס": 0, "ת": 0, "כתובת קלפי": "קרן היסוד,33 ", "מקום קלפי": "בי\"ס בן גוריון", "נגישה": " ", "נגישה מיוחדת": " ", "בוחרי כנסת בפועל": 679, "turnout_pct": 64.06480117820324, "אמת_pct": 5.7870370370370372, "אצ_pct": 0.46296296296296291, "ב_pct": 0.69444444444444442, "ג_pct": 0.0, "ד_pct": 0.0, "ום_pct": 0.23148148148148145, "ז_pct": 0.0, "זך_pct": 0.0, "זנ_pct": 0.0, "זץ_pct": 0.0, "ט_pct": 1.3888888888888888, "י_pct": 0.0, "יז_pct": 0.0, "ינ_pct": 0.0, "יץ_pct": 0.0, "יק_pct": 0.0, "כן_pct": 16.898148148148149, "ך_pct": 0.0, "ל_pct": 8.5648148148148149, "מחל_pct": 12.268518518518519, "מרצ_pct": 6.25, "נז_pct": 0.0, "ני_pct": 0.0, "נף_pct": 0.0, "נץ_pct": 0.0, "נק_pct": 0.0, "נר_pct": 0.0, "עם_pct": 0.46296296296296291, "פה_pct": 46.99074074074074, "ף_pct": 0.0, "צ_pct": 0.0, "ץ_pct": 0.0, "ק_pct": 0.0, "קי_pct": 0.0, "קך_pct": 0.0, "קנ_pct": 0.0, "קץ_pct": 0.0, "רז_pct": 0.0, "שס_pct": 0.0, "ת_pct": 0.0, "lat": 32.7907366, "lon": 35.0012168, "neighborhood": "רוממה" }, "geometry": { "type": "Point", "coordinates": [ 35.0012168, 32.7907366 ] } },
{ "type": "Feature", "properties": { "סמל ועדה": 7, "ברזל": 3069, "שם ישוב": "חיפה", "סמל ישוב": 4000, "קלפי": "169", "ריכוז": 223, "שופט": 0, "בזב": 606, "מצביעים": 466, "פסולים": 1, "כשרים": 465, "אמת": 38, "אצ": 0, "ב": 7, "ג": 1, "ד": 2, "ום": 3, "ז": 0, "זך": 0, "זנ": 0, "זץ": 0, "ט": 20, "י": 0, "יז": 0, "ינ": 0, "יץ": 0, "יק": 0, "כן": 79, "ך": 0, "ל": 28, "מחל": 59, "מרצ": 39, "נז": 0, "ני": 0, "נף": 0, "נץ": 1, "נק": 0, "נר": 0, "עם": 0, "פה": 180, "ף": 0, "צ": 1, "ץ": 0, "ק": 0, "קי": 0, "קך": 0, "קנ": 0, "קץ": 1, "רז": 0, "שס": 6, "ת": 0, "כתובת קלפי": "שוויצר אלברט ד\"ר,64 ", "מקום קלפי": "גן ילדים קטלב", "נגישה": " ", "נגישה מיוחדת": " ", "בוחרי כנסת בפועל": 606, "turnout_pct": 76.897689768976889, "אמת_pct": 8.172043010752688, "אצ_pct": 0.0, "ב_pct": 1.5053763440860215, "ג_pct": 0.21505376344086022, "ד_pct": 0.43010752688172044, "ום_pct": 0.64516129032258063, "ז_pct": 0.0, "זך_pct": 0.0, "זנ_pct": 0.0, "זץ_pct": 0.0, "ט_pct": 4.3010752688172049, "י_pct": 0.0, "יז_pct": 0.0, "ינ_pct": 0.0, "יץ_pct": 0.0, "יק_pct": 0.0, "כן_pct": 16.989247311827956, "ך_pct": 0.0, "ל_pct": 6.021505376344086, "מחל_pct": 12.688172043010754, "מרצ_pct": 8.3870967741935498, "נז_pct": 0.0, "ני_pct": 0.0, "נף_pct": 0.0, "נץ_pct": 0.21505376344086022, "נק_pct": 0.0, "נר_pct": 0.0, "עם_pct": 0.0, "פה_pct": 38.70967741935484, "ף_pct": 0.0, "צ_pct": 0.21505376344086022, "ץ_pct": 0.0, "ק_pct": 0.0, "קי_pct": 0.0, "קך_pct": 0.0, "קנ_pct": 0.0, "קץ_pct": 0.21505376344086022, "רז_pct": 0.0, "שס_pct": 1.2903225806451613, "ת_pct": 0.0, "lat": 32.8032399, "lon": 35.0005065, "neighborhood": "גאולה" }, "geometry": { "type": "Point", "coordinates": [ 35.0005065, 32.8032399 ] } },
{ "type": "Feature", "properties": { "סמל ועדה": 7, "ברזל": 3070, "שם ישוב": "חיפה", "סמל ישוב": 4000, "קלפי": "171.1", "ריכוז": 241, "שופט": 0, "בזב": 352, "מצביעים": 265, "פסולים": 1, "כשרים": 264, "אמת": 24, "אצ": 4, "ב": 4, "ג": 0, "ד": 0, "ום": 2, "ז": 0, "זך": 0, "זנ": 0, "זץ": 0, "ט": 3, "י": 1, "יז": 0, "ינ": 0, "יץ": 0, "יק": 0, "כן": 45, "ך": 0, "ל": 5, "מחל": 46, "מרצ": 23, "נז": 0, "ני": 0, "נף": 0, "נץ": 0, "נק": 0, "נר": 0, "עם": 0, "פה": 104, "ף": 0, "צ": 1, "ץ": 0, "ק": 0, "קי": 0, "קך": 0, "קנ": 0, "קץ": 1, "רז": 0, "שס": 1, "ת": 0, "כתובת קלפי": "לסקוב חיים רא\"ל,26 ", "מקום קלפי": "גן ילדים אשל-קשת", "נגישה": "כ", "נגישה מיוחדת": "כ", "בוחרי כנסת בפועל": 352, "turnout_pct": 75.284090909090907, "אמת_pct": 9.0909090909090917, "אצ_pct": 1.5151515151515151, "ב_pct": 1.5151515151515151, "ג_pct": 0.0, "ד_pct": 0.0, "ום_pct": 0.75757575757575757, "ז_pct": 0.0, "זך_pct": 0.0, "זנ_pct": 0.0, "זץ_pct": 0.0, "ט_pct": 1.1363636363636365, "י_pct": 0.37878787878787878, "יז_pct": 0.0, "ינ_pct": 0.0, "יץ_pct": 0.0, "יק_pct": 0.0, "כן_pct": 17.045454545454543, "ך_pct": 0.0, "ל_pct": 1.893939393939394, "מחל_pct": 17.424242424242426, "מרצ_pct": 8.7121212121212128, "נז_pct": 0.0, "ני_pct": 0.0, "נף_pct": 0.0, "נץ_pct": 0.0, "נק_pct": 0.0, "נר_pct": 0.0, "עם_pct": 0.0, "פה_pct": 39.393939393939391, "ף_pct": 0.0, "צ_pct": 0.37878787878787878, "ץ_pct": 0.0, "ק_pct": 0.0, "קי_pct": 0.0, "קך_pct": 0.0, "קנ_pct": 0.0, "קץ_pct": 0.37878787878787878, "רז_pct": 0.0, "שס_pct": 0.37878787878787878, "ת_pct": 0.0, "lat": 32.7707424, "lon": 35.0060802, "neighborhood": "רמת גולדה" }, "geometry": { "type": "Point", "coordinates": [ 35.0060802, 32.7707424 ] } },
{ "type": "Feature", "properties": { "סמל ועדה": 7, "ברזל": 3071, "שם ישוב": "חיפה", "סמל ישוב": 4000, "קלפי": "171.2", "ריכוז": 241, "שופט": 0, "בזב": 351, "מצביעים": 256, "פסולים": 0, "כשרים": 256, "אמת": 13, "אצ": 0, "ב": 4, "ג": 1, "ד": 0, "ום": 1, "ז": 0, "זך": 0, "זנ": 0, "זץ": 0, "ט": 9, "י": 0, "יז": 0, "ינ": 0, "יץ": 0, "יק": 0, "כן": 38, "ך": 0, "ל": 16, "מחל": 43, "מרצ": 17, "נז": 1, "ני": 0, "נף": 0, "נץ": 0, "נק": 1, "נר": 0, "עם": 0, "פה": 111, "ף": 0, "צ": 0, "ץ": 0, "ק": 0, "קי": 0, "קך": 0, "קנ": 0, "קץ": 0, "רז": 0, "שס": 1, "ת": 0, "כתובת קלפי": "לסקוב חיים רא\"ל,26 ", "מקום קלפי": "גן ילדים אשל-קשת", "נגישה": " ", "נגישה מיוחדת": " ", "בוחרי כנסת בפועל": 351, "turnout_pct": 72.934472934472936, "אמת_pct": 5.078125, "אצ_pct": 0.0, "ב_pct": 1.5625, "ג_pct": 0.390625, "ד_pct": 0.0, "ום_pct": 0.390625, "ז_pct": 0.0, "זך_pct": 0.0, "זנ_pct": 0.0, "זץ_pct": 0.0, "ט_pct": 3.515625, "י_pct": 0.0, "יז_pct": 0.0, "ינ_pct": 0.0, "יץ_pct": 0.0, "יק_pct": 0.0, "כן_pct": 14.84375, "ך_pct": 0.0, "ל_pct": 6.25, "מחל_pct": 16.796875, "מרצ_pct": 6.640625, "נז_pct": 0.390625, "ני_pct": 0.0, "נף_pct": 0.0, "נץ_pct": 0.0, "נק_pct": 0.390625, "נר_pct": 0.0, "עם_pct": 0.0, "פה_pct": 43.359375, "ף_pct": 0.0, "צ_pct": 0.0, "ץ_pct": 0.0, "ק_pct": 0.0, "קי_pct": 0.0, "קך_pct": 0.0, "קנ_pct": 0.0, "קץ_pct": 0.0, "רז_pct": 0.0, "שס_pct": 0.390625, "ת_pct": 0.0, "lat": 32.7707424, "lon": 35.0060802, "neighborhood": "רמת גולדה" }, "geometry": { "type": "Point", "coordinates": [ 35.0060802, 32.7707424 ] } },
{ "type": "Feature", "properties": { "סמל ועדה": 7, "ברזל": 3072, "שם ישוב": "חיפה", "סמל ישוב": 4000, "קלפי": "172.1", "ריכוז": 96, "שופט": 0, "בזב": 569, "מצביעים": 363, "פסולים": 1, "כשרים": 362, "אמת": 23, "אצ": 2, "ב": 11, "ג": 3, "ד": 2, "ום": 6, "ז": 0, "זך": 0, "זנ": 0, "זץ": 0, "ט": 11, "י": 0, "יז": 1, "ינ": 0, "יץ": 0, "יק": 0, "כן": 45, "ך": 0, "ל": 16, "מחל": 70, "מרצ": 24, "נז": 0, "ני": 0, "נף": 0, "נץ": 0, "נק": 0, "נר": 0, "עם": 0, "פה": 135, "ף": 0, "צ": 2, "ץ": 0, "ק": 0, "קי": 0, "קך": 0, "קנ": 0, "קץ": 4, "רז": 1, "שס": 6, "ת": 0, "כתובת קלפי": "אינשטיין אלברט,52 ", "מקום קלפי": "גן \"אתרוג\"", "נגישה": " ", "נגישה מיוחדת": " ", "בוחרי כנסת בפועל": 569, "turnout_pct": 63.796133567662558, "אמת_pct": 6.3535911602209953, "אצ_pct": 0.55248618784530379, "ב_pct": 3.0386740331491713, "ג_pct": 0.82872928176795579, "ד_pct": 0.55248618784530379, "ום_pct": 1.6574585635359116, "ז_pct": 0.0, "זך_pct": 0.0, "זנ_pct": 0.0, "זץ_pct": 0.0, "ט_pct": 3.0386740331491713, "י_pct": 0.0, "יז_pct": 0.27624309392265189, "ינ_pct": 0.0, "יץ_pct": 0.0, "יק_pct": 0.0, "כן_pct": 12.430939226519337, "ך_pct": 0.0, "ל_pct": 4.4198895027624303, "מחל_pct": 19.337016574585636, "מרצ_pct": 6.6298342541436464, "נז_pct": 0.0, "ני_pct": 0.0, "נף_pct": 0.0, "נץ_pct": 0.0, "נק_pct": 0.0, "נר_pct": 0.0, "עם_pct": 0.0, "פה_pct": 37.292817679558013, "ף_pct": 0.0, "צ_pct": 0.55248618784530379, "ץ_pct": 0.0, "ק_pct": 0.0, "קי_pct": 0.0, "קך_pct": 0.0, "קנ_pct": 0.0, "קץ_pct": 1.1049723756906076, "רז_pct": 0.27624309392265189, "שס_pct": 1.6574585635359116, "ת_pct": 0.0, "lat": 32.7821235, "lon": 34.994121, "neighborhood": "אחוזה" }, "geometry": { "type": "Point", "coordinates": [ 34.994121, 32.7821235 ] } },
{ "type": "Feature", "properties": { "סמל ועדה": 7, "ברזל": 3073, "שם ישוב": "חיפה", "סמל ישוב": 4000, "קלפי": "172.2", "ריכוז": 96, "שופט": 0, "בזב": 568, "מצביעים": 367, "פסולים": 3, "כשרים": 364, "אמת": 29, "אצ": 1, "ב": 12, "ג": 0, "ד": 1, "ום": 3, "ז": 0, "זך": 0, "זנ": 0, "זץ": 0, "ט": 11, "י": 0, "יז": 0, "ינ": 0, "יץ": 0, "יק": 0, "כן": 59, "ך": 0, "ל": 16, "מחל": 61, "מרצ": 31, "נז": 0, "ני": 0, "נף": 0, "נץ": 0, "נק": 0, "נר": 0, "עם": 0, "פה": 134, "ף": 0, "צ": 0, "ץ": 0, "ק": 0, "קי": 0, "קך": 0, "קנ": 0, "קץ": 3, "רז": 0, "שס": 3, "ת": 0, "כתובת קלפי": "אינשטיין אלברט,52 ", "מקום קלפי": "גן \"אתרוג\"", "נגישה": " ", "נגישה מיוחדת": " ", "בוחרי כנסת בפועל": 568, "turnout_pct": 64.612676056338032, "אמת_pct": 7.9670329670329663, "אצ_pct": 0.27472527472527475, "ב_pct": 3.296703296703297, "ג_pct": 0.0, "ד_pct": 0.27472527472527475, "ום_pct": 0.82417582417582425, "ז_pct": 0.0, "זך_pct": 0.0, "זנ_pct": 0.0, "זץ_pct": 0.0, "ט_pct": 3.0219780219780219, "י_pct": 0.0, "יז_pct": 0.0, "ינ_pct": 0.0, "יץ_pct": 0.0, "יק_pct": 0.0, "כן_pct": 16.208791208791208, "ך_pct": 0.0, "ל_pct": 4.395604395604396, "מחל_pct": 16.758241758241756, "מרצ_pct": 8.5164835164835164, "נז_pct": 0.0, "ני_pct": 0.0, "נף_pct": 0.0, "נץ_pct": 0.0, "נק_pct": 0.0, "נר_pct": 0.0, "עם_pct": 0.0, "פה_pct": 36.813186813186817, "ף_pct": 0.0, "צ_pct": 0.0, "ץ_pct": 0.0, "ק_pct": 0.0, "קי_pct": 0.0, "קך_pct": 0.0, "קנ_pct": 0.0, "קץ_pct": 0.82417582417582425, "רז_pct": 0.0, "שס_pct": 0.82417582417582425, "ת_pct": 0.0, "lat": 32.7821235, "lon": 34.994121, "neighborhood": "אחוזה" }, "geometry": { "type": "Point", "coordinates": [ 34.994121, 32.7821235 ] } },
{ "type": "Feature", "properties": { "סמל ועדה": 7, "ברזל": 3074, "שם ישוב": "חיפה", "סמל ישוב": 4000, "קלפי": "179", "ריכוז": 9, "שופט": 0, "בזב": 484, "מצביעים": 345, "פסולים": 2, "כשרים": 343, "אמת": 18, "אצ": 0, "ב": 2, "ג": 0, "ד": 0, "ום": 0, "ז": 0, "זך": 0, "זנ": 0, "זץ": 0, "ט": 10, "י": 0, "יז": 0, "ינ": 0, "יץ": 0, "יק": 0, "כן": 57, "ך": 0, "ל": 19, "מחל": 50, "מרצ": 22, "נז": 0, "ני": 0, "נף": 0, "נץ": 1, "נק": 0, "נר": 0, "עם": 0, "פה": 157, "ף": 0, "צ": 0, "ץ": 0, "ק": 0, "קי": 0, "קך": 2, "קנ": 0, "קץ": 4, "רז": 0, "שס": 1, "ת": 0, "כתובת קלפי": "אינשטיין אלברט,94 ", "מקום קלפי": "שלוחת בי\"ס אינשטיין", "נגישה": " ", "נגישה מיוחדת": " ", "בוחרי כנסת בפועל": 484, "turnout_pct": 71.280991735537185, "אמת_pct": 5.2478134110787176, "אצ_pct": 0.0, "ב_pct": 0.58309037900874638, "ג_pct": 0.0, "ד_pct": 0.0, "ום_pct": 0.0, "ז_pct": 0.0, "זך_pct": 0.0, "זנ_pct": 0.0, "זץ_pct": 0.0, "ט_pct": 2.9154518950437316, "י_pct": 0.0, "יז_pct": 0.0, "ינ_pct": 0.0, "יץ_pct": 0.0, "יק_pct": 0.0, "כן_pct": 16.618075801749271, "ך_pct": 0.0, "ל_pct": 5.5393586005830908, "מחל_pct": 14.577259475218659, "מרצ_pct": 6.4139941690962097, "נז_pct": 0.0, "ני_pct": 0.0, "נף_pct": 0.0, "נץ_pct": 0.29154518950437319, "נק_pct": 0.0, "נר_pct": 0.0, "עם_pct": 0.0, "פה_pct": 45.772594752186592, "ף_pct": 0.0, "צ_pct": 0.0, "ץ_pct": 0.0, "ק_pct": 0.0, "קי_pct": 0.0, "קך_pct": 0.58309037900874638, "קנ_pct": 0.0, "קץ_pct": 1.1661807580174928, "רז_pct": 0.0, "שס_pct": 0.29154518950437319, "ת_pct": 0.0, "lat": 32.7824263, "lon": 34.9941856, "neighborhood": "אחוזה" }, "geometry": { "type": "Point", "coordinates": [ 34.9941856, 32.7824263 ] } },
{ "type": "Feature", "properties": { "סמל ועדה": 7, "ברזל": 3075, "שם ישוב": "חיפה", "סמל ישוב": 4000, "קלפי": "181.1", "ריכוז": 43, "שופט": 0, "בזב": 559, "מצביעים": 381, "פסולים": 1, "כשרים": 380, "אמת": 19, "אצ": 3, "ב": 3, "ג": 0, "ד": 0, "ום": 2, "ז": 0, "זך": 0, "זנ": 0, "זץ": 0, "ט": 11, "י": 0, "יז": 1, "ינ": 0, "יץ": 0, "יק": 0, "כן": 56, "ך": 0, "ל": 17, "מחל": 59, "מרצ": 35, "נז": 0, "ני": 0, "נף": 0, "נץ": 0, "נק": 0, "נר": 0, "עם": 0, "פה": 166, "ף": 0, "צ": 0, "ץ": 0, "ק": 0, "קי": 0, "קך": 0, "קנ": 0, "קץ": 5, "רז": 0, "שס": 3, "ת": 0, "כתובת קלפי": "שד אבא חושי,15 ", "מקום קלפי": "בי\"ס הריאלי - בנין לנדס", "נגישה": "כ", "נגישה מיוחדת": "כ", "בוחרי כנסת בפועל": 559, "turnout_pct": 68.157423971377469, "אמת_pct": 5.0, "אצ_pct": 0.78947368421052633, "ב_pct": 0.78947368421052633, "ג_pct": 0.0, "ד_pct": 0.0, "ום_pct": 0.52631578947368418, "ז_pct": 0.0, "זך_pct": 0.0, "זנ_pct": 0.0, "זץ_pct": 0.0, "ט_pct": 2.8947368421052633, "י_pct": 0.0, "יז_pct": 0.26315789473684209, "ינ_pct": 0.0, "יץ_pct": 0.0, "יק_pct": 0.0, "כן_pct": 14.736842105263156, "ך_pct": 0.0, "ל_pct": 4.4736842105263159, "מחל_pct": 15.526315789473685, "מרצ_pct": 9.2105263157894726, "נז_pct": 0.0, "ני_pct": 0.0, "נף_pct": 0.0, "נץ_pct": 0.0, "נק_pct": 0.0, "נר_pct": 0.0, "עם_pct": 0.0, "פה_pct": 43.684210526315795, "ף_pct": 0.0, "צ_pct": 0.0, "ץ_pct": 0.0, "ק_pct": 0.0, "קי_pct": 0.0, "קך_pct": 0.0, "קנ_pct": 0.0, "קץ_pct": 1.3157894736842104, "רז_pct": 0.0, "שס_pct": 0.78947368421052633, "ת_pct": 0.0, "lat": 32.7782417, "lon": 34.9956567, "neighborhood": "אחוזה" }, "geometry": { "type": "Point", "coordinates": [ 34.9956567, 32.7782417 ] } },
{ "type": "Feature", "properties": { "סמל ועדה": 7, "ברזל": 3076, "שם ישוב": "חיפה", "סמל ישוב": 4000, "קלפי": "181.2", "ריכוז": 43, "שופט": 0, "בזב": 559, "מצביעים": 351, "פסולים": 0, "כשרים": 351, "אמת": 25, "אצ": 0, "ב": 3, "ג": 6, "ד": 1, "ום": 3, "ז": 0, "זך": 0, "זנ": 0, "זץ": 0, "ט": 22, "י": 0, "יז": 2, "ינ": 0, "יץ": 0, "יק": 0, "כן": 59, "ך": 0, "ל": 9, "מחל": 47, "מרצ": 35, "נז": 0, "ני": 0, "נף": 0, "נץ": 0, "נק": 0, "נר": 0, "עם": 0, "פה": 131, "ף": 1, "צ": 0, "ץ": 1, "ק": 0, "קי": 0, "קך": 1, "קנ": 0, "קץ": 3, "רז": 0, "שס": 2, "ת": 0, "כתובת קלפי": "שד אבא חושי,15 ", "מקום קלפי": "בי\"ס הריאלי - בנין לנדס", "נגישה": " ", "נגישה מיוחדת": " ", "בוחרי כנסת בפועל": 559, "turnout_pct": 62.790697674418603, "אמת_pct": 7.1225071225071224, "אצ_pct": 0.0, "ב_pct": 0.85470085470085477, "ג_pct": 1.7094017094017095, "ד_pct": 0.28490028490028491, "ום_pct": 0.85470085470085477, "ז_pct": 0.0, "זך_pct": 0.0, "זנ_pct": 0.0, "זץ_pct": 0.0, "ט_pct": 6.267806267806268, "י_pct": 0.0, "יז_pct": 0.56980056980056981, "ינ_pct": 0.0, "יץ_pct": 0.0, "יק_pct": 0.0, "כן_pct": 16.809116809116809, "ך_pct": 0.0, "ל_pct": 2.5641025641025639, "מחל_pct": 13.390313390313391, "מרצ_pct": 9.9715099715099722, "נז_pct": 0.0, "ני_pct": 0.0, "נף_pct": 0.0, "נץ_pct": 0.0, "נק_pct": 0.0, "נר_pct": 0.0, "עם_pct": 0.0, "פה_pct": 37.32193732193732, "ף_pct": 0.28490028490028491, "צ_pct": 0.0, "ץ_pct": 0.28490028490028491, "ק_pct": 0.0, "קי_pct": 0.0, "קך_pct": 0.28490028490028491, "קנ_pct": 0.0, "קץ_pct": 0.85470085470085477, "רז_pct": 0.0, "שס_pct": 0.56980056980056981, "ת_pct": 0.0, "lat": 32.7782417, "lon": 34.9956567, "neighborhood": "אחוזה" }, "geometry": { "type": "Point", "coordinates": [ 34.9956567, 32.7782417 ] } },
{ "type": "Feature", "properties": { "סמל ועדה": 7, "ברזל": 3077, "שם ישוב": "חיפה", "סמל ישוב": 4000, "קלפי": "181.3", "ריכוז": 43, "שופט": 0, "בזב": 559, "מצביעים": 362, "פסולים": 0, "כשרים": 362, "אמת": 27, "אצ": 3, "ב": 5, "ג": 0, "ד": 0, "ום": 4, "ז": 0, "זך": 0, "זנ": 0, "זץ": 0, "ט": 10, "י": 0, "יז": 1, "ינ": 0, "יץ": 0, "יק": 0, "כן": 53, "ך": 0, "ל": 19, "מחל": 64, "מרצ": 19, "נז": 0, "ני": 0, "נף": 0, "נץ": 0, "נק": 0, "נר": 0, "עם": 0, "פה": 155, "ף": 0, "צ": 0, "ץ": 0, "ק": 0, "קי": 0, "קך": 0, "קנ": 0, "קץ": 0, "רז": 0, "שס": 2, "ת": 0, "כתובת קלפי": "שד אבא חושי,15 ", "מקום קלפי": "בי\"ס הריאלי - בנין לנדס", "נגישה": " ", "נגישה מיוחדת": " ", "בוחרי כנסת בפועל": 559, "turnout_pct": 64.758497316636848, "אמת_pct": 7.4585635359116029, "אצ_pct": 0.82872928176795579, "ב_pct": 1.3812154696132597, "ג_pct": 0.0, "ד_pct": 0.0, "ום_pct": 1.1049723756906076, "ז_pct": 0.0, "זך_pct": 0.0, "זנ_pct": 0.0, "זץ_pct": 0.0, "ט_pct": 2.7624309392265194, "י_pct": 0.0, "יז_pct": 0.27624309392265189, "ינ_pct": 0.0, "יץ_pct": 0.0, "יק_pct": 0.0, "כן_pct": 14.64088397790055, "ך_pct": 0.0, "ל_pct": 5.2486187845303869, "מחל_pct": 17.679558011049721, "מרצ_pct": 5.2486187845303869, "נז_pct": 0.0, "ני_pct": 0.0, "נף_pct": 0.0, "נץ_pct": 0.0, "נק_pct": 0.0, "נר_pct": 0.0, "עם_pct": 0.0, "פה_pct": 42.817679558011051, "ף_pct": 0.0, "צ_pct": 0.0, "ץ_pct": 0.0, "ק_pct": 0.0, "קי_pct": 0.0, "קך_pct": 0.0, "קנ_pct": 0.0, "קץ_pct": 0.0, "רז_pct": 0.0, "שס_pct": 0.55248618784530379, "ת_pct": 0.0, "lat": 32.7782417, "lon": 34.9956567, "neighborhood": "אחוזה" }, "geometry": { "type": "Point", "coordinates": [ 34.9956567, 32.7782417 ] } },
{ "type": "Feature", "properties": { "סמל ועדה": 7, "ברזל": 3078, "שם ישוב": "חיפה", "סמל ישוב": 4000, "קלפי": "181.4", "ריכוז": 43, "שופט": 0, "בזב": 557, "מצביעים": 369, "פסולים": 2, "כשרים": 367, "אמת": 27, "אצ": 1, "ב": 5, "ג": 4, "ד": 1, "ום": 4, "ז": 0, "זך": 0, "זנ": 0, "זץ": 0, "ט": 24, "י": 0, "יז": 4, "ינ": 0, "יץ": 0, "יק": 0, "כן": 50, "ך": 0, "ל": 11, "מחל": 41, "מרצ": 42, "נז": 0, "ני": 0, "נף": 0, "נץ": 0, "נק": 0, "נר": 0, "עם": 0, "פה": 148, "ף": 0, "צ": 0, "ץ": 0, "ק": 0, "קי": 0, "קך": 0, "קנ": 0, "קץ": 4, "רז": 0, "שס": 1, "ת": 0, "כתובת קלפי": "שד אבא חושי,15 ", "מקום קלפי": "בי\"ס הריאלי - בנין לנדס", "נגישה": " ", "נגישה מיוחדת": " ", "בוחרי כנסת בפועל": 557, "turnout_pct": 66.247755834829448, "אמת_pct": 7.3569482288828345, "אצ_pct": 0.27247956403269752, "ב_pct": 1.3623978201634876, "ג_pct": 1.0899182561307901, "ד_pct": 0.27247956403269752, "ום_pct": 1.0899182561307901, "ז_pct": 0.0, "זך_pct": 0.0, "זנ_pct": 0.0, "זץ_pct": 0.0, "ט_pct": 6.5395095367847409, "י_pct": 0.0, "יז_pct": 1.0899182561307901, "ינ_pct": 0.0, "יץ_pct": 0.0, "יק_pct": 0.0, "כן_pct": 13.623978201634879, "ך_pct": 0.0, "ל_pct": 2.9972752043596729, "מחל_pct": 11.1716621253406, "מרצ_pct": 11.444141689373296, "נז_pct": 0.0, "ני_pct": 0.0, "נף_pct": 0.0, "נץ_pct": 0.0, "נק_pct": 0.0, "נר_pct": 0.0, "עם_pct": 0.0, "פה_pct": 40.326975476839237, "ף_pct": 0.0, "צ_pct": 0.0, "ץ_pct": 0.0, "ק_pct": 0.0, "קי_pct": 0.0, "קך_pct": 0.0, "קנ_pct": 0.0, "קץ_pct": 1.0899182561307901, "רז_pct": 0.0, "שס_pct": 0.27247956403269752, "ת_pct": 0.0, "lat": 32.7782417, "lon": 34.9956567, "neighborhood": "אחוזה" }, "geometry": { "type": "Point", "coordinates": [ 34.9956567, 32.7782417 ] } },
{ "type": "Feature", "properties": { "סמל ועדה": 7, "ברזל": 3079, "שם ישוב": "חיפה", "סמל ישוב": 4000, "קלפי": "187", "ריכוז": 9, "שופט": 0, "בזב": 560, "מצביעים": 369, "פסולים": 0, "כשרים": 369, "אמת": 49, "אצ": 4, "ב": 3, "ג": 1, "ד": 1, "ום": 1, "ז": 0, "זך": 0, "זנ": 0, "זץ": 0, "ט": 11, "י": 0, "יז": 0, "ינ": 0, "יץ": 0, "יק": 0, "כן": 53, "ך": 0, "ל": 16, "מחל": 55, "מרצ": 23, "נז": 0, "ני": 0, "נף": 0, "נץ": 0, "נק": 0, "נר": 0, "עם": 1, "פה": 143, "ף": 0, "צ": 0, "ץ": 0, "ק": 1, "קי": 0, "קך": 0, "קנ": 0, "קץ": 4, "רז": 0, "שס": 3, "ת": 0, "כתובת קלפי": "אינשטיין אלברט,94 ", "מקום קלפי": "שלוחת בי\"ס אינשטיין", "נגישה": " ", "נגישה מיוחדת": " ", "בוחרי כנסת בפועל": 560, "turnout_pct": 65.892857142857139, "אמת_pct": 13.279132791327914, "אצ_pct": 1.084010840108401, "ב_pct": 0.81300813008130091, "ג_pct": 0.27100271002710025, "ד_pct": 0.27100271002710025, "ום_pct": 0.27100271002710025, "ז_pct": 0.0, "זך_pct": 0.0, "זנ_pct": 0.0, "זץ_pct": 0.0, "ט_pct": 2.9810298102981028, "י_pct": 0.0, "יז_pct": 0.0, "ינ_pct": 0.0, "יץ_pct": 0.0, "יק_pct": 0.0, "כן_pct": 14.363143631436316, "ך_pct": 0.0, "ל_pct": 4.3360433604336039, "מחל_pct": 14.905149051490515, "מרצ_pct": 6.2330623306233059, "נז_pct": 0.0, "ני_pct": 0.0, "נף_pct": 0.0, "נץ_pct": 0.0, "נק_pct": 0.0, "נר_pct": 0.0, "עם_pct": 0.27100271002710025, "פה_pct": 38.75338753387534, "ף_pct": 0.0, "צ_pct": 0.0, "ץ_pct": 0.0, "ק_pct": 0.27100271002710025, "קי_pct": 0.0, "קך_pct": 0.0, "קנ_pct": 0.0, "קץ_pct": 1.084010840108401, "רז_pct": 0.0, "שס_pct": 0.81300813008130091, "ת_pct": 0.0, "lat": 32.7824263, "lon": 34.9941856, "neighborhood": "אחוזה" }, "geometry": { "type": "Point", "coordinates": [ 34.9941856, 32.7824263 ] } },
{ "type": "Feature", "properties": { "סמל ועדה": 7, "ברזל": 3080, "שם ישוב": "חיפה", "סמל ישוב": 4000, "קלפי": "190", "ריכוז": 211, "שופט": 0, "בזב": 507, "מצביעים": 380, "פסולים": 2, "כשרים": 378, "אמת": 21, "אצ": 2, "ב": 1, "ג": 1, "ד": 2, "ום": 3, "ז": 0, "זך": 0, "זנ": 0, "זץ": 0, "ט": 10, "י": 0, "יז": 1, "ינ": 0, "יץ": 0, "יק": 0, "כן": 81, "ך": 0, "ל": 13, "מחל": 60, "מרצ": 20, "נז": 0, "ני": 0, "נף": 0, "נץ": 0, "נק": 0, "נר": 0, "עם": 0, "פה": 155, "ף": 1, "צ": 1, "ץ": 0, "ק": 0, "קי": 0, "קך": 1, "קנ": 0, "קץ": 3, "רז": 0, "שס": 2, "ת": 0, "כתובת קלפי": "שוויצר אלברט ד\"ר,64 ", "מקום קלפי": "גן ילדים אמנון ותמר", "נגישה": " ", "נגישה מיוחדת": " ", "בוחרי כנסת בפועל": 507, "turnout_pct": 74.950690335305723, "אמת_pct": 5.5555555555555554, "אצ_pct": 0.52910052910052907, "ב_pct": 0.26455026455026454, "ג_pct": 0.26455026455026454, "ד_pct": 0.52910052910052907, "ום_pct": 0.79365079365079361, "ז_pct": 0.0, "זך_pct": 0.0, "זנ_pct": 0.0, "זץ_pct": 0.0, "ט_pct": 2.6455026455026456, "י_pct": 0.0, "יז_pct": 0.26455026455026454, "ינ_pct": 0.0, "יץ_pct": 0.0, "יק_pct": 0.0, "כן_pct": 21.428571428571427, "ך_pct": 0.0, "ל_pct": 3.4391534391534391, "מחל_pct": 15.873015873015872, "מרצ_pct": 5.2910052910052912, "נז_pct": 0.0, "ני_pct": 0.0, "נף_pct": 0.0, "נץ_pct": 0.0, "נק_pct": 0.0, "נר_pct": 0.0, "עם_pct": 0.0, "פה_pct": 41.005291005291006, "ף_pct": 0.26455026455026454, "צ_pct": 0.26455026455026454, "ץ_pct": 0.0, "ק_pct": 0.0, "קי_pct": 0.0, "קך_pct": 0.26455026455026454, "קנ_pct": 0.0, "קץ_pct": 0.79365079365079361, "רז_pct": 0.0, "שס_pct": 0.52910052910052907, "ת_pct": 0.0, "lat": 32.8032399, "lon": 35.0005065, "neighborhood": "גאולה" }, "geometry": { "type": "Point", "coordinates": [ 35.0005065, 32.8032399 ] } },
{ "type": "Feature", "properties": { "סמל ועדה": 7, "ברזל": 3081, "שם ישוב": "חיפה", "סמל ישוב": 4000, "קלפי": "192.1", "ריכוז": 263, "שופט": 0, "בזב": 617, "מצביעים": 340, "פסולים": 0, "כשרים": 340, "אמת": 33, "אצ": 3, "ב": 8, "ג": 1, "ד": 0, "ום": 0, "ז": 0, "זך": 0, "זנ": 0, "זץ": 0, "ט": 20, "י": 0, "יז": 0, "ינ": 0, "יץ": 0, "יק": 0, "כן": 30, "ך": 0, "ל": 13, "מחל": 52, "מרצ": 23, "נז": 0, "ני": 0, "נף": 0, "נץ": 0, "נק": 0, "נר": 0, "עם": 2, "פה": 148, "ף": 0, "צ": 0, "ץ": 0, "ק": 0, "קי": 0, "קך": 0, "קנ": 0, "קץ": 3, "רז": 0, "שס": 4, "ת": 0, "כתובת קלפי": "שד אבא חושי,15 ", "מקום קלפי": "ביה\"ס הריאלי - בנין וולפסון", "נגישה": "כ", "נגישה מיוחדת": "כ", "בוחרי כנסת בפועל": 617, "turnout_pct": 55.105348460291737, "אמת_pct": 9.7058823529411775, "אצ_pct": 0.88235294117647056, "ב_pct": 2.3529411764705883, "ג_pct": 0.29411764705882354, "ד_pct": 0.0, "ום_pct": 0.0, "ז_pct": 0.0, "זך_pct": 0.0, "זנ_pct": 0.0, "זץ_pct": 0.0, "ט_pct": 5.8823529411764701, "י_pct": 0.0, "יז_pct": 0.0, "ינ_pct": 0.0, "יץ_pct": 0.0, "יק_pct": 0.0, "כן_pct": 8.8235294117647065, "ך_pct": 0.0, "ל_pct": 3.8235294117647061, "מחל_pct": 15.294117647058824, "מרצ_pct": 6.7647058823529411, "נז_pct": 0.0, "ני_pct": 0.0, "נף_pct": 0.0, "נץ_pct": 0.0, "נק_pct": 0.0, "נר_pct": 0.0, "עם_pct": 0.58823529411764708, "פה_pct": 43.529411764705884, "ף_pct": 0.0, "צ_pct": 0.0, "ץ_pct": 0.0, "ק_pct": 0.0, "קי_pct": 0.0, "קך_pct": 0.0, "קנ_pct": 0.0, "קץ_pct": 0.88235294117647056, "רז_pct": 0.0, "שס_pct": 1.1764705882352942, "ת_pct": 0.0, "lat": 32.7782417, "lon": 34.9956567, "neighborhood": "אחוזה" }, "geometry": { "type": "Point", "coordinates": [ 34.9956567, 32.7782417 ] } },
{ "type": "Feature", "properties": { "סמל ועדה": 7, "ברזל": 3082, "שם ישוב": "חיפה", "סמל ישוב": 4000, "קלפי": "192.2", "ריכוז": 263, "שופט": 0, "בזב": 617, "מצביעים": 322, "פסולים": 3, "כשרים": 319, "אמת": 23, "אצ": 1, "ב": 3, "ג": 1, "ד": 4, "ום": 1, "ז": 0, "זך": 0, "זנ": 0, "זץ": 0, "ט": 20, "י": 1, "יז": 0, "ינ": 0, "יץ": 0, "יק": 0, "כן": 42, "ך": 0, "ל": 16, "מחל": 38, "מרצ": 31, "נז": 0, "ני": 0, "נף": 0, "נץ": 0, "נק": 0, "נר": 0, "עם": 0, "פה": 131, "ף": 0, "צ": 1, "ץ": 0, "ק": 0, "קי": 0, "קך": 0, "קנ": 0, "קץ": 2, "רז": 1, "שס": 3, "ת": 0, "כתובת קלפי": "שד אבא חושי,15 ", "מקום קלפי": "ביה\"ס הריאלי - בנין וולפסון", "נגישה": " ", "נגישה מיוחדת": " ", "בוחרי כנסת בפועל": 617, "turnout_pct": 52.188006482982175, "אמת_pct": 7.2100313479623823, "אצ_pct": 0.31347962382445138, "ב_pct": 0.94043887147335425, "ג_pct": 0.31347962382445138, "ד_pct": 1.2539184952978055, "ום_pct": 0.31347962382445138, "ז_pct": 0.0, "זך_pct": 0.0, "זנ_pct": 0.0, "זץ_pct": 0.0, "ט_pct": 6.2695924764890272, "י_pct": 0.31347962382445138, "יז_pct": 0.0, "ינ_pct": 0.0, "יץ_pct": 0.0, "יק_pct": 0.0, "כן_pct": 13.166144200626958, "ך_pct": 0.0, "ל_pct": 5.0156739811912221, "מחל_pct": 11.912225705329153, "מרצ_pct": 9.7178683385579934, "נז_pct": 0.0, "ני_pct": 0.0, "נף_pct": 0.0, "נץ_pct": 0.0, "נק_pct": 0.0, "נר_pct": 0.0, "עם_pct": 0.0, "פה_pct": 41.065830721003131, "ף_pct": 0.0, "צ_pct": 0.31347962382445138, "ץ_pct": 0.0, "ק_pct": 0.0, "קי_pct": 0.0, "קך_pct": 0.0, "קנ_pct": 0.0, "קץ_pct": 0.62695924764890276, "רז_pct": 0.31347962382445138, "שס_pct": 0.94043887147335425, "ת_pct": 0.0, "lat": 32.7782417, "lon": 34.9956567, "neighborhood": "אחוזה" }, "geometry": { "type": "Point", "coordinates": [ 34.9956567, 32.7782417 ] } },
{ "type": "Feature", "properties": { "סמל ועדה": 7, "ברזל": 3083, "שם ישוב": "חיפה", "סמל ישוב": 4000, "קלפי": "192.3", "ריכוז": 263, "שופט": 0, "בזב": 617, "מצביעים": 329, "פסולים": 0, "כשרים": 329, "אמת": 30, "אצ": 2, "ב": 3, "ג": 2, "ד": 2, "ום": 1, "ז": 0, "זך": 0, "זנ": 0, "זץ": 0, "ט": 20, "י": 0, "יז": 0, "ינ": 0, "יץ": 0, "יק": 0, "כן": 38, "ך": 0, "ל": 18, "מחל": 52, "מרצ": 33, "נז": 0, "ני": 1, "נף": 0, "נץ": 0, "נק": 0, "נר": 0, "עם": 1, "פה": 124, "ף": 0, "צ": 0, "ץ": 0, "ק": 0, "קי": 0, "קך": 0, "קנ": 0, "קץ": 1, "רז": 0, "שס": 1, "ת": 0, "כתובת קלפי": "שד אבא חושי,15 ", "מקום קלפי": "ביה\"ס הריאלי - בנין וולפסון", "נגישה": " ", "נגישה מיוחדת": " ", "בוחרי כנסת בפועל": 617, "turnout_pct": 53.322528363047006, "אמת_pct": 9.1185410334346511, "אצ_pct": 0.60790273556231, "ב_pct": 0.91185410334346495, "ג_pct": 0.60790273556231, "ד_pct": 0.60790273556231, "ום_pct": 0.303951367781155, "ז_pct": 0.0, "זך_pct": 0.0, "זנ_pct": 0.0, "זץ_pct": 0.0, "ט_pct": 6.0790273556231007, "י_pct": 0.0, "יז_pct": 0.0, "ינ_pct": 0.0, "יץ_pct": 0.0, "יק_pct": 0.0, "כן_pct": 11.550151975683891, "ך_pct": 0.0, "ל_pct": 5.4711246200607899, "מחל_pct": 15.805471124620061, "מרצ_pct": 10.030395136778116, "נז_pct": 0.0, "ני_pct": 0.303951367781155, "נף_pct": 0.0, "נץ_pct": 0.0, "נק_pct": 0.0, "נר_pct": 0.0, "עם_pct": 0.303951367781155, "פה_pct": 37.689969604863222, "ף_pct": 0.0, "צ_pct": 0.0, "ץ_pct": 0.0, "ק_pct": 0.0, "קי_pct": 0.0, "קך_pct": 0.0, "קנ_pct": 0.0, "קץ_pct": 0.303951367781155, "רז_pct": 0.0, "שס_pct": 0.303951367781155, "ת_pct": 0.0, "lat": 32.7782417, "lon": 34.9956567, "neighborhood": "אחוזה" }, "geometry": { "type": "Point", "coordinates": [ 34.9956567, 32.7782417 ] } },
{ "type": "Feature", "properties": { "סמל ועדה": 7, "ברזל": 3084, "שם ישוב": "חיפה", "סמל ישוב": 4000, "קלפי": "192.4", "ריכוז": 263, "שופט": 0, "בזב": 617, "מצביעים": 346, "פסולים": 0, "כשרים": 346, "אמת": 32, "אצ": 3, "ב": 6, "ג": 6, "ד": 0, "ום": 1, "ז": 0, "זך": 0, "זנ": 0, "זץ": 0, "ט": 18, "י": 0, "יז": 0, "ינ": 0, "יץ": 0, "יק": 0, "כן": 33, "ך": 0, "ל": 13, "מחל": 49, "מרצ": 35, "נז": 0, "ני": 0, "נף": 0, "נץ": 0, "נק": 0, "נר": 0, "עם": 0, "פה": 147, "ף": 0, "צ": 0, "ץ": 0, "ק": 0, "קי": 0, "קך": 0, "קנ": 0, "קץ": 2, "רז": 0, "שס": 1, "ת": 0, "כתובת קלפי": "שד אבא חושי,15 ", "מקום קלפי": "ביה\"ס הריאלי - בנין וולפסון", "נגישה": " ", "נגישה מיוחדת": " ", "בוחרי כנסת בפועל": 617, "turnout_pct": 56.077795786061593, "אמת_pct": 9.2485549132947966, "אצ_pct": 0.86705202312138718, "ב_pct": 1.7341040462427744, "ג_pct": 1.7341040462427744, "ד_pct": 0.0, "ום_pct": 0.28901734104046239, "ז_pct": 0.0, "זך_pct": 0.0, "זנ_pct": 0.0, "זץ_pct": 0.0, "ט_pct": 5.202312138728324, "י_pct": 0.0, "יז_pct": 0.0, "ינ_pct": 0.0, "יץ_pct": 0.0, "יק_pct": 0.0, "כן_pct": 9.5375722543352595, "ך_pct": 0.0, "ל_pct": 3.7572254335260116, "מחל_pct": 14.16184971098266, "מרצ_pct": 10.115606936416185, "נז_pct": 0.0, "ני_pct": 0.0, "נף_pct": 0.0, "נץ_pct": 0.0, "נק_pct": 0.0, "נר_pct": 0.0, "עם_pct": 0.0, "פה_pct": 42.485549132947973, "ף_pct": 0.0, "צ_pct": 0.0, "ץ_pct": 0.0, "ק_pct": 0.0, "קי_pct": 0.0, "קך_pct": 0.0, "קנ_pct": 0.0, "קץ_pct": 0.57803468208092479, "רז_pct": 0.0, "שס_pct": 0.28901734104046239, "ת_pct": 0.0, "lat": 32.7782417, "lon": 34.9956567, "neighborhood": "אחוזה" }, "geometry": { "type": "Point", "coordinates": [ 34.9956567, 32.7782417 ] } },
{ "type": "Feature", "properties": { "סמל ועדה": 7, "ברזל": 3085, "שם ישוב": "חיפה", "סמל ישוב": 4000, "קלפי": "194.1", "ריכוז": 6, "שופט": 0, "בזב": 664, "מצביעים": 380, "פסולים": 0, "כשרים": 380, "אמת": 30, "אצ": 2, "ב": 6, "ג": 0, "ד": 1, "ום": 3, "ז": 0, "זך": 0, "זנ": 0, "זץ": 0, "ט": 13, "י": 0, "יז": 0, "ינ": 0, "יץ": 0, "יק": 0, "כן": 69, "ך": 0, "ל": 12, "מחל": 73, "מרצ": 31, "נז": 0, "ני": 0, "נף": 0, "נץ": 0, "נק": 0, "נר": 0, "עם": 1, "פה": 137, "ף": 0, "צ": 0, "ץ": 0, "ק": 0, "קי": 0, "קך": 0, "קנ": 0, "קץ": 1, "רז": 0, "שס": 1, "ת": 0, "כתובת קלפי": "שד סיני,13 ", "מקום קלפי": "ביה\"ס אחוזה (זכרון יוסף)", "נגישה": "כ", "נגישה מיוחדת": "כ", "בוחרי כנסת בפועל": 664, "turnout_pct": 57.228915662650607, "אמת_pct": 7.8947368421052628, "אצ_pct": 0.52631578947368418, "ב_pct": 1.5789473684210527, "ג_pct": 0.0, "ד_pct": 0.26315789473684209, "ום_pct": 0.78947368421052633, "ז_pct": 0.0, "זך_pct": 0.0, "זנ_pct": 0.0, "זץ_pct": 0.0, "ט_pct": 3.4210526315789478, "י_pct": 0.0, "יז_pct": 0.0, "ינ_pct": 0.0, "יץ_pct": 0.0, "יק_pct": 0.0, "כן_pct": 18.157894736842106, "ך_pct": 0.0, "ל_pct": 3.1578947368421053, "מחל_pct": 19.210526315789473, "מרצ_pct": 8.1578947368421062, "נז_pct": 0.0, "ני_pct": 0.0, "נף_pct": 0.0, "נץ_pct": 0.0, "נק_pct": 0.0, "נר_pct": 0.0, "עם_pct": 0.26315789473684209, "פה_pct": 36.05263157894737, "ף_pct": 0.0, "צ_pct": 0.0, "ץ_pct": 0.0, "ק_pct": 0.0, "קי_pct": 0.0, "קך_pct": 0.0, "קנ_pct": 0.0, "קץ_pct": 0.26315789473684209, "רז_pct": 0.0, "שס_pct": 0.26315789473684209, "ת_pct": 0.0, "lat": 32.78742, "lon": 34.9872532, "neighborhood": "אחוזה" }, "geometry": { "type": "Point", "coordinates": [ 34.9872532, 32.78742 ] } },
{ "type": "Feature", "properties": { "סמל ועדה": 7, "ברזל": 3086, "שם ישוב": "חיפה", "סמל ישוב": 4000, "קלפי": "194.2", "ריכוז": 6, "שופט": 0, "בזב": 664, "מצביעים": 395, "פסולים": 1, "כשרים": 394, "אמת": 30, "אצ": 0, "ב": 7, "ג": 0, "ד": 2, "ום": 2, "ז": 0, "זך": 0, "זנ": 0, "זץ": 0, "ט": 15, "י": 0, "יז": 1, "ינ": 0, "יץ": 0, "יק": 0, "כן": 48, "ך": 1, "ל": 8, "מחל": 67, "מרצ": 24, "נז": 0, "ני": 0, "נף": 0, "נץ": 0, "נק": 0, "נר": 0, "עם": 2, "פה": 186, "ף": 0, "צ": 0, "ץ": 0, "ק": 0, "קי": 0, "קך": 0, "קנ": 0, "קץ": 0, "רז": 0, "שס": 1, "ת": 0, "כתובת קלפי": "שד סיני,13 ", "מקום קלפי": "ביה\"ס אחוזה (זכרון יוסף)", "נגישה": "כ", "נגישה מיוחדת": " ", "בוחרי כנסת בפועל": 664, "turnout_pct": 59.48795180722891, "אמת_pct": 7.6142131979695442, "אצ_pct": 0.0, "ב_pct": 1.7766497461928936, "ג_pct": 0.0, "ד_pct": 0.50761421319796951, "ום_pct": 0.50761421319796951, "ז_pct": 0.0, "זך_pct": 0.0, "זנ_pct": 0.0, "זץ_pct": 0.0, "ט_pct": 3.8071065989847721, "י_pct": 0.0, "יז_pct": 0.25380710659898476, "ינ_pct": 0.0, "יץ_pct": 0.0, "יק_pct": 0.0, "כן_pct": 12.18274111675127, "ך_pct": 0.25380710659898476, "ל_pct": 2.030456852791878, "מחל_pct": 17.00507614213198, "מרצ_pct": 6.091370558375635, "נז_pct": 0.0, "ני_pct": 0.0, "נף_pct": 0.0, "נץ_pct": 0.0, "נק_pct": 0.0, "נר_pct": 0.0, "עם_pct": 0.50761421319796951, "פה_pct": 47.208121827411169, "ף_pct": 0.0, "צ_pct": 0.0, "ץ_pct": 0.0, "ק_pct": 0.0, "קי_pct": 0.0, "קך_pct": 0.0, "קנ_pct": 0.0, "קץ_pct": 0.0, "רז_pct": 0.0, "שס_pct": 0.25380710659898476, "ת_pct": 0.0, "lat": 32.78742, "lon": 34.9872532, "neighborhood": "אחוזה" }, "geometry": { "type": "Point", "coordinates": [ 34.9872532, 32.78742 ] } },
{ "type": "Feature", "properties": { "סמל ועדה": 7, "ברזל": 3087, "שם ישוב": "חיפה", "סמל ישוב": 4000, "קלפי": "194.3", "ריכוז": 6, "שופט": 0, "בזב": 664, "מצביעים": 409, "פסולים": 2, "כשרים": 407, "אמת": 34, "אצ": 0, "ב": 3, "ג": 3, "ד": 2, "ום": 4, "ז": 0, "זך": 0, "זנ": 0, "זץ": 0, "ט": 17, "י": 0, "יז": 2, "ינ": 0, "יץ": 0, "יק": 0, "כן": 58, "ך": 0, "ל": 21, "מחל": 52, "מרצ": 40, "נז": 0, "ני": 0, "נף": 0, "נץ": 0, "נק": 0, "נר": 0, "עם": 0, "פה": 166, "ף": 0, "צ": 0, "ץ": 0, "ק": 0, "קי": 0, "קך": 0, "קנ": 0, "קץ": 2, "רז": 0, "שס": 3, "ת": 0, "כתובת קלפי": "שד סיני,13 ", "מקום קלפי": "ביה\"ס אחוזה (זכרון יוסף)", "נגישה": " ", "נגישה מיוחדת": " ", "בוחרי כנסת בפועל": 664, "turnout_pct": 61.596385542168676, "אמת_pct": 8.3538083538083541, "אצ_pct": 0.0, "ב_pct": 0.73710073710073709, "ג_pct": 0.73710073710073709, "ד_pct": 0.49140049140049141, "ום_pct": 0.98280098280098283, "ז_pct": 0.0, "זך_pct": 0.0, "זנ_pct": 0.0, "זץ_pct": 0.0, "ט_pct": 4.176904176904177, "י_pct": 0.0, "יז_pct": 0.49140049140049141, "ינ_pct": 0.0, "יץ_pct": 0.0, "יק_pct": 0.0, "כן_pct": 14.250614250614252, "ך_pct": 0.0, "ל_pct": 5.1597051597051591, "מחל_pct": 12.776412776412776, "מרצ_pct": 9.8280098280098276, "נז_pct": 0.0, "ני_pct": 0.0, "נף_pct": 0.0, "נץ_pct": 0.0, "נק_pct": 0.0, "נר_pct": 0.0, "עם_pct": 0.0, "פה_pct": 40.786240786240782, "ף_pct": 0.0, "צ_pct": 0.0, "ץ_pct": 0.0, "ק_pct": 0.0, "קי_pct": 0.0, "קך_pct": 0.0, "קנ_pct": 0.0, "קץ_pct": 0.49140049140049141, "רז_pct": 0.0, "שס_pct": 0.73710073710073709, "ת_pct": 0.0, "lat": 32.78742, "lon": 34.9872532, "neighborhood": "אחוזה" }, "geometry": { "type": "Point", "coordinates": [ 34.9872532, 32.78742 ] } },
{ "type": "Feature", "properties": { "סמל ועדה": 7, "ברזל": 3088, "שם ישוב": "חיפה", "סמל ישוב": 4000, "קלפי": "194.4", "ריכוז": 6, "שופט": 0, "בזב": 664, "מצביעים": 376, "פסולים": 0, "כשרים": 376, "אמת": 27, "אצ": 3, "ב": 3, "ג": 1, "ד": 1, "ום": 2, "ז": 0, "זך": 0, "זנ": 0, "זץ": 0, "ט": 19, "י": 0, "יז": 1, "ינ": 0, "יץ": 0, "יק": 0, "כן": 56, "ך": 0, "ל": 12, "מחל": 58, "מרצ": 23, "נז": 0, "ני": 1, "נף": 0, "נץ": 0, "נק": 0, "נר": 0, "עם": 0, "פה": 165, "ף": 0, "צ": 0, "ץ": 0, "ק": 0, "קי": 0, "קך": 0, "קנ": 0, "קץ": 3, "רז": 0, "שס": 1, "ת": 0, "כתובת קלפי": "שד סיני,13 ", "מקום קלפי": "ביה\"ס אחוזה (זכרון יוסף)", "נגישה": " ", "נגישה מיוחדת": " ", "בוחרי כנסת בפועל": 664, "turnout_pct": 56.626506024096393, "אמת_pct": 7.1808510638297882, "אצ_pct": 0.7978723404255319, "ב_pct": 0.7978723404255319, "ג_pct": 0.26595744680851063, "ד_pct": 0.26595744680851063, "ום_pct": 0.53191489361702127, "ז_pct": 0.0, "זך_pct": 0.0, "זנ_pct": 0.0, "זץ_pct": 0.0, "ט_pct": 5.0531914893617014, "י_pct": 0.0, "יז_pct": 0.26595744680851063, "ינ_pct": 0.0, "יץ_pct": 0.0, "יק_pct": 0.0, "כן_pct": 14.893617021276595, "ך_pct": 0.0, "ל_pct": 3.1914893617021276, "מחל_pct": 15.425531914893616, "מרצ_pct": 6.1170212765957448, "נז_pct": 0.0, "ני_pct": 0.26595744680851063, "נף_pct": 0.0, "נץ_pct": 0.0, "נק_pct": 0.0, "נר_pct": 0.0, "עם_pct": 0.0, "פה_pct": 43.88297872340425, "ף_pct": 0.0, "צ_pct": 0.0, "ץ_pct": 0.0, "ק_pct": 0.0, "קי_pct": 0.0, "קך_pct": 0.0, "קנ_pct": 0.0, "קץ_pct": 0.7978723404255319, "רז_pct": 0.0, "שס_pct": 0.26595744680851063, "ת_pct": 0.0, "lat": 32.78742, "lon": 34.9872532, "neighborhood": "אחוזה" }, "geometry": { "type": "Point", "coordinates": [ 34.9872532, 32.78742 ] } },
{ "type": "Feature", "properties": { "סמל ועדה": 7, "ברזל": 3089, "שם ישוב": "חיפה", "סמל ישוב": 4000, "קלפי": "194.5", "ריכוז": 6, "שופט": 0, "בזב": 664, "מצביעים": 431, "פסולים": 0, "כשרים": 431, "אמת": 30, "אצ": 0, "ב": 8, "ג": 1, "ד": 2, "ום": 4, "ז": 0, "זך": 0, "זנ": 0, "זץ": 0, "ט": 15, "י": 0, "יז": 1, "ינ": 0, "יץ": 0, "יק": 0, "כן": 53, "ך": 0, "ל": 24, "מחל": 62, "מרצ": 36, "נז": 0, "ני": 0, "נף": 0, "נץ": 0, "נק": 0, "נר": 0, "עם": 2, "פה": 184, "ף": 1, "צ": 2, "ץ": 0, "ק": 2, "קי": 0, "קך": 0, "קנ": 0, "קץ": 3, "רז": 0, "שס": 1, "ת": 0, "כתובת קלפי": "שד סיני,13 ", "מקום קלפי": "ביה\"ס אחוזה (זכרון יוסף)", "נגישה": " ", "נגישה מיוחדת": " ", "בוחרי כנסת בפועל": 664, "turnout_pct": 64.909638554216869, "אמת_pct": 6.9605568445475638, "אצ_pct": 0.0, "ב_pct": 1.8561484918793503, "ג_pct": 0.23201856148491878, "ד_pct": 0.46403712296983757, "ום_pct": 0.92807424593967514, "ז_pct": 0.0, "זך_pct": 0.0, "זנ_pct": 0.0, "זץ_pct": 0.0, "ט_pct": 3.4802784222737819, "י_pct": 0.0, "יז_pct": 0.23201856148491878, "ינ_pct": 0.0, "יץ_pct": 0.0, "יק_pct": 0.0, "כן_pct": 12.296983758700696, "ך_pct": 0.0, "ל_pct": 5.5684454756380504, "מחל_pct": 14.385150812064964, "מרצ_pct": 8.3526682134570756, "נז_pct": 0.0, "ני_pct": 0.0, "נף_pct": 0.0, "נץ_pct": 0.0, "נק_pct": 0.0, "נר_pct": 0.0, "עם_pct": 0.46403712296983757, "פה_pct": 42.691415313225058, "ף_pct": 0.23201856148491878, "צ_pct": 0.46403712296983757, "ץ_pct": 0.0, "ק_pct": 0.46403712296983757, "קי_pct": 0.0, "קך_pct": 0.0, "קנ_pct": 0.0, "קץ_pct": 0.6960556844547563, "רז_pct": 0.0, "שס_pct": 0.23201856148491878, "ת_pct": 0.0, "lat": 32.78742, "lon": 34.9872532, "neighborhood": "אחוזה" }, "geometry": { "type": "Point", "coordinates": [ 34.9872532, 32.78742 ] } },
{ "type": "Feature", "properties": { "סמל ועדה": 7, "ברזל": 3090, "שם ישוב": "חיפה", "סמל ישוב": 4000, "קלפי": "194.6", "ריכוז": 6, "שופט": 0, "בזב": 661, "מצביעים": 406, "פסולים": 0, "כשרים": 406, "אמת": 42, "אצ": 0, "ב": 6, "ג": 4, "ד": 1, "ום": 2, "ז": 0, "זך": 0, "זנ": 0, "זץ": 0, "ט": 14, "י": 0, "יז": 3, "ינ": 0, "יץ": 0, "יק": 0, "כן": 54, "ך": 0, "ל": 20, "מחל": 63, "מרצ": 30, "נז": 0, "ני": 0, "נף": 0, "נץ": 0, "נק": 0, "נר": 0, "עם": 0, "פה": 160, "ף": 0, "צ": 0, "ץ": 0, "ק": 1, "קי": 0, "קך": 0, "קנ": 0, "קץ": 5, "רז": 0, "שס": 1, "ת": 0, "כתובת קלפי": "שד סיני,13 ", "מקום קלפי": "ביה\"ס אחוזה (זכרון יוסף)", "נגישה": " ", "נגישה מיוחדת": " ", "בוחרי כנסת בפועל": 661, "turnout_pct": 61.42208774583964, "אמת_pct": 10.344827586206897, "אצ_pct": 0.0, "ב_pct": 1.4778325123152709, "ג_pct": 0.98522167487684731, "ד_pct": 0.24630541871921183, "ום_pct": 0.49261083743842365, "ז_pct": 0.0, "זך_pct": 0.0, "זנ_pct": 0.0, "זץ_pct": 0.0, "ט_pct": 3.4482758620689653, "י_pct": 0.0, "יז_pct": 0.73891625615763545, "ינ_pct": 0.0, "יץ_pct": 0.0, "יק_pct": 0.0, "כן_pct": 13.300492610837439, "ך_pct": 0.0, "ל_pct": 4.9261083743842367, "מחל_pct": 15.517241379310345, "מרצ_pct": 7.389162561576355, "נז_pct": 0.0, "ני_pct": 0.0, "נף_pct": 0.0, "נץ_pct": 0.0, "נק_pct": 0.0, "נר_pct": 0.0, "עם_pct": 0.0, "פה_pct": 39.408866995073893, "ף_pct": 0.0, "צ_pct": 0.0, "ץ_pct": 0.0, "ק_pct": 0.24630541871921183, "קי_pct": 0.0, "קך_pct": 0.0, "קנ_pct": 0.0, "קץ_pct": 1.2315270935960592, "רז_pct": 0.0, "שס_pct": 0.24630541871921183, "ת_pct": 0.0, "lat": 32.78742, "lon": 34.9872532, "neighborhood": "אחוזה" }, "geometry": { "type": "Point", "coordinates": [ 34.9872532, 32.78742 ] } },
{ "type": "Feature", "properties": { "סמל ועדה": 7, "ברזל": 3091, "שם ישוב": "חיפה", "סמל ישוב": 4000, "קלפי": "197.1", "ריכוז": 257, "שופט": 0, "בזב": 661, "מצביעים": 458, "פסולים": 0, "כשרים": 458, "אמת": 18, "אצ": 5, "ב": 7, "ג": 1, "ד": 0, "ום": 4, "ז": 0, "זך": 0, "זנ": 0, "זץ": 0, "ט": 15, "י": 0, "יז": 0, "ינ": 0, "יץ": 0, "יק": 0, "כן": 68, "ך": 0, "ל": 22, "מחל": 78, "מרצ": 35, "נז": 0, "ני": 0, "נף": 0, "נץ": 0, "נק": 0, "נר": 0, "עם": 0, "פה": 195, "ף": 0, "צ": 2, "ץ": 0, "ק": 0, "קי": 0, "קך": 0, "קנ": 0, "קץ": 3, "רז": 0, "שס": 5, "ת": 0, "כתובת קלפי": "ולנברג ראול,11 ", "מקום קלפי": "מרכז קהילתי", "נגישה": "כ", "נגישה מיוחדת": "כ", "בוחרי כנסת בפועל": 661, "turnout_pct": 69.288956127080183, "אמת_pct": 3.9301310043668125, "אצ_pct": 1.0917030567685588, "ב_pct": 1.5283842794759825, "ג_pct": 0.21834061135371177, "ד_pct": 0.0, "ום_pct": 0.87336244541484709, "ז_pct": 0.0, "זך_pct": 0.0, "זנ_pct": 0.0, "זץ_pct": 0.0, "ט_pct": 3.2751091703056767, "י_pct": 0.0, "יז_pct": 0.0, "ינ_pct": 0.0, "יץ_pct": 0.0, "יק_pct": 0.0, "כן_pct": 14.847161572052403, "ך_pct": 0.0, "ל_pct": 4.8034934497816595, "מחל_pct": 17.030567685589521, "מרצ_pct": 7.6419213973799121, "נז_pct": 0.0, "ני_pct": 0.0, "נף_pct": 0.0, "נץ_pct": 0.0, "נק_pct": 0.0, "נר_pct": 0.0, "עם_pct": 0.0, "פה_pct": 42.5764192139738, "ף_pct": 0.0, "צ_pct": 0.43668122270742354, "ץ_pct": 0.0, "ק_pct": 0.0, "קי_pct": 0.0, "קך_pct": 0.0, "קנ_pct": 0.0, "קץ_pct": 0.65502183406113534, "רז_pct": 0.0, "שס_pct": 1.0917030567685588, "ת_pct": 0.0, "lat": 32.7785995, "lon": 34.9866721, "neighborhood": "רמת אשכול" }, "geometry": { "type": "Point", "coordinates": [ 34.9866721, 32.7785995 ] } },
{ "type": "Feature", "properties": { "סמל ועדה": 7, "ברזל": 3092, "שם ישוב": "חיפה", "סמל ישוב": 4000, "קלפי": "197.2", "ריכוז": 257, "שופט": 0, "בזב": 661, "מצביעים": 444, "פסולים": 2, "כשרים": 442, "אמת": 32, "אצ": 0, "ב": 9, "ג": 0, "ד": 0, "ום": 0, "ז": 0, "זך": 0, "זנ": 0, "זץ": 0, "ט": 22, "י": 0, "יז": 4, "ינ": 0, "יץ": 0, "יק": 0, "כן": 62, "ך": 0, "ל": 23, "מחל": 90, "מרצ": 30, "נז": 0, "ני": 0, "נף": 0, "נץ": 0, "נק": 0, "נר": 0, "עם": 1, "פה": 161, "ף": 0, "צ": 0, "ץ": 0, "ק": 0, "קי": 0, "קך": 0, "קנ": 0, "קץ": 7, "רז": 0, "שס": 1, "ת": 0, "כתובת קלפי": "ולנברג ראול,11 ", "מקום קלפי": "מרכז קהילתי", "נגישה": "כ", "נגישה מיוחדת": " ", "בוחרי כנסת בפועל": 661, "turnout_pct": 67.170953101361576, "אמת_pct": 7.2398190045248878, "אצ_pct": 0.0, "ב_pct": 2.0361990950226243, "ג_pct": 0.0, "ד_pct": 0.0, "ום_pct": 0.0, "ז_pct": 0.0, "זך_pct": 0.0, "זנ_pct": 0.0, "זץ_pct": 0.0, "ט_pct": 4.9773755656108598, "י_pct": 0.0, "יז_pct": 0.90497737556561098, "ינ_pct": 0.0, "יץ_pct": 0.0, "יק_pct": 0.0, "כן_pct": 14.027149321266968, "ך_pct": 0.0, "ל_pct": 5.2036199095022626, "מחל_pct": 20.361990950226243, "מרצ_pct": 6.7873303167420813, "נז_pct": 0.0, "ני_pct": 0.0, "נף_pct": 0.0, "נץ_pct": 0.0, "נק_pct": 0.0, "נר_pct": 0.0, "עם_pct": 0.22624434389140274, "פה_pct": 36.425339366515836, "ף_pct": 0.0, "צ_pct": 0.0, "ץ_pct": 0.0, "ק_pct": 0.0, "קי_pct": 0.0, "קך_pct": 0.0, "קנ_pct": 0.0, "קץ_pct": 1.5837104072398189, "רז_pct": 0.0, "שס_pct": 0.22624434389140274, "ת_pct": 0.0, "lat": 32.7785995, "lon": 34.9866721, "neighborhood": "רמת אשכול" }, "geometry": { "type": "Point", "coordinates": [ 34.9866721, 32.7785995 ] } },
{ "type": "Feature", "properties": { "סמל ועדה": 7, "ברזל": 3093, "שם ישוב": "חיפה", "סמל ישוב": 4000, "קלפי": "269", "ריכוז": 9, "שופט": 0, "בזב": 677, "מצביעים": 493, "פסולים": 2, "כשרים": 491, "אמת": 19, "אצ": 3, "ב": 7, "ג": 1, "ד": 0, "ום": 2, "ז": 0, "זך": 0, "זנ": 0, "זץ": 0, "ט": 30, "י": 0, "יז": 0, "ינ": 0, "יץ": 0, "יק": 0, "כן": 80, "ך": 0, "ל": 30, "מחל": 78, "מרצ": 14, "נז": 0, "ני": 0, "נף": 0, "נץ": 0, "נק": 0, "נר": 0, "עם": 0, "פה": 226, "ף": 0, "צ": 1, "ץ": 0, "ק": 0, "קי": 0, "קך": 0, "קנ": 0, "קץ": 0, "רז": 0, "שס": 0, "ת": 0, "כתובת קלפי": "אינשטיין אלברט,94 ", "מקום קלפי": "שלוחת בי\"ס אינשטיין", "נגישה": " ", "נגישה מיוחדת": " ", "בוחרי כנסת בפועל": 677, "turnout_pct": 72.82127031019202, "אמת_pct": 3.8696537678207736, "אצ_pct": 0.61099796334012213, "ב_pct": 1.4256619144602851, "ג_pct": 0.20366598778004072, "ד_pct": 0.0, "ום_pct": 0.40733197556008144, "ז_pct": 0.0, "זך_pct": 0.0, "זנ_pct": 0.0, "זץ_pct": 0.0, "ט_pct": 6.1099796334012222, "י_pct": 0.0, "יז_pct": 0.0, "ינ_pct": 0.0, "יץ_pct": 0.0, "יק_pct": 0.0, "כן_pct": 16.293279022403258, "ך_pct": 0.0, "ל_pct": 6.1099796334012222, "מחל_pct": 15.885947046843176, "מרצ_pct": 2.8513238289205702, "נז_pct": 0.0, "ני_pct": 0.0, "נף_pct": 0.0, "נץ_pct": 0.0, "נק_pct": 0.0, "נר_pct": 0.0, "עם_pct": 0.0, "פה_pct": 46.028513238289207, "ף_pct": 0.0, "צ_pct": 0.20366598778004072, "ץ_pct": 0.0, "ק_pct": 0.0, "קי_pct": 0.0, "קך_pct": 0.0, "קנ_pct": 0.0, "קץ_pct": 0.0, "רז_pct": 0.0, "שס_pct": 0.0, "ת_pct": 0.0, "lat": 32.7824263, "lon": 34.9941856, "neighborhood": "אחוזה" }, "geometry": { "type": "Point", "coordinates": [ 34.9941856, 32.7824263 ] } },
{ "type": "Feature", "properties": { "סמל ועדה": 7, "ברזל": 3094, "שם ישוב": "חיפה", "סמל ישוב": 4000, "קלפי": "359", "ריכוז": 9, "שופט": 0, "בזב": 507, "מצביעים": 376, "פסולים": 2, "כשרים": 374, "אמת": 36, "אצ": 0, "ב": 1, "ג": 0, "ד": 0, "ום": 1, "ז": 0, "זך": 0, "זנ": 0, "זץ": 0, "ט": 5, "י": 0, "יז": 0, "ינ": 0, "יץ": 0, "יק": 0, "כן": 75, "ך": 0, "ל": 14, "מחל": 58, "מרצ": 13, "נז": 0, "ני": 0, "נף": 0, "נץ": 0, "נק": 0, "נר": 0, "עם": 0, "פה": 165, "ף": 0, "צ": 0, "ץ": 0, "ק": 0, "קי": 0, "קך": 0, "קנ": 0, "קץ": 4, "רז": 0, "שס": 2, "ת": 0, "כתובת קלפי": "אינשטיין אלברט,94 ", "מקום קלפי": "שלוחת בי\"ס אינשטיין", "נגישה": " ", "נגישה מיוחדת": " ", "בוחרי כנסת בפועל": 507, "turnout_pct": 74.161735700197241, "אמת_pct": 9.6256684491978604, "אצ_pct": 0.0, "ב_pct": 0.26737967914438499, "ג_pct": 0.0, "ד_pct": 0.0, "ום_pct": 0.26737967914438499, "ז_pct": 0.0, "זך_pct": 0.0, "זנ_pct": 0.0, "זץ_pct": 0.0, "ט_pct": 1.3368983957219251, "י_pct": 0.0, "יז_pct": 0.0, "ינ_pct": 0.0, "יץ_pct": 0.0, "יק_pct": 0.0, "כן_pct": 20.053475935828878, "ך_pct": 0.0, "ל_pct": 3.7433155080213902, "מחל_pct": 15.508021390374333, "מרצ_pct": 3.4759358288770055, "נז_pct": 0.0, "ני_pct": 0.0, "נף_pct": 0.0, "נץ_pct": 0.0, "נק_pct": 0.0, "נר_pct": 0.0, "עם_pct": 0.0, "פה_pct": 44.117647058823529, "ף_pct": 0.0, "צ_pct": 0.0, "ץ_pct": 0.0, "ק_pct": 0.0, "קי_pct": 0.0, "קך_pct": 0.0, "קנ_pct": 0.0, "קץ_pct": 1.0695187165775399, "רז_pct": 0.0, "שס_pct": 0.53475935828876997, "ת_pct": 0.0, "lat": 32.7824263, "lon": 34.9941856, "neighborhood": "אחוזה" }, "geometry": { "type": "Point", "coordinates": [ 34.9941856, 32.7824263 ] } },
{ "type": "Feature", "properties": { "סמל ועדה": 7, "ברזל": 3095, "שם ישוב": "חיפה", "סמל ישוב": 4000, "קלפי": "363", "ריכוז": 9, "שופט": 0, "בזב": 547, "מצביעים": 380, "פסולים": 0, "כשרים": 380, "אמת": 20, "אצ": 1, "ב": 2, "ג": 2, "ד": 1, "ום": 1, "ז": 0, "זך": 0, "זנ": 0, "זץ": 0, "ט": 10, "י": 0, "יז": 0, "ינ": 0, "יץ": 0, "יק": 0, "כן": 68, "ך": 0, "ל": 15, "מחל": 60, "מרצ": 16, "נז": 0, "ני": 0, "נף": 0, "נץ": 0, "נק": 0, "נר": 0, "עם": 1, "פה": 180, "ף": 0, "צ": 0, "ץ": 0, "ק": 1, "קי": 0, "קך": 0, "קנ": 0, "קץ": 0, "רז": 1, "שס": 1, "ת": 0, "כתובת קלפי": "אינשטיין אלברט,94 ", "מקום קלפי": "שלוחת בי\"ס אינשטיין", "נגישה": " ", "נגישה מיוחדת": " ", "בוחרי כנסת בפועל": 547, "turnout_pct": 69.469835466179163, "אמת_pct": 5.2631578947368416, "אצ_pct": 0.26315789473684209, "ב_pct": 0.52631578947368418, "ג_pct": 0.52631578947368418, "ד_pct": 0.26315789473684209, "ום_pct": 0.26315789473684209, "ז_pct": 0.0, "זך_pct": 0.0, "זנ_pct": 0.0, "זץ_pct": 0.0, "ט_pct": 2.6315789473684208, "י_pct": 0.0, "יז_pct": 0.0, "ינ_pct": 0.0, "יץ_pct": 0.0, "יק_pct": 0.0, "כן_pct": 17.894736842105264, "ך_pct": 0.0, "ל_pct": 3.9473684210526314, "מחל_pct": 15.789473684210526, "מרצ_pct": 4.2105263157894735, "נז_pct": 0.0, "ני_pct": 0.0, "נף_pct": 0.0, "נץ_pct": 0.0, "נק_pct": 0.0, "נר_pct": 0.0, "עם_pct": 0.26315789473684209, "פה_pct": 47.368421052631575, "ף_pct": 0.0, "צ_pct": 0.0, "ץ_pct": 0.0, "ק_pct": 0.26315789473684209, "קי_pct": 0.0, "קך_pct": 0.0, "קנ_pct": 0.0, "קץ_pct": 0.0, "רז_pct": 0.26315789473684209, "שס_pct": 0.26315789473684209, "ת_pct": 0.0, "lat": 32.7824263, "lon": 34.9941856, "neighborhood": "אחוזה" }, "geometry": { "type": "Point", "coordinates": [ 34.9941856, 32.7824263 ] } },
{ "type": "Feature", "properties": { "סמל ועדה": 7, "ברזל": 3096, "שם ישוב": "חיפה", "סמל ישוב": 4000, "קלפי": "449.1", "ריכוז": 182, "שופט": 0, "בזב": 695, "מצביעים": 479, "פסולים": 0, "כשרים": 479, "אמת": 34, "אצ": 3, "ב": 8, "ג": 5, "ד": 0, "ום": 2, "ז": 0, "זך": 0, "זנ": 0, "זץ": 1, "ט": 29, "י": 0, "יז": 1, "ינ": 0, "יץ": 0, "יק": 0, "כן": 58, "ך": 0, "ל": 31, "מחל": 99, "מרצ": 45, "נז": 0, "ני": 0, "נף": 0, "נץ": 0, "נק": 0, "נר": 0, "עם": 0, "פה": 156, "ף": 0, "צ": 1, "ץ": 0, "ק": 0, "קי": 0, "קך": 0, "קנ": 0, "קץ": 4, "רז": 0, "שס": 2, "ת": 0, "כתובת קלפי": "סורוקה משה,22 ", "מקום קלפי": "בי\"ס נופים", "נגישה": "כ", "נגישה מיוחדת": "כ", "בוחרי כנסת בפועל": 695, "turnout_pct": 68.920863309352526, "אמת_pct": 7.0981210855949897, "אצ_pct": 0.62630480167014613, "ב_pct": 1.6701461377870561, "ג_pct": 1.0438413361169103, "ד_pct": 0.0, "ום_pct": 0.41753653444676403, "ז_pct": 0.0, "זך_pct": 0.0, "זנ_pct": 0.0, "זץ_pct": 0.20876826722338201, "ט_pct": 6.0542797494780798, "י_pct": 0.0, "יז_pct": 0.20876826722338201, "ינ_pct": 0.0, "יץ_pct": 0.0, "יק_pct": 0.0, "כן_pct": 12.10855949895616, "ך_pct": 0.0, "ל_pct": 6.4718162839248432, "מחל_pct": 20.668058455114824, "מרצ_pct": 9.3945720250521916, "נז_pct": 0.0, "ני_pct": 0.0, "נף_pct": 0.0, "נץ_pct": 0.0, "נק_pct": 0.0, "נר_pct": 0.0, "עם_pct": 0.0, "פה_pct": 32.567849686847602, "ף_pct": 0.0, "צ_pct": 0.20876826722338201, "ץ_pct": 0.0, "ק_pct": 0.0, "קי_pct": 0.0, "קך_pct": 0.0, "קנ_pct": 0.0, "קץ_pct": 0.83507306889352806, "רז_pct": 0.0, "שס_pct": 0.41753653444676403, "ת_pct": 0.0, "lat": 32.773298, "lon": 34.9909512, "neighborhood": "רמת בגין" }, "geometry": { "type": "Point", "coordinates": [ 34.9909512, 32.773298 ] } },
{ "type": "Feature", "properties": { "סמל ועדה": 7, "ברזל": 3097, "שם ישוב": "חיפה", "סמל ישוב": 4000, "קלפי": "449.2", "ריכוז": 182, "שופט": 0, "בזב": 695, "מצביעים": 487, "פסולים": 0, "כשרים": 487, "אמת": 46, "אצ": 0, "ב": 12, "ג": 0, "ד": 0, "ום": 2, "ז": 0, "זך": 0, "זנ": 0, "זץ": 0, "ט": 20, "י": 0, "יז": 1, "ינ": 0, "יץ": 0, "יק": 0, "כן": 77, "ך": 0, "ל": 14, "מחל": 46, "מרצ": 49, "נז": 0, "ני": 0, "נף": 0, "נץ": 0, "נק": 0, "נר": 0, "עם": 0, "פה": 219, "ף": 0, "צ": 1, "ץ": 0, "ק": 0, "קי": 0, "קך": 0, "קנ": 0, "קץ": 0, "רז": 0, "שס": 0, "ת": 0, "כתובת קלפי": "סורוקה משה,22 ", "מקום קלפי": "בי\"ס נופים", "נגישה": " ", "נגישה מיוחדת": " ", "בוחרי כנסת בפועל": 695, "turnout_pct": 70.071942446043167, "אמת_pct": 9.4455852156057496, "אצ_pct": 0.0, "ב_pct": 2.4640657084188913, "ג_pct": 0.0, "ד_pct": 0.0, "ום_pct": 0.41067761806981523, "ז_pct": 0.0, "זך_pct": 0.0, "זנ_pct": 0.0, "זץ_pct": 0.0, "ט_pct": 4.1067761806981515, "י_pct": 0.0, "יז_pct": 0.20533880903490762, "ינ_pct": 0.0, "יץ_pct": 0.0, "יק_pct": 0.0, "כן_pct": 15.811088295687886, "ך_pct": 0.0, "ל_pct": 2.8747433264887063, "מחל_pct": 9.4455852156057496, "מרצ_pct": 10.061601642710473, "נז_pct": 0.0, "ני_pct": 0.0, "נף_pct": 0.0, "נץ_pct": 0.0, "נק_pct": 0.0, "נר_pct": 0.0, "עם_pct": 0.0, "פה_pct": 44.969199178644764, "ף_pct": 0.0, "צ_pct": 0.20533880903490762, "ץ_pct": 0.0, "ק_pct": 0.0, "קי_pct": 0.0, "קך_pct": 0.0, "קנ_pct": 0.0, "קץ_pct": 0.0, "רז_pct": 0.0, "שס_pct": 0.0, "ת_pct": 0.0, "lat": 32.773298, "lon": 34.9909512, "neighborhood": "רמת בגין" }, "geometry": { "type": "Point", "coordinates": [ 34.9909512, 32.773298 ] } },
{ "type": "Feature", "properties": { "סמל ועדה": 7, "ברזל": 3098, "שם ישוב": "חיפה", "סמל ישוב": 4000, "קלפי": "449.3", "ריכוז": 182, "שופט": 0, "בזב": 695, "מצביעים": 463, "פסולים": 1, "כשרים": 462, "אמת": 36, "אצ": 5, "ב": 6, "ג": 0, "ד": 1, "ום": 3, "ז": 0, "זך": 0, "זנ": 0, "זץ": 0, "ט": 20, "י": 0, "יז": 1, "ינ": 0, "יץ": 0, "יק": 0, "כן": 64, "ך": 0, "ל": 24, "מחל": 71, "מרצ": 40, "נז": 0, "ני": 0, "נף": 0, "נץ": 0, "נק": 0, "נר": 0, "עם": 0, "פה": 186, "ף": 0, "צ": 0, "ץ": 0, "ק": 0, "קי": 0, "קך": 0, "קנ": 0, "קץ": 4, "רז": 0, "שס": 1, "ת": 0, "כתובת קלפי": "סורוקה משה,22 ", "מקום קלפי": "בי\"ס נופים", "נגישה": " ", "נגישה מיוחדת": " ", "בוחרי כנסת בפועל": 695, "turnout_pct": 66.618705035971232, "אמת_pct": 7.7922077922077921, "אצ_pct": 1.0822510822510822, "ב_pct": 1.2987012987012987, "ג_pct": 0.0, "ד_pct": 0.21645021645021645, "ום_pct": 0.64935064935064934, "ז_pct": 0.0, "זך_pct": 0.0, "זנ_pct": 0.0, "זץ_pct": 0.0, "ט_pct": 4.329004329004329, "י_pct": 0.0, "יז_pct": 0.21645021645021645, "ינ_pct": 0.0, "יץ_pct": 0.0, "יק_pct": 0.0, "כן_pct": 13.852813852813853, "ך_pct": 0.0, "ל_pct": 5.1948051948051948, "מחל_pct": 15.367965367965366, "מרצ_pct": 8.6580086580086579, "נז_pct": 0.0, "ני_pct": 0.0, "נף_pct": 0.0, "נץ_pct": 0.0, "נק_pct": 0.0, "נר_pct": 0.0, "עם_pct": 0.0, "פה_pct": 40.259740259740262, "ף_pct": 0.0, "צ_pct": 0.0, "ץ_pct": 0.0, "ק_pct": 0.0, "קי_pct": 0.0, "קך_pct": 0.0, "קנ_pct": 0.0, "קץ_pct": 0.86580086580086579, "רז_pct": 0.0, "שס_pct": 0.21645021645021645, "ת_pct": 0.0, "lat": 32.773298, "lon": 34.9909512, "neighborhood": "רמת בגין" }, "geometry": { "type": "Point", "coordinates": [ 34.9909512, 32.773298 ] } },
{ "type": "Feature", "properties": { "סמל ועדה": 7, "ברזל": 3099, "שם ישוב": "חיפה", "סמל ישוב": 4000, "קלפי": "449.4", "ריכוז": 182, "שופט": 0, "בזב": 694, "מצביעים": 500, "פסולים": 0, "כשרים": 500, "אמת": 50, "אצ": 2, "ב": 11, "ג": 2, "ד": 0, "ום": 4, "ז": 0, "זך": 0, "זנ": 0, "זץ": 0, "ט": 16, "י": 0, "יז": 8, "ינ": 0, "יץ": 0, "יק": 1, "כן": 87, "ך": 0, "ל": 15, "מחל": 51, "מרצ": 39, "נז": 0, "ני": 0, "נף": 0, "נץ": 0, "נק": 0, "נר": 0, "עם": 2, "פה": 208, "ף": 0, "צ": 0, "ץ": 0, "ק": 0, "קי": 0, "קך": 0, "קנ": 0, "קץ": 2, "רז": 0, "שס": 2, "ת": 0, "כתובת קלפי": "סורוקה משה,22 ", "מקום קלפי": "בי\"ס נופים", "נגישה": " ", "נגישה מיוחדת": " ", "בוחרי כנסת בפועל": 694, "turnout_pct": 72.046109510086453, "אמת_pct": 10.0, "אצ_pct": 0.4, "ב_pct": 2.2, "ג_pct": 0.4, "ד_pct": 0.0, "ום_pct": 0.8, "ז_pct": 0.0, "זך_pct": 0.0, "זנ_pct": 0.0, "זץ_pct": 0.0, "ט_pct": 3.2, "י_pct": 0.0, "יז_pct": 1.6, "ינ_pct": 0.0, "יץ_pct": 0.0, "יק_pct": 0.2, "כן_pct": 17.4, "ך_pct": 0.0, "ל_pct": 3.0, "מחל_pct": 10.2, "מרצ_pct": 7.8, "נז_pct": 0.0, "ני_pct": 0.0, "נף_pct": 0.0, "נץ_pct": 0.0, "נק_pct": 0.0, "נר_pct": 0.0, "עם_pct": 0.4, "פה_pct": 41.6, "ף_pct": 0.0, "צ_pct": 0.0, "ץ_pct": 0.0, "ק_pct": 0.0, "קי_pct": 0.0, "קך_pct": 0.0, "קנ_pct": 0.0, "קץ_pct": 0.4, "רז_pct": 0.0, "שס_pct": 0.4, "ת_pct": 0.0, "lat": 32.773298, "lon": 34.9909512, "neighborhood": "רמת בגין" }, "geometry": { "type": "Point", "coordinates": [ 34.9909512, 32.773298 ] } },
{ "type": "Feature", "properties": { "סמל ועדה": 7, "ברזל": 3100, "שם ישוב": "חיפה", "סמל ישוב": 4000, "קלפי": "102.1", "ריכוז": 222, "שופט": 0, "בזב": 688, "מצביעים": 488, "פסולים": 0, "כשרים": 488, "אמת": 26, "אצ": 0, "ב": 5, "ג": 1, "ד": 0, "ום": 4, "ז": 0, "זך": 0, "זנ": 0, "זץ": 0, "ט": 23, "י": 0, "יז": 0, "ינ": 0, "יץ": 0, "יק": 0, "כן": 75, "ך": 0, "ל": 12, "מחל": 106, "מרצ": 35, "נז": 0, "ני": 0, "נף": 0, "נץ": 0, "נק": 0, "נר": 0, "עם": 0, "פה": 194, "ף": 0, "צ": 1, "ץ": 0, "ק": 0, "קי": 0, "קך": 0, "קנ": 0, "קץ": 2, "רז": 0, "שס": 4, "ת": 0, "כתובת קלפי": "ליבריה,11 ", "מקום קלפי": "גני ילדים הוד כרמל", "נגישה": " ", "נגישה מיוחדת": " ", "בוחרי כנסת בפועל": 688, "turnout_pct": 70.930232558139537, "אמת_pct": 5.3278688524590159, "אצ_pct": 0.0, "ב_pct": 1.0245901639344261, "ג_pct": 0.20491803278688525, "ד_pct": 0.0, "ום_pct": 0.81967213114754101, "ז_pct": 0.0, "זך_pct": 0.0, "זנ_pct": 0.0, "זץ_pct": 0.0, "ט_pct": 4.7131147540983607, "י_pct": 0.0, "יז_pct": 0.0, "ינ_pct": 0.0, "יץ_pct": 0.0, "יק_pct": 0.0, "כן_pct": 15.368852459016393, "ך_pct": 0.0, "ל_pct": 2.459016393442623, "מחל_pct": 21.721311475409834, "מרצ_pct": 7.1721311475409832, "נז_pct": 0.0, "ני_pct": 0.0, "נף_pct": 0.0, "נץ_pct": 0.0, "נק_pct": 0.0, "נר_pct": 0.0, "עם_pct": 0.0, "פה_pct": 39.754098360655739, "ף_pct": 0.0, "צ_pct": 0.20491803278688525, "ץ_pct": 0.0, "ק_pct": 0.0, "קי_pct": 0.0, "קך_pct": 0.0, "קנ_pct": 0.0, "קץ_pct": 0.4098360655737705, "רז_pct": 0.0, "שס_pct": 0.81967213114754101, "ת_pct": 0.0, "lat": 32.7680414, "lon": 35.0072216, "neighborhood": "הוד הכרמל" }, "geometry": { "type": "Point", "coordinates": [ 35.0072216, 32.7680414 ] } },
{ "type": "Feature", "properties": { "סמל ועדה": 7, "ברזל": 3101, "שם ישוב": "חיפה", "סמל ישוב": 4000, "קלפי": "102.2", "ריכוז": 222, "שופט": 0, "בזב": 688, "מצביעים": 483, "פסולים": 1, "כשרים": 482, "אמת": 39, "אצ": 0, "ב": 3, "ג": 1, "ד": 1, "ום": 1, "ז": 0, "זך": 0, "זנ": 0, "זץ": 0, "ט": 14, "י": 0, "יז": 0, "ינ": 0, "יץ": 0, "יק": 0, "כן": 76, "ך": 0, "ל": 23, "מחל": 75, "מרצ": 37, "נז": 0, "ני": 0, "נף": 0, "נץ": 0, "נק": 0, "נר": 0, "עם": 0, "פה": 210, "ף": 0, "צ": 0, "ץ": 0, "ק": 0, "קי": 0, "קך": 0, "קנ": 0, "קץ": 0, "רז": 0, "שס": 2, "ת": 0, "כתובת קלפי": "ליבריה,11 ", "מקום קלפי": "גני ילדים הוד כרמל", "נגישה": " ", "נגישה מיוחדת": " ", "בוחרי כנסת בפועל": 688, "turnout_pct": 70.20348837209302, "אמת_pct": 8.0912863070539416, "אצ_pct": 0.0, "ב_pct": 0.62240663900414939, "ג_pct": 0.2074688796680498, "ד_pct": 0.2074688796680498, "ום_pct": 0.2074688796680498, "ז_pct": 0.0, "זך_pct": 0.0, "זנ_pct": 0.0, "זץ_pct": 0.0, "ט_pct": 2.904564315352697, "י_pct": 0.0, "יז_pct": 0.0, "ינ_pct": 0.0, "יץ_pct": 0.0, "יק_pct": 0.0, "כן_pct": 15.767634854771783, "ך_pct": 0.0, "ל_pct": 4.7717842323651452, "מחל_pct": 15.560165975103734, "מרצ_pct": 7.6763485477178426, "נז_pct": 0.0, "ני_pct": 0.0, "נף_pct": 0.0, "נץ_pct": 0.0, "נק_pct": 0.0, "נר_pct": 0.0, "עם_pct": 0.0, "פה_pct": 43.568464730290458, "ף_pct": 0.0, "צ_pct": 0.0, "ץ_pct": 0.0, "ק_pct": 0.0, "קי_pct": 0.0, "קך_pct": 0.0, "קנ_pct": 0.0, "קץ_pct": 0.0, "רז_pct": 0.0, "שס_pct": 0.41493775933609961, "ת_pct": 0.0, "lat": 32.7680414, "lon": 35.0072216, "neighborhood": "הוד הכרמל" }, "geometry": { "type": "Point", "coordinates": [ 35.0072216, 32.7680414 ] } },
{ "type": "Feature", "properties": { "סמל ועדה": 7, "ברזל": 3102, "שם ישוב": "חיפה", "סמל ישוב": 4000, "קלפי": "102.3", "ריכוז": 222, "שופט": 0, "בזב": 688, "מצביעים": 495, "פסולים": 1, "כשרים": 494, "אמת": 25, "אצ": 1, "ב": 8, "ג": 0, "ד": 3, "ום": 1, "ז": 0, "זך": 0, "זנ": 0, "זץ": 0, "ט": 28, "י": 0, "יז": 5, "ינ": 0, "יץ": 0, "יק": 0, "כן": 76, "ך": 0, "ל": 22, "מחל": 90, "מרצ": 38, "נז": 0, "ני": 0, "נף": 0, "נץ": 0, "נק": 0, "נר": 0, "עם": 1, "פה": 190, "ף": 0, "צ": 1, "ץ": 0, "ק": 0, "קי": 0, "קך": 0, "קנ": 0, "קץ": 2, "רז": 0, "שס": 3, "ת": 0, "כתובת קלפי": "ליבריה,11 ", "מקום קלפי": "גני ילדים הוד כרמל", "נגישה": " ", "נגישה מיוחדת": " ", "בוחרי כנסת בפועל": 688, "turnout_pct": 71.947674418604649, "אמת_pct": 5.0607287449392713, "אצ_pct": 0.20242914979757085, "ב_pct": 1.6194331983805668, "ג_pct": 0.0, "ד_pct": 0.60728744939271251, "ום_pct": 0.20242914979757085, "ז_pct": 0.0, "זך_pct": 0.0, "זנ_pct": 0.0, "זץ_pct": 0.0, "ט_pct": 5.668016194331984, "י_pct": 0.0, "יז_pct": 1.0121457489878543, "ינ_pct": 0.0, "יץ_pct": 0.0, "יק_pct": 0.0, "כן_pct": 15.384615384615385, "ך_pct": 0.0, "ל_pct": 4.4534412955465585, "מחל_pct": 18.218623481781375, "מרצ_pct": 7.6923076923076925, "נז_pct": 0.0, "ני_pct": 0.0, "נף_pct": 0.0, "נץ_pct": 0.0, "נק_pct": 0.0, "נר_pct": 0.0, "עם_pct": 0.20242914979757085, "פה_pct": 38.461538461538467, "ף_pct": 0.0, "צ_pct": 0.20242914979757085, "ץ_pct": 0.0, "ק_pct": 0.0, "קי_pct": 0.0, "קך_pct": 0.0, "קנ_pct": 0.0, "קץ_pct": 0.40485829959514169, "רז_pct": 0.0, "שס_pct": 0.60728744939271251, "ת_pct": 0.0, "lat": 32.7680414, "lon": 35.0072216, "neighborhood": "הוד הכרמל" }, "geometry": { "type": "Point", "coordinates": [ 35.0072216, 32.7680414 ] } },
{ "type": "Feature", "properties": { "סמל ועדה": 7, "ברזל": 3103, "שם ישוב": "חיפה", "סמל ישוב": 4000, "קלפי": "102.4", "ריכוז": 222, "שופט": 1, "בזב": 688, "מצביעים": 502, "פסולים": 22, "כשרים": 480, "אמת": 19, "אצ": 0, "ב": 3, "ג": 1, "ד": 2, "ום": 1, "ז": 0, "זך": 0, "זנ": 0, "זץ": 0, "ט": 18, "י": 0, "יז": 0, "ינ": 0, "יץ": 0, "יק": 0, "כן": 92, "ך": 0, "ל": 22, "מחל": 89, "מרצ": 28, "נז": 0, "ני": 0, "נף": 0, "נץ": 0, "נק": 0, "נר": 0, "עם": 0, "פה": 197, "ף": 0, "צ": 0, "ץ": 0, "ק": 0, "קי": 0, "קך": 0, "קנ": 0, "קץ": 2, "רז": 0, "שס": 6, "ת": 0, "כתובת קלפי": "ליבריה,11 ", "מקום קלפי": "גני ילדים הוד כרמל", "נגישה": " ", "נגישה מיוחדת": " ", "בוחרי כנסת בפועל": 688, "turnout_pct": 72.965116279069761, "אמת_pct": 3.958333333333333, "אצ_pct": 0.0, "ב_pct": 0.625, "ג_pct": 0.20833333333333334, "ד_pct": 0.41666666666666669, "ום_pct": 0.20833333333333334, "ז_pct": 0.0, "זך_pct": 0.0, "זנ_pct": 0.0, "זץ_pct": 0.0, "ט_pct": 3.75, "י_pct": 0.0, "יז_pct": 0.0, "ינ_pct": 0.0, "יץ_pct": 0.0, "יק_pct": 0.0, "כן_pct": 19.166666666666668, "ך_pct": 0.0, "ל_pct": 4.583333333333333, "מחל_pct": 18.541666666666668, "מרצ_pct": 5.833333333333333, "נז_pct": 0.0, "ני_pct": 0.0, "נף_pct": 0.0, "נץ_pct": 0.0, "נק_pct": 0.0, "נר_pct": 0.0, "עם_pct": 0.0, "פה_pct": 41.041666666666664, "ף_pct": 0.0, "צ_pct": 0.0, "ץ_pct": 0.0, "ק_pct": 0.0, "קי_pct": 0.0, "קך_pct": 0.0, "קנ_pct": 0.0, "קץ_pct": 0.41666666666666669, "רז_pct": 0.0, "שס_pct": 1.25, "ת_pct": 0.0, "lat": 32.7680414, "lon": 35.0072216, "neighborhood": "הוד הכרמל" }, "geometry": { "type": "Point", "coordinates": [ 35.0072216, 32.7680414 ] } },
{ "type": "Feature", "properties": { "סמל ועדה": 7, "ברזל": 3104, "שם ישוב": "חיפה", "סמל ישוב": 4000, "קלפי": "102.5", "ריכוז": 222, "שופט": 0, "בזב": 686, "מצביעים": 472, "פסולים": 3, "כשרים": 469, "אמת": 29, "אצ": 0, "ב": 1, "ג": 0, "ד": 1, "ום": 0, "ז": 0, "זך": 0, "זנ": 0, "זץ": 0, "ט": 19, "י": 1, "יז": 0, "ינ": 0, "יץ": 0, "יק": 0, "כן": 82, "ך": 0, "ל": 27, "מחל": 62, "מרצ": 36, "נז": 0, "ני": 0, "נף": 0, "נץ": 0, "נק": 0, "נר": 0, "עם": 1, "פה": 206, "ף": 0, "צ": 0, "ץ": 0, "ק": 0, "קי": 0, "קך": 0, "קנ": 0, "קץ": 1, "רז": 0, "שס": 3, "ת": 0, "כתובת קלפי": "ליבריה,11 ", "מקום קלפי": "גני ילדים הוד כרמל", "נגישה": " ", "נגישה מיוחדת": " ", "בוחרי כנסת בפועל": 686, "turnout_pct": 68.804664723032076, "אמת_pct": 6.1833688699360341, "אצ_pct": 0.0, "ב_pct": 0.21321961620469082, "ג_pct": 0.0, "ד_pct": 0.21321961620469082, "ום_pct": 0.0, "ז_pct": 0.0, "זך_pct": 0.0, "זנ_pct": 0.0, "זץ_pct": 0.0, "ט_pct": 4.0511727078891262, "י_pct": 0.21321961620469082, "יז_pct": 0.0, "ינ_pct": 0.0, "יץ_pct": 0.0, "יק_pct": 0.0, "כן_pct": 17.484008528784649, "ך_pct": 0.0, "ל_pct": 5.7569296375266523, "מחל_pct": 13.219616204690832, "מרצ_pct": 7.6759061833688706, "נז_pct": 0.0, "ני_pct": 0.0, "נף_pct": 0.0, "נץ_pct": 0.0, "נק_pct": 0.0, "נר_pct": 0.0, "עם_pct": 0.21321961620469082, "פה_pct": 43.923240938166316, "ף_pct": 0.0, "צ_pct": 0.0, "ץ_pct": 0.0, "ק_pct": 0.0, "קי_pct": 0.0, "קך_pct": 0.0, "קנ_pct": 0.0, "קץ_pct": 0.21321961620469082, "רז_pct": 0.0, "שס_pct": 0.63965884861407252, "ת_pct": 0.0, "lat": 32.7680414, "lon": 35.0072216, "neighborhood": "הוד הכרמל" }, "geometry": { "type": "Point", "coordinates": [ 35.0072216, 32.7680414 ] } },
{ "type": "Feature", "properties": { "סמל ועדה": 7, "ברזל": 3105, "שם ישוב": "חיפה", "סמל ישוב": 4000, "קלפי": "173", "ריכוז": 193, "שופט": 0, "בזב": 645, "מצביעים": 442, "פסולים": 2, "כשרים": 440, "אמת": 27, "אצ": 0, "ב": 11, "ג": 0, "ד": 1, "ום": 4, "ז": 0, "זך": 0, "זנ": 0, "זץ": 0, "ט": 11, "י": 0, "יז": 1, "ינ": 0, "יץ": 0, "יק": 0, "כן": 68, "ך": 0, "ל": 24, "מחל": 58, "מרצ": 39, "נז": 0, "ני": 0, "נף": 0, "נץ": 0, "נק": 0, "נר": 0, "עם": 0, "פה": 196, "ף": 0, "צ": 0, "ץ": 0, "ק": 0, "קי": 0, "קך": 0, "קנ": 0, "קץ": 0, "רז": 0, "שס": 0, "ת": 0, "כתובת קלפי": "ליבריה,42 ", "מקום קלפי": "גן ילדים עירוני \"חצב\"", "נגישה": " ", "נגישה מיוחדת": " ", "בוחרי כנסת בפועל": 645, "turnout_pct": 68.527131782945744, "אמת_pct": 6.1363636363636367, "אצ_pct": 0.0, "ב_pct": 2.5, "ג_pct": 0.0, "ד_pct": 0.22727272727272727, "ום_pct": 0.90909090909090906, "ז_pct": 0.0, "זך_pct": 0.0, "זנ_pct": 0.0, "זץ_pct": 0.0, "ט_pct": 2.5, "י_pct": 0.0, "יז_pct": 0.22727272727272727, "ינ_pct": 0.0, "יץ_pct": 0.0, "יק_pct": 0.0, "כן_pct": 15.454545454545453, "ך_pct": 0.0, "ל_pct": 5.4545454545454541, "מחל_pct": 13.18181818181818, "מרצ_pct": 8.8636363636363633, "נז_pct": 0.0, "ני_pct": 0.0, "נף_pct": 0.0, "נץ_pct": 0.0, "נק_pct": 0.0, "נר_pct": 0.0, "עם_pct": 0.0, "פה_pct": 44.545454545454547, "ף_pct": 0.0, "צ_pct": 0.0, "ץ_pct": 0.0, "ק_pct": 0.0, "קי_pct": 0.0, "קך_pct": 0.0, "קנ_pct": 0.0, "קץ_pct": 0.0, "רז_pct": 0.0, "שס_pct": 0.0, "ת_pct": 0.0, "lat": 32.7680414, "lon": 35.0072216, "neighborhood": "הוד הכרמל" }, "geometry": { "type": "Point", "coordinates": [ 35.0072216, 32.7680414 ] } },
{ "type": "Feature", "properties": { "סמל ועדה": 7, "ברזל": 3106, "שם ישוב": "חיפה", "סמל ישוב": 4000, "קלפי": "177.1", "ריכוז": 235, "שופט": 0, "בזב": 534, "מצביעים": 372, "פסולים": 0, "כשרים": 372, "אמת": 13, "אצ": 0, "ב": 4, "ג": 0, "ד": 2, "ום": 1, "ז": 0, "זך": 0, "זנ": 0, "זץ": 0, "ט": 15, "י": 0, "יז": 1, "ינ": 0, "יץ": 0, "יק": 0, "כן": 51, "ך": 0, "ל": 16, "מחל": 82, "מרצ": 31, "נז": 0, "ני": 0, "נף": 0, "נץ": 0, "נק": 0, "נר": 0, "עם": 0, "פה": 153, "ף": 0, "צ": 0, "ץ": 0, "ק": 0, "קי": 0, "קך": 0, "קנ": 1, "קץ": 0, "רז": 0, "שס": 2, "ת": 0, "כתובת קלפי": "חוף השנהב,39 ", "מקום קלפי": "מועדון צופים", "נגישה": "כ", "נגישה מיוחדת": "כ", "בוחרי כנסת בפועל": 534, "turnout_pct": 69.662921348314612, "אמת_pct": 3.4946236559139781, "אצ_pct": 0.0, "ב_pct": 1.0752688172043012, "ג_pct": 0.0, "ד_pct": 0.53763440860215062, "ום_pct": 0.26881720430107531, "ז_pct": 0.0, "זך_pct": 0.0, "זנ_pct": 0.0, "זץ_pct": 0.0, "ט_pct": 4.032258064516129, "י_pct": 0.0, "יז_pct": 0.26881720430107531, "ינ_pct": 0.0, "יץ_pct": 0.0, "יק_pct": 0.0, "כן_pct": 13.709677419354838, "ך_pct": 0.0, "ל_pct": 4.3010752688172049, "מחל_pct": 22.043010752688172, "מרצ_pct": 8.3333333333333321, "נז_pct": 0.0, "ני_pct": 0.0, "נף_pct": 0.0, "נץ_pct": 0.0, "נק_pct": 0.0, "נר_pct": 0.0, "עם_pct": 0.0, "פה_pct": 41.12903225806452, "ף_pct": 0.0, "צ_pct": 0.0, "ץ_pct": 0.0, "ק_pct": 0.0, "קי_pct": 0.0, "קך_pct": 0.0, "קנ_pct": 0.26881720430107531, "קץ_pct": 0.0, "רז_pct": 0.0, "שס_pct": 0.53763440860215062, "ת_pct": 0.0, "lat": 32.7675588, "lon": 35.0027348, "neighborhood": "הוד הכרמל" }, "geometry": { "type": "Point", "coordinates": [ 35.0027348, 32.7675588 ] } },
{ "type": "Feature", "properties": { "סמל ועדה": 7, "ברזל": 3107, "שם ישוב": "חיפה", "סמל ישוב": 4000, "קלפי": "177.2", "ריכוז": 235, "שופט": 0, "בזב": 534, "מצביעים": 374, "פסולים": 0, "כשרים": 374, "אמת": 19, "אצ": 0, "ב": 1, "ג": 1, "ד": 4, "ום": 2, "ז": 0, "זך": 0, "זנ": 0, "זץ": 0, "ט": 15, "י": 0, "יז": 0, "ינ": 0, "יץ": 0, "יק": 0, "כן": 56, "ך": 0, "ל": 19, "מחל": 85, "מרצ": 14, "נז": 0, "ני": 0, "נף": 0, "נץ": 0, "נק": 0, "נר": 0, "עם": 0, "פה": 156, "ף": 0, "צ": 0, "ץ": 0, "ק": 0, "קי": 0, "קך": 0, "קנ": 0, "קץ": 1, "רז": 0, "שס": 1, "ת": 0, "כתובת קלפי": "חוף השנהב,39 ", "מקום קלפי": "מועדון צופים", "נגישה": "כ", "נגישה מיוחדת": " ", "בוחרי כנסת בפועל": 534, "turnout_pct": 70.037453183520597, "אמת_pct": 5.0802139037433154, "אצ_pct": 0.0, "ב_pct": 0.26737967914438499, "ג_pct": 0.26737967914438499, "ד_pct": 1.0695187165775399, "ום_pct": 0.53475935828876997, "ז_pct": 0.0, "זך_pct": 0.0, "זנ_pct": 0.0, "זץ_pct": 0.0, "ט_pct": 4.0106951871657754, "י_pct": 0.0, "יז_pct": 0.0, "ינ_pct": 0.0, "יץ_pct": 0.0, "יק_pct": 0.0, "כן_pct": 14.973262032085561, "ך_pct": 0.0, "ל_pct": 5.0802139037433154, "מחל_pct": 22.727272727272727, "מרצ_pct": 3.7433155080213902, "נז_pct": 0.0, "ני_pct": 0.0, "נף_pct": 0.0, "נץ_pct": 0.0, "נק_pct": 0.0, "נר_pct": 0.0, "עם_pct": 0.0, "פה_pct": 41.711229946524064, "ף_pct": 0.0, "צ_pct": 0.0, "ץ_pct": 0.0, "ק_pct": 0.0, "קי_pct": 0.0, "קך_pct": 0.0, "קנ_pct": 0.0, "קץ_pct": 0.26737967914438499, "רז_pct": 0.0, "שס_pct": 0.26737967914438499, "ת_pct": 0.0, "lat": 32.7675588, "lon": 35.0027348, "neighborhood": "הוד הכרמל" }, "geometry": { "type": "Point", "coordinates": [ 35.0027348, 32.7675588 ] } },
{ "type": "Feature", "properties": { "סמל ועדה": 7, "ברזל": 3108, "שם ישוב": "חיפה", "סמל ישוב": 4000, "קלפי": "177.3", "ריכוז": 235, "שופט": 0, "בזב": 534, "מצביעים": 368, "פסולים": 1, "כשרים": 367, "אמת": 23, "אצ": 1, "ב": 3, "ג": 0, "ד": 4, "ום": 3, "ז": 0, "זך": 0, "זנ": 0, "זץ": 0, "ט": 16, "י": 0, "יז": 0, "ינ": 0, "יץ": 0, "יק": 0, "כן": 62, "ך": 0, "ל": 17, "מחל": 58, "מרצ": 25, "נז": 0, "ני": 0, "נף": 0, "נץ": 1, "נק": 0, "נר": 0, "עם": 0, "פה": 150, "ף": 0, "צ": 0, "ץ": 0, "ק": 0, "קי": 0, "קך": 0, "קנ": 0, "קץ": 3, "רז": 0, "שס": 1, "ת": 0, "כתובת קלפי": "חוף השנהב,39 ", "מקום קלפי": "מועדון צופים", "נגישה": " ", "נגישה מיוחדת": " ", "בוחרי כנסת בפועל": 534, "turnout_pct": 68.913857677902627, "אמת_pct": 6.2670299727520433, "אצ_pct": 0.27247956403269752, "ב_pct": 0.81743869209809261, "ג_pct": 0.0, "ד_pct": 1.0899182561307901, "ום_pct": 0.81743869209809261, "ז_pct": 0.0, "זך_pct": 0.0, "זנ_pct": 0.0, "זץ_pct": 0.0, "ט_pct": 4.3596730245231603, "י_pct": 0.0, "יז_pct": 0.0, "ינ_pct": 0.0, "יץ_pct": 0.0, "יק_pct": 0.0, "כן_pct": 16.893732970027248, "ך_pct": 0.0, "ל_pct": 4.6321525885558579, "מחל_pct": 15.803814713896458, "מרצ_pct": 6.8119891008174394, "נז_pct": 0.0, "ני_pct": 0.0, "נף_pct": 0.0, "נץ_pct": 0.27247956403269752, "נק_pct": 0.0, "נר_pct": 0.0, "עם_pct": 0.0, "פה_pct": 40.871934604904631, "ף_pct": 0.0, "צ_pct": 0.0, "ץ_pct": 0.0, "ק_pct": 0.0, "קי_pct": 0.0, "קך_pct": 0.0, "קנ_pct": 0.0, "קץ_pct": 0.81743869209809261, "רז_pct": 0.0, "שס_pct": 0.27247956403269752, "ת_pct": 0.0, "lat": 32.7675588, "lon": 35.0027348, "neighborhood": "הוד הכרמל" }, "geometry": { "type": "Point", "coordinates": [ 35.0027348, 32.7675588 ] } },
{ "type": "Feature", "properties": { "סמל ועדה": 7, "ברזל": 3109, "שם ישוב": "חיפה", "סמל ישוב": 4000, "קלפי": "177.4", "ריכוז": 235, "שופט": 0, "בזב": 534, "מצביעים": 365, "פסולים": 0, "כשרים": 365, "אמת": 26, "אצ": 0, "ב": 1, "ג": 0, "ד": 0, "ום": 0, "ז": 0, "זך": 0, "זנ": 0, "זץ": 0, "ט": 11, "י": 0, "יז": 1, "ינ": 0, "יץ": 0, "יק": 0, "כן": 59, "ך": 0, "ל": 16, "מחל": 50, "מרצ": 38, "נז": 0, "ני": 0, "נף": 0, "נץ": 0, "נק": 0, "נר": 0, "עם": 0, "פה": 159, "ף": 0, "צ": 1, "ץ": 0, "ק": 0, "קי": 0, "קך": 0, "קנ": 0, "קץ": 2, "רז": 0, "שס": 1, "ת": 0, "כתובת קלפי": "חוף השנהב,39 ", "מקום קלפי": "מועדון צופים", "נגישה": " ", "נגישה מיוחדת": " ", "בוחרי כנסת בפועל": 534, "turnout_pct": 68.352059925093627, "אמת_pct": 7.1232876712328768, "אצ_pct": 0.0, "ב_pct": 0.27397260273972601, "ג_pct": 0.0, "ד_pct": 0.0, "ום_pct": 0.0, "ז_pct": 0.0, "זך_pct": 0.0, "זנ_pct": 0.0, "זץ_pct": 0.0, "ט_pct": 3.0136986301369864, "י_pct": 0.0, "יז_pct": 0.27397260273972601, "ינ_pct": 0.0, "יץ_pct": 0.0, "יק_pct": 0.0, "כן_pct": 16.164383561643834, "ך_pct": 0.0, "ל_pct": 4.3835616438356162, "מחל_pct": 13.698630136986301, "מרצ_pct": 10.41095890410959, "נז_pct": 0.0, "ני_pct": 0.0, "נף_pct": 0.0, "נץ_pct": 0.0, "נק_pct": 0.0, "נר_pct": 0.0, "עם_pct": 0.0, "פה_pct": 43.561643835616437, "ף_pct": 0.0, "צ_pct": 0.27397260273972601, "ץ_pct": 0.0, "ק_pct": 0.0, "קי_pct": 0.0, "קך_pct": 0.0, "קנ_pct": 0.0, "קץ_pct": 0.54794520547945202, "רז_pct": 0.0, "שס_pct": 0.27397260273972601, "ת_pct": 0.0, "lat": 32.7675588, "lon": 35.0027348, "neighborhood": "הוד הכרמל" }, "geometry": { "type": "Point", "coordinates": [ 35.0027348, 32.7675588 ] } },
{ "type": "Feature", "properties": { "סמל ועדה": 7, "ברזל": 3110, "שם ישוב": "חיפה", "סמל ישוב": 4000, "קלפי": "198.1", "ריכוז": 39, "שופט": 0, "בזב": 650, "מצביעים": 338, "פסולים": 2, "כשרים": 336, "אמת": 14, "אצ": 4, "ב": 2, "ג": 1, "ד": 4, "ום": 1, "ז": 1, "זך": 0, "זנ": 0, "זץ": 0, "ט": 23, "י": 1, "יז": 2, "ינ": 0, "יץ": 0, "יק": 0, "כן": 47, "ך": 0, "ל": 41, "מחל": 86, "מרצ": 13, "נז": 0, "ני": 2, "נף": 0, "נץ": 0, "נק": 0, "נר": 0, "עם": 0, "פה": 88, "ף": 0, "צ": 1, "ץ": 0, "ק": 0, "קי": 0, "קך": 0, "קנ": 0, "קץ": 0, "רז": 1, "שס": 4, "ת": 0, "כתובת קלפי": "פיכמן יעקב,15 ", "מקום קלפי": "בי\"ס פיכמן", "נגישה": "כ", "נגישה מיוחדת": "כ", "בוחרי כנסת בפועל": 650, "turnout_pct": 52.0, "אמת_pct": 4.1666666666666661, "אצ_pct": 1.1904761904761905, "ב_pct": 0.59523809523809523, "ג_pct": 0.29761904761904762, "ד_pct": 1.1904761904761905, "ום_pct": 0.29761904761904762, "ז_pct": 0.29761904761904762, "זך_pct": 0.0, "זנ_pct": 0.0, "זץ_pct": 0.0, "ט_pct": 6.8452380952380958, "י_pct": 0.29761904761904762, "יז_pct": 0.59523809523809523, "ינ_pct": 0.0, "יץ_pct": 0.0, "יק_pct": 0.0, "כן_pct": 13.988095238095239, "ך_pct": 0.0, "ל_pct": 12.202380952380953, "מחל_pct": 25.595238095238095, "מרצ_pct": 3.8690476190476191, "נז_pct": 0.0, "ני_pct": 0.59523809523809523, "נף_pct": 0.0, "נץ_pct": 0.0, "נק_pct": 0.0, "נר_pct": 0.0, "עם_pct": 0.0, "פה_pct": 26.190476190476193, "ף_pct": 0.0, "צ_pct": 0.29761904761904762, "ץ_pct": 0.0, "ק_pct": 0.0, "קי_pct": 0.0, "קך_pct": 0.0, "קנ_pct": 0.0, "קץ_pct": 0.0, "רז_pct": 0.29761904761904762, "שס_pct": 1.1904761904761905, "ת_pct": 0.0, "lat": 32.7768458, "lon": 35.0083459, "neighborhood": "רמות רמז" }, "geometry": { "type": "Point", "coordinates": [ 35.0083459, 32.7768458 ] } },
{ "type": "Feature", "properties": { "סמל ועדה": 7, "ברזל": 3111, "שם ישוב": "חיפה", "סמל ישוב": 4000, "קלפי": "198.2", "ריכוז": 39, "שופט": 0, "בזב": 650, "מצביעים": 341, "פסולים": 2, "כשרים": 339, "אמת": 21, "אצ": 1, "ב": 4, "ג": 0, "ד": 3, "ום": 1, "ז": 0, "זך": 0, "זנ": 0, "זץ": 0, "ט": 18, "י": 1, "יז": 2, "ינ": 0, "יץ": 0, "יק": 0, "כן": 41, "ך": 0, "ל": 46, "מחל": 58, "מרצ": 14, "נז": 0, "ני": 0, "נף": 0, "נץ": 0, "נק": 0, "נר": 0, "עם": 2, "פה": 119, "ף": 1, "צ": 2, "ץ": 0, "ק": 1, "קי": 0, "קך": 0, "קנ": 0, "קץ": 3, "רז": 1, "שס": 0, "ת": 0, "כתובת קלפי": "פיכמן יעקב,15 ", "מקום קלפי": "בי\"ס פיכמן", "נגישה": " ", "נגישה מיוחדת": " ", "בוחרי כנסת בפועל": 650, "turnout_pct": 52.46153846153846, "אמת_pct": 6.1946902654867255, "אצ_pct": 0.29498525073746312, "ב_pct": 1.1799410029498525, "ג_pct": 0.0, "ד_pct": 0.88495575221238942, "ום_pct": 0.29498525073746312, "ז_pct": 0.0, "זך_pct": 0.0, "זנ_pct": 0.0, "זץ_pct": 0.0, "ט_pct": 5.3097345132743365, "י_pct": 0.29498525073746312, "יז_pct": 0.58997050147492625, "ינ_pct": 0.0, "יץ_pct": 0.0, "יק_pct": 0.0, "כן_pct": 12.094395280235988, "ך_pct": 0.0, "ל_pct": 13.569321533923304, "מחל_pct": 17.10914454277286, "מרצ_pct": 4.1297935103244834, "נז_pct": 0.0, "ני_pct": 0.0, "נף_pct": 0.0, "נץ_pct": 0.0, "נק_pct": 0.0, "נר_pct": 0.0, "עם_pct": 0.58997050147492625, "פה_pct": 35.103244837758112, "ף_pct": 0.29498525073746312, "צ_pct": 0.58997050147492625, "ץ_pct": 0.0, "ק_pct": 0.29498525073746312, "קי_pct": 0.0, "קך_pct": 0.0, "קנ_pct": 0.0, "קץ_pct": 0.88495575221238942, "רז_pct": 0.29498525073746312, "שס_pct": 0.0, "ת_pct": 0.0, "lat": 32.7768458, "lon": 35.0083459, "neighborhood": "רמות רמז" }, "geometry": { "type": "Point", "coordinates": [ 35.0083459, 32.7768458 ] } },
{ "type": "Feature", "properties": { "סמל ועדה": 7, "ברזל": 3112, "שם ישוב": "חיפה", "סמל ישוב": 4000, "קלפי": "198.3", "ריכוז": 39, "שופט": 0, "בזב": 650, "מצביעים": 348, "פסולים": 1, "כשרים": 347, "אמת": 17, "אצ": 4, "ב": 3, "ג": 1, "ד": 0, "ום": 3, "ז": 0, "זך": 0, "זנ": 0, "זץ": 0, "ט": 11, "י": 0, "יז": 5, "ינ": 0, "יץ": 0, "יק": 0, "כן": 53, "ך": 0, "ל": 44, "מחל": 61, "מרצ": 16, "נז": 0, "ני": 0, "נף": 0, "נץ": 0, "נק": 0, "נר": 0, "עם": 0, "פה": 116, "ף": 0, "צ": 0, "ץ": 0, "ק": 0, "קי": 0, "קך": 0, "קנ": 0, "קץ": 6, "רז": 0, "שס": 6, "ת": 1, "כתובת קלפי": "פיכמן יעקב,15 ", "מקום קלפי": "בי\"ס פיכמן", "נגישה": " ", "נגישה מיוחדת": " ", "בוחרי כנסת בפועל": 650, "turnout_pct": 53.538461538461533, "אמת_pct": 4.8991354466858787, "אצ_pct": 1.1527377521613833, "ב_pct": 0.86455331412103753, "ג_pct": 0.28818443804034583, "ד_pct": 0.0, "ום_pct": 0.86455331412103753, "ז_pct": 0.0, "זך_pct": 0.0, "זנ_pct": 0.0, "זץ_pct": 0.0, "ט_pct": 3.1700288184438041, "י_pct": 0.0, "יז_pct": 1.4409221902017291, "ינ_pct": 0.0, "יץ_pct": 0.0, "יק_pct": 0.0, "כן_pct": 15.273775216138327, "ך_pct": 0.0, "ל_pct": 12.680115273775217, "מחל_pct": 17.579250720461097, "מרצ_pct": 4.6109510086455332, "נז_pct": 0.0, "ני_pct": 0.0, "נף_pct": 0.0, "נץ_pct": 0.0, "נק_pct": 0.0, "נר_pct": 0.0, "עם_pct": 0.0, "פה_pct": 33.429394812680115, "ף_pct": 0.0, "צ_pct": 0.0, "ץ_pct": 0.0, "ק_pct": 0.0, "קי_pct": 0.0, "קך_pct": 0.0, "קנ_pct": 0.0, "קץ_pct": 1.7291066282420751, "רז_pct": 0.0, "שס_pct": 1.7291066282420751, "ת_pct": 0.28818443804034583, "lat": 32.7768458, "lon": 35.0083459, "neighborhood": "רמות רמז" }, "geometry": { "type": "Point", "coordinates": [ 35.0083459, 32.7768458 ] } },
{ "type": "Feature", "properties": { "סמל ועדה": 7, "ברזל": 3113, "שם ישוב": "חיפה", "סמל ישוב": 4000, "קלפי": "198.4", "ריכוז": 39, "שופט": 0, "בזב": 650, "מצביעים": 346, "פסולים": 2, "כשרים": 344, "אמת": 15, "אצ": 5, "ב": 3, "ג": 1, "ד": 2, "ום": 0, "ז": 0, "זך": 0, "זנ": 0, "זץ": 0, "ט": 18, "י": 0, "יז": 0, "ינ": 0, "יץ": 0, "יק": 0, "כן": 42, "ך": 0, "ל": 60, "מחל": 79, "מרצ": 6, "נז": 0, "ני": 0, "נף": 0, "נץ": 0, "נק": 0, "נר": 0, "עם": 0, "פה": 108, "ף": 0, "צ": 1, "ץ": 0, "ק": 0, "קי": 0, "קך": 0, "קנ": 0, "קץ": 2, "רז": 0, "שס": 2, "ת": 0, "כתובת קלפי": "פיכמן יעקב,15 ", "מקום קלפי": "בי\"ס פיכמן", "נגישה": " ", "נגישה מיוחדת": " ", "בוחרי כנסת בפועל": 650, "turnout_pct": 53.230769230769226, "אמת_pct": 4.3604651162790695, "אצ_pct": 1.4534883720930232, "ב_pct": 0.87209302325581395, "ג_pct": 0.29069767441860467, "ד_pct": 0.58139534883720934, "ום_pct": 0.0, "ז_pct": 0.0, "זך_pct": 0.0, "זנ_pct": 0.0, "זץ_pct": 0.0, "ט_pct": 5.2325581395348841, "י_pct": 0.0, "יז_pct": 0.0, "ינ_pct": 0.0, "יץ_pct": 0.0, "יק_pct": 0.0, "כן_pct": 12.209302325581394, "ך_pct": 0.0, "ל_pct": 17.441860465116278, "מחל_pct": 22.965116279069768, "מרצ_pct": 1.7441860465116279, "נז_pct": 0.0, "ני_pct": 0.0, "נף_pct": 0.0, "נץ_pct": 0.0, "נק_pct": 0.0, "נר_pct": 0.0, "עם_pct": 0.0, "פה_pct": 31.395348837209301, "ף_pct": 0.0, "צ_pct": 0.29069767441860467, "ץ_pct": 0.0, "ק_pct": 0.0, "קי_pct": 0.0, "קך_pct": 0.0, "קנ_pct": 0.0, "קץ_pct": 0.58139534883720934, "רז_pct": 0.0, "שס_pct": 0.58139534883720934, "ת_pct": 0.0, "lat": 32.7768458, "lon": 35.0083459, "neighborhood": "רמות רמז" }, "geometry": { "type": "Point", "coordinates": [ 35.0083459, 32.7768458 ] } },
{ "type": "Feature", "properties": { "סמל ועדה": 7, "ברזל": 3114, "שם ישוב": "חיפה", "סמל ישוב": 4000, "קלפי": "198.5", "ריכוז": 39, "שופט": 0, "בזב": 647, "מצביעים": 323, "פסולים": 1, "כשרים": 322, "אמת": 21, "אצ": 2, "ב": 1, "ג": 0, "ד": 0, "ום": 0, "ז": 0, "זך": 0, "זנ": 0, "זץ": 0, "ט": 23, "י": 0, "יז": 1, "ינ": 0, "יץ": 0, "יק": 0, "כן": 49, "ך": 0, "ל": 37, "מחל": 77, "מרצ": 10, "נז": 0, "ני": 0, "נף": 0, "נץ": 0, "נק": 0, "נר": 0, "עם": 0, "פה": 95, "ף": 0, "צ": 1, "ץ": 0, "ק": 0, "קי": 0, "קך": 0, "קנ": 0, "קץ": 1, "רז": 0, "שס": 4, "ת": 0, "כתובת קלפי": "פיכמן יעקב,15 ", "מקום קלפי": "בי\"ס פיכמן", "נגישה": " ", "נגישה מיוחדת": " ", "בוחרי כנסת בפועל": 647, "turnout_pct": 49.92272024729521, "אמת_pct": 6.5217391304347823, "אצ_pct": 0.6211180124223602, "ב_pct": 0.3105590062111801, "ג_pct": 0.0, "ד_pct": 0.0, "ום_pct": 0.0, "ז_pct": 0.0, "זך_pct": 0.0, "זנ_pct": 0.0, "זץ_pct": 0.0, "ט_pct": 7.1428571428571423, "י_pct": 0.0, "יז_pct": 0.3105590062111801, "ינ_pct": 0.0, "יץ_pct": 0.0, "יק_pct": 0.0, "כן_pct": 15.217391304347828, "ך_pct": 0.0, "ל_pct": 11.490683229813664, "מחל_pct": 23.913043478260871, "מרצ_pct": 3.1055900621118013, "נז_pct": 0.0, "ני_pct": 0.0, "נף_pct": 0.0, "נץ_pct": 0.0, "נק_pct": 0.0, "נר_pct": 0.0, "עם_pct": 0.0, "פה_pct": 29.503105590062113, "ף_pct": 0.0, "צ_pct": 0.3105590062111801, "ץ_pct": 0.0, "ק_pct": 0.0, "קי_pct": 0.0, "קך_pct": 0.0, "קנ_pct": 0.0, "קץ_pct": 0.3105590062111801, "רז_pct": 0.0, "שס_pct": 1.2422360248447204, "ת_pct": 0.0, "lat": 32.7768458, "lon": 35.0083459, "neighborhood": "רמות רמז" }, "geometry": { "type": "Point", "coordinates": [ 35.0083459, 32.7768458 ] } },
{ "type": "Feature", "properties": { "סמל ועדה": 7, "ברזל": 3115, "שם ישוב": "חיפה", "סמל ישוב": 4000, "קלפי": "368", "ריכוז": 76, "שופט": 0, "בזב": 530, "מצביעים": 322, "פסולים": 2, "כשרים": 320, "אמת": 17, "אצ": 1, "ב": 3, "ג": 0, "ד": 0, "ום": 0, "ז": 0, "זך": 0, "זנ": 0, "זץ": 0, "ט": 13, "י": 0, "יז": 0, "ינ": 0, "יץ": 0, "יק": 0, "כן": 62, "ך": 0, "ל": 11, "מחל": 58, "מרצ": 20, "נז": 0, "ני": 0, "נף": 0, "נץ": 0, "נק": 0, "נר": 0, "עם": 0, "פה": 133, "ף": 0, "צ": 0, "ץ": 0, "ק": 0, "קי": 0, "קך": 0, "קנ": 0, "קץ": 0, "רז": 0, "שס": 2, "ת": 0, "כתובת קלפי": "בירם ד\"ר,35 ", "מקום קלפי": "בי\"ס עירוני כי\"ח", "נגישה": " ", "נגישה מיוחדת": " ", "בוחרי כנסת בפועל": 530, "turnout_pct": 60.75471698113207, "אמת_pct": 5.3125, "אצ_pct": 0.3125, "ב_pct": 0.9375, "ג_pct": 0.0, "ד_pct": 0.0, "ום_pct": 0.0, "ז_pct": 0.0, "זך_pct": 0.0, "זנ_pct": 0.0, "זץ_pct": 0.0, "ט_pct": 4.0625, "י_pct": 0.0, "יז_pct": 0.0, "ינ_pct": 0.0, "יץ_pct": 0.0, "יק_pct": 0.0, "כן_pct": 19.375, "ך_pct": 0.0, "ל_pct": 3.4375, "מחל_pct": 18.125, "מרצ_pct": 6.25, "נז_pct": 0.0, "ני_pct": 0.0, "נף_pct": 0.0, "נץ_pct": 0.0, "נק_pct": 0.0, "נר_pct": 0.0, "עם_pct": 0.0, "פה_pct": 41.5625, "ף_pct": 0.0, "צ_pct": 0.0, "ץ_pct": 0.0, "ק_pct": 0.0, "קי_pct": 0.0, "קך_pct": 0.0, "קנ_pct": 0.0, "קץ_pct": 0.0, "רז_pct": 0.0, "שס_pct": 0.625, "ת_pct": 0.0, "lat": 32.7750997, "lon": 35.0109171, "neighborhood": "רמת אלמוגי" }, "geometry": { "type": "Point", "coordinates": [ 35.0109171, 32.7750997 ] } },
{ "type": "Feature", "properties": { "סמל ועדה": 7, "ברזל": 3116, "שם ישוב": "חיפה", "סמל ישוב": 4000, "קלפי": "369", "ריכוז": 181, "שופט": 0, "בזב": 673, "מצביעים": 467, "פסולים": 2, "כשרים": 465, "אמת": 25, "אצ": 0, "ב": 5, "ג": 0, "ד": 0, "ום": 1, "ז": 0, "זך": 0, "זנ": 0, "זץ": 0, "ט": 24, "י": 0, "יז": 1, "ינ": 0, "יץ": 0, "יק": 0, "כן": 71, "ך": 0, "ל": 50, "מחל": 102, "מרצ": 16, "נז": 0, "ני": 0, "נף": 0, "נץ": 0, "נק": 0, "נר": 0, "עם": 1, "פה": 156, "ף": 0, "צ": 1, "ץ": 0, "ק": 0, "קי": 0, "קך": 1, "קנ": 1, "קץ": 5, "רז": 0, "שס": 5, "ת": 0, "כתובת קלפי": "אלתר אליעזר,34 ", "מקום קלפי": "ישיבה תיכונית עירונית \"יבנה\"", "נגישה": " ", "נגישה מיוחדת": " ", "בוחרי כנסת בפועל": 673, "turnout_pct": 69.390787518573546, "אמת_pct": 5.376344086021505, "אצ_pct": 0.0, "ב_pct": 1.0752688172043012, "ג_pct": 0.0, "ד_pct": 0.0, "ום_pct": 0.21505376344086022, "ז_pct": 0.0, "זך_pct": 0.0, "זנ_pct": 0.0, "זץ_pct": 0.0, "ט_pct": 5.161290322580645, "י_pct": 0.0, "יז_pct": 0.21505376344086022, "ינ_pct": 0.0, "יץ_pct": 0.0, "יק_pct": 0.0, "כן_pct": 15.268817204301074, "ך_pct": 0.0, "ל_pct": 10.75268817204301, "מחל_pct": 21.935483870967744, "מרצ_pct": 3.4408602150537635, "נז_pct": 0.0, "ני_pct": 0.0, "נף_pct": 0.0, "נץ_pct": 0.0, "נק_pct": 0.0, "נר_pct": 0.0, "עם_pct": 0.21505376344086022, "פה_pct": 33.548387096774199, "ף_pct": 0.0, "צ_pct": 0.21505376344086022, "ץ_pct": 0.0, "ק_pct": 0.0, "קי_pct": 0.0, "קך_pct": 0.21505376344086022, "קנ_pct": 0.21505376344086022, "קץ_pct": 1.0752688172043012, "רז_pct": 0.0, "שס_pct": 1.0752688172043012, "ת_pct": 0.0, "lat": 32.7758187, "lon": 35.0125205, "neighborhood": "רמת אלון" }, "geometry": { "type": "Point", "coordinates": [ 35.0125205, 32.7758187 ] } },
{ "type": "Feature", "properties": { "סמל ועדה": 7, "ברזל": 3117, "שם ישוב": "חיפה", "סמל ישוב": 4000, "קלפי": "370", "ריכוז": 181, "שופט": 0, "בזב": 631, "מצביעים": 459, "פסולים": 3, "כשרים": 456, "אמת": 34, "אצ": 3, "ב": 2, "ג": 0, "ד": 1, "ום": 0, "ז": 0, "זך": 0, "זנ": 0, "זץ": 0, "ט": 25, "י": 0, "יז": 2, "ינ": 0, "יץ": 0, "יק": 0, "כן": 67, "ך": 0, "ל": 33, "מחל": 90, "מרצ": 22, "נז": 0, "ני": 0, "נף": 1, "נץ": 0, "נק": 0, "נר": 0, "עם": 1, "פה": 165, "ף": 0, "צ": 0, "ץ": 0, "ק": 0, "קי": 0, "קך": 0, "קנ": 0, "קץ": 4, "רז": 0, "שס": 5, "ת": 1, "כתובת קלפי": "אלתר אליעזר,34 ", "מקום קלפי": "ישיבה תיכונית עירונית \"יבנה\"", "נגישה": " ", "נגישה מיוחדת": " ", "בוחרי כנסת בפועל": 631, "turnout_pct": 72.741679873217109, "אמת_pct": 7.4561403508771926, "אצ_pct": 0.6578947368421052, "ב_pct": 0.43859649122807015, "ג_pct": 0.0, "ד_pct": 0.21929824561403508, "ום_pct": 0.0, "ז_pct": 0.0, "זך_pct": 0.0, "זנ_pct": 0.0, "זץ_pct": 0.0, "ט_pct": 5.4824561403508767, "י_pct": 0.0, "יז_pct": 0.43859649122807015, "ינ_pct": 0.0, "יץ_pct": 0.0, "יק_pct": 0.0, "כן_pct": 14.692982456140353, "ך_pct": 0.0, "ל_pct": 7.2368421052631584, "מחל_pct": 19.736842105263158, "מרצ_pct": 4.8245614035087714, "נז_pct": 0.0, "ני_pct": 0.0, "נף_pct": 0.21929824561403508, "נץ_pct": 0.0, "נק_pct": 0.0, "נר_pct": 0.0, "עם_pct": 0.21929824561403508, "פה_pct": 36.184210526315788, "ף_pct": 0.0, "צ_pct": 0.0, "ץ_pct": 0.0, "ק_pct": 0.0, "קי_pct": 0.0, "קך_pct": 0.0, "קנ_pct": 0.0, "קץ_pct": 0.8771929824561403, "רז_pct": 0.0, "שס_pct": 1.0964912280701753, "ת_pct": 0.21929824561403508, "lat": 32.7758187, "lon": 35.0125205, "neighborhood": "רמת אלון" }, "geometry": { "type": "Point", "coordinates": [ 35.0125205, 32.7758187 ] } },
{ "type": "Feature", "properties": { "סמל ועדה": 7, "ברזל": 3118, "שם ישוב": "חיפה", "סמל ישוב": 4000, "קלפי": "371", "ריכוז": 76, "שופט": 0, "בזב": 678, "מצביעים": 419, "פסולים": 2, "כשרים": 417, "אמת": 26, "אצ": 2, "ב": 1, "ג": 0, "ד": 3, "ום": 2, "ז": 0, "זך": 0, "זנ": 0, "זץ": 0, "ט": 11, "י": 0, "יז": 0, "ינ": 0, "יץ": 0, "יק": 0, "כן": 55, "ך": 0, "ל": 31, "מחל": 76, "מרצ": 22, "נז": 0, "ני": 0, "נף": 0, "נץ": 0, "נק": 0, "נר": 0, "עם": 0, "פה": 184, "ף": 0, "צ": 1, "ץ": 0, "ק": 1, "קי": 0, "קך": 0, "קנ": 0, "קץ": 1, "רז": 0, "שס": 1, "ת": 0, "כתובת קלפי": "בירם ד\"ר,35 ", "מקום קלפי": "בי\"ס עירוני כי\"ח", "נגישה": " ", "נגישה מיוחדת": " ", "בוחרי כנסת בפועל": 678, "turnout_pct": 61.799410029498524, "אמת_pct": 6.2350119904076742, "אצ_pct": 0.47961630695443641, "ב_pct": 0.23980815347721821, "ג_pct": 0.0, "ד_pct": 0.71942446043165476, "ום_pct": 0.47961630695443641, "ז_pct": 0.0, "זך_pct": 0.0, "זנ_pct": 0.0, "זץ_pct": 0.0, "ט_pct": 2.6378896882494005, "י_pct": 0.0, "יז_pct": 0.0, "ינ_pct": 0.0, "יץ_pct": 0.0, "יק_pct": 0.0, "כן_pct": 13.189448441247004, "ך_pct": 0.0, "ל_pct": 7.434052757793765, "מחל_pct": 18.225419664268586, "מרצ_pct": 5.275779376498801, "נז_pct": 0.0, "ני_pct": 0.0, "נף_pct": 0.0, "נץ_pct": 0.0, "נק_pct": 0.0, "נר_pct": 0.0, "עם_pct": 0.0, "פה_pct": 44.124700239808149, "ף_pct": 0.0, "צ_pct": 0.23980815347721821, "ץ_pct": 0.0, "ק_pct": 0.23980815347721821, "קי_pct": 0.0, "קך_pct": 0.0, "קנ_pct": 0.0, "קץ_pct": 0.23980815347721821, "רז_pct": 0.0, "שס_pct": 0.23980815347721821, "ת_pct": 0.0, "lat": 32.7750997, "lon": 35.0109171, "neighborhood": "רמת אלמוגי" }, "geometry": { "type": "Point", "coordinates": [ 35.0109171, 32.7750997 ] } },
{ "type": "Feature", "properties": { "סמל ועדה": 7, "ברזל": 3119, "שם ישוב": "חיפה", "סמל ישוב": 4000, "קלפי": "372", "ריכוז": 138, "שופט": 0, "בזב": 674, "מצביעים": 487, "פסולים": 2, "כשרים": 485, "אמת": 31, "אצ": 2, "ב": 8, "ג": 0, "ד": 0, "ום": 1, "ז": 0, "זך": 0, "זנ": 0, "זץ": 0, "ט": 17, "י": 0, "יז": 0, "ינ": 0, "יץ": 0, "יק": 0, "כן": 79, "ך": 0, "ל": 30, "מחל": 107, "מרצ": 27, "נז": 0, "ני": 0, "נף": 0, "נץ": 0, "נק": 0, "נר": 0, "עם": 0, "פה": 178, "ף": 0, "צ": 0, "ץ": 0, "ק": 0, "קי": 0, "קך": 0, "קנ": 0, "קץ": 1, "רז": 0, "שס": 4, "ת": 0, "כתובת קלפי": "יגאל אלון,8 ", "מקום קלפי": "בי\"ס יגאל אלון", "נגישה": " ", "נגישה מיוחדת": " ", "בוחרי כנסת בפועל": 674, "turnout_pct": 72.255192878338278, "אמת_pct": 6.3917525773195871, "אצ_pct": 0.41237113402061859, "ב_pct": 1.6494845360824744, "ג_pct": 0.0, "ד_pct": 0.0, "ום_pct": 0.2061855670103093, "ז_pct": 0.0, "זך_pct": 0.0, "זנ_pct": 0.0, "זץ_pct": 0.0, "ט_pct": 3.5051546391752577, "י_pct": 0.0, "יז_pct": 0.0, "ינ_pct": 0.0, "יץ_pct": 0.0, "יק_pct": 0.0, "כן_pct": 16.288659793814432, "ך_pct": 0.0, "ל_pct": 6.1855670103092786, "מחל_pct": 22.061855670103093, "מרצ_pct": 5.5670103092783512, "נז_pct": 0.0, "ני_pct": 0.0, "נף_pct": 0.0, "נץ_pct": 0.0, "נק_pct": 0.0, "נר_pct": 0.0, "עם_pct": 0.0, "פה_pct": 36.701030927835049, "ף_pct": 0.0, "צ_pct": 0.0, "ץ_pct": 0.0, "ק_pct": 0.0, "קי_pct": 0.0, "קך_pct": 0.0, "קנ_pct": 0.0, "קץ_pct": 0.2061855670103093, "רז_pct": 0.0, "שס_pct": 0.82474226804123718, "ת_pct": 0.0, "lat": 32.7773601, "lon": 35.0132292, "neighborhood": "רמת אלון" }, "geometry": { "type": "Point", "coordinates": [ 35.0132292, 32.7773601 ] } },
{ "type": "Feature", "properties": { "סמל ועדה": 7, "ברזל": 3120, "שם ישוב": "חיפה", "סמל ישוב": 4000, "קלפי": "409", "ריכוז": 75, "שופט": 0, "בזב": 608, "מצביעים": 388, "פסולים": 2, "כשרים": 386, "אמת": 28, "אצ": 6, "ב": 1, "ג": 15, "ד": 0, "ום": 0, "ז": 0, "זך": 0, "זנ": 0, "זץ": 0, "ט": 33, "י": 0, "יז": 2, "ינ": 0, "יץ": 0, "יק": 0, "כן": 52, "ך": 0, "ל": 17, "מחל": 60, "מרצ": 25, "נז": 0, "ני": 0, "נף": 0, "נץ": 0, "נק": 0, "נר": 0, "עם": 1, "פה": 136, "ף": 0, "צ": 0, "ץ": 0, "ק": 0, "קי": 0, "קך": 0, "קנ": 0, "קץ": 1, "רז": 0, "שס": 9, "ת": 0, "כתובת קלפי": "חביבה רייך,16 ", "מקום קלפי": "בי\"ס הבונים", "נגישה": " ", "נגישה מיוחדת": " ", "בוחרי כנסת בפועל": 608, "turnout_pct": 63.815789473684212, "אמת_pct": 7.2538860103626934, "אצ_pct": 1.5544041450777202, "ב_pct": 0.2590673575129534, "ג_pct": 3.8860103626943006, "ד_pct": 0.0, "ום_pct": 0.0, "ז_pct": 0.0, "זך_pct": 0.0, "זנ_pct": 0.0, "זץ_pct": 0.0, "ט_pct": 8.5492227979274613, "י_pct": 0.0, "יז_pct": 0.5181347150259068, "ינ_pct": 0.0, "יץ_pct": 0.0, "יק_pct": 0.0, "כן_pct": 13.471502590673575, "ך_pct": 0.0, "ל_pct": 4.4041450777202069, "מחל_pct": 15.544041450777202, "מרצ_pct": 6.4766839378238332, "נז_pct": 0.0, "ני_pct": 0.0, "נף_pct": 0.0, "נץ_pct": 0.0, "נק_pct": 0.0, "נר_pct": 0.0, "עם_pct": 0.2590673575129534, "פה_pct": 35.233160621761655, "ף_pct": 0.0, "צ_pct": 0.0, "ץ_pct": 0.0, "ק_pct": 0.0, "קי_pct": 0.0, "קך_pct": 0.0, "קנ_pct": 0.0, "קץ_pct": 0.2590673575129534, "רז_pct": 0.0, "שס_pct": 2.3316062176165802, "ת_pct": 0.0, "lat": 32.7798704, "lon": 35.0079078, "neighborhood": "רמות רמז" }, "geometry": { "type": "Point", "coordinates": [ 35.0079078, 32.7798704 ] } },
{ "type": "Feature", "properties": { "סמל ועדה": 7, "ברזל": 3121, "שם ישוב": "חיפה", "סמל ישוב": 4000, "קלפי": "410", "ריכוז": 75, "שופט": 0, "בזב": 449, "מצביעים": 287, "פסולים": 1, "כשרים": 286, "אמת": 35, "אצ": 1, "ב": 0, "ג": 0, "ד": 2, "ום": 3, "ז": 0, "זך": 0, "זנ": 0, "זץ": 0, "ט": 4, "י": 0, "יז": 1, "ינ": 0, "יץ": 0, "יק": 0, "כן": 30, "ך": 0, "ל": 15, "מחל": 28, "מרצ": 29, "נז": 0, "ני": 0, "נף": 0, "נץ": 0, "נק": 0, "נר": 0, "עם": 3, "פה": 128, "ף": 0, "צ": 0, "ץ": 0, "ק": 0, "קי": 0, "קך": 0, "קנ": 0, "קץ": 4, "רז": 0, "שס": 3, "ת": 0, "כתובת קלפי": "חביבה רייך,16 ", "מקום קלפי": "בי\"ס הבונים", "נגישה": "כ", "נגישה מיוחדת": " ", "בוחרי כנסת בפועל": 449, "turnout_pct": 63.919821826280618, "אמת_pct": 12.237762237762238, "אצ_pct": 0.34965034965034963, "ב_pct": 0.0, "ג_pct": 0.0, "ד_pct": 0.69930069930069927, "ום_pct": 1.048951048951049, "ז_pct": 0.0, "זך_pct": 0.0, "זנ_pct": 0.0, "זץ_pct": 0.0, "ט_pct": 1.3986013986013985, "י_pct": 0.0, "יז_pct": 0.34965034965034963, "ינ_pct": 0.0, "יץ_pct": 0.0, "יק_pct": 0.0, "כן_pct": 10.48951048951049, "ך_pct": 0.0, "ל_pct": 5.244755244755245, "מחל_pct": 9.79020979020979, "מרצ_pct": 10.13986013986014, "נז_pct": 0.0, "ני_pct": 0.0, "נף_pct": 0.0, "נץ_pct": 0.0, "נק_pct": 0.0, "נר_pct": 0.0, "עם_pct": 1.048951048951049, "פה_pct": 44.755244755244753, "ף_pct": 0.0, "צ_pct": 0.0, "ץ_pct": 0.0, "ק_pct": 0.0, "קי_pct": 0.0, "קך_pct": 0.0, "קנ_pct": 0.0, "קץ_pct": 1.3986013986013985, "רז_pct": 0.0, "שס_pct": 1.048951048951049, "ת_pct": 0.0, "lat": 32.7798704, "lon": 35.0079078, "neighborhood": "רמות רמז" }, "geometry": { "type": "Point", "coordinates": [ 35.0079078, 32.7798704 ] } },
{ "type": "Feature", "properties": { "סמל ועדה": 7, "ברזל": 3122, "שם ישוב": "חיפה", "סמל ישוב": 4000, "קלפי": "420", "ריכוז": 138, "שופט": 0, "בזב": 507, "מצביעים": 190, "פסולים": 3, "כשרים": 187, "אמת": 15, "אצ": 3, "ב": 1, "ג": 0, "ד": 2, "ום": 1, "ז": 0, "זך": 0, "זנ": 0, "זץ": 0, "ט": 6, "י": 0, "יז": 0, "ינ": 0, "יץ": 0, "יק": 0, "כן": 17, "ך": 0, "ל": 24, "מחל": 34, "מרצ": 14, "נז": 0, "ני": 0, "נף": 0, "נץ": 0, "נק": 0, "נר": 0, "עם": 0, "פה": 67, "ף": 0, "צ": 0, "ץ": 0, "ק": 1, "קי": 0, "קך": 0, "קנ": 0, "קץ": 0, "רז": 0, "שס": 2, "ת": 0, "כתובת קלפי": "יגאל אלון,8 ", "מקום קלפי": "בי\"ס יגאל אלון", "נגישה": " ", "נגישה מיוחדת": " ", "בוחרי כנסת בפועל": 507, "turnout_pct": 37.475345167652861, "אמת_pct": 8.0213903743315509, "אצ_pct": 1.6042780748663104, "ב_pct": 0.53475935828876997, "ג_pct": 0.0, "ד_pct": 1.0695187165775399, "ום_pct": 0.53475935828876997, "ז_pct": 0.0, "זך_pct": 0.0, "זנ_pct": 0.0, "זץ_pct": 0.0, "ט_pct": 3.2085561497326207, "י_pct": 0.0, "יז_pct": 0.0, "ינ_pct": 0.0, "יץ_pct": 0.0, "יק_pct": 0.0, "כן_pct": 9.0909090909090917, "ך_pct": 0.0, "ל_pct": 12.834224598930483, "מחל_pct": 18.181818181818183, "מרצ_pct": 7.4866310160427805, "נז_pct": 0.0, "ני_pct": 0.0, "נף_pct": 0.0, "נץ_pct": 0.0, "נק_pct": 0.0, "נר_pct": 0.0, "עם_pct": 0.0, "פה_pct": 35.828877005347593, "ף_pct": 0.0, "צ_pct": 0.0, "ץ_pct": 0.0, "ק_pct": 0.53475935828876997, "קי_pct": 0.0, "קך_pct": 0.0, "קנ_pct": 0.0, "קץ_pct": 0.0, "רז_pct": 0.0, "שס_pct": 1.0695187165775399, "ת_pct": 0.0, "lat": 32.7773601, "lon": 35.0132292, "neighborhood": "רמת אלון" }, "geometry": { "type": "Point", "coordinates": [ 35.0132292, 32.7773601 ] } },
{ "type": "Feature", "properties": { "סמל ועדה": 7, "ברזל": 3123, "שם ישוב": "חיפה", "סמל ישוב": 4000, "קלפי": "438", "ריכוז": 76, "שופט": 0, "בזב": 684, "מצביעים": 503, "פסולים": 0, "כשרים": 503, "אמת": 26, "אצ": 1, "ב": 6, "ג": 1, "ד": 0, "ום": 0, "ז": 0, "זך": 0, "זנ": 0, "זץ": 0, "ט": 20, "י": 0, "יז": 1, "ינ": 0, "יץ": 0, "יק": 0, "כן": 91, "ך": 0, "ל": 12, "מחל": 112, "מרצ": 20, "נז": 0, "ני": 0, "נף": 0, "נץ": 0, "נק": 0, "נר": 0, "עם": 0, "פה": 199, "ף": 0, "צ": 0, "ץ": 0, "ק": 0, "קי": 0, "קך": 0, "קנ": 0, "קץ": 5, "רז": 0, "שס": 9, "ת": 0, "כתובת קלפי": "בירם ד\"ר,35 ", "מקום קלפי": "בי\"ס עירוני כי\"ח", "נגישה": " ", "נגישה מיוחדת": " ", "בוחרי כנסת בפועל": 684, "turnout_pct": 73.538011695906434, "אמת_pct": 5.1689860834990062, "אצ_pct": 0.19880715705765406, "ב_pct": 1.1928429423459244, "ג_pct": 0.19880715705765406, "ד_pct": 0.0, "ום_pct": 0.0, "ז_pct": 0.0, "זך_pct": 0.0, "זנ_pct": 0.0, "זץ_pct": 0.0, "ט_pct": 3.9761431411530817, "י_pct": 0.0, "יז_pct": 0.19880715705765406, "ינ_pct": 0.0, "יץ_pct": 0.0, "יק_pct": 0.0, "כן_pct": 18.091451292246521, "ך_pct": 0.0, "ל_pct": 2.3856858846918487, "מחל_pct": 22.266401590457257, "מרצ_pct": 3.9761431411530817, "נז_pct": 0.0, "ני_pct": 0.0, "נף_pct": 0.0, "נץ_pct": 0.0, "נק_pct": 0.0, "נר_pct": 0.0, "עם_pct": 0.0, "פה_pct": 39.562624254473164, "ף_pct": 0.0, "צ_pct": 0.0, "ץ_pct": 0.0, "ק_pct": 0.0, "קי_pct": 0.0, "קך_pct": 0.0, "קנ_pct": 0.0, "קץ_pct": 0.99403578528827041, "רז_pct": 0.0, "שס_pct": 1.7892644135188867, "ת_pct": 0.0, "lat": 32.7750997, "lon": 35.0109171, "neighborhood": "רמת אלמוגי" }, "geometry": { "type": "Point", "coordinates": [ 35.0109171, 32.7750997 ] } },
{ "type": "Feature", "properties": { "סמל ועדה": 7, "ברזל": 3124, "שם ישוב": "חיפה", "סמל ישוב": 4000, "קלפי": "446", "ריכוז": 75, "שופט": 0, "בזב": 414, "מצביעים": 266, "פסולים": 0, "כשרים": 266, "אמת": 24, "אצ": 2, "ב": 2, "ג": 0, "ד": 2, "ום": 0, "ז": 0, "זך": 0, "זנ": 0, "זץ": 0, "ט": 21, "י": 0, "יז": 2, "ינ": 0, "יץ": 0, "יק": 0, "כן": 31, "ך": 0, "ל": 15, "מחל": 51, "מרצ": 14, "נז": 0, "ני": 0, "נף": 0, "נץ": 0, "נק": 0, "נר": 0, "עם": 0, "פה": 95, "ף": 0, "צ": 0, "ץ": 0, "ק": 0, "קי": 0, "קך": 0, "קנ": 0, "קץ": 3, "רז": 0, "שס": 4, "ת": 0, "כתובת קלפי": "חביבה רייך,16 ", "מקום קלפי": "בי\"ס הבונים", "נגישה": "כ", "נגישה מיוחדת": "כ", "בוחרי כנסת בפועל": 414, "turnout_pct": 64.251207729468589, "אמת_pct": 9.0225563909774422, "אצ_pct": 0.75187969924812026, "ב_pct": 0.75187969924812026, "ג_pct": 0.0, "ד_pct": 0.75187969924812026, "ום_pct": 0.0, "ז_pct": 0.0, "זך_pct": 0.0, "זנ_pct": 0.0, "זץ_pct": 0.0, "ט_pct": 7.8947368421052628, "י_pct": 0.0, "יז_pct": 0.75187969924812026, "ינ_pct": 0.0, "יץ_pct": 0.0, "יק_pct": 0.0, "כן_pct": 11.654135338345863, "ך_pct": 0.0, "ל_pct": 5.6390977443609023, "מחל_pct": 19.172932330827066, "מרצ_pct": 5.2631578947368416, "נז_pct": 0.0, "ני_pct": 0.0, "נף_pct": 0.0, "נץ_pct": 0.0, "נק_pct": 0.0, "נר_pct": 0.0, "עם_pct": 0.0, "פה_pct": 35.714285714285715, "ף_pct": 0.0, "צ_pct": 0.0, "ץ_pct": 0.0, "ק_pct": 0.0, "קי_pct": 0.0, "קך_pct": 0.0, "קנ_pct": 0.0, "קץ_pct": 1.1278195488721803, "רז_pct": 0.0, "שס_pct": 1.5037593984962405, "ת_pct": 0.0, "lat": 32.7798704, "lon": 35.0079078, "neighborhood": "רמות רמז" }, "geometry": { "type": "Point", "coordinates": [ 35.0079078, 32.7798704 ] } },
{ "type": "Feature", "properties": { "סמל ועדה": 7, "ברזל": 3125, "שם ישוב": "חיפה", "סמל ישוב": 4000, "קלפי": "450", "ריכוז": 180, "שופט": 0, "בזב": 679, "מצביעים": 468, "פסולים": 3, "כשרים": 465, "אמת": 26, "אצ": 0, "ב": 8, "ג": 1, "ד": 0, "ום": 0, "ז": 0, "זך": 0, "זנ": 0, "זץ": 0, "ט": 26, "י": 0, "יז": 0, "ינ": 0, "יץ": 0, "יק": 0, "כן": 89, "ך": 0, "ל": 33, "מחל": 78, "מרצ": 22, "נז": 0, "ני": 0, "נף": 0, "נץ": 0, "נק": 0, "נר": 0, "עם": 1, "פה": 172, "ף": 0, "צ": 1, "ץ": 0, "ק": 1, "קי": 0, "קך": 0, "קנ": 0, "קץ": 1, "רז": 0, "שס": 6, "ת": 0, "כתובת קלפי": "מאיר גולדה,29 ", "מקום קלפי": "גן מיתר", "נגישה": " ", "נגישה מיוחדת": " ", "בוחרי כנסת בפועל": 679, "turnout_pct": 68.924889543446241, "אמת_pct": 5.591397849462366, "אצ_pct": 0.0, "ב_pct": 1.7204301075268817, "ג_pct": 0.21505376344086022, "ד_pct": 0.0, "ום_pct": 0.0, "ז_pct": 0.0, "זך_pct": 0.0, "זנ_pct": 0.0, "זץ_pct": 0.0, "ט_pct": 5.591397849462366, "י_pct": 0.0, "יז_pct": 0.0, "ינ_pct": 0.0, "יץ_pct": 0.0, "יק_pct": 0.0, "כן_pct": 19.13978494623656, "ך_pct": 0.0, "ל_pct": 7.096774193548387, "מחל_pct": 16.7741935483871, "מרצ_pct": 4.731182795698925, "נז_pct": 0.0, "ני_pct": 0.0, "נף_pct": 0.0, "נץ_pct": 0.0, "נק_pct": 0.0, "נר_pct": 0.0, "עם_pct": 0.21505376344086022, "פה_pct": 36.989247311827953, "ף_pct": 0.0, "צ_pct": 0.21505376344086022, "ץ_pct": 0.0, "ק_pct": 0.21505376344086022, "קי_pct": 0.0, "קך_pct": 0.0, "קנ_pct": 0.0, "קץ_pct": 0.21505376344086022, "רז_pct": 0.0, "שס_pct": 1.2903225806451613, "ת_pct": 0.0, "lat": 32.7721007, "lon": 35.0039711, "neighborhood": "רמת גולדה" }, "geometry": { "type": "Point", "coordinates": [ 35.0039711, 32.7721007 ] } },
{ "type": "Feature", "properties": { "סמל ועדה": 7, "ברזל": 3126, "שם ישוב": "חיפה", "סמל ישוב": 4000, "קלפי": "453.1", "ריכוז": 194, "שופט": 0, "בזב": 572, "מצביעים": 390, "פסולים": 1, "כשרים": 389, "אמת": 15, "אצ": 2, "ב": 3, "ג": 0, "ד": 2, "ום": 7, "ז": 0, "זך": 0, "זנ": 0, "זץ": 0, "ט": 13, "י": 0, "יז": 0, "ינ": 0, "יץ": 0, "יק": 0, "כן": 72, "ך": 0, "ל": 12, "מחל": 66, "מרצ": 28, "נז": 0, "ני": 1, "נף": 0, "נץ": 0, "נק": 0, "נר": 0, "עם": 1, "פה": 165, "ף": 0, "צ": 0, "ץ": 0, "ק": 0, "קי": 0, "קך": 0, "קנ": 0, "קץ": 1, "רז": 0, "שס": 1, "ת": 0, "כתובת קלפי": "רבין אסתר ד\"ר,80 ", "מקום קלפי": "גן ילדים עירוני \"אשל\"", "נגישה": " ", "נגישה מיוחדת": " ", "בוחרי כנסת בפועל": 572, "turnout_pct": 68.181818181818173, "אמת_pct": 3.8560411311053984, "אצ_pct": 0.51413881748071977, "ב_pct": 0.77120822622107965, "ג_pct": 0.0, "ד_pct": 0.51413881748071977, "ום_pct": 1.7994858611825193, "ז_pct": 0.0, "זך_pct": 0.0, "זנ_pct": 0.0, "זץ_pct": 0.0, "ט_pct": 3.3419023136246784, "י_pct": 0.0, "יז_pct": 0.0, "ינ_pct": 0.0, "יץ_pct": 0.0, "יק_pct": 0.0, "כן_pct": 18.508997429305911, "ך_pct": 0.0, "ל_pct": 3.0848329048843186, "מחל_pct": 16.966580976863753, "מרצ_pct": 7.1979434447300772, "נז_pct": 0.0, "ני_pct": 0.25706940874035988, "נף_pct": 0.0, "נץ_pct": 0.0, "נק_pct": 0.0, "נר_pct": 0.0, "עם_pct": 0.25706940874035988, "פה_pct": 42.416452442159382, "ף_pct": 0.0, "צ_pct": 0.0, "ץ_pct": 0.0, "ק_pct": 0.0, "קי_pct": 0.0, "קך_pct": 0.0, "קנ_pct": 0.0, "קץ_pct": 0.25706940874035988, "רז_pct": 0.0, "שס_pct": 0.25706940874035988, "ת_pct": 0.0, "lat": 32.7631426, "lon": 34.9877087, "neighborhood": "הוד הכרמל" }, "geometry": { "type": "Point", "coordinates": [ 34.9877087, 32.7631426 ] } },
{ "type": "Feature", "properties": { "סמל ועדה": 7, "ברזל": 3127, "שם ישוב": "חיפה", "סמל ישוב": 4000, "קלפי": "453.2", "ריכוז": 194, "שופט": 0, "בזב": 571, "מצביעים": 424, "פסולים": 1, "כשרים": 423, "אמת": 18, "אצ": 1, "ב": 8, "ג": 0, "ד": 0, "ום": 3, "ז": 0, "זך": 0, "זנ": 0, "זץ": 0, "ט": 15, "י": 0, "יז": 0, "ינ": 0, "יץ": 0, "יק": 0, "כן": 69, "ך": 0, "ל": 18, "מחל": 65, "מרצ": 33, "נז": 0, "ני": 0, "נף": 0, "נץ": 0, "נק": 0, "נר": 0, "עם": 0, "פה": 186, "ף": 0, "צ": 0, "ץ": 0, "ק": 0, "קי": 0, "קך": 0, "קנ": 0, "קץ": 5, "רז": 0, "שס": 2, "ת": 0, "כתובת קלפי": "רבין אסתר ד\"ר,80 ", "מקום קלפי": "גן ילדים עירוני \"אשל\"", "נגישה": " ", "נגישה מיוחדת": " ", "בוחרי כנסת בפועל": 571, "turnout_pct": 74.255691768826608, "אמת_pct": 4.2553191489361701, "אצ_pct": 0.2364066193853428, "ב_pct": 1.8912529550827424, "ג_pct": 0.0, "ד_pct": 0.0, "ום_pct": 0.70921985815602839, "ז_pct": 0.0, "זך_pct": 0.0, "זנ_pct": 0.0, "זץ_pct": 0.0, "ט_pct": 3.5460992907801421, "י_pct": 0.0, "יז_pct": 0.0, "ינ_pct": 0.0, "יץ_pct": 0.0, "יק_pct": 0.0, "כן_pct": 16.312056737588655, "ך_pct": 0.0, "ל_pct": 4.2553191489361701, "מחל_pct": 15.366430260047281, "מרצ_pct": 7.8014184397163122, "נז_pct": 0.0, "ני_pct": 0.0, "נף_pct": 0.0, "נץ_pct": 0.0, "נק_pct": 0.0, "נר_pct": 0.0, "עם_pct": 0.0, "פה_pct": 43.971631205673759, "ף_pct": 0.0, "צ_pct": 0.0, "ץ_pct": 0.0, "ק_pct": 0.0, "קי_pct": 0.0, "קך_pct": 0.0, "קנ_pct": 0.0, "קץ_pct": 1.1820330969267139, "רז_pct": 0.0, "שס_pct": 0.4728132387706856, "ת_pct": 0.0, "lat": 32.7631426, "lon": 34.9877087, "neighborhood": "הוד הכרמל" }, "geometry": { "type": "Point", "coordinates": [ 34.9877087, 32.7631426 ] } },
{ "type": "Feature", "properties": { "סמל ועדה": 7, "ברזל": 3128, "שם ישוב": "חיפה", "סמל ישוב": 4000, "קלפי": "462", "ריכוז": 75, "שופט": 0, "בזב": 522, "מצביעים": 381, "פסולים": 0, "כשרים": 381, "אמת": 16, "אצ": 5, "ב": 5, "ג": 4, "ד": 0, "ום": 0, "ז": 0, "זך": 0, "זנ": 0, "זץ": 0, "ט": 31, "י": 0, "יז": 3, "ינ": 0, "יץ": 0, "יק": 0, "כן": 71, "ך": 0, "ל": 15, "מחל": 111, "מרצ": 11, "נז": 0, "ני": 0, "נף": 0, "נץ": 0, "נק": 0, "נר": 0, "עם": 0, "פה": 104, "ף": 0, "צ": 0, "ץ": 0, "ק": 0, "קי": 0, "קך": 0, "קנ": 0, "קץ": 1, "רז": 0, "שס": 4, "ת": 0, "כתובת קלפי": "חביבה רייך,16 ", "מקום קלפי": "בי\"ס הבונים", "נגישה": " ", "נגישה מיוחדת": " ", "בוחרי כנסת בפועל": 522, "turnout_pct": 72.988505747126439, "אמת_pct": 4.1994750656167978, "אצ_pct": 1.3123359580052494, "ב_pct": 1.3123359580052494, "ג_pct": 1.0498687664041995, "ד_pct": 0.0, "ום_pct": 0.0, "ז_pct": 0.0, "זך_pct": 0.0, "זנ_pct": 0.0, "זץ_pct": 0.0, "ט_pct": 8.1364829396325451, "י_pct": 0.0, "יז_pct": 0.78740157480314954, "ינ_pct": 0.0, "יץ_pct": 0.0, "יק_pct": 0.0, "כן_pct": 18.635170603674542, "ך_pct": 0.0, "ל_pct": 3.9370078740157481, "מחל_pct": 29.133858267716533, "מרצ_pct": 2.8871391076115485, "נז_pct": 0.0, "ני_pct": 0.0, "נף_pct": 0.0, "נץ_pct": 0.0, "נק_pct": 0.0, "נר_pct": 0.0, "עם_pct": 0.0, "פה_pct": 27.296587926509186, "ף_pct": 0.0, "צ_pct": 0.0, "ץ_pct": 0.0, "ק_pct": 0.0, "קי_pct": 0.0, "קך_pct": 0.0, "קנ_pct": 0.0, "קץ_pct": 0.26246719160104987, "רז_pct": 0.0, "שס_pct": 1.0498687664041995, "ת_pct": 0.0, "lat": 32.7798704, "lon": 35.0079078, "neighborhood": "רמות רמז" }, "geometry": { "type": "Point", "coordinates": [ 35.0079078, 32.7798704 ] } },
{ "type": "Feature", "properties": { "סמל ועדה": 7, "ברזל": 3129, "שם ישוב": "חיפה", "סמל ישוב": 4000, "קלפי": "465", "ריכוז": 75, "שופט": 0, "בזב": 603, "מצביעים": 441, "פסולים": 2, "כשרים": 439, "אמת": 21, "אצ": 5, "ב": 3, "ג": 0, "ד": 0, "ום": 0, "ז": 0, "זך": 0, "זנ": 0, "זץ": 0, "ט": 28, "י": 0, "יז": 0, "ינ": 0, "יץ": 0, "יק": 0, "כן": 78, "ך": 0, "ל": 13, "מחל": 104, "מרצ": 10, "נז": 0, "ני": 0, "נף": 0, "נץ": 1, "נק": 0, "נר": 0, "עם": 0, "פה": 168, "ף": 0, "צ": 0, "ץ": 0, "ק": 0, "קי": 0, "קך": 0, "קנ": 1, "קץ": 0, "רז": 0, "שס": 7, "ת": 0, "כתובת קלפי": "חביבה רייך,16 ", "מקום קלפי": "בי\"ס הבונים", "נגישה": " ", "נגישה מיוחדת": " ", "בוחרי כנסת בפועל": 603, "turnout_pct": 73.134328358208961, "אמת_pct": 4.7835990888382689, "אצ_pct": 1.1389521640091116, "ב_pct": 0.68337129840546695, "ג_pct": 0.0, "ד_pct": 0.0, "ום_pct": 0.0, "ז_pct": 0.0, "זך_pct": 0.0, "זנ_pct": 0.0, "זץ_pct": 0.0, "ט_pct": 6.3781321184510258, "י_pct": 0.0, "יז_pct": 0.0, "ינ_pct": 0.0, "יץ_pct": 0.0, "יק_pct": 0.0, "כן_pct": 17.767653758542139, "ך_pct": 0.0, "ל_pct": 2.9612756264236904, "מחל_pct": 23.690205011389523, "מרצ_pct": 2.2779043280182232, "נז_pct": 0.0, "ני_pct": 0.0, "נף_pct": 0.0, "נץ_pct": 0.22779043280182232, "נק_pct": 0.0, "נר_pct": 0.0, "עם_pct": 0.0, "פה_pct": 38.268792710706151, "ף_pct": 0.0, "צ_pct": 0.0, "ץ_pct": 0.0, "ק_pct": 0.0, "קי_pct": 0.0, "קך_pct": 0.0, "קנ_pct": 0.22779043280182232, "קץ_pct": 0.0, "רז_pct": 0.0, "שס_pct": 1.5945330296127564, "ת_pct": 0.0, "lat": 32.7798704, "lon": 35.0079078, "neighborhood": "רמות רמז" }, "geometry": { "type": "Point", "coordinates": [ 35.0079078, 32.7798704 ] } },
{ "type": "Feature", "properties": { "סמל ועדה": 7, "ברזל": 3130, "שם ישוב": "חיפה", "סמל ישוב": 4000, "קלפי": "961", "ריכוז": 75, "שופט": 0, "בזב": 582, "מצביעים": 372, "פסולים": 1, "כשרים": 371, "אמת": 12, "אצ": 1, "ב": 4, "ג": 0, "ד": 0, "ום": 1, "ז": 0, "זך": 0, "זנ": 0, "זץ": 0, "ט": 25, "י": 0, "יז": 3, "ינ": 0, "יץ": 0, "יק": 0, "כן": 76, "ך": 0, "ל": 15, "מחל": 80, "מרצ": 6, "נז": 0, "ני": 0, "נף": 0, "נץ": 0, "נק": 0, "נר": 0, "עם": 0, "פה": 142, "ף": 1, "צ": 0, "ץ": 0, "ק": 0, "קי": 0, "קך": 0, "קנ": 0, "קץ": 1, "רז": 0, "שס": 4, "ת": 0, "כתובת קלפי": "חביבה רייך,16 ", "מקום קלפי": "בי\"ס הבונים", "נגישה": " ", "נגישה מיוחדת": " ", "בוחרי כנסת בפועל": 582, "turnout_pct": 63.917525773195869, "אמת_pct": 3.2345013477088949, "אצ_pct": 0.26954177897574128, "ב_pct": 1.0781671159029651, "ג_pct": 0.0, "ד_pct": 0.0, "ום_pct": 0.26954177897574128, "ז_pct": 0.0, "זך_pct": 0.0, "זנ_pct": 0.0, "זץ_pct": 0.0, "ט_pct": 6.7385444743935308, "י_pct": 0.0, "יז_pct": 0.80862533692722371, "ינ_pct": 0.0, "יץ_pct": 0.0, "יק_pct": 0.0, "כן_pct": 20.485175202156334, "ך_pct": 0.0, "ל_pct": 4.0431266846361185, "מחל_pct": 21.563342318059302, "מרצ_pct": 1.6172506738544474, "נז_pct": 0.0, "ני_pct": 0.0, "נף_pct": 0.0, "נץ_pct": 0.0, "נק_pct": 0.0, "נר_pct": 0.0, "עם_pct": 0.0, "פה_pct": 38.274932614555254, "ף_pct": 0.26954177897574128, "צ_pct": 0.0, "ץ_pct": 0.0, "ק_pct": 0.0, "קי_pct": 0.0, "קך_pct": 0.0, "קנ_pct": 0.0, "קץ_pct": 0.26954177897574128, "רז_pct": 0.0, "שס_pct": 1.0781671159029651, "ת_pct": 0.0, "lat": 32.7798704, "lon": 35.0079078, "neighborhood": "רמות רמז" }, "geometry": { "type": "Point", "coordinates": [ 35.0079078, 32.7798704 ] } },
{ "type": "Feature", "properties": { "סמל ועדה": 7, "ברזל": 3131, "שם ישוב": "חיפה", "סמל ישוב": 4000, "קלפי": "350.1", "ריכוז": 71, "שופט": 0, "בזב": 579, "מצביעים": 361, "פסולים": 1, "כשרים": 360, "אמת": 10, "אצ": 3, "ב": 2, "ג": 8, "ד": 0, "ום": 0, "ז": 0, "זך": 0, "זנ": 0, "זץ": 0, "ט": 48, "י": 0, "יז": 0, "ינ": 0, "יץ": 0, "יק": 0, "כן": 36, "ך": 0, "ל": 21, "מחל": 138, "מרצ": 6, "נז": 0, "ני": 0, "נף": 0, "נץ": 0, "נק": 0, "נר": 0, "עם": 0, "פה": 72, "ף": 0, "צ": 0, "ץ": 0, "ק": 0, "קי": 0, "קך": 0, "קנ": 0, "קץ": 4, "רז": 0, "שס": 11, "ת": 1, "כתובת קלפי": "מימון הרב,23 ", "מקום קלפי": "עירוני ג חטיבת בינים בנין מצדה", "נגישה": " ", "נגישה מיוחדת": " ", "בוחרי כנסת בפועל": 579, "turnout_pct": 62.348877374784109, "אמת_pct": 2.7777777777777777, "אצ_pct": 0.83333333333333337, "ב_pct": 0.55555555555555558, "ג_pct": 2.2222222222222223, "ד_pct": 0.0, "ום_pct": 0.0, "ז_pct": 0.0, "זך_pct": 0.0, "זנ_pct": 0.0, "זץ_pct": 0.0, "ט_pct": 13.333333333333334, "י_pct": 0.0, "יז_pct": 0.0, "ינ_pct": 0.0, "יץ_pct": 0.0, "יק_pct": 0.0, "כן_pct": 10.0, "ך_pct": 0.0, "ל_pct": 5.833333333333333, "מחל_pct": 38.333333333333336, "מרצ_pct": 1.6666666666666667, "נז_pct": 0.0, "ני_pct": 0.0, "נף_pct": 0.0, "נץ_pct": 0.0, "נק_pct": 0.0, "נר_pct": 0.0, "עם_pct": 0.0, "פה_pct": 20.0, "ף_pct": 0.0, "צ_pct": 0.0, "ץ_pct": 0.0, "ק_pct": 0.0, "קי_pct": 0.0, "קך_pct": 0.0, "קנ_pct": 0.0, "קץ_pct": 1.1111111111111112, "רז_pct": 0.0, "שס_pct": 3.0555555555555554, "ת_pct": 0.27777777777777779, "lat": 32.784737, "lon": 35.0233608, "neighborhood": "נוה שאנן" }, "geometry": { "type": "Point", "coordinates": [ 35.0233608, 32.784737 ] } },
{ "type": "Feature", "properties": { "סמל ועדה": 7, "ברזל": 3132, "שם ישוב": "חיפה", "סמל ישוב": 4000, "קלפי": "350.2", "ריכוז": 71, "שופט": 0, "בזב": 579, "מצביעים": 381, "פסולים": 0, "כשרים": 381, "אמת": 17, "אצ": 0, "ב": 3, "ג": 22, "ד": 0, "ום": 1, "ז": 0, "זך": 0, "זנ": 0, "זץ": 0, "ט": 50, "י": 0, "יז": 1, "ינ": 0, "יץ": 0, "יק": 0, "כן": 62, "ך": 0, "ל": 24, "מחל": 104, "מרצ": 10, "נז": 0, "ני": 1, "נף": 0, "נץ": 0, "נק": 0, "נר": 0, "עם": 0, "פה": 69, "ף": 0, "צ": 0, "ץ": 0, "ק": 0, "קי": 0, "קך": 0, "קנ": 0, "קץ": 1, "רז": 0, "שס": 16, "ת": 0, "כתובת קלפי": "מימון הרב,23 ", "מקום קלפי": "עירוני ג חטיבת בינים בנין מצדה", "נגישה": " ", "נגישה מיוחדת": " ", "בוחרי כנסת בפועל": 579, "turnout_pct": 65.803108808290162, "אמת_pct": 4.4619422572178475, "אצ_pct": 0.0, "ב_pct": 0.78740157480314954, "ג_pct": 5.7742782152230969, "ד_pct": 0.0, "ום_pct": 0.26246719160104987, "ז_pct": 0.0, "זך_pct": 0.0, "זנ_pct": 0.0, "זץ_pct": 0.0, "ט_pct": 13.123359580052494, "י_pct": 0.0, "יז_pct": 0.26246719160104987, "ינ_pct": 0.0, "יץ_pct": 0.0, "יק_pct": 0.0, "כן_pct": 16.27296587926509, "ך_pct": 0.0, "ל_pct": 6.2992125984251963, "מחל_pct": 27.296587926509186, "מרצ_pct": 2.6246719160104988, "נז_pct": 0.0, "ני_pct": 0.26246719160104987, "נף_pct": 0.0, "נץ_pct": 0.0, "נק_pct": 0.0, "נר_pct": 0.0, "עם_pct": 0.0, "פה_pct": 18.110236220472441, "ף_pct": 0.0, "צ_pct": 0.0, "ץ_pct": 0.0, "ק_pct": 0.0, "קי_pct": 0.0, "קך_pct": 0.0, "קנ_pct": 0.0, "קץ_pct": 0.26246719160104987, "רז_pct": 0.0, "שס_pct": 4.1994750656167978, "ת_pct": 0.0, "lat": 32.784737, "lon": 35.0233608, "neighborhood": "נוה שאנן" }, "geometry": { "type": "Point", "coordinates": [ 35.0233608, 32.784737 ] } },
{ "type": "Feature", "properties": { "סמל ועדה": 7, "ברזל": 3133, "שם ישוב": "חיפה", "סמל ישוב": 4000, "קלפי": "350.3", "ריכוז": 71, "שופט": 0, "בזב": 579, "מצביעים": 350, "פסולים": 1, "כשרים": 349, "אמת": 12, "אצ": 2, "ב": 7, "ג": 28, "ד": 0, "ום": 2, "ז": 0, "זך": 0, "זנ": 0, "זץ": 0, "ט": 47, "י": 0, "יז": 2, "ינ": 0, "יץ": 0, "יק": 0, "כן": 25, "ך": 0, "ל": 16, "מחל": 92, "מרצ": 5, "נז": 0, "ני": 2, "נף": 0, "נץ": 0, "נק": 0, "נר": 0, "עם": 0, "פה": 80, "ף": 0, "צ": 1, "ץ": 0, "ק": 0, "קי": 0, "קך": 0, "קנ": 0, "קץ": 0, "רז": 0, "שס": 28, "ת": 0, "כתובת קלפי": "מימון הרב,23 ", "מקום קלפי": "עירוני ג חטיבת בינים בנין מצדה", "נגישה": " ", "נגישה מיוחדת": " ", "בוחרי כנסת בפועל": 579, "turnout_pct": 60.449050086355783, "אמת_pct": 3.4383954154727796, "אצ_pct": 0.57306590257879653, "ב_pct": 2.005730659025788, "ג_pct": 8.0229226361031518, "ד_pct": 0.0, "ום_pct": 0.57306590257879653, "ז_pct": 0.0, "זך_pct": 0.0, "זנ_pct": 0.0, "זץ_pct": 0.0, "ט_pct": 13.46704871060172, "י_pct": 0.0, "יז_pct": 0.57306590257879653, "ינ_pct": 0.0, "יץ_pct": 0.0, "יק_pct": 0.0, "כן_pct": 7.1633237822349569, "ך_pct": 0.0, "ל_pct": 4.5845272206303722, "מחל_pct": 26.361031518624639, "מרצ_pct": 1.4326647564469914, "נז_pct": 0.0, "ני_pct": 0.57306590257879653, "נף_pct": 0.0, "נץ_pct": 0.0, "נק_pct": 0.0, "נר_pct": 0.0, "עם_pct": 0.0, "פה_pct": 22.922636103151863, "ף_pct": 0.0, "צ_pct": 0.28653295128939826, "ץ_pct": 0.0, "ק_pct": 0.0, "קי_pct": 0.0, "קך_pct": 0.0, "קנ_pct": 0.0, "קץ_pct": 0.0, "רז_pct": 0.0, "שס_pct": 8.0229226361031518, "ת_pct": 0.0, "lat": 32.784737, "lon": 35.0233608, "neighborhood": "נוה שאנן" }, "geometry": { "type": "Point", "coordinates": [ 35.0233608, 32.784737 ] } },
{ "type": "Feature", "properties": { "סמל ועדה": 7, "ברזל": 3134, "שם ישוב": "חיפה", "סמל ישוב": 4000, "קלפי": "350.4", "ריכוז": 71, "שופט": 0, "בזב": 579, "מצביעים": 337, "פסולים": 2, "כשרים": 335, "אמת": 13, "אצ": 1, "ב": 10, "ג": 25, "ד": 0, "ום": 0, "ז": 0, "זך": 0, "זנ": 0, "זץ": 0, "ט": 30, "י": 0, "יז": 0, "ינ": 0, "יץ": 0, "יק": 0, "כן": 31, "ך": 0, "ל": 15, "מחל": 82, "מרצ": 8, "נז": 0, "ני": 0, "נף": 0, "נץ": 0, "נק": 0, "נר": 0, "עם": 0, "פה": 93, "ף": 0, "צ": 1, "ץ": 0, "ק": 1, "קי": 0, "קך": 0, "קנ": 0, "קץ": 3, "רז": 1, "שס": 21, "ת": 0, "כתובת קלפי": "מימון הרב,23 ", "מקום קלפי": "עירוני ג חטיבת בינים בנין מצדה", "נגישה": " ", "נגישה מיוחדת": " ", "בוחרי כנסת בפועל": 579, "turnout_pct": 58.203799654576862, "אמת_pct": 3.8805970149253728, "אצ_pct": 0.29850746268656719, "ב_pct": 2.9850746268656714, "ג_pct": 7.4626865671641784, "ד_pct": 0.0, "ום_pct": 0.0, "ז_pct": 0.0, "זך_pct": 0.0, "זנ_pct": 0.0, "זץ_pct": 0.0, "ט_pct": 8.9552238805970141, "י_pct": 0.0, "יז_pct": 0.0, "ינ_pct": 0.0, "יץ_pct": 0.0, "יק_pct": 0.0, "כן_pct": 9.2537313432835813, "ך_pct": 0.0, "ל_pct": 4.4776119402985071, "מחל_pct": 24.477611940298509, "מרצ_pct": 2.3880597014925375, "נז_pct": 0.0, "ני_pct": 0.0, "נף_pct": 0.0, "נץ_pct": 0.0, "נק_pct": 0.0, "נר_pct": 0.0, "עם_pct": 0.0, "פה_pct": 27.761194029850746, "ף_pct": 0.0, "צ_pct": 0.29850746268656719, "ץ_pct": 0.0, "ק_pct": 0.29850746268656719, "קי_pct": 0.0, "קך_pct": 0.0, "קנ_pct": 0.0, "קץ_pct": 0.89552238805970152, "רז_pct": 0.29850746268656719, "שס_pct": 6.2686567164179099, "ת_pct": 0.0, "lat": 32.784737, "lon": 35.0233608, "neighborhood": "נוה שאנן" }, "geometry": { "type": "Point", "coordinates": [ 35.0233608, 32.784737 ] } },
{ "type": "Feature", "properties": { "סמל ועדה": 7, "ברזל": 3135, "שם ישוב": "חיפה", "סמל ישוב": 4000, "קלפי": "355.1", "ריכוז": 44, "שופט": 1, "בזב": 613, "מצביעים": 391, "פסולים": 1, "כשרים": 390, "אמת": 16, "אצ": 2, "ב": 11, "ג": 4, "ד": 0, "ום": 0, "ז": 0, "זך": 0, "זנ": 0, "זץ": 0, "ט": 66, "י": 0, "יז": 1, "ינ": 0, "יץ": 0, "יק": 0, "כן": 34, "ך": 0, "ל": 24, "מחל": 111, "מרצ": 9, "נז": 0, "ני": 0, "נף": 0, "נץ": 0, "נק": 0, "נר": 0, "עם": 0, "פה": 57, "ף": 0, "צ": 0, "ץ": 0, "ק": 0, "קי": 0, "קך": 0, "קנ": 0, "קץ": 1, "רז": 0, "שס": 54, "ת": 0, "כתובת קלפי": "ציון,7 ", "מקום קלפי": "בי\"ס רמב\"ם", "נגישה": "כ", "נגישה מיוחדת": "כ", "בוחרי כנסת בפועל": 613, "turnout_pct": 63.784665579119078, "אמת_pct": 4.1025641025641022, "אצ_pct": 0.51282051282051277, "ב_pct": 2.8205128205128207, "ג_pct": 1.0256410256410255, "ד_pct": 0.0, "ום_pct": 0.0, "ז_pct": 0.0, "זך_pct": 0.0, "זנ_pct": 0.0, "זץ_pct": 0.0, "ט_pct": 16.923076923076923, "י_pct": 0.0, "יז_pct": 0.25641025641025639, "ינ_pct": 0.0, "יץ_pct": 0.0, "יק_pct": 0.0, "כן_pct": 8.7179487179487172, "ך_pct": 0.0, "ל_pct": 6.1538461538461542, "מחל_pct": 28.46153846153846, "מרצ_pct": 2.3076923076923079, "נז_pct": 0.0, "ני_pct": 0.0, "נף_pct": 0.0, "נץ_pct": 0.0, "נק_pct": 0.0, "נר_pct": 0.0, "עם_pct": 0.0, "פה_pct": 14.615384615384617, "ף_pct": 0.0, "צ_pct": 0.0, "ץ_pct": 0.0, "ק_pct": 0.0, "קי_pct": 0.0, "קך_pct": 0.0, "קנ_pct": 0.0, "קץ_pct": 0.25641025641025639, "רז_pct": 0.0, "שס_pct": 13.846153846153847, "ת_pct": 0.0, "lat": 32.7907245, "lon": 35.0159769, "neighborhood": "נוה שאנן" }, "geometry": { "type": "Point", "coordinates": [ 35.0159769, 32.7907245 ] } },
{ "type": "Feature", "properties": { "סמל ועדה": 7, "ברזל": 3136, "שם ישוב": "חיפה", "סמל ישוב": 4000, "קלפי": "355.2", "ריכוז": 44, "שופט": 0, "בזב": 613, "מצביעים": 379, "פסולים": 5, "כשרים": 374, "אמת": 15, "אצ": 1, "ב": 14, "ג": 7, "ד": 0, "ום": 1, "ז": 0, "זך": 0, "זנ": 0, "זץ": 0, "ט": 82, "י": 0, "יז": 0, "ינ": 0, "יץ": 0, "יק": 0, "כן": 34, "ך": 0, "ל": 25, "מחל": 106, "מרצ": 10, "נז": 0, "ני": 1, "נף": 0, "נץ": 0, "נק": 0, "נר": 0, "עם": 0, "פה": 58, "ף": 0, "צ": 0, "ץ": 0, "ק": 0, "קי": 0, "קך": 2, "קנ": 0, "קץ": 2, "רז": 0, "שס": 16, "ת": 0, "כתובת קלפי": "ציון,7 ", "מקום קלפי": "בי\"ס רמב\"ם", "נגישה": "כ", "נגישה מיוחדת": "כ", "בוחרי כנסת בפועל": 613, "turnout_pct": 61.82707993474714, "אמת_pct": 4.0106951871657754, "אצ_pct": 0.26737967914438499, "ב_pct": 3.7433155080213902, "ג_pct": 1.8716577540106951, "ד_pct": 0.0, "ום_pct": 0.26737967914438499, "ז_pct": 0.0, "זך_pct": 0.0, "זנ_pct": 0.0, "זץ_pct": 0.0, "ט_pct": 21.925133689839569, "י_pct": 0.0, "יז_pct": 0.0, "ינ_pct": 0.0, "יץ_pct": 0.0, "יק_pct": 0.0, "כן_pct": 9.0909090909090917, "ך_pct": 0.0, "ל_pct": 6.6844919786096257, "מחל_pct": 28.342245989304814, "מרצ_pct": 2.6737967914438503, "נז_pct": 0.0, "ני_pct": 0.26737967914438499, "נף_pct": 0.0, "נץ_pct": 0.0, "נק_pct": 0.0, "נר_pct": 0.0, "עם_pct": 0.0, "פה_pct": 15.508021390374333, "ף_pct": 0.0, "צ_pct": 0.0, "ץ_pct": 0.0, "ק_pct": 0.0, "קי_pct": 0.0, "קך_pct": 0.53475935828876997, "קנ_pct": 0.0, "קץ_pct": 0.53475935828876997, "רז_pct": 0.0, "שס_pct": 4.2780748663101598, "ת_pct": 0.0, "lat": 32.7907245, "lon": 35.0159769, "neighborhood": "נוה שאנן" }, "geometry": { "type": "Point", "coordinates": [ 35.0159769, 32.7907245 ] } },
{ "type": "Feature", "properties": { "סמל ועדה": 7, "ברזל": 3137, "שם ישוב": "חיפה", "סמל ישוב": 4000, "קלפי": "355.3", "ריכוז": 44, "שופט": 0, "בזב": 613, "מצביעים": 388, "פסולים": 0, "כשרים": 388, "אמת": 15, "אצ": 1, "ב": 21, "ג": 19, "ד": 0, "ום": 0, "ז": 0, "זך": 0, "זנ": 0, "זץ": 0, "ט": 75, "י": 0, "יז": 2, "ינ": 0, "יץ": 0, "יק": 0, "כן": 44, "ך": 0, "ל": 26, "מחל": 98, "מרצ": 5, "נז": 0, "ני": 0, "נף": 0, "נץ": 0, "נק": 0, "נר": 0, "עם": 0, "פה": 65, "ף": 0, "צ": 0, "ץ": 1, "ק": 0, "קי": 0, "קך": 0, "קנ": 0, "קץ": 2, "רז": 0, "שס": 14, "ת": 0, "כתובת קלפי": "ציון,7 ", "מקום קלפי": "בי\"ס רמב\"ם", "נגישה": " ", "נגישה מיוחדת": " ", "בוחרי כנסת בפועל": 613, "turnout_pct": 63.295269168026103, "אמת_pct": 3.865979381443299, "אצ_pct": 0.25773195876288657, "ב_pct": 5.4123711340206189, "ג_pct": 4.8969072164948457, "ד_pct": 0.0, "ום_pct": 0.0, "ז_pct": 0.0, "זך_pct": 0.0, "זנ_pct": 0.0, "זץ_pct": 0.0, "ט_pct": 19.329896907216497, "י_pct": 0.0, "יז_pct": 0.51546391752577314, "ינ_pct": 0.0, "יץ_pct": 0.0, "יק_pct": 0.0, "כן_pct": 11.340206185567011, "ך_pct": 0.0, "ל_pct": 6.7010309278350517, "מחל_pct": 25.257731958762886, "מרצ_pct": 1.2886597938144329, "נז_pct": 0.0, "ני_pct": 0.0, "נף_pct": 0.0, "נץ_pct": 0.0, "נק_pct": 0.0, "נר_pct": 0.0, "עם_pct": 0.0, "פה_pct": 16.752577319587626, "ף_pct": 0.0, "צ_pct": 0.0, "ץ_pct": 0.25773195876288657, "ק_pct": 0.0, "קי_pct": 0.0, "קך_pct": 0.0, "קנ_pct": 0.0, "קץ_pct": 0.51546391752577314, "רז_pct": 0.0, "שס_pct": 3.608247422680412, "ת_pct": 0.0, "lat": 32.7907245, "lon": 35.0159769, "neighborhood": "נוה שאנן" }, "geometry": { "type": "Point", "coordinates": [ 35.0159769, 32.7907245 ] } },
{ "type": "Feature", "properties": { "סמל ועדה": 7, "ברזל": 3138, "שם ישוב": "חיפה", "סמל ישוב": 4000, "קלפי": "355.4", "ריכוז": 44, "שופט": 0, "בזב": 613, "מצביעים": 382, "פסולים": 4, "כשרים": 378, "אמת": 15, "אצ": 2, "ב": 16, "ג": 18, "ד": 0, "ום": 0, "ז": 0, "זך": 0, "זנ": 0, "זץ": 0, "ט": 80, "י": 1, "יז": 1, "ינ": 0, "יץ": 0, "יק": 0, "כן": 32, "ך": 0, "ל": 27, "מחל": 90, "מרצ": 4, "נז": 0, "ני": 0, "נף": 0, "נץ": 0, "נק": 0, "נר": 0, "עם": 0, "פה": 75, "ף": 0, "צ": 1, "ץ": 0, "ק": 1, "קי": 0, "קך": 0, "קנ": 0, "קץ": 2, "רז": 1, "שס": 12, "ת": 0, "כתובת קלפי": "ציון,7 ", "מקום קלפי": "בי\"ס רמב\"ם", "נגישה": " ", "נגישה מיוחדת": " ", "בוחרי כנסת בפועל": 613, "turnout_pct": 62.31647634584013, "אמת_pct": 3.9682539682539679, "אצ_pct": 0.52910052910052907, "ב_pct": 4.2328042328042326, "ג_pct": 4.7619047619047619, "ד_pct": 0.0, "ום_pct": 0.0, "ז_pct": 0.0, "זך_pct": 0.0, "זנ_pct": 0.0, "זץ_pct": 0.0, "ט_pct": 21.164021164021165, "י_pct": 0.26455026455026454, "יז_pct": 0.26455026455026454, "ינ_pct": 0.0, "יץ_pct": 0.0, "יק_pct": 0.0, "כן_pct": 8.4656084656084651, "ך_pct": 0.0, "ל_pct": 7.1428571428571423, "מחל_pct": 23.809523809523807, "מרצ_pct": 1.0582010582010581, "נז_pct": 0.0, "ני_pct": 0.0, "נף_pct": 0.0, "נץ_pct": 0.0, "נק_pct": 0.0, "נר_pct": 0.0, "עם_pct": 0.0, "פה_pct": 19.841269841269842, "ף_pct": 0.0, "צ_pct": 0.26455026455026454, "ץ_pct": 0.0, "ק_pct": 0.26455026455026454, "קי_pct": 0.0, "קך_pct": 0.0, "קנ_pct": 0.0, "קץ_pct": 0.52910052910052907, "רז_pct": 0.26455026455026454, "שס_pct": 3.1746031746031744, "ת_pct": 0.0, "lat": 32.7907245, "lon": 35.0159769, "neighborhood": "נוה שאנן" }, "geometry": { "type": "Point", "coordinates": [ 35.0159769, 32.7907245 ] } },
{ "type": "Feature", "properties": { "סמל ועדה": 7, "ברזל": 3139, "שם ישוב": "חיפה", "סמל ישוב": 4000, "קלפי": "355.5", "ריכוז": 44, "שופט": 0, "בזב": 613, "מצביעים": 355, "פסולים": 2, "כשרים": 353, "אמת": 9, "אצ": 4, "ב": 17, "ג": 10, "ד": 0, "ום": 1, "ז": 0, "זך": 0, "זנ": 0, "זץ": 0, "ט": 60, "י": 1, "יז": 2, "ינ": 0, "יץ": 0, "יק": 0, "כן": 45, "ך": 0, "ל": 17, "מחל": 75, "מרצ": 10, "נז": 1, "ני": 0, "נף": 0, "נץ": 1, "נק": 0, "נר": 0, "עם": 0, "פה": 67, "ף": 0, "צ": 0, "ץ": 0, "ק": 0, "קי": 0, "קך": 0, "קנ": 0, "קץ": 0, "רז": 0, "שס": 33, "ת": 0, "כתובת קלפי": "ציון,7 ", "מקום קלפי": "בי\"ס רמב\"ם", "נגישה": " ", "נגישה מיוחדת": " ", "בוחרי כנסת בפועל": 613, "turnout_pct": 57.911908646003262, "אמת_pct": 2.5495750708215295, "אצ_pct": 1.1331444759206799, "ב_pct": 4.8158640226628888, "ג_pct": 2.8328611898017, "ד_pct": 0.0, "ום_pct": 0.28328611898016998, "ז_pct": 0.0, "זך_pct": 0.0, "זנ_pct": 0.0, "זץ_pct": 0.0, "ט_pct": 16.997167138810198, "י_pct": 0.28328611898016998, "יז_pct": 0.56657223796033995, "ינ_pct": 0.0, "יץ_pct": 0.0, "יק_pct": 0.0, "כן_pct": 12.747875354107649, "ך_pct": 0.0, "ל_pct": 4.8158640226628888, "מחל_pct": 21.246458923512748, "מרצ_pct": 2.8328611898017, "נז_pct": 0.28328611898016998, "ני_pct": 0.0, "נף_pct": 0.0, "נץ_pct": 0.28328611898016998, "נק_pct": 0.0, "נר_pct": 0.0, "עם_pct": 0.0, "פה_pct": 18.980169971671387, "ף_pct": 0.0, "צ_pct": 0.0, "ץ_pct": 0.0, "ק_pct": 0.0, "קי_pct": 0.0, "קך_pct": 0.0, "קנ_pct": 0.0, "קץ_pct": 0.0, "רז_pct": 0.0, "שס_pct": 9.3484419263456093, "ת_pct": 0.0, "lat": 32.7907245, "lon": 35.0159769, "neighborhood": "נוה שאנן" }, "geometry": { "type": "Point", "coordinates": [ 35.0159769, 32.7907245 ] } },
{ "type": "Feature", "properties": { "סמל ועדה": 7, "ברזל": 3140, "שם ישוב": "חיפה", "סמל ישוב": 4000, "קלפי": "355.6", "ריכוז": 44, "שופט": 0, "בזב": 613, "מצביעים": 377, "פסולים": 1, "כשרים": 376, "אמת": 9, "אצ": 2, "ב": 15, "ג": 13, "ד": 1, "ום": 1, "ז": 0, "זך": 0, "זנ": 0, "זץ": 0, "ט": 79, "י": 0, "יז": 4, "ינ": 0, "יץ": 0, "יק": 0, "כן": 31, "ך": 0, "ל": 33, "מחל": 73, "מרצ": 8, "נז": 0, "ני": 0, "נף": 0, "נץ": 0, "נק": 0, "נר": 0, "עם": 1, "פה": 78, "ף": 0, "צ": 0, "ץ": 0, "ק": 0, "קי": 1, "קך": 0, "קנ": 0, "קץ": 4, "רז": 0, "שס": 22, "ת": 1, "כתובת קלפי": "ציון,7 ", "מקום קלפי": "בי\"ס רמב\"ם", "נגישה": " ", "נגישה מיוחדת": " ", "בוחרי כנסת בפועל": 613, "turnout_pct": 61.500815660685163, "אמת_pct": 2.3936170212765959, "אצ_pct": 0.53191489361702127, "ב_pct": 3.9893617021276597, "ג_pct": 3.4574468085106385, "ד_pct": 0.26595744680851063, "ום_pct": 0.26595744680851063, "ז_pct": 0.0, "זך_pct": 0.0, "זנ_pct": 0.0, "זץ_pct": 0.0, "ט_pct": 21.01063829787234, "י_pct": 0.0, "יז_pct": 1.0638297872340425, "ינ_pct": 0.0, "יץ_pct": 0.0, "יק_pct": 0.0, "כן_pct": 8.2446808510638299, "ך_pct": 0.0, "ל_pct": 8.7765957446808507, "מחל_pct": 19.414893617021274, "מרצ_pct": 2.1276595744680851, "נז_pct": 0.0, "ני_pct": 0.0, "נף_pct": 0.0, "נץ_pct": 0.0, "נק_pct": 0.0, "נר_pct": 0.0, "עם_pct": 0.26595744680851063, "פה_pct": 20.74468085106383, "ף_pct": 0.0, "צ_pct": 0.0, "ץ_pct": 0.0, "ק_pct": 0.0, "קי_pct": 0.26595744680851063, "קך_pct": 0.0, "קנ_pct": 0.0, "קץ_pct": 1.0638297872340425, "רז_pct": 0.0, "שס_pct": 5.8510638297872344, "ת_pct": 0.26595744680851063, "lat": 32.7907245, "lon": 35.0159769, "neighborhood": "נוה שאנן" }, "geometry": { "type": "Point", "coordinates": [ 35.0159769, 32.7907245 ] } },
{ "type": "Feature", "properties": { "סמל ועדה": 7, "ברזל": 3141, "שם ישוב": "חיפה", "סמל ישוב": 4000, "קלפי": "355.7", "ריכוז": 44, "שופט": 0, "בזב": 613, "מצביעים": 407, "פסולים": 5, "כשרים": 402, "אמת": 15, "אצ": 1, "ב": 17, "ג": 6, "ד": 0, "ום": 0, "ז": 0, "זך": 0, "זנ": 0, "זץ": 0, "ט": 92, "י": 0, "יז": 0, "ינ": 0, "יץ": 0, "יק": 0, "כן": 29, "ך": 0, "ל": 30, "מחל": 89, "מרצ": 5, "נז": 0, "ני": 1, "נף": 0, "נץ": 0, "נק": 0, "נר": 0, "עם": 0, "פה": 82, "ף": 0, "צ": 0, "ץ": 0, "ק": 0, "קי": 0, "קך": 0, "קנ": 0, "קץ": 1, "רז": 0, "שס": 34, "ת": 0, "כתובת קלפי": "ציון,7 ", "מקום קלפי": "בי\"ס רמב\"ם", "נגישה": " ", "נגישה מיוחדת": " ", "בוחרי כנסת בפועל": 613, "turnout_pct": 66.394779771615006, "אמת_pct": 3.7313432835820892, "אצ_pct": 0.24875621890547264, "ב_pct": 4.2288557213930353, "ג_pct": 1.4925373134328357, "ד_pct": 0.0, "ום_pct": 0.0, "ז_pct": 0.0, "זך_pct": 0.0, "זנ_pct": 0.0, "זץ_pct": 0.0, "ט_pct": 22.885572139303484, "י_pct": 0.0, "יז_pct": 0.0, "ינ_pct": 0.0, "יץ_pct": 0.0, "יק_pct": 0.0, "כן_pct": 7.2139303482587067, "ך_pct": 0.0, "ל_pct": 7.4626865671641784, "מחל_pct": 22.139303482587064, "מרצ_pct": 1.2437810945273633, "נז_pct": 0.0, "ני_pct": 0.24875621890547264, "נף_pct": 0.0, "נץ_pct": 0.0, "נק_pct": 0.0, "נר_pct": 0.0, "עם_pct": 0.0, "פה_pct": 20.398009950248756, "ף_pct": 0.0, "צ_pct": 0.0, "ץ_pct": 0.0, "ק_pct": 0.0, "קי_pct": 0.0, "קך_pct": 0.0, "קנ_pct": 0.0, "קץ_pct": 0.24875621890547264, "רז_pct": 0.0, "שס_pct": 8.4577114427860707, "ת_pct": 0.0, "lat": 32.7907245, "lon": 35.0159769, "neighborhood": "נוה שאנן" }, "geometry": { "type": "Point", "coordinates": [ 35.0159769, 32.7907245 ] } },
{ "type": "Feature", "properties": { "סמל ועדה": 7, "ברזל": 3142, "שם ישוב": "חיפה", "סמל ישוב": 4000, "קלפי": "360.1", "ריכוז": 132, "שופט": 0, "בזב": 594, "מצביעים": 409, "פסולים": 0, "כשרים": 409, "אמת": 23, "אצ": 3, "ב": 0, "ג": 1, "ד": 0, "ום": 2, "ז": 0, "זך": 0, "זנ": 0, "זץ": 0, "ט": 18, "י": 0, "יז": 4, "ינ": 0, "יץ": 0, "יק": 0, "כן": 57, "ך": 0, "ל": 42, "מחל": 70, "מרצ": 18, "נז": 0, "ני": 1, "נף": 0, "נץ": 0, "נק": 0, "נר": 0, "עם": 1, "פה": 166, "ף": 0, "צ": 0, "ץ": 0, "ק": 0, "קי": 0, "קך": 0, "קנ": 0, "קץ": 2, "רז": 0, "שס": 1, "ת": 0, "כתובת קלפי": "לוין גוטל,22 ", "מקום קלפי": "גן ילדים אודם", "נגישה": " ", "נגישה מיוחדת": " ", "בוחרי כנסת בפועל": 594, "turnout_pct": 68.855218855218851, "אמת_pct": 5.6234718826405867, "אצ_pct": 0.73349633251833746, "ב_pct": 0.0, "ג_pct": 0.24449877750611246, "ד_pct": 0.0, "ום_pct": 0.48899755501222492, "ז_pct": 0.0, "זך_pct": 0.0, "זנ_pct": 0.0, "זץ_pct": 0.0, "ט_pct": 4.4009779951100247, "י_pct": 0.0, "יז_pct": 0.97799511002444983, "ינ_pct": 0.0, "יץ_pct": 0.0, "יק_pct": 0.0, "כן_pct": 13.93643031784841, "ך_pct": 0.0, "ל_pct": 10.268948655256724, "מחל_pct": 17.114914425427873, "מרצ_pct": 4.4009779951100247, "נז_pct": 0.0, "ני_pct": 0.24449877750611246, "נף_pct": 0.0, "נץ_pct": 0.0, "נק_pct": 0.0, "נר_pct": 0.0, "עם_pct": 0.24449877750611246, "פה_pct": 40.586797066014668, "ף_pct": 0.0, "צ_pct": 0.0, "ץ_pct": 0.0, "ק_pct": 0.0, "קי_pct": 0.0, "קך_pct": 0.0, "קנ_pct": 0.0, "קץ_pct": 0.48899755501222492, "רז_pct": 0.0, "שס_pct": 0.24449877750611246, "ת_pct": 0.0, "lat": 32.7847441, "lon": 35.0048597, "neighborhood": "רמת ספיר" }, "geometry": { "type": "Point", "coordinates": [ 35.0048597, 32.7847441 ] } },
{ "type": "Feature", "properties": { "סמל ועדה": 7, "ברזל": 3143, "שם ישוב": "חיפה", "סמל ישוב": 4000, "קלפי": "361", "ריכוז": 217, "שופט": 0, "בזב": 365, "מצביעים": 256, "פסולים": 2, "כשרים": 254, "אמת": 18, "אצ": 0, "ב": 0, "ג": 0, "ד": 2, "ום": 0, "ז": 0, "זך": 0, "זנ": 0, "זץ": 0, "ט": 12, "י": 0, "יז": 1, "ינ": 0, "יץ": 0, "יק": 0, "כן": 31, "ך": 0, "ל": 11, "מחל": 42, "מרצ": 9, "נז": 0, "ני": 0, "נף": 0, "נץ": 0, "נק": 0, "נר": 0, "עם": 0, "פה": 124, "ף": 0, "צ": 0, "ץ": 0, "ק": 0, "קי": 0, "קך": 0, "קנ": 0, "קץ": 0, "רז": 0, "שס": 4, "ת": 0, "כתובת קלפי": "לוין גוטל,22א", "מקום קלפי": "מרכז קהילתי רמת ספיר", "נגישה": "כ", "נגישה מיוחדת": "כ", "בוחרי כנסת בפועל": 365, "turnout_pct": 70.136986301369859, "אמת_pct": 7.0866141732283463, "אצ_pct": 0.0, "ב_pct": 0.0, "ג_pct": 0.0, "ד_pct": 0.78740157480314954, "ום_pct": 0.0, "ז_pct": 0.0, "זך_pct": 0.0, "זנ_pct": 0.0, "זץ_pct": 0.0, "ט_pct": 4.7244094488188972, "י_pct": 0.0, "יז_pct": 0.39370078740157477, "ינ_pct": 0.0, "יץ_pct": 0.0, "יק_pct": 0.0, "כן_pct": 12.204724409448819, "ך_pct": 0.0, "ל_pct": 4.3307086614173231, "מחל_pct": 16.535433070866144, "מרצ_pct": 3.5433070866141732, "נז_pct": 0.0, "ני_pct": 0.0, "נף_pct": 0.0, "נץ_pct": 0.0, "נק_pct": 0.0, "נר_pct": 0.0, "עם_pct": 0.0, "פה_pct": 48.818897637795274, "ף_pct": 0.0, "צ_pct": 0.0, "ץ_pct": 0.0, "ק_pct": 0.0, "קי_pct": 0.0, "קך_pct": 0.0, "קנ_pct": 0.0, "קץ_pct": 0.0, "רז_pct": 0.0, "שס_pct": 1.5748031496062991, "ת_pct": 0.0, "lat": 32.7876462, "lon": 35.004374, "neighborhood": "רמת ספיר" }, "geometry": { "type": "Point", "coordinates": [ 35.004374, 32.7876462 ] } },
{ "type": "Feature", "properties": { "סמל ועדה": 7, "ברזל": 3144, "שם ישוב": "חיפה", "סמל ישוב": 4000, "קלפי": "362", "ריכוז": 217, "שופט": 0, "בזב": 558, "מצביעים": 410, "פסולים": 2, "כשרים": 408, "אמת": 30, "אצ": 0, "ב": 3, "ג": 0, "ד": 0, "ום": 0, "ז": 0, "זך": 0, "זנ": 0, "זץ": 0, "ט": 15, "י": 1, "יז": 2, "ינ": 0, "יץ": 0, "יק": 0, "כן": 68, "ך": 0, "ל": 24, "מחל": 76, "מרצ": 16, "נז": 0, "ני": 0, "נף": 0, "נץ": 0, "נק": 1, "נר": 0, "עם": 0, "פה": 166, "ף": 0, "צ": 0, "ץ": 1, "ק": 0, "קי": 0, "קך": 0, "קנ": 0, "קץ": 0, "רז": 0, "שס": 5, "ת": 0, "כתובת קלפי": "לוין גוטל,22א", "מקום קלפי": "מרכז קהילתי רמת ספיר", "נגישה": " ", "נגישה מיוחדת": " ", "בוחרי כנסת בפועל": 558, "turnout_pct": 73.476702508960585, "אמת_pct": 7.3529411764705888, "אצ_pct": 0.0, "ב_pct": 0.73529411764705876, "ג_pct": 0.0, "ד_pct": 0.0, "ום_pct": 0.0, "ז_pct": 0.0, "זך_pct": 0.0, "זנ_pct": 0.0, "זץ_pct": 0.0, "ט_pct": 3.6764705882352944, "י_pct": 0.24509803921568626, "יז_pct": 0.49019607843137253, "ינ_pct": 0.0, "יץ_pct": 0.0, "יק_pct": 0.0, "כן_pct": 16.666666666666664, "ך_pct": 0.0, "ל_pct": 5.8823529411764701, "מחל_pct": 18.627450980392158, "מרצ_pct": 3.9215686274509802, "נז_pct": 0.0, "ני_pct": 0.0, "נף_pct": 0.0, "נץ_pct": 0.0, "נק_pct": 0.24509803921568626, "נר_pct": 0.0, "עם_pct": 0.0, "פה_pct": 40.686274509803923, "ף_pct": 0.0, "צ_pct": 0.0, "ץ_pct": 0.24509803921568626, "ק_pct": 0.0, "קי_pct": 0.0, "קך_pct": 0.0, "קנ_pct": 0.0, "קץ_pct": 0.0, "רז_pct": 0.0, "שס_pct": 1.2254901960784315, "ת_pct": 0.0, "lat": 32.7876462, "lon": 35.004374, "neighborhood": "רמת ספיר" }, "geometry": { "type": "Point", "coordinates": [ 35.004374, 32.7876462 ] } },
{ "type": "Feature", "properties": { "סמל ועדה": 7, "ברזל": 3145, "שם ישוב": "חיפה", "סמל ישוב": 4000, "קלפי": "392.1", "ריכוז": 56, "שופט": 0, "בזב": 633, "מצביעים": 420, "פסולים": 2, "כשרים": 418, "אמת": 13, "אצ": 5, "ב": 12, "ג": 60, "ד": 1, "ום": 1, "ז": 0, "זך": 0, "זנ": 0, "זץ": 0, "ט": 73, "י": 0, "יז": 2, "ינ": 0, "יץ": 0, "יק": 0, "כן": 40, "ך": 0, "ל": 11, "מחל": 72, "מרצ": 9, "נז": 0, "ני": 0, "נף": 0, "נץ": 0, "נק": 0, "נר": 0, "עם": 0, "פה": 71, "ף": 0, "צ": 0, "ץ": 0, "ק": 0, "קי": 0, "קך": 0, "קנ": 0, "קץ": 1, "רז": 1, "שס": 46, "ת": 0, "כתובת קלפי": "הגליל,107 ", "מקום קלפי": "בי\"ס תל חי", "נגישה": "כ", "נגישה מיוחדת": "כ", "בוחרי כנסת בפועל": 633, "turnout_pct": 66.350710900473928, "אמת_pct": 3.1100478468899522, "אצ_pct": 1.1961722488038278, "ב_pct": 2.8708133971291865, "ג_pct": 14.354066985645932, "ד_pct": 0.23923444976076555, "ום_pct": 0.23923444976076555, "ז_pct": 0.0, "זך_pct": 0.0, "זנ_pct": 0.0, "זץ_pct": 0.0, "ט_pct": 17.464114832535884, "י_pct": 0.0, "יז_pct": 0.4784688995215311, "ינ_pct": 0.0, "יץ_pct": 0.0, "יק_pct": 0.0, "כן_pct": 9.5693779904306222, "ך_pct": 0.0, "ל_pct": 2.6315789473684208, "מחל_pct": 17.224880382775119, "מרצ_pct": 2.1531100478468899, "נז_pct": 0.0, "ני_pct": 0.0, "נף_pct": 0.0, "נץ_pct": 0.0, "נק_pct": 0.0, "נר_pct": 0.0, "עם_pct": 0.0, "פה_pct": 16.985645933014354, "ף_pct": 0.0, "צ_pct": 0.0, "ץ_pct": 0.0, "ק_pct": 0.0, "קי_pct": 0.0, "קך_pct": 0.0, "קנ_pct": 0.0, "קץ_pct": 0.23923444976076555, "רז_pct": 0.23923444976076555, "שס_pct": 11.004784688995215, "ת_pct": 0.0, "lat": 32.7872973, "lon": 35.0214049, "neighborhood": "נוה שאנן" }, "geometry": { "type": "Point", "coordinates": [ 35.0214049, 32.7872973 ] } },
{ "type": "Feature", "properties": { "סמל ועדה": 7, "ברזל": 3146, "שם ישוב": "חיפה", "סמל ישוב": 4000, "קלפי": "392.2", "ריכוז": 56, "שופט": 0, "בזב": 633, "מצביעים": 430, "פסולים": 2, "כשרים": 428, "אמת": 24, "אצ": 1, "ב": 12, "ג": 84, "ד": 1, "ום": 2, "ז": 0, "זך": 0, "זנ": 0, "זץ": 0, "ט": 52, "י": 0, "יז": 0, "ינ": 0, "יץ": 0, "יק": 0, "כן": 35, "ך": 0, "ל": 16, "מחל": 72, "מרצ": 14, "נז": 0, "ני": 0, "נף": 0, "נץ": 0, "נק": 0, "נר": 0, "עם": 0, "פה": 79, "ף": 0, "צ": 0, "ץ": 0, "ק": 0, "קי": 0, "קך": 0, "קנ": 0, "קץ": 0, "רז": 0, "שס": 36, "ת": 0, "כתובת קלפי": "הגליל,107 ", "מקום קלפי": "בי\"ס תל חי", "נגישה": "כ", "נגישה מיוחדת": "כ", "בוחרי כנסת בפועל": 633, "turnout_pct": 67.930489731437589, "אמת_pct": 5.6074766355140184, "אצ_pct": 0.23364485981308408, "ב_pct": 2.8037383177570092, "ג_pct": 19.626168224299064, "ד_pct": 0.23364485981308408, "ום_pct": 0.46728971962616817, "ז_pct": 0.0, "זך_pct": 0.0, "זנ_pct": 0.0, "זץ_pct": 0.0, "ט_pct": 12.149532710280374, "י_pct": 0.0, "יז_pct": 0.0, "ינ_pct": 0.0, "יץ_pct": 0.0, "יק_pct": 0.0, "כן_pct": 8.1775700934579429, "ך_pct": 0.0, "ל_pct": 3.7383177570093453, "מחל_pct": 16.822429906542055, "מרצ_pct": 3.2710280373831773, "נז_pct": 0.0, "ני_pct": 0.0, "נף_pct": 0.0, "נץ_pct": 0.0, "נק_pct": 0.0, "נר_pct": 0.0, "עם_pct": 0.0, "פה_pct": 18.457943925233643, "ף_pct": 0.0, "צ_pct": 0.0, "ץ_pct": 0.0, "ק_pct": 0.0, "קי_pct": 0.0, "קך_pct": 0.0, "קנ_pct": 0.0, "קץ_pct": 0.0, "רז_pct": 0.0, "שס_pct": 8.4112149532710276, "ת_pct": 0.0, "lat": 32.7872973, "lon": 35.0214049, "neighborhood": "נוה שאנן" }, "geometry": { "type": "Point", "coordinates": [ 35.0214049, 32.7872973 ] } },
{ "type": "Feature", "properties": { "סמל ועדה": 7, "ברזל": 3147, "שם ישוב": "חיפה", "סמל ישוב": 4000, "קלפי": "392.3", "ריכוז": 56, "שופט": 0, "בזב": 633, "מצביעים": 410, "פסולים": 2, "כשרים": 408, "אמת": 18, "אצ": 0, "ב": 13, "ג": 56, "ד": 0, "ום": 2, "ז": 0, "זך": 0, "זנ": 0, "זץ": 0, "ט": 74, "י": 0, "יז": 2, "ינ": 0, "יץ": 0, "יק": 0, "כן": 37, "ך": 0, "ל": 15, "מחל": 65, "מרצ": 12, "נז": 0, "ני": 0, "נף": 0, "נץ": 0, "נק": 0, "נר": 0, "עם": 1, "פה": 82, "ף": 0, "צ": 0, "ץ": 0, "ק": 0, "קי": 0, "קך": 0, "קנ": 0, "קץ": 6, "רז": 0, "שס": 25, "ת": 0, "כתובת קלפי": "הגליל,107 ", "מקום קלפי": "בי\"ס תל חי", "נגישה": "כ", "נגישה מיוחדת": "כ", "בוחרי כנסת בפועל": 633, "turnout_pct": 64.770932069510266, "אמת_pct": 4.4117647058823533, "אצ_pct": 0.0, "ב_pct": 3.1862745098039214, "ג_pct": 13.725490196078432, "ד_pct": 0.0, "ום_pct": 0.49019607843137253, "ז_pct": 0.0, "זך_pct": 0.0, "זנ_pct": 0.0, "זץ_pct": 0.0, "ט_pct": 18.137254901960784, "י_pct": 0.0, "יז_pct": 0.49019607843137253, "ינ_pct": 0.0, "יץ_pct": 0.0, "יק_pct": 0.0, "כן_pct": 9.0686274509803919, "ך_pct": 0.0, "ל_pct": 3.6764705882352944, "מחל_pct": 15.931372549019606, "מרצ_pct": 2.9411764705882351, "נז_pct": 0.0, "ני_pct": 0.0, "נף_pct": 0.0, "נץ_pct": 0.0, "נק_pct": 0.0, "נר_pct": 0.0, "עם_pct": 0.24509803921568626, "פה_pct": 20.098039215686274, "ף_pct": 0.0, "צ_pct": 0.0, "ץ_pct": 0.0, "ק_pct": 0.0, "קי_pct": 0.0, "קך_pct": 0.0, "קנ_pct": 0.0, "קץ_pct": 1.4705882352941175, "רז_pct": 0.0, "שס_pct": 6.1274509803921564, "ת_pct": 0.0, "lat": 32.7872973, "lon": 35.0214049, "neighborhood": "נוה שאנן" }, "geometry": { "type": "Point", "coordinates": [ 35.0214049, 32.7872973 ] } },
{ "type": "Feature", "properties": { "סמל ועדה": 7, "ברזל": 3148, "שם ישוב": "חיפה", "סמל ישוב": 4000, "קלפי": "392.4", "ריכוז": 56, "שופט": 0, "בזב": 633, "מצביעים": 399, "פסולים": 0, "כשרים": 399, "אמת": 14, "אצ": 1, "ב": 19, "ג": 61, "ד": 0, "ום": 0, "ז": 0, "זך": 0, "זנ": 0, "זץ": 0, "ט": 74, "י": 0, "יז": 3, "ינ": 0, "יץ": 0, "יק": 0, "כן": 24, "ך": 0, "ל": 20, "מחל": 59, "מרצ": 11, "נז": 0, "ני": 0, "נף": 0, "נץ": 0, "נק": 0, "נר": 0, "עם": 0, "פה": 78, "ף": 0, "צ": 0, "ץ": 1, "ק": 0, "קי": 0, "קך": 0, "קנ": 0, "קץ": 2, "רז": 0, "שס": 32, "ת": 0, "כתובת קלפי": "הגליל,107 ", "מקום קלפי": "בי\"ס תל חי", "נגישה": "כ", "נגישה מיוחדת": "כ", "בוחרי כנסת בפועל": 633, "turnout_pct": 63.033175355450233, "אמת_pct": 3.5087719298245612, "אצ_pct": 0.25062656641604009, "ב_pct": 4.7619047619047619, "ג_pct": 15.288220551378446, "ד_pct": 0.0, "ום_pct": 0.0, "ז_pct": 0.0, "זך_pct": 0.0, "זנ_pct": 0.0, "זץ_pct": 0.0, "ט_pct": 18.546365914786968, "י_pct": 0.0, "יז_pct": 0.75187969924812026, "ינ_pct": 0.0, "יץ_pct": 0.0, "יק_pct": 0.0, "כן_pct": 6.0150375939849621, "ך_pct": 0.0, "ל_pct": 5.0125313283208017, "מחל_pct": 14.786967418546364, "מרצ_pct": 2.7568922305764412, "נז_pct": 0.0, "ני_pct": 0.0, "נף_pct": 0.0, "נץ_pct": 0.0, "נק_pct": 0.0, "נר_pct": 0.0, "עם_pct": 0.0, "פה_pct": 19.548872180451127, "ף_pct": 0.0, "צ_pct": 0.0, "ץ_pct": 0.25062656641604009, "ק_pct": 0.0, "קי_pct": 0.0, "קך_pct": 0.0, "קנ_pct": 0.0, "קץ_pct": 0.50125313283208017, "רז_pct": 0.0, "שס_pct": 8.0200501253132828, "ת_pct": 0.0, "lat": 32.7872973, "lon": 35.0214049, "neighborhood": "נוה שאנן" }, "geometry": { "type": "Point", "coordinates": [ 35.0214049, 32.7872973 ] } },
{ "type": "Feature", "properties": { "סמל ועדה": 7, "ברזל": 3149, "שם ישוב": "חיפה", "סמל ישוב": 4000, "קלפי": "392.5", "ריכוז": 56, "שופט": 0, "בזב": 633, "מצביעים": 375, "פסולים": 3, "כשרים": 372, "אמת": 21, "אצ": 1, "ב": 6, "ג": 55, "ד": 0, "ום": 0, "ז": 0, "זך": 0, "זנ": 0, "זץ": 0, "ט": 46, "י": 0, "יז": 0, "ינ": 0, "יץ": 0, "יק": 0, "כן": 35, "ך": 0, "ל": 21, "מחל": 54, "מרצ": 15, "נז": 0, "ני": 0, "נף": 0, "נץ": 0, "נק": 0, "נר": 0, "עם": 0, "פה": 93, "ף": 0, "צ": 0, "ץ": 0, "ק": 1, "קי": 0, "קך": 0, "קנ": 1, "קץ": 2, "רז": 0, "שס": 21, "ת": 0, "כתובת קלפי": "הגליל,107 ", "מקום קלפי": "בי\"ס תל חי", "נגישה": "כ", "נגישה מיוחדת": "כ", "בוחרי כנסת בפועל": 633, "turnout_pct": 59.241706161137444, "אמת_pct": 5.6451612903225801, "אצ_pct": 0.26881720430107531, "ב_pct": 1.6129032258064515, "ג_pct": 14.78494623655914, "ד_pct": 0.0, "ום_pct": 0.0, "ז_pct": 0.0, "זך_pct": 0.0, "זנ_pct": 0.0, "זץ_pct": 0.0, "ט_pct": 12.365591397849462, "י_pct": 0.0, "יז_pct": 0.0, "ינ_pct": 0.0, "יץ_pct": 0.0, "יק_pct": 0.0, "כן_pct": 9.408602150537634, "ך_pct": 0.0, "ל_pct": 5.6451612903225801, "מחל_pct": 14.516129032258066, "מרצ_pct": 4.032258064516129, "נז_pct": 0.0, "ני_pct": 0.0, "נף_pct": 0.0, "נץ_pct": 0.0, "נק_pct": 0.0, "נר_pct": 0.0, "עם_pct": 0.0, "פה_pct": 25.0, "ף_pct": 0.0, "צ_pct": 0.0, "ץ_pct": 0.0, "ק_pct": 0.26881720430107531, "קי_pct": 0.0, "קך_pct": 0.0, "קנ_pct": 0.26881720430107531, "קץ_pct": 0.53763440860215062, "רז_pct": 0.0, "שס_pct": 5.6451612903225801, "ת_pct": 0.0, "lat": 32.7872973, "lon": 35.0214049, "neighborhood": "נוה שאנן" }, "geometry": { "type": "Point", "coordinates": [ 35.0214049, 32.7872973 ] } },
{ "type": "Feature", "properties": { "סמל ועדה": 7, "ברזל": 3150, "שם ישוב": "חיפה", "סמל ישוב": 4000, "קלפי": "403", "ריכוז": 51, "שופט": 0, "בזב": 454, "מצביעים": 237, "פסולים": 2, "כשרים": 235, "אמת": 20, "אצ": 0, "ב": 3, "ג": 15, "ד": 1, "ום": 5, "ז": 0, "זך": 0, "זנ": 0, "זץ": 0, "ט": 20, "י": 0, "יז": 0, "ינ": 0, "יץ": 0, "יק": 0, "כן": 35, "ך": 0, "ל": 12, "מחל": 31, "מרצ": 19, "נז": 0, "ני": 0, "נף": 0, "נץ": 0, "נק": 0, "נר": 0, "עם": 0, "פה": 68, "ף": 0, "צ": 0, "ץ": 0, "ק": 0, "קי": 0, "קך": 0, "קנ": 0, "קץ": 0, "רז": 0, "שס": 6, "ת": 0, "כתובת קלפי": "גדליהו,22 ", "מקום קלפי": "בי\"ס תיכון עירוני ג", "נגישה": " ", "נגישה מיוחדת": " ", "בוחרי כנסת בפועל": 454, "turnout_pct": 52.202643171806159, "אמת_pct": 8.5106382978723403, "אצ_pct": 0.0, "ב_pct": 1.2765957446808509, "ג_pct": 6.3829787234042552, "ד_pct": 0.42553191489361702, "ום_pct": 2.1276595744680851, "ז_pct": 0.0, "זך_pct": 0.0, "זנ_pct": 0.0, "זץ_pct": 0.0, "ט_pct": 8.5106382978723403, "י_pct": 0.0, "יז_pct": 0.0, "ינ_pct": 0.0, "יץ_pct": 0.0, "יק_pct": 0.0, "כן_pct": 14.893617021276595, "ך_pct": 0.0, "ל_pct": 5.1063829787234036, "מחל_pct": 13.191489361702127, "מרצ_pct": 8.085106382978724, "נז_pct": 0.0, "ני_pct": 0.0, "נף_pct": 0.0, "נץ_pct": 0.0, "נק_pct": 0.0, "נר_pct": 0.0, "עם_pct": 0.0, "פה_pct": 28.936170212765955, "ף_pct": 0.0, "צ_pct": 0.0, "ץ_pct": 0.0, "ק_pct": 0.0, "קי_pct": 0.0, "קך_pct": 0.0, "קנ_pct": 0.0, "קץ_pct": 0.0, "רז_pct": 0.0, "שס_pct": 2.5531914893617018, "ת_pct": 0.0, "lat": 32.7840719, "lon": 35.0222587, "neighborhood": "נוה שאנן" }, "geometry": { "type": "Point", "coordinates": [ 35.0222587, 32.7840719 ] } },
{ "type": "Feature", "properties": { "סמל ועדה": 7, "ברזל": 3151, "שם ישוב": "חיפה", "סמל ישוב": 4000, "קלפי": "411", "ריכוז": 51, "שופט": 0, "בזב": 449, "מצביעים": 126, "פסולים": 1, "כשרים": 125, "אמת": 9, "אצ": 0, "ב": 0, "ג": 0, "ד": 0, "ום": 0, "ז": 0, "זך": 0, "זנ": 0, "זץ": 0, "ט": 10, "י": 0, "יז": 0, "ינ": 0, "יץ": 0, "יק": 0, "כן": 9, "ך": 0, "ל": 21, "מחל": 27, "מרצ": 4, "נז": 0, "ני": 0, "נף": 0, "נץ": 0, "נק": 0, "נר": 0, "עם": 1, "פה": 41, "ף": 0, "צ": 0, "ץ": 0, "ק": 0, "קי": 0, "קך": 1, "קנ": 0, "קץ": 1, "רז": 0, "שס": 1, "ת": 0, "כתובת קלפי": "גדליהו,22 ", "מקום קלפי": "בי\"ס תיכון עירוני ג", "נגישה": " ", "נגישה מיוחדת": " ", "בוחרי כנסת בפועל": 449, "turnout_pct": 28.06236080178174, "אמת_pct": 7.2, "אצ_pct": 0.0, "ב_pct": 0.0, "ג_pct": 0.0, "ד_pct": 0.0, "ום_pct": 0.0, "ז_pct": 0.0, "זך_pct": 0.0, "זנ_pct": 0.0, "זץ_pct": 0.0, "ט_pct": 8.0, "י_pct": 0.0, "יז_pct": 0.0, "ינ_pct": 0.0, "יץ_pct": 0.0, "יק_pct": 0.0, "כן_pct": 7.2, "ך_pct": 0.0, "ל_pct": 16.8, "מחל_pct": 21.6, "מרצ_pct": 3.2, "נז_pct": 0.0, "ני_pct": 0.0, "נף_pct": 0.0, "נץ_pct": 0.0, "נק_pct": 0.0, "נר_pct": 0.0, "עם_pct": 0.8, "פה_pct": 32.8, "ף_pct": 0.0, "צ_pct": 0.0, "ץ_pct": 0.0, "ק_pct": 0.0, "קי_pct": 0.0, "קך_pct": 0.8, "קנ_pct": 0.0, "קץ_pct": 0.8, "רז_pct": 0.0, "שס_pct": 0.8, "ת_pct": 0.0, "lat": 32.7840719, "lon": 35.0222587, "neighborhood": "נוה שאנן" }, "geometry": { "type": "Point", "coordinates": [ 35.0222587, 32.7840719 ] } },
{ "type": "Feature", "properties": { "סמל ועדה": 7, "ברזל": 3152, "שם ישוב": "חיפה", "סמל ישוב": 4000, "קלפי": "435", "ריכוז": 51, "שופט": 0, "בזב": 547, "מצביעים": 232, "פסולים": 4, "כשרים": 228, "אמת": 10, "אצ": 1, "ב": 1, "ג": 31, "ד": 0, "ום": 0, "ז": 0, "זך": 0, "זנ": 0, "זץ": 0, "ט": 24, "י": 0, "יז": 3, "ינ": 0, "יץ": 0, "יק": 0, "כן": 16, "ך": 0, "ל": 32, "מחל": 46, "מרצ": 5, "נז": 1, "ני": 0, "נף": 0, "נץ": 0, "נק": 0, "נר": 0, "עם": 0, "פה": 43, "ף": 0, "צ": 0, "ץ": 0, "ק": 0, "קי": 0, "קך": 0, "קנ": 0, "קץ": 1, "רז": 0, "שס": 13, "ת": 1, "כתובת קלפי": "גדליהו,22 ", "מקום קלפי": "בי\"ס תיכון עירוני ג", "נגישה": " ", "נגישה מיוחדת": " ", "בוחרי כנסת בפועל": 547, "turnout_pct": 42.413162705667276, "אמת_pct": 4.3859649122807012, "אצ_pct": 0.43859649122807015, "ב_pct": 0.43859649122807015, "ג_pct": 13.596491228070176, "ד_pct": 0.0, "ום_pct": 0.0, "ז_pct": 0.0, "זך_pct": 0.0, "זנ_pct": 0.0, "זץ_pct": 0.0, "ט_pct": 10.526315789473683, "י_pct": 0.0, "יז_pct": 1.3157894736842104, "ינ_pct": 0.0, "יץ_pct": 0.0, "יק_pct": 0.0, "כן_pct": 7.0175438596491224, "ך_pct": 0.0, "ל_pct": 14.035087719298245, "מחל_pct": 20.175438596491226, "מרצ_pct": 2.1929824561403506, "נז_pct": 0.43859649122807015, "ני_pct": 0.0, "נף_pct": 0.0, "נץ_pct": 0.0, "נק_pct": 0.0, "נר_pct": 0.0, "עם_pct": 0.0, "פה_pct": 18.859649122807017, "ף_pct": 0.0, "צ_pct": 0.0, "ץ_pct": 0.0, "ק_pct": 0.0, "קי_pct": 0.0, "קך_pct": 0.0, "קנ_pct": 0.0, "קץ_pct": 0.43859649122807015, "רז_pct": 0.0, "שס_pct": 5.7017543859649118, "ת_pct": 0.43859649122807015, "lat": 32.7840719, "lon": 35.0222587, "neighborhood": "נוה שאנן" }, "geometry": { "type": "Point", "coordinates": [ 35.0222587, 32.7840719 ] } },
{ "type": "Feature", "properties": { "סמל ועדה": 7, "ברזל": 3153, "שם ישוב": "חיפה", "סמל ישוב": 4000, "קלפי": "460", "ריכוז": 217, "שופט": 0, "בזב": 494, "מצביעים": 343, "פסולים": 3, "כשרים": 340, "אמת": 37, "אצ": 0, "ב": 3, "ג": 1, "ד": 0, "ום": 0, "ז": 0, "זך": 0, "זנ": 0, "זץ": 0, "ט": 14, "י": 0, "יז": 0, "ינ": 0, "יץ": 0, "יק": 0, "כן": 57, "ך": 0, "ל": 16, "מחל": 53, "מרצ": 14, "נז": 0, "ני": 0, "נף": 0, "נץ": 0, "נק": 0, "נר": 0, "עם": 0, "פה": 134, "ף": 2, "צ": 0, "ץ": 0, "ק": 0, "קי": 0, "קך": 0, "קנ": 1, "קץ": 4, "רז": 0, "שס": 4, "ת": 0, "כתובת קלפי": "לוין גוטל,22א", "מקום קלפי": "מרכז קהילתי רמת ספיר", "נגישה": "כ", "נגישה מיוחדת": " ", "בוחרי כנסת בפועל": 494, "turnout_pct": 69.433198380566793, "אמת_pct": 10.882352941176471, "אצ_pct": 0.0, "ב_pct": 0.88235294117647056, "ג_pct": 0.29411764705882354, "ד_pct": 0.0, "ום_pct": 0.0, "ז_pct": 0.0, "זך_pct": 0.0, "זנ_pct": 0.0, "זץ_pct": 0.0, "ט_pct": 4.117647058823529, "י_pct": 0.0, "יז_pct": 0.0, "ינ_pct": 0.0, "יץ_pct": 0.0, "יק_pct": 0.0, "כן_pct": 16.764705882352938, "ך_pct": 0.0, "ל_pct": 4.7058823529411766, "מחל_pct": 15.588235294117647, "מרצ_pct": 4.117647058823529, "נז_pct": 0.0, "ני_pct": 0.0, "נף_pct": 0.0, "נץ_pct": 0.0, "נק_pct": 0.0, "נר_pct": 0.0, "עם_pct": 0.0, "פה_pct": 39.411764705882355, "ף_pct": 0.58823529411764708, "צ_pct": 0.0, "ץ_pct": 0.0, "ק_pct": 0.0, "קי_pct": 0.0, "קך_pct": 0.0, "קנ_pct": 0.29411764705882354, "קץ_pct": 1.1764705882352942, "רז_pct": 0.0, "שס_pct": 1.1764705882352942, "ת_pct": 0.0, "lat": 32.7876462, "lon": 35.004374, "neighborhood": "רמת ספיר" }, "geometry": { "type": "Point", "coordinates": [ 35.004374, 32.7876462 ] } },
{ "type": "Feature", "properties": { "סמל ועדה": 7, "ברזל": 3154, "שם ישוב": "חיפה", "סמל ישוב": 4000, "קלפי": "958", "ריכוז": 51, "שופט": 0, "בזב": 589, "מצביעים": 221, "פסולים": 0, "כשרים": 221, "אמת": 24, "אצ": 5, "ב": 16, "ג": 2, "ד": 3, "ום": 1, "ז": 0, "זך": 0, "זנ": 0, "זץ": 0, "ט": 44, "י": 1, "יז": 3, "ינ": 0, "יץ": 0, "יק": 0, "כן": 20, "ך": 0, "ל": 17, "מחל": 23, "מרצ": 9, "נז": 0, "ני": 0, "נף": 0, "נץ": 0, "נק": 0, "נר": 0, "עם": 0, "פה": 48, "ף": 0, "צ": 1, "ץ": 0, "ק": 0, "קי": 0, "קך": 0, "קנ": 0, "קץ": 0, "רז": 0, "שס": 4, "ת": 0, "כתובת קלפי": "גדליהו,22 ", "מקום קלפי": "בי\"ס תיכון עירוני ג", "נגישה": " ", "נגישה מיוחדת": " ", "בוחרי כנסת בפועל": 589, "turnout_pct": 37.521222410865875, "אמת_pct": 10.859728506787331, "אצ_pct": 2.2624434389140271, "ב_pct": 7.2398190045248878, "ג_pct": 0.90497737556561098, "ד_pct": 1.3574660633484164, "ום_pct": 0.45248868778280549, "ז_pct": 0.0, "זך_pct": 0.0, "זנ_pct": 0.0, "זץ_pct": 0.0, "ט_pct": 19.909502262443439, "י_pct": 0.45248868778280549, "יז_pct": 1.3574660633484164, "ינ_pct": 0.0, "יץ_pct": 0.0, "יק_pct": 0.0, "כן_pct": 9.0497737556561084, "ך_pct": 0.0, "ל_pct": 7.6923076923076925, "מחל_pct": 10.407239819004525, "מרצ_pct": 4.0723981900452486, "נז_pct": 0.0, "ני_pct": 0.0, "נף_pct": 0.0, "נץ_pct": 0.0, "נק_pct": 0.0, "נר_pct": 0.0, "עם_pct": 0.0, "פה_pct": 21.719457013574662, "ף_pct": 0.0, "צ_pct": 0.45248868778280549, "ץ_pct": 0.0, "ק_pct": 0.0, "קי_pct": 0.0, "קך_pct": 0.0, "קנ_pct": 0.0, "קץ_pct": 0.0, "רז_pct": 0.0, "שס_pct": 1.809954751131222, "ת_pct": 0.0, "lat": 32.7840719, "lon": 35.0222587, "neighborhood": "נוה שאנן" }, "geometry": { "type": "Point", "coordinates": [ 35.0222587, 32.7840719 ] } },
{ "type": "Feature", "properties": { "סמל ועדה": 7, "ברזל": 3155, "שם ישוב": "חיפה", "סמל ישוב": 4000, "קלפי": "963", "ריכוז": 51, "שופט": 0, "בזב": 578, "מצביעים": 359, "פסולים": 2, "כשרים": 357, "אמת": 9, "אצ": 2, "ב": 1, "ג": 0, "ד": 1, "ום": 1, "ז": 0, "זך": 0, "זנ": 0, "זץ": 0, "ט": 26, "י": 0, "יז": 1, "ינ": 0, "יץ": 0, "יק": 0, "כן": 55, "ך": 0, "ל": 23, "מחל": 138, "מרצ": 4, "נז": 0, "ני": 0, "נף": 0, "נץ": 0, "נק": 0, "נר": 0, "עם": 0, "פה": 89, "ף": 0, "צ": 0, "ץ": 0, "ק": 0, "קי": 0, "קך": 0, "קנ": 0, "קץ": 1, "רז": 0, "שס": 6, "ת": 0, "כתובת קלפי": "גדליהו,22 ", "מקום קלפי": "בי\"ס תיכון עירוני ג", "נגישה": " ", "נגישה מיוחדת": " ", "בוחרי כנסת בפועל": 578, "turnout_pct": 62.110726643598611, "אמת_pct": 2.5210084033613445, "אצ_pct": 0.56022408963585435, "ב_pct": 0.28011204481792717, "ג_pct": 0.0, "ד_pct": 0.28011204481792717, "ום_pct": 0.28011204481792717, "ז_pct": 0.0, "זך_pct": 0.0, "זנ_pct": 0.0, "זץ_pct": 0.0, "ט_pct": 7.2829131652661072, "י_pct": 0.0, "יז_pct": 0.28011204481792717, "ינ_pct": 0.0, "יץ_pct": 0.0, "יק_pct": 0.0, "כן_pct": 15.406162464985995, "ך_pct": 0.0, "ל_pct": 6.4425770308123242, "מחל_pct": 38.655462184873954, "מרצ_pct": 1.1204481792717087, "נז_pct": 0.0, "ני_pct": 0.0, "נף_pct": 0.0, "נץ_pct": 0.0, "נק_pct": 0.0, "נר_pct": 0.0, "עם_pct": 0.0, "פה_pct": 24.929971988795518, "ף_pct": 0.0, "צ_pct": 0.0, "ץ_pct": 0.0, "ק_pct": 0.0, "קי_pct": 0.0, "קך_pct": 0.0, "קנ_pct": 0.0, "קץ_pct": 0.28011204481792717, "רז_pct": 0.0, "שס_pct": 1.680672268907563, "ת_pct": 0.0, "lat": 32.7840719, "lon": 35.0222587, "neighborhood": "נוה שאנן" }, "geometry": { "type": "Point", "coordinates": [ 35.0222587, 32.7840719 ] } },
{ "type": "Feature", "properties": { "סמל ועדה": 7, "ברזל": 3156, "שם ישוב": "חיפה", "סמל ישוב": 4000, "קלפי": "346.1", "ריכוז": 29, "שופט": 0, "בזב": 645, "מצביעים": 358, "פסולים": 3, "כשרים": 355, "אמת": 18, "אצ": 2, "ב": 7, "ג": 0, "ד": 0, "ום": 0, "ז": 0, "זך": 0, "זנ": 0, "זץ": 0, "ט": 26, "י": 0, "יז": 0, "ינ": 0, "יץ": 0, "יק": 0, "כן": 34, "ך": 0, "ל": 42, "מחל": 113, "מרצ": 9, "נז": 0, "ני": 0, "נף": 0, "נץ": 0, "נק": 0, "נר": 0, "עם": 0, "פה": 90, "ף": 0, "צ": 0, "ץ": 0, "ק": 0, "קי": 0, "קך": 0, "קנ": 2, "קץ": 0, "רז": 0, "שס": 10, "ת": 2, "כתובת קלפי": "צ'רניאבסקי אהרון,20 ", "מקום קלפי": "בי\"ס יזרעאליה", "נגישה": " ", "נגישה מיוחדת": " ", "בוחרי כנסת בפועל": 645, "turnout_pct": 55.503875968992247, "אמת_pct": 5.070422535211268, "אצ_pct": 0.56338028169014087, "ב_pct": 1.971830985915493, "ג_pct": 0.0, "ד_pct": 0.0, "ום_pct": 0.0, "ז_pct": 0.0, "זך_pct": 0.0, "זנ_pct": 0.0, "זץ_pct": 0.0, "ט_pct": 7.323943661971831, "י_pct": 0.0, "יז_pct": 0.0, "ינ_pct": 0.0, "יץ_pct": 0.0, "יק_pct": 0.0, "כן_pct": 9.577464788732394, "ך_pct": 0.0, "ל_pct": 11.830985915492958, "מחל_pct": 31.83098591549296, "מרצ_pct": 2.535211267605634, "נז_pct": 0.0, "ני_pct": 0.0, "נף_pct": 0.0, "נץ_pct": 0.0, "נק_pct": 0.0, "נר_pct": 0.0, "עם_pct": 0.0, "פה_pct": 25.352112676056336, "ף_pct": 0.0, "צ_pct": 0.0, "ץ_pct": 0.0, "ק_pct": 0.0, "קי_pct": 0.0, "קך_pct": 0.0, "קנ_pct": 0.56338028169014087, "קץ_pct": 0.0, "רז_pct": 0.0, "שס_pct": 2.8169014084507045, "ת_pct": 0.56338028169014087, "lat": 32.7902089, "lon": 35.0129284, "neighborhood": "יזרעאליה" }, "geometry": { "type": "Point", "coordinates": [ 35.0129284, 32.7902089 ] } },
{ "type": "Feature", "properties": { "סמל ועדה": 7, "ברזל": 3157, "שם ישוב": "חיפה", "סמל ישוב": 4000, "קלפי": "346.2", "ריכוז": 29, "שופט": 0, "בזב": 645, "מצביעים": 324, "פסולים": 0, "כשרים": 324, "אמת": 15, "אצ": 1, "ב": 7, "ג": 3, "ד": 0, "ום": 4, "ז": 0, "זך": 0, "זנ": 0, "זץ": 0, "ט": 21, "י": 1, "יז": 1, "ינ": 0, "יץ": 0, "יק": 0, "כן": 42, "ך": 0, "ל": 41, "מחל": 64, "מרצ": 12, "נז": 0, "ני": 1, "נף": 0, "נץ": 0, "נק": 0, "נר": 0, "עם": 0, "פה": 103, "ף": 0, "צ": 0, "ץ": 0, "ק": 0, "קי": 0, "קך": 0, "קנ": 0, "קץ": 5, "רז": 0, "שס": 3, "ת": 0, "כתובת קלפי": "צ'רניאבסקי אהרון,20 ", "מקום קלפי": "בי\"ס יזרעאליה", "נגישה": " ", "נגישה מיוחדת": " ", "בוחרי כנסת בפועל": 645, "turnout_pct": 50.232558139534888, "אמת_pct": 4.6296296296296298, "אצ_pct": 0.30864197530864196, "ב_pct": 2.1604938271604937, "ג_pct": 0.92592592592592582, "ד_pct": 0.0, "ום_pct": 1.2345679012345678, "ז_pct": 0.0, "זך_pct": 0.0, "זנ_pct": 0.0, "זץ_pct": 0.0, "ט_pct": 6.481481481481481, "י_pct": 0.30864197530864196, "יז_pct": 0.30864197530864196, "ינ_pct": 0.0, "יץ_pct": 0.0, "יק_pct": 0.0, "כן_pct": 12.962962962962962, "ך_pct": 0.0, "ל_pct": 12.654320987654321, "מחל_pct": 19.753086419753085, "מרצ_pct": 3.7037037037037033, "נז_pct": 0.0, "ני_pct": 0.30864197530864196, "נף_pct": 0.0, "נץ_pct": 0.0, "נק_pct": 0.0, "נר_pct": 0.0, "עם_pct": 0.0, "פה_pct": 31.790123456790127, "ף_pct": 0.0, "צ_pct": 0.0, "ץ_pct": 0.0, "ק_pct": 0.0, "קי_pct": 0.0, "קך_pct": 0.0, "קנ_pct": 0.0, "קץ_pct": 1.5432098765432098, "רז_pct": 0.0, "שס_pct": 0.92592592592592582, "ת_pct": 0.0, "lat": 32.7902089, "lon": 35.0129284, "neighborhood": "יזרעאליה" }, "geometry": { "type": "Point", "coordinates": [ 35.0129284, 32.7902089 ] } },
{ "type": "Feature", "properties": { "סמל ועדה": 7, "ברזל": 3158, "שם ישוב": "חיפה", "סמל ישוב": 4000, "קלפי": "346.3", "ריכוז": 29, "שופט": 0, "בזב": 645, "מצביעים": 338, "פסולים": 1, "כשרים": 337, "אמת": 13, "אצ": 0, "ב": 3, "ג": 1, "ד": 0, "ום": 0, "ז": 0, "זך": 0, "זנ": 0, "זץ": 0, "ט": 28, "י": 0, "יז": 1, "ינ": 0, "יץ": 0, "יק": 0, "כן": 36, "ך": 0, "ל": 62, "מחל": 68, "מרצ": 6, "נז": 0, "ני": 0, "נף": 0, "נץ": 0, "נק": 0, "נר": 0, "עם": 0, "פה": 104, "ף": 0, "צ": 2, "ץ": 0, "ק": 0, "קי": 0, "קך": 0, "קנ": 0, "קץ": 1, "רז": 1, "שס": 11, "ת": 0, "כתובת קלפי": "צ'רניאבסקי אהרון,20 ", "מקום קלפי": "בי\"ס יזרעאליה", "נגישה": " ", "נגישה מיוחדת": " ", "בוחרי כנסת בפועל": 645, "turnout_pct": 52.403100775193799, "אמת_pct": 3.857566765578635, "אצ_pct": 0.0, "ב_pct": 0.89020771513353114, "ג_pct": 0.29673590504451042, "ד_pct": 0.0, "ום_pct": 0.0, "ז_pct": 0.0, "זך_pct": 0.0, "זנ_pct": 0.0, "זץ_pct": 0.0, "ט_pct": 8.3086053412462899, "י_pct": 0.0, "יז_pct": 0.29673590504451042, "ינ_pct": 0.0, "יץ_pct": 0.0, "יק_pct": 0.0, "כן_pct": 10.682492581602373, "ך_pct": 0.0, "ל_pct": 18.397626112759642, "מחל_pct": 20.178041543026705, "מרצ_pct": 1.7804154302670623, "נז_pct": 0.0, "ני_pct": 0.0, "נף_pct": 0.0, "נץ_pct": 0.0, "נק_pct": 0.0, "נר_pct": 0.0, "עם_pct": 0.0, "פה_pct": 30.86053412462908, "ף_pct": 0.0, "צ_pct": 0.59347181008902083, "ץ_pct": 0.0, "ק_pct": 0.0, "קי_pct": 0.0, "קך_pct": 0.0, "קנ_pct": 0.0, "קץ_pct": 0.29673590504451042, "רז_pct": 0.29673590504451042, "שס_pct": 3.2640949554896146, "ת_pct": 0.0, "lat": 32.7902089, "lon": 35.0129284, "neighborhood": "יזרעאליה" }, "geometry": { "type": "Point", "coordinates": [ 35.0129284, 32.7902089 ] } },
{ "type": "Feature", "properties": { "סמל ועדה": 7, "ברזל": 3159, "שם ישוב": "חיפה", "סמל ישוב": 4000, "קלפי": "346.4", "ריכוז": 29, "שופט": 0, "בזב": 645, "מצביעים": 340, "פסולים": 4, "כשרים": 336, "אמת": 9, "אצ": 1, "ב": 3, "ג": 1, "ד": 2, "ום": 0, "ז": 0, "זך": 0, "זנ": 0, "זץ": 0, "ט": 16, "י": 0, "יז": 2, "ינ": 0, "יץ": 0, "יק": 0, "כן": 32, "ך": 0, "ל": 72, "מחל": 72, "מרצ": 7, "נז": 0, "ני": 0, "נף": 0, "נץ": 0, "נק": 0, "נר": 1, "עם": 0, "פה": 108, "ף": 1, "צ": 1, "ץ": 0, "ק": 0, "קי": 0, "קך": 0, "קנ": 1, "קץ": 3, "רז": 0, "שס": 4, "ת": 0, "כתובת קלפי": "צ'רניאבסקי אהרון,20 ", "מקום קלפי": "בי\"ס יזרעאליה", "נגישה": " ", "נגישה מיוחדת": " ", "בוחרי כנסת בפועל": 645, "turnout_pct": 52.713178294573652, "אמת_pct": 2.6785714285714284, "אצ_pct": 0.29761904761904762, "ב_pct": 0.89285714285714279, "ג_pct": 0.29761904761904762, "ד_pct": 0.59523809523809523, "ום_pct": 0.0, "ז_pct": 0.0, "זך_pct": 0.0, "זנ_pct": 0.0, "זץ_pct": 0.0, "ט_pct": 4.7619047619047619, "י_pct": 0.0, "יז_pct": 0.59523809523809523, "ינ_pct": 0.0, "יץ_pct": 0.0, "יק_pct": 0.0, "כן_pct": 9.5238095238095237, "ך_pct": 0.0, "ל_pct": 21.428571428571427, "מחל_pct": 21.428571428571427, "מרצ_pct": 2.083333333333333, "נז_pct": 0.0, "ני_pct": 0.0, "נף_pct": 0.0, "נץ_pct": 0.0, "נק_pct": 0.0, "נר_pct": 0.29761904761904762, "עם_pct": 0.0, "פה_pct": 32.142857142857146, "ף_pct": 0.29761904761904762, "צ_pct": 0.29761904761904762, "ץ_pct": 0.0, "ק_pct": 0.0, "קי_pct": 0.0, "קך_pct": 0.0, "קנ_pct": 0.29761904761904762, "קץ_pct": 0.89285714285714279, "רז_pct": 0.0, "שס_pct": 1.1904761904761905, "ת_pct": 0.0, "lat": 32.7902089, "lon": 35.0129284, "neighborhood": "יזרעאליה" }, "geometry": { "type": "Point", "coordinates": [ 35.0129284, 32.7902089 ] } },
{ "type": "Feature", "properties": { "סמל ועדה": 7, "ברזל": 3160, "שם ישוב": "חיפה", "סמל ישוב": 4000, "קלפי": "346.5", "ריכוז": 29, "שופט": 0, "בזב": 642, "מצביעים": 357, "פסולים": 1, "כשרים": 356, "אמת": 16, "אצ": 2, "ב": 7, "ג": 2, "ד": 2, "ום": 0, "ז": 0, "זך": 0, "זנ": 0, "זץ": 0, "ט": 27, "י": 0, "יז": 3, "ינ": 0, "יץ": 1, "יק": 0, "כן": 34, "ך": 0, "ל": 52, "מחל": 72, "מרצ": 6, "נז": 0, "ני": 0, "נף": 0, "נץ": 0, "נק": 0, "נר": 0, "עם": 0, "פה": 125, "ף": 0, "צ": 0, "ץ": 0, "ק": 0, "קי": 0, "קך": 0, "קנ": 1, "קץ": 0, "רז": 0, "שס": 6, "ת": 0, "כתובת קלפי": "צ'רניאבסקי אהרון,20 ", "מקום קלפי": "בי\"ס יזרעאליה", "נגישה": " ", "נגישה מיוחדת": " ", "בוחרי כנסת בפועל": 642, "turnout_pct": 55.607476635514018, "אמת_pct": 4.4943820224719104, "אצ_pct": 0.5617977528089888, "ב_pct": 1.9662921348314606, "ג_pct": 0.5617977528089888, "ד_pct": 0.5617977528089888, "ום_pct": 0.0, "ז_pct": 0.0, "זך_pct": 0.0, "זנ_pct": 0.0, "זץ_pct": 0.0, "ט_pct": 7.5842696629213489, "י_pct": 0.0, "יז_pct": 0.84269662921348309, "ינ_pct": 0.0, "יץ_pct": 0.2808988764044944, "יק_pct": 0.0, "כן_pct": 9.5505617977528079, "ך_pct": 0.0, "ל_pct": 14.606741573033707, "מחל_pct": 20.224719101123593, "מרצ_pct": 1.6853932584269662, "נז_pct": 0.0, "ני_pct": 0.0, "נף_pct": 0.0, "נץ_pct": 0.0, "נק_pct": 0.0, "נר_pct": 0.0, "עם_pct": 0.0, "פה_pct": 35.112359550561798, "ף_pct": 0.0, "צ_pct": 0.0, "ץ_pct": 0.0, "ק_pct": 0.0, "קי_pct": 0.0, "קך_pct": 0.0, "קנ_pct": 0.2808988764044944, "קץ_pct": 0.0, "רז_pct": 0.0, "שס_pct": 1.6853932584269662, "ת_pct": 0.0, "lat": 32.7902089, "lon": 35.0129284, "neighborhood": "יזרעאליה" }, "geometry": { "type": "Point", "coordinates": [ 35.0129284, 32.7902089 ] } },
{ "type": "Feature", "properties": { "סמל ועדה": 7, "ברזל": 3161, "שם ישוב": "חיפה", "סמל ישוב": 4000, "קלפי": "351.1", "ריכוז": 53, "שופט": 0, "בזב": 601, "מצביעים": 260, "פסולים": 2, "כשרים": 258, "אמת": 1, "אצ": 3, "ב": 2, "ג": 0, "ד": 4, "ום": 15, "ז": 0, "זך": 0, "זנ": 0, "זץ": 0, "ט": 23, "י": 0, "יז": 1, "ינ": 0, "יץ": 0, "יק": 0, "כן": 11, "ך": 0, "ל": 42, "מחל": 93, "מרצ": 4, "נז": 0, "ני": 0, "נף": 0, "נץ": 0, "נק": 0, "נר": 0, "עם": 1, "פה": 38, "ף": 0, "צ": 0, "ץ": 0, "ק": 0, "קי": 0, "קך": 0, "קנ": 0, "קץ": 2, "רז": 0, "שס": 18, "ת": 0, "כתובת קלפי": "דרך יד לבנים,97 ", "מקום קלפי": "בי\"ס תיכון עירוני ו", "נגישה": " ", "נגישה מיוחדת": " ", "בוחרי כנסת בפועל": 601, "turnout_pct": 43.261231281198, "אמת_pct": 0.38759689922480622, "אצ_pct": 1.1627906976744187, "ב_pct": 0.77519379844961245, "ג_pct": 0.0, "ד_pct": 1.5503875968992249, "ום_pct": 5.8139534883720927, "ז_pct": 0.0, "זך_pct": 0.0, "זנ_pct": 0.0, "זץ_pct": 0.0, "ט_pct": 8.9147286821705425, "י_pct": 0.0, "יז_pct": 0.38759689922480622, "ינ_pct": 0.0, "יץ_pct": 0.0, "יק_pct": 0.0, "כן_pct": 4.2635658914728678, "ך_pct": 0.0, "ל_pct": 16.279069767441861, "מחל_pct": 36.046511627906973, "מרצ_pct": 1.5503875968992249, "נז_pct": 0.0, "ני_pct": 0.0, "נף_pct": 0.0, "נץ_pct": 0.0, "נק_pct": 0.0, "נר_pct": 0.0, "עם_pct": 0.38759689922480622, "פה_pct": 14.728682170542637, "ף_pct": 0.0, "צ_pct": 0.0, "ץ_pct": 0.0, "ק_pct": 0.0, "קי_pct": 0.0, "קך_pct": 0.0, "קנ_pct": 0.0, "קץ_pct": 0.77519379844961245, "רז_pct": 0.0, "שס_pct": 6.9767441860465116, "ת_pct": 0.0, "lat": 32.7904718, "lon": 35.0265418, "neighborhood": "נוה פז" }, "geometry": { "type": "Point", "coordinates": [ 35.0265418, 32.7904718 ] } },
{ "type": "Feature", "properties": { "סמל ועדה": 7, "ברזל": 3162, "שם ישוב": "חיפה", "סמל ישוב": 4000, "קלפי": "351.2", "ריכוז": 53, "שופט": 0, "בזב": 601, "מצביעים": 259, "פסולים": 5, "כשרים": 254, "אמת": 7, "אצ": 1, "ב": 1, "ג": 1, "ד": 4, "ום": 2, "ז": 0, "זך": 0, "זנ": 0, "זץ": 0, "ט": 20, "י": 0, "יז": 2, "ינ": 0, "יץ": 0, "יק": 0, "כן": 11, "ך": 0, "ל": 46, "מחל": 73, "מרצ": 7, "נז": 0, "ני": 0, "נף": 0, "נץ": 0, "נק": 0, "נר": 0, "עם": 4, "פה": 58, "ף": 2, "צ": 1, "ץ": 0, "ק": 0, "קי": 1, "קך": 0, "קנ": 0, "קץ": 1, "רז": 0, "שס": 11, "ת": 1, "כתובת קלפי": "דרך יד לבנים,97 ", "מקום קלפי": "בי\"ס תיכון עירוני ו", "נגישה": " ", "נגישה מיוחדת": " ", "בוחרי כנסת בפועל": 601, "turnout_pct": 43.094841930116473, "אמת_pct": 2.7559055118110236, "אצ_pct": 0.39370078740157477, "ב_pct": 0.39370078740157477, "ג_pct": 0.39370078740157477, "ד_pct": 1.5748031496062991, "ום_pct": 0.78740157480314954, "ז_pct": 0.0, "זך_pct": 0.0, "זנ_pct": 0.0, "זץ_pct": 0.0, "ט_pct": 7.8740157480314963, "י_pct": 0.0, "יז_pct": 0.78740157480314954, "ינ_pct": 0.0, "יץ_pct": 0.0, "יק_pct": 0.0, "כן_pct": 4.3307086614173231, "ך_pct": 0.0, "ל_pct": 18.110236220472441, "מחל_pct": 28.740157480314959, "מרצ_pct": 2.7559055118110236, "נז_pct": 0.0, "ני_pct": 0.0, "נף_pct": 0.0, "נץ_pct": 0.0, "נק_pct": 0.0, "נר_pct": 0.0, "עם_pct": 1.5748031496062991, "פה_pct": 22.834645669291341, "ף_pct": 0.78740157480314954, "צ_pct": 0.39370078740157477, "ץ_pct": 0.0, "ק_pct": 0.0, "קי_pct": 0.39370078740157477, "קך_pct": 0.0, "קנ_pct": 0.0, "קץ_pct": 0.39370078740157477, "רז_pct": 0.0, "שס_pct": 4.3307086614173231, "ת_pct": 0.39370078740157477, "lat": 32.7904718, "lon": 35.0265418, "neighborhood": "נוה פז" }, "geometry": { "type": "Point", "coordinates": [ 35.0265418, 32.7904718 ] } },
{ "type": "Feature", "properties": { "סמל ועדה": 7, "ברזל": 3163, "שם ישוב": "חיפה", "סמל ישוב": 4000, "קלפי": "351.3", "ריכוז": 53, "שופט": 0, "בזב": 601, "מצביעים": 285, "פסולים": 5, "כשרים": 280, "אמת": 7, "אצ": 1, "ב": 0, "ג": 4, "ד": 4, "ום": 5, "ז": 0, "זך": 1, "זנ": 0, "זץ": 0, "ט": 18, "י": 0, "יז": 3, "ינ": 0, "יץ": 0, "יק": 1, "כן": 19, "ך": 0, "ל": 57, "מחל": 90, "מרצ": 4, "נז": 1, "ני": 0, "נף": 2, "נץ": 0, "נק": 0, "נר": 0, "עם": 2, "פה": 51, "ף": 0, "צ": 2, "ץ": 0, "ק": 0, "קי": 0, "קך": 0, "קנ": 0, "קץ": 1, "רז": 0, "שס": 7, "ת": 0, "כתובת קלפי": "דרך יד לבנים,97 ", "מקום קלפי": "בי\"ס תיכון עירוני ו", "נגישה": " ", "נגישה מיוחדת": " ", "בוחרי כנסת בפועל": 601, "turnout_pct": 47.420965058236277, "אמת_pct": 2.5, "אצ_pct": 0.35714285714285715, "ב_pct": 0.0, "ג_pct": 1.4285714285714286, "ד_pct": 1.4285714285714286, "ום_pct": 1.7857142857142856, "ז_pct": 0.0, "זך_pct": 0.35714285714285715, "זנ_pct": 0.0, "זץ_pct": 0.0, "ט_pct": 6.4285714285714279, "י_pct": 0.0, "יז_pct": 1.0714285714285714, "ינ_pct": 0.0, "יץ_pct": 0.0, "יק_pct": 0.35714285714285715, "כן_pct": 6.7857142857142856, "ך_pct": 0.0, "ל_pct": 20.357142857142858, "מחל_pct": 32.142857142857146, "מרצ_pct": 1.4285714285714286, "נז_pct": 0.35714285714285715, "ני_pct": 0.0, "נף_pct": 0.7142857142857143, "נץ_pct": 0.0, "נק_pct": 0.0, "נר_pct": 0.0, "עם_pct": 0.7142857142857143, "פה_pct": 18.214285714285712, "ף_pct": 0.0, "צ_pct": 0.7142857142857143, "ץ_pct": 0.0, "ק_pct": 0.0, "קי_pct": 0.0, "קך_pct": 0.0, "קנ_pct": 0.0, "קץ_pct": 0.35714285714285715, "רז_pct": 0.0, "שס_pct": 2.5, "ת_pct": 0.0, "lat": 32.7904718, "lon": 35.0265418, "neighborhood": "נוה פז" }, "geometry": { "type": "Point", "coordinates": [ 35.0265418, 32.7904718 ] } },
{ "type": "Feature", "properties": { "סמל ועדה": 7, "ברזל": 3164, "שם ישוב": "חיפה", "סמל ישוב": 4000, "קלפי": "351.4", "ריכוז": 53, "שופט": 0, "בזב": 601, "מצביעים": 255, "פסולים": 2, "כשרים": 253, "אמת": 6, "אצ": 3, "ב": 4, "ג": 1, "ד": 8, "ום": 5, "ז": 0, "זך": 0, "זנ": 0, "זץ": 0, "ט": 7, "י": 0, "יז": 2, "ינ": 0, "יץ": 0, "יק": 0, "כן": 24, "ך": 0, "ל": 55, "מחל": 66, "מרצ": 4, "נז": 0, "ני": 1, "נף": 0, "נץ": 1, "נק": 0, "נר": 0, "עם": 3, "פה": 49, "ף": 0, "צ": 3, "ץ": 0, "ק": 0, "קי": 0, "קך": 0, "קנ": 0, "קץ": 0, "רז": 0, "שס": 11, "ת": 0, "כתובת קלפי": "דרך יד לבנים,97 ", "מקום קלפי": "בי\"ס תיכון עירוני ו", "נגישה": " ", "נגישה מיוחדת": " ", "בוחרי כנסת בפועל": 601, "turnout_pct": 42.429284525790351, "אמת_pct": 2.3715415019762842, "אצ_pct": 1.1857707509881421, "ב_pct": 1.5810276679841897, "ג_pct": 0.39525691699604742, "ד_pct": 3.1620553359683794, "ום_pct": 1.9762845849802373, "ז_pct": 0.0, "זך_pct": 0.0, "זנ_pct": 0.0, "זץ_pct": 0.0, "ט_pct": 2.766798418972332, "י_pct": 0.0, "יז_pct": 0.79051383399209485, "ינ_pct": 0.0, "יץ_pct": 0.0, "יק_pct": 0.0, "כן_pct": 9.4861660079051369, "ך_pct": 0.0, "ל_pct": 21.739130434782609, "מחל_pct": 26.086956521739129, "מרצ_pct": 1.5810276679841897, "נז_pct": 0.0, "ני_pct": 0.39525691699604742, "נף_pct": 0.0, "נץ_pct": 0.39525691699604742, "נק_pct": 0.0, "נר_pct": 0.0, "עם_pct": 1.1857707509881421, "פה_pct": 19.367588932806324, "ף_pct": 0.0, "צ_pct": 1.1857707509881421, "ץ_pct": 0.0, "ק_pct": 0.0, "קי_pct": 0.0, "קך_pct": 0.0, "קנ_pct": 0.0, "קץ_pct": 0.0, "רז_pct": 0.0, "שס_pct": 4.3478260869565215, "ת_pct": 0.0, "lat": 32.7904718, "lon": 35.0265418, "neighborhood": "נוה פז" }, "geometry": { "type": "Point", "coordinates": [ 35.0265418, 32.7904718 ] } },
{ "type": "Feature", "properties": { "סמל ועדה": 7, "ברזל": 3165, "שם ישוב": "חיפה", "סמל ישוב": 4000, "קלפי": "351.5", "ריכוז": 53, "שופט": 0, "בזב": 598, "מצביעים": 226, "פסולים": 3, "כשרים": 223, "אמת": 5, "אצ": 1, "ב": 1, "ג": 0, "ד": 0, "ום": 5, "ז": 0, "זך": 0, "זנ": 0, "זץ": 0, "ט": 18, "י": 0, "יז": 0, "ינ": 0, "יץ": 0, "יק": 0, "כן": 11, "ך": 0, "ל": 56, "מחל": 61, "מרצ": 6, "נז": 2, "ני": 0, "נף": 0, "נץ": 0, "נק": 0, "נר": 0, "עם": 3, "פה": 41, "ף": 1, "צ": 2, "ץ": 0, "ק": 0, "קי": 0, "קך": 0, "קנ": 0, "קץ": 0, "רז": 4, "שס": 6, "ת": 0, "כתובת קלפי": "דרך יד לבנים,97 ", "מקום קלפי": "בי\"ס תיכון עירוני ו", "נגישה": " ", "נגישה מיוחדת": " ", "בוחרי כנסת בפועל": 598, "turnout_pct": 37.792642140468232, "אמת_pct": 2.2421524663677128, "אצ_pct": 0.44843049327354262, "ב_pct": 0.44843049327354262, "ג_pct": 0.0, "ד_pct": 0.0, "ום_pct": 2.2421524663677128, "ז_pct": 0.0, "זך_pct": 0.0, "זנ_pct": 0.0, "זץ_pct": 0.0, "ט_pct": 8.071748878923767, "י_pct": 0.0, "יז_pct": 0.0, "ינ_pct": 0.0, "יץ_pct": 0.0, "יק_pct": 0.0, "כן_pct": 4.9327354260089686, "ך_pct": 0.0, "ל_pct": 25.112107623318387, "מחל_pct": 27.3542600896861, "מרצ_pct": 2.6905829596412558, "נז_pct": 0.89686098654708524, "ני_pct": 0.0, "נף_pct": 0.0, "נץ_pct": 0.0, "נק_pct": 0.0, "נר_pct": 0.0, "עם_pct": 1.3452914798206279, "פה_pct": 18.385650224215247, "ף_pct": 0.44843049327354262, "צ_pct": 0.89686098654708524, "ץ_pct": 0.0, "ק_pct": 0.0, "קי_pct": 0.0, "קך_pct": 0.0, "קנ_pct": 0.0, "קץ_pct": 0.0, "רז_pct": 1.7937219730941705, "שס_pct": 2.6905829596412558, "ת_pct": 0.0, "lat": 32.7904718, "lon": 35.0265418, "neighborhood": "נוה פז" }, "geometry": { "type": "Point", "coordinates": [ 35.0265418, 32.7904718 ] } },
{ "type": "Feature", "properties": { "סמל ועדה": 7, "ברזל": 3166, "שם ישוב": "חיפה", "סמל ישוב": 4000, "קלפי": "380.1", "ריכוז": 60, "שופט": 0, "בזב": 606, "מצביעים": 282, "פסולים": 7, "כשרים": 275, "אמת": 3, "אצ": 0, "ב": 3, "ג": 1, "ד": 5, "ום": 11, "ז": 0, "זך": 0, "זנ": 0, "זץ": 0, "ט": 18, "י": 0, "יז": 0, "ינ": 0, "יץ": 0, "יק": 0, "כן": 24, "ך": 0, "ל": 32, "מחל": 104, "מרצ": 6, "נז": 0, "ני": 1, "נף": 0, "נץ": 0, "נק": 0, "נר": 0, "עם": 2, "פה": 41, "ף": 0, "צ": 0, "ץ": 0, "ק": 0, "קי": 0, "קך": 1, "קנ": 0, "קץ": 0, "רז": 0, "שס": 23, "ת": 0, "כתובת קלפי": "משאש הרב,1 ", "מקום קלפי": "מתנ\"ס נווה יוסף (אגף חדש)", "נגישה": "כ", "נגישה מיוחדת": "כ", "בוחרי כנסת בפועל": 606, "turnout_pct": 46.534653465346537, "אמת_pct": 1.0909090909090911, "אצ_pct": 0.0, "ב_pct": 1.0909090909090911, "ג_pct": 0.36363636363636365, "ד_pct": 1.8181818181818181, "ום_pct": 4.0, "ז_pct": 0.0, "זך_pct": 0.0, "זנ_pct": 0.0, "זץ_pct": 0.0, "ט_pct": 6.5454545454545459, "י_pct": 0.0, "יז_pct": 0.0, "ינ_pct": 0.0, "יץ_pct": 0.0, "יק_pct": 0.0, "כן_pct": 8.7272727272727284, "ך_pct": 0.0, "ל_pct": 11.636363636363637, "מחל_pct": 37.81818181818182, "מרצ_pct": 2.1818181818181821, "נז_pct": 0.0, "ני_pct": 0.36363636363636365, "נף_pct": 0.0, "נץ_pct": 0.0, "נק_pct": 0.0, "נר_pct": 0.0, "עם_pct": 0.72727272727272729, "פה_pct": 14.909090909090908, "ף_pct": 0.0, "צ_pct": 0.0, "ץ_pct": 0.0, "ק_pct": 0.0, "קי_pct": 0.0, "קך_pct": 0.36363636363636365, "קנ_pct": 0.0, "קץ_pct": 0.0, "רז_pct": 0.0, "שס_pct": 8.3636363636363633, "ת_pct": 0.0, "lat": 32.7914203, "lon": 35.0225787, "neighborhood": "נוה יוסף" }, "geometry": { "type": "Point", "coordinates": [ 35.0225787, 32.7914203 ] } },
{ "type": "Feature", "properties": { "סמל ועדה": 7, "ברזל": 3167, "שם ישוב": "חיפה", "סמל ישוב": 4000, "קלפי": "380.2", "ריכוז": 60, "שופט": 0, "בזב": 606, "מצביעים": 262, "פסולים": 2, "כשרים": 260, "אמת": 3, "אצ": 1, "ב": 3, "ג": 1, "ד": 1, "ום": 12, "ז": 0, "זך": 0, "זנ": 0, "זץ": 0, "ט": 25, "י": 0, "יז": 0, "ינ": 0, "יץ": 0, "יק": 0, "כן": 24, "ך": 0, "ל": 41, "מחל": 94, "מרצ": 6, "נז": 0, "ני": 0, "נף": 0, "נץ": 0, "נק": 0, "נר": 0, "עם": 7, "פה": 27, "ף": 0, "צ": 0, "ץ": 0, "ק": 0, "קי": 0, "קך": 0, "קנ": 0, "קץ": 1, "רז": 2, "שס": 12, "ת": 0, "כתובת קלפי": "משאש הרב,1 ", "מקום קלפי": "מתנ\"ס נווה יוסף (אגף חדש)", "נגישה": " ", "נגישה מיוחדת": " ", "בוחרי כנסת בפועל": 606, "turnout_pct": 43.234323432343238, "אמת_pct": 1.153846153846154, "אצ_pct": 0.38461538461538464, "ב_pct": 1.153846153846154, "ג_pct": 0.38461538461538464, "ד_pct": 0.38461538461538464, "ום_pct": 4.6153846153846159, "ז_pct": 0.0, "זך_pct": 0.0, "זנ_pct": 0.0, "זץ_pct": 0.0, "ט_pct": 9.6153846153846168, "י_pct": 0.0, "יז_pct": 0.0, "ינ_pct": 0.0, "יץ_pct": 0.0, "יק_pct": 0.0, "כן_pct": 9.2307692307692317, "ך_pct": 0.0, "ל_pct": 15.769230769230768, "מחל_pct": 36.153846153846153, "מרצ_pct": 2.3076923076923079, "נז_pct": 0.0, "ני_pct": 0.0, "נף_pct": 0.0, "נץ_pct": 0.0, "נק_pct": 0.0, "נר_pct": 0.0, "עם_pct": 2.6923076923076925, "פה_pct": 10.384615384615385, "ף_pct": 0.0, "צ_pct": 0.0, "ץ_pct": 0.0, "ק_pct": 0.0, "קי_pct": 0.0, "קך_pct": 0.0, "קנ_pct": 0.0, "קץ_pct": 0.38461538461538464, "רז_pct": 0.76923076923076927, "שס_pct": 4.6153846153846159, "ת_pct": 0.0, "lat": 32.7914203, "lon": 35.0225787, "neighborhood": "נוה יוסף" }, "geometry": { "type": "Point", "coordinates": [ 35.0225787, 32.7914203 ] } },
{ "type": "Feature", "properties": { "סמל ועדה": 7, "ברזל": 3168, "שם ישוב": "חיפה", "סמל ישוב": 4000, "קלפי": "380.3", "ריכוז": 60, "שופט": 0, "בזב": 606, "מצביעים": 258, "פסולים": 5, "כשרים": 253, "אמת": 5, "אצ": 0, "ב": 0, "ג": 1, "ד": 2, "ום": 13, "ז": 0, "זך": 0, "זנ": 0, "זץ": 0, "ט": 28, "י": 0, "יז": 1, "ינ": 0, "יץ": 0, "יק": 0, "כן": 20, "ך": 2, "ל": 47, "מחל": 83, "מרצ": 3, "נז": 0, "ני": 0, "נף": 0, "נץ": 0, "נק": 0, "נר": 1, "עם": 2, "פה": 36, "ף": 0, "צ": 0, "ץ": 0, "ק": 1, "קי": 1, "קך": 0, "קנ": 0, "קץ": 0, "רז": 0, "שס": 7, "ת": 0, "כתובת קלפי": "משאש הרב,1 ", "מקום קלפי": "מתנ\"ס נווה יוסף (אגף חדש)", "נגישה": " ", "נגישה מיוחדת": " ", "בוחרי כנסת בפועל": 606, "turnout_pct": 42.574257425742573, "אמת_pct": 1.9762845849802373, "אצ_pct": 0.0, "ב_pct": 0.0, "ג_pct": 0.39525691699604742, "ד_pct": 0.79051383399209485, "ום_pct": 5.1383399209486171, "ז_pct": 0.0, "זך_pct": 0.0, "זנ_pct": 0.0, "זץ_pct": 0.0, "ט_pct": 11.067193675889328, "י_pct": 0.0, "יז_pct": 0.39525691699604742, "ינ_pct": 0.0, "יץ_pct": 0.0, "יק_pct": 0.0, "כן_pct": 7.9051383399209492, "ך_pct": 0.79051383399209485, "ל_pct": 18.57707509881423, "מחל_pct": 32.806324110671937, "מרצ_pct": 1.1857707509881421, "נז_pct": 0.0, "ני_pct": 0.0, "נף_pct": 0.0, "נץ_pct": 0.0, "נק_pct": 0.0, "נר_pct": 0.39525691699604742, "עם_pct": 0.79051383399209485, "פה_pct": 14.229249011857709, "ף_pct": 0.0, "צ_pct": 0.0, "ץ_pct": 0.0, "ק_pct": 0.39525691699604742, "קי_pct": 0.39525691699604742, "קך_pct": 0.0, "קנ_pct": 0.0, "קץ_pct": 0.0, "רז_pct": 0.0, "שס_pct": 2.766798418972332, "ת_pct": 0.0, "lat": 32.7914203, "lon": 35.0225787, "neighborhood": "נוה יוסף" }, "geometry": { "type": "Point", "coordinates": [ 35.0225787, 32.7914203 ] } },
{ "type": "Feature", "properties": { "סמל ועדה": 7, "ברזל": 3169, "שם ישוב": "חיפה", "סמל ישוב": 4000, "קלפי": "380.4", "ריכוז": 60, "שופט": 0, "בזב": 603, "מצביעים": 238, "פסולים": 3, "כשרים": 235, "אמת": 5, "אצ": 1, "ב": 1, "ג": 0, "ד": 0, "ום": 1, "ז": 0, "זך": 0, "זנ": 0, "זץ": 0, "ט": 19, "י": 0, "יז": 0, "ינ": 0, "יץ": 0, "יק": 0, "כן": 8, "ך": 0, "ל": 49, "מחל": 100, "מרצ": 4, "נז": 0, "ני": 0, "נף": 0, "נץ": 0, "נק": 0, "נר": 0, "עם": 0, "פה": 44, "ף": 1, "צ": 0, "ץ": 0, "ק": 0, "קי": 0, "קך": 0, "קנ": 0, "קץ": 1, "רז": 0, "שס": 1, "ת": 0, "כתובת קלפי": "משאש הרב,1 ", "מקום קלפי": "מתנ\"ס נווה יוסף (אגף חדש)", "נגישה": " ", "נגישה מיוחדת": " ", "בוחרי כנסת בפועל": 603, "turnout_pct": 39.469320066334987, "אמת_pct": 2.1276595744680851, "אצ_pct": 0.42553191489361702, "ב_pct": 0.42553191489361702, "ג_pct": 0.0, "ד_pct": 0.0, "ום_pct": 0.42553191489361702, "ז_pct": 0.0, "זך_pct": 0.0, "זנ_pct": 0.0, "זץ_pct": 0.0, "ט_pct": 8.085106382978724, "י_pct": 0.0, "יז_pct": 0.0, "ינ_pct": 0.0, "יץ_pct": 0.0, "יק_pct": 0.0, "כן_pct": 3.4042553191489362, "ך_pct": 0.0, "ל_pct": 20.851063829787233, "מחל_pct": 42.553191489361701, "מרצ_pct": 1.7021276595744681, "נז_pct": 0.0, "ני_pct": 0.0, "נף_pct": 0.0, "נץ_pct": 0.0, "נק_pct": 0.0, "נר_pct": 0.0, "עם_pct": 0.0, "פה_pct": 18.723404255319149, "ף_pct": 0.42553191489361702, "צ_pct": 0.0, "ץ_pct": 0.0, "ק_pct": 0.0, "קי_pct": 0.0, "קך_pct": 0.0, "קנ_pct": 0.0, "קץ_pct": 0.42553191489361702, "רז_pct": 0.0, "שס_pct": 0.42553191489361702, "ת_pct": 0.0, "lat": 32.7914203, "lon": 35.0225787, "neighborhood": "נוה יוסף" }, "geometry": { "type": "Point", "coordinates": [ 35.0225787, 32.7914203 ] } },
{ "type": "Feature", "properties": { "סמל ועדה": 7, "ברזל": 3170, "שם ישוב": "חיפה", "סמל ישוב": 4000, "קלפי": "385.1", "ריכוז": 198, "שופט": 0, "בזב": 590, "מצביעים": 326, "פסולים": 7, "כשרים": 319, "אמת": 8, "אצ": 1, "ב": 0, "ג": 4, "ד": 0, "ום": 1, "ז": 0, "זך": 0, "זנ": 0, "זץ": 0, "ט": 11, "י": 0, "יז": 1, "ינ": 0, "יץ": 0, "יק": 0, "כן": 22, "ך": 0, "ל": 68, "מחל": 94, "מרצ": 6, "נז": 0, "ני": 0, "נף": 0, "נץ": 0, "נק": 0, "נר": 0, "עם": 0, "פה": 93, "ף": 0, "צ": 0, "ץ": 0, "ק": 0, "קי": 0, "קך": 0, "קנ": 1, "קץ": 1, "רז": 3, "שס": 5, "ת": 0, "כתובת קלפי": "פרץ מרקיש,5 ", "מקום קלפי": "גן ילדים נוף", "נגישה": "כ", "נגישה מיוחדת": "כ", "בוחרי כנסת בפועל": 590, "turnout_pct": 55.254237288135585, "אמת_pct": 2.507836990595611, "אצ_pct": 0.31347962382445138, "ב_pct": 0.0, "ג_pct": 1.2539184952978055, "ד_pct": 0.0, "ום_pct": 0.31347962382445138, "ז_pct": 0.0, "זך_pct": 0.0, "זנ_pct": 0.0, "זץ_pct": 0.0, "ט_pct": 3.4482758620689653, "י_pct": 0.0, "יז_pct": 0.31347962382445138, "ינ_pct": 0.0, "יץ_pct": 0.0, "יק_pct": 0.0, "כן_pct": 6.8965517241379306, "ך_pct": 0.0, "ל_pct": 21.316614420062695, "מחל_pct": 29.467084639498431, "מרצ_pct": 1.8808777429467085, "נז_pct": 0.0, "ני_pct": 0.0, "נף_pct": 0.0, "נץ_pct": 0.0, "נק_pct": 0.0, "נר_pct": 0.0, "עם_pct": 0.0, "פה_pct": 29.153605015673982, "ף_pct": 0.0, "צ_pct": 0.0, "ץ_pct": 0.0, "ק_pct": 0.0, "קי_pct": 0.0, "קך_pct": 0.0, "קנ_pct": 0.31347962382445138, "קץ_pct": 0.31347962382445138, "רז_pct": 0.94043887147335425, "שס_pct": 1.5673981191222568, "ת_pct": 0.0, "lat": 32.7941043, "lon": 35.0084939, "neighborhood": "יזרעאליה" }, "geometry": { "type": "Point", "coordinates": [ 35.0084939, 32.7941043 ] } },
{ "type": "Feature", "properties": { "סמל ועדה": 7, "ברזל": 3171, "שם ישוב": "חיפה", "סמל ישוב": 4000, "קלפי": "385.2", "ריכוז": 220, "שופט": 0, "בזב": 590, "מצביעים": 299, "פסולים": 4, "כשרים": 295, "אמת": 7, "אצ": 1, "ב": 2, "ג": 2, "ד": 1, "ום": 2, "ז": 0, "זך": 0, "זנ": 0, "זץ": 0, "ט": 9, "י": 0, "יז": 2, "ינ": 0, "יץ": 0, "יק": 0, "כן": 14, "ך": 1, "ל": 74, "מחל": 76, "מרצ": 8, "נז": 0, "ני": 0, "נף": 0, "נץ": 1, "נק": 0, "נר": 0, "עם": 0, "פה": 83, "ף": 0, "צ": 0, "ץ": 0, "ק": 0, "קי": 0, "קך": 0, "קנ": 0, "קץ": 5, "רז": 0, "שס": 7, "ת": 0, "כתובת קלפי": "פרץ מרקיש,5 ", "מקום קלפי": "גן ילדים \"תפוז\"", "נגישה": " ", "נגישה מיוחדת": " ", "בוחרי כנסת בפועל": 590, "turnout_pct": 50.677966101694913, "אמת_pct": 2.3728813559322033, "אצ_pct": 0.33898305084745761, "ב_pct": 0.67796610169491522, "ג_pct": 0.67796610169491522, "ד_pct": 0.33898305084745761, "ום_pct": 0.67796610169491522, "ז_pct": 0.0, "זך_pct": 0.0, "זנ_pct": 0.0, "זץ_pct": 0.0, "ט_pct": 3.050847457627119, "י_pct": 0.0, "יז_pct": 0.67796610169491522, "ינ_pct": 0.0, "יץ_pct": 0.0, "יק_pct": 0.0, "כן_pct": 4.7457627118644066, "ך_pct": 0.33898305084745761, "ל_pct": 25.084745762711862, "מחל_pct": 25.762711864406779, "מרצ_pct": 2.7118644067796609, "נז_pct": 0.0, "ני_pct": 0.0, "נף_pct": 0.0, "נץ_pct": 0.33898305084745761, "נק_pct": 0.0, "נר_pct": 0.0, "עם_pct": 0.0, "פה_pct": 28.135593220338983, "ף_pct": 0.0, "צ_pct": 0.0, "ץ_pct": 0.0, "ק_pct": 0.0, "קי_pct": 0.0, "קך_pct": 0.0, "קנ_pct": 0.0, "קץ_pct": 1.6949152542372881, "רז_pct": 0.0, "שס_pct": 2.3728813559322033, "ת_pct": 0.0, "lat": 32.7941043, "lon": 35.0084939, "neighborhood": "יזרעאליה" }, "geometry": { "type": "Point", "coordinates": [ 35.0084939, 32.7941043 ] } },
{ "type": "Feature", "properties": { "סמל ועדה": 7, "ברזל": 3172, "שם ישוב": "חיפה", "סמל ישוב": 4000, "קלפי": "389", "ריכוז": 219, "שופט": 0, "בזב": 521, "מצביעים": 243, "פסולים": 1, "כשרים": 242, "אמת": 4, "אצ": 2, "ב": 5, "ג": 3, "ד": 0, "ום": 0, "ז": 0, "זך": 0, "זנ": 0, "זץ": 0, "ט": 15, "י": 0, "יז": 1, "ינ": 0, "יץ": 0, "יק": 0, "כן": 14, "ך": 0, "ל": 38, "מחל": 86, "מרצ": 1, "נז": 0, "ני": 0, "נף": 0, "נץ": 0, "נק": 0, "נר": 0, "עם": 1, "פה": 53, "ף": 0, "צ": 1, "ץ": 0, "ק": 0, "קי": 0, "קך": 0, "קנ": 0, "קץ": 1, "רז": 1, "שס": 16, "ת": 0, "כתובת קלפי": "פרץ מרקיש,22 ", "מקום קלפי": "גן ילדים \"דוכיפת\"", "נגישה": "כ", "נגישה מיוחדת": "כ", "בוחרי כנסת בפועל": 521, "turnout_pct": 46.641074856046068, "אמת_pct": 1.6528925619834711, "אצ_pct": 0.82644628099173556, "ב_pct": 2.0661157024793391, "ג_pct": 1.2396694214876034, "ד_pct": 0.0, "ום_pct": 0.0, "ז_pct": 0.0, "זך_pct": 0.0, "זנ_pct": 0.0, "זץ_pct": 0.0, "ט_pct": 6.1983471074380168, "י_pct": 0.0, "יז_pct": 0.41322314049586778, "ינ_pct": 0.0, "יץ_pct": 0.0, "יק_pct": 0.0, "כן_pct": 5.785123966942149, "ך_pct": 0.0, "ל_pct": 15.702479338842975, "מחל_pct": 35.537190082644628, "מרצ_pct": 0.41322314049586778, "נז_pct": 0.0, "ני_pct": 0.0, "נף_pct": 0.0, "נץ_pct": 0.0, "נק_pct": 0.0, "נר_pct": 0.0, "עם_pct": 0.41322314049586778, "פה_pct": 21.900826446280991, "ף_pct": 0.0, "צ_pct": 0.41322314049586778, "ץ_pct": 0.0, "ק_pct": 0.0, "קי_pct": 0.0, "קך_pct": 0.0, "קנ_pct": 0.0, "קץ_pct": 0.41322314049586778, "רז_pct": 0.41322314049586778, "שס_pct": 6.6115702479338845, "ת_pct": 0.0, "lat": 32.7938317, "lon": 35.0085373, "neighborhood": "יזרעאליה" }, "geometry": { "type": "Point", "coordinates": [ 35.0085373, 32.7938317 ] } },
{ "type": "Feature", "properties": { "סמל ועדה": 7, "ברזל": 3173, "שם ישוב": "חיפה", "סמל ישוב": 4000, "קלפי": "405.1", "ריכוז": 12, "שופט": 0, "בזב": 467, "מצביעים": 309, "פסולים": 0, "כשרים": 309, "אמת": 15, "אצ": 0, "ב": 3, "ג": 34, "ד": 0, "ום": 0, "ז": 0, "זך": 0, "זנ": 0, "זץ": 0, "ט": 48, "י": 0, "יז": 1, "ינ": 0, "יץ": 0, "יק": 0, "כן": 34, "ך": 0, "ל": 26, "מחל": 54, "מרצ": 16, "נז": 0, "ני": 0, "נף": 0, "נץ": 0, "נק": 0, "נר": 0, "עם": 0, "פה": 65, "ף": 1, "צ": 0, "ץ": 0, "ק": 0, "קי": 0, "קך": 0, "קנ": 0, "קץ": 1, "רז": 0, "שס": 11, "ת": 0, "כתובת קלפי": "ברל כצנלסון,48 ", "מקום קלפי": "בי\"ס בארי", "נגישה": "כ", "נגישה מיוחדת": "כ", "בוחרי כנסת בפועל": 467, "turnout_pct": 66.167023554603858, "אמת_pct": 4.8543689320388346, "אצ_pct": 0.0, "ב_pct": 0.97087378640776689, "ג_pct": 11.003236245954692, "ד_pct": 0.0, "ום_pct": 0.0, "ז_pct": 0.0, "זך_pct": 0.0, "זנ_pct": 0.0, "זץ_pct": 0.0, "ט_pct": 15.53398058252427, "י_pct": 0.0, "יז_pct": 0.3236245954692557, "ינ_pct": 0.0, "יץ_pct": 0.0, "יק_pct": 0.0, "כן_pct": 11.003236245954692, "ך_pct": 0.0, "ל_pct": 8.4142394822006477, "מחל_pct": 17.475728155339805, "מרצ_pct": 5.1779935275080913, "נז_pct": 0.0, "ני_pct": 0.0, "נף_pct": 0.0, "נץ_pct": 0.0, "נק_pct": 0.0, "נר_pct": 0.0, "עם_pct": 0.0, "פה_pct": 21.035598705501616, "ף_pct": 0.3236245954692557, "צ_pct": 0.0, "ץ_pct": 0.0, "ק_pct": 0.0, "קי_pct": 0.0, "קך_pct": 0.0, "קנ_pct": 0.0, "קץ_pct": 0.3236245954692557, "רז_pct": 0.0, "שס_pct": 3.5598705501618122, "ת_pct": 0.0, "lat": 32.7874783, "lon": 35.0123308, "neighborhood": "זיו" }, "geometry": { "type": "Point", "coordinates": [ 35.0123308, 32.7874783 ] } },
{ "type": "Feature", "properties": { "סמל ועדה": 7, "ברזל": 3174, "שם ישוב": "חיפה", "סמל ישוב": 4000, "קלפי": "405.2", "ריכוז": 12, "שופט": 0, "בזב": 467, "מצביעים": 318, "פסולים": 3, "כשרים": 315, "אמת": 15, "אצ": 2, "ב": 5, "ג": 48, "ד": 0, "ום": 1, "ז": 0, "זך": 0, "זנ": 0, "זץ": 0, "ט": 34, "י": 0, "יז": 0, "ינ": 0, "יץ": 0, "יק": 0, "כן": 33, "ך": 0, "ל": 23, "מחל": 49, "מרצ": 10, "נז": 0, "ני": 0, "נף": 0, "נץ": 0, "נק": 0, "נר": 0, "עם": 2, "פה": 76, "ף": 0, "צ": 0, "ץ": 0, "ק": 1, "קי": 0, "קך": 0, "קנ": 0, "קץ": 2, "רז": 0, "שס": 14, "ת": 0, "כתובת קלפי": "ברל כצנלסון,48 ", "מקום קלפי": "בי\"ס בארי", "נגישה": "כ", "נגישה מיוחדת": " ", "בוחרי כנסת בפועל": 467, "turnout_pct": 68.094218415417558, "אמת_pct": 4.7619047619047619, "אצ_pct": 0.63492063492063489, "ב_pct": 1.5873015873015872, "ג_pct": 15.238095238095239, "ד_pct": 0.0, "ום_pct": 0.31746031746031744, "ז_pct": 0.0, "זך_pct": 0.0, "זנ_pct": 0.0, "זץ_pct": 0.0, "ט_pct": 10.793650793650794, "י_pct": 0.0, "יז_pct": 0.0, "ינ_pct": 0.0, "יץ_pct": 0.0, "יק_pct": 0.0, "כן_pct": 10.476190476190476, "ך_pct": 0.0, "ל_pct": 7.3015873015873023, "מחל_pct": 15.555555555555555, "מרצ_pct": 3.1746031746031744, "נז_pct": 0.0, "ני_pct": 0.0, "נף_pct": 0.0, "נץ_pct": 0.0, "נק_pct": 0.0, "נר_pct": 0.0, "עם_pct": 0.63492063492063489, "פה_pct": 24.126984126984127, "ף_pct": 0.0, "צ_pct": 0.0, "ץ_pct": 0.0, "ק_pct": 0.31746031746031744, "קי_pct": 0.0, "קך_pct": 0.0, "קנ_pct": 0.0, "קץ_pct": 0.63492063492063489, "רז_pct": 0.0, "שס_pct": 4.4444444444444446, "ת_pct": 0.0, "lat": 32.7874783, "lon": 35.0123308, "neighborhood": "זיו" }, "geometry": { "type": "Point", "coordinates": [ 35.0123308, 32.7874783 ] } },
{ "type": "Feature", "properties": { "סמל ועדה": 7, "ברזל": 3175, "שם ישוב": "חיפה", "סמל ישוב": 4000, "קלפי": "405.3", "ריכוז": 12, "שופט": 0, "בזב": 467, "מצביעים": 303, "פסולים": 0, "כשרים": 303, "אמת": 16, "אצ": 1, "ב": 6, "ג": 54, "ד": 0, "ום": 0, "ז": 0, "זך": 0, "זנ": 0, "זץ": 0, "ט": 25, "י": 0, "יז": 0, "ינ": 0, "יץ": 0, "יק": 0, "כן": 26, "ך": 0, "ל": 18, "מחל": 57, "מרצ": 9, "נז": 0, "ני": 0, "נף": 0, "נץ": 0, "נק": 3, "נר": 0, "עם": 0, "פה": 78, "ף": 0, "צ": 0, "ץ": 0, "ק": 0, "קי": 0, "קך": 0, "קנ": 0, "קץ": 0, "רז": 0, "שס": 10, "ת": 0, "כתובת קלפי": "ברל כצנלסון,48 ", "מקום קלפי": "בי\"ס בארי", "נגישה": " ", "נגישה מיוחדת": " ", "בוחרי כנסת בפועל": 467, "turnout_pct": 64.882226980728049, "אמת_pct": 5.2805280528052805, "אצ_pct": 0.33003300330033003, "ב_pct": 1.9801980198019802, "ג_pct": 17.82178217821782, "ד_pct": 0.0, "ום_pct": 0.0, "ז_pct": 0.0, "זך_pct": 0.0, "זנ_pct": 0.0, "זץ_pct": 0.0, "ט_pct": 8.2508250825082499, "י_pct": 0.0, "יז_pct": 0.0, "ינ_pct": 0.0, "יץ_pct": 0.0, "יק_pct": 0.0, "כן_pct": 8.5808580858085808, "ך_pct": 0.0, "ל_pct": 5.9405940594059405, "מחל_pct": 18.811881188118811, "מרצ_pct": 2.9702970297029703, "נז_pct": 0.0, "ני_pct": 0.0, "נף_pct": 0.0, "נץ_pct": 0.0, "נק_pct": 0.99009900990099009, "נר_pct": 0.0, "עם_pct": 0.0, "פה_pct": 25.742574257425744, "ף_pct": 0.0, "צ_pct": 0.0, "ץ_pct": 0.0, "ק_pct": 0.0, "קי_pct": 0.0, "קך_pct": 0.0, "קנ_pct": 0.0, "קץ_pct": 0.0, "רז_pct": 0.0, "שס_pct": 3.3003300330032999, "ת_pct": 0.0, "lat": 32.7874783, "lon": 35.0123308, "neighborhood": "זיו" }, "geometry": { "type": "Point", "coordinates": [ 35.0123308, 32.7874783 ] } },
{ "type": "Feature", "properties": { "סמל ועדה": 7, "ברזל": 3176, "שם ישוב": "חיפה", "סמל ישוב": 4000, "קלפי": "412", "ריכוז": 261, "שופט": 0, "בזב": 606, "מצביעים": 299, "פסולים": 6, "כשרים": 293, "אמת": 11, "אצ": 2, "ב": 3, "ג": 3, "ד": 0, "ום": 1, "ז": 0, "זך": 0, "זנ": 0, "זץ": 0, "ט": 32, "י": 0, "יז": 1, "ינ": 0, "יץ": 0, "יק": 1, "כן": 19, "ך": 0, "ל": 60, "מחל": 80, "מרצ": 5, "נז": 4, "ני": 0, "נף": 0, "נץ": 4, "נק": 0, "נר": 1, "עם": 0, "פה": 48, "ף": 2, "צ": 0, "ץ": 1, "ק": 0, "קי": 0, "קך": 0, "קנ": 1, "קץ": 3, "רז": 1, "שס": 10, "ת": 0, "כתובת קלפי": "צ'רניאבסקי אהרון,14 ", "מקום קלפי": "גן פריאל", "נגישה": " ", "נגישה מיוחדת": " ", "בוחרי כנסת בפועל": 606, "turnout_pct": 49.339933993399335, "אמת_pct": 3.7542662116040959, "אצ_pct": 0.68259385665529015, "ב_pct": 1.0238907849829351, "ג_pct": 1.0238907849829351, "ד_pct": 0.0, "ום_pct": 0.34129692832764508, "ז_pct": 0.0, "זך_pct": 0.0, "זנ_pct": 0.0, "זץ_pct": 0.0, "ט_pct": 10.921501706484642, "י_pct": 0.0, "יז_pct": 0.34129692832764508, "ינ_pct": 0.0, "יץ_pct": 0.0, "יק_pct": 0.34129692832764508, "כן_pct": 6.4846416382252556, "ך_pct": 0.0, "ל_pct": 20.477815699658702, "מחל_pct": 27.303754266211605, "מרצ_pct": 1.7064846416382253, "נז_pct": 1.3651877133105803, "ני_pct": 0.0, "נף_pct": 0.0, "נץ_pct": 1.3651877133105803, "נק_pct": 0.0, "נר_pct": 0.34129692832764508, "עם_pct": 0.0, "פה_pct": 16.382252559726961, "ף_pct": 0.68259385665529015, "צ_pct": 0.0, "ץ_pct": 0.34129692832764508, "ק_pct": 0.0, "קי_pct": 0.0, "קך_pct": 0.0, "קנ_pct": 0.34129692832764508, "קץ_pct": 1.0238907849829351, "רז_pct": 0.34129692832764508, "שס_pct": 3.4129692832764507, "ת_pct": 0.0, "lat": 32.7902089, "lon": 35.0129284, "neighborhood": "יזרעאליה" }, "geometry": { "type": "Point", "coordinates": [ 35.0129284, 32.7902089 ] } },
{ "type": "Feature", "properties": { "סמל ועדה": 7, "ברזל": 3177, "שם ישוב": "חיפה", "סמל ישוב": 4000, "קלפי": "418", "ריכוז": 57, "שופט": 0, "בזב": 596, "מצביעים": 316, "פסולים": 1, "כשרים": 315, "אמת": 14, "אצ": 2, "ב": 16, "ג": 7, "ד": 0, "ום": 0, "ז": 0, "זך": 0, "זנ": 0, "זץ": 0, "ט": 56, "י": 0, "יז": 0, "ינ": 0, "יץ": 0, "יק": 0, "כן": 28, "ך": 0, "ל": 27, "מחל": 70, "מרצ": 12, "נז": 0, "ני": 1, "נף": 0, "נץ": 0, "נק": 0, "נר": 0, "עם": 3, "פה": 67, "ף": 0, "צ": 0, "ץ": 0, "ק": 0, "קי": 0, "קך": 0, "קנ": 0, "קץ": 1, "רז": 0, "שס": 11, "ת": 0, "כתובת קלפי": "סילבר אבא הלל,71 ", "מקום קלפי": "בית אבא חושי", "נגישה": "כ", "נגישה מיוחדת": " ", "בוחרי כנסת בפועל": 596, "turnout_pct": 53.020134228187921, "אמת_pct": 4.4444444444444446, "אצ_pct": 0.63492063492063489, "ב_pct": 5.0793650793650791, "ג_pct": 2.2222222222222223, "ד_pct": 0.0, "ום_pct": 0.0, "ז_pct": 0.0, "זך_pct": 0.0, "זנ_pct": 0.0, "זץ_pct": 0.0, "ט_pct": 17.777777777777779, "י_pct": 0.0, "יז_pct": 0.0, "ינ_pct": 0.0, "יץ_pct": 0.0, "יק_pct": 0.0, "כן_pct": 8.8888888888888893, "ך_pct": 0.0, "ל_pct": 8.5714285714285712, "מחל_pct": 22.222222222222221, "מרצ_pct": 3.8095238095238098, "נז_pct": 0.0, "ני_pct": 0.31746031746031744, "נף_pct": 0.0, "נץ_pct": 0.0, "נק_pct": 0.0, "נר_pct": 0.0, "עם_pct": 0.95238095238095244, "פה_pct": 21.269841269841269, "ף_pct": 0.0, "צ_pct": 0.0, "ץ_pct": 0.0, "ק_pct": 0.0, "קי_pct": 0.0, "קך_pct": 0.0, "קנ_pct": 0.0, "קץ_pct": 0.31746031746031744, "רז_pct": 0.0, "שס_pct": 3.4920634920634921, "ת_pct": 0.0, "lat": 32.7908115, "lon": 35.0099946, "neighborhood": "יזרעאליה" }, "geometry": { "type": "Point", "coordinates": [ 35.0099946, 32.7908115 ] } },
{ "type": "Feature", "properties": { "סמל ועדה": 7, "ברזל": 3178, "שם ישוב": "חיפה", "סמל ישוב": 4000, "קלפי": "419", "ריכוז": 57, "שופט": 0, "בזב": 510, "מצביעים": 241, "פסולים": 1, "כשרים": 240, "אמת": 6, "אצ": 2, "ב": 2, "ג": 8, "ד": 1, "ום": 2, "ז": 0, "זך": 0, "זנ": 0, "זץ": 0, "ט": 6, "י": 0, "יז": 0, "ינ": 0, "יץ": 0, "יק": 0, "כן": 12, "ך": 1, "ל": 62, "מחל": 54, "מרצ": 9, "נז": 0, "ני": 0, "נף": 0, "נץ": 0, "נק": 0, "נר": 0, "עם": 0, "פה": 68, "ף": 0, "צ": 1, "ץ": 0, "ק": 0, "קי": 0, "קך": 1, "קנ": 0, "קץ": 3, "רז": 0, "שס": 2, "ת": 0, "כתובת קלפי": "סילבר אבא הלל,71 ", "מקום קלפי": "בית אבא חושי", "נגישה": "כ", "נגישה מיוחדת": " ", "בוחרי כנסת בפועל": 510, "turnout_pct": 47.254901960784309, "אמת_pct": 2.5, "אצ_pct": 0.83333333333333337, "ב_pct": 0.83333333333333337, "ג_pct": 3.3333333333333335, "ד_pct": 0.41666666666666669, "ום_pct": 0.83333333333333337, "ז_pct": 0.0, "זך_pct": 0.0, "זנ_pct": 0.0, "זץ_pct": 0.0, "ט_pct": 2.5, "י_pct": 0.0, "יז_pct": 0.0, "ינ_pct": 0.0, "יץ_pct": 0.0, "יק_pct": 0.0, "כן_pct": 5.0, "ך_pct": 0.41666666666666669, "ל_pct": 25.833333333333336, "מחל_pct": 22.5, "מרצ_pct": 3.75, "נז_pct": 0.0, "ני_pct": 0.0, "נף_pct": 0.0, "נץ_pct": 0.0, "נק_pct": 0.0, "נר_pct": 0.0, "עם_pct": 0.0, "פה_pct": 28.333333333333332, "ף_pct": 0.0, "צ_pct": 0.41666666666666669, "ץ_pct": 0.0, "ק_pct": 0.0, "קי_pct": 0.0, "קך_pct": 0.41666666666666669, "קנ_pct": 0.0, "קץ_pct": 1.25, "רז_pct": 0.0, "שס_pct": 0.83333333333333337, "ת_pct": 0.0, "lat": 32.7908115, "lon": 35.0099946, "neighborhood": "יזרעאליה" }, "geometry": { "type": "Point", "coordinates": [ 35.0099946, 32.7908115 ] } },
{ "type": "Feature", "properties": { "סמל ועדה": 7, "ברזל": 3179, "שם ישוב": "חיפה", "סמל ישוב": 4000, "קלפי": "423", "ריכוז": 57, "שופט": 0, "בזב": 466, "מצביעים": 178, "פסולים": 0, "כשרים": 178, "אמת": 6, "אצ": 0, "ב": 1, "ג": 1, "ד": 0, "ום": 0, "ז": 0, "זך": 0, "זנ": 0, "זץ": 0, "ט": 15, "י": 0, "יז": 1, "ינ": 0, "יץ": 0, "יק": 0, "כן": 18, "ך": 0, "ל": 39, "מחל": 35, "מרצ": 4, "נז": 0, "ני": 0, "נף": 0, "נץ": 0, "נק": 0, "נר": 0, "עם": 0, "פה": 55, "ף": 2, "צ": 1, "ץ": 0, "ק": 0, "קי": 0, "קך": 0, "קנ": 0, "קץ": 0, "רז": 0, "שס": 0, "ת": 0, "כתובת קלפי": "סילבר אבא הלל,71 ", "מקום קלפי": "בית אבא חושי", "נגישה": "כ", "נגישה מיוחדת": "כ", "בוחרי כנסת בפועל": 466, "turnout_pct": 38.197424892703864, "אמת_pct": 3.3707865168539324, "אצ_pct": 0.0, "ב_pct": 0.5617977528089888, "ג_pct": 0.5617977528089888, "ד_pct": 0.0, "ום_pct": 0.0, "ז_pct": 0.0, "זך_pct": 0.0, "זנ_pct": 0.0, "זץ_pct": 0.0, "ט_pct": 8.4269662921348321, "י_pct": 0.0, "יז_pct": 0.5617977528089888, "ינ_pct": 0.0, "יץ_pct": 0.0, "יק_pct": 0.0, "כן_pct": 10.112359550561797, "ך_pct": 0.0, "ל_pct": 21.910112359550563, "מחל_pct": 19.662921348314608, "מרצ_pct": 2.2471910112359552, "נז_pct": 0.0, "ני_pct": 0.0, "נף_pct": 0.0, "נץ_pct": 0.0, "נק_pct": 0.0, "נר_pct": 0.0, "עם_pct": 0.0, "פה_pct": 30.898876404494381, "ף_pct": 1.1235955056179776, "צ_pct": 0.5617977528089888, "ץ_pct": 0.0, "ק_pct": 0.0, "קי_pct": 0.0, "קך_pct": 0.0, "קנ_pct": 0.0, "קץ_pct": 0.0, "רז_pct": 0.0, "שס_pct": 0.0, "ת_pct": 0.0, "lat": 32.7908115, "lon": 35.0099946, "neighborhood": "יזרעאליה" }, "geometry": { "type": "Point", "coordinates": [ 35.0099946, 32.7908115 ] } },
{ "type": "Feature", "properties": { "סמל ועדה": 7, "ברזל": 3180, "שם ישוב": "חיפה", "סמל ישוב": 4000, "קלפי": "432.1", "ריכוז": 11, "שופט": 0, "בזב": 571, "מצביעים": 323, "פסולים": 1, "כשרים": 322, "אמת": 6, "אצ": 2, "ב": 2, "ג": 8, "ד": 0, "ום": 0, "ז": 0, "זך": 0, "זנ": 0, "זץ": 0, "ט": 50, "י": 0, "יז": 0, "ינ": 0, "יץ": 0, "יק": 0, "כן": 21, "ך": 0, "ל": 19, "מחל": 108, "מרצ": 3, "נז": 0, "ני": 0, "נף": 0, "נץ": 0, "נק": 0, "נר": 0, "עם": 1, "פה": 77, "ף": 1, "צ": 1, "ץ": 0, "ק": 0, "קי": 1, "קך": 0, "קנ": 0, "קץ": 2, "רז": 0, "שס": 20, "ת": 0, "כתובת קלפי": "קליבנוב,20 ", "מקום קלפי": "בי\"ס דינור", "נגישה": "כ", "נגישה מיוחדת": "כ", "בוחרי כנסת בפועל": 571, "turnout_pct": 56.567425569176891, "אמת_pct": 1.8633540372670807, "אצ_pct": 0.6211180124223602, "ב_pct": 0.6211180124223602, "ג_pct": 2.4844720496894408, "ד_pct": 0.0, "ום_pct": 0.0, "ז_pct": 0.0, "זך_pct": 0.0, "זנ_pct": 0.0, "זץ_pct": 0.0, "ט_pct": 15.527950310559005, "י_pct": 0.0, "יז_pct": 0.0, "ינ_pct": 0.0, "יץ_pct": 0.0, "יק_pct": 0.0, "כן_pct": 6.5217391304347823, "ך_pct": 0.0, "ל_pct": 5.9006211180124222, "מחל_pct": 33.540372670807457, "מרצ_pct": 0.93167701863354035, "נז_pct": 0.0, "ני_pct": 0.0, "נף_pct": 0.0, "נץ_pct": 0.0, "נק_pct": 0.0, "נר_pct": 0.0, "עם_pct": 0.3105590062111801, "פה_pct": 23.913043478260871, "ף_pct": 0.3105590062111801, "צ_pct": 0.3105590062111801, "ץ_pct": 0.0, "ק_pct": 0.0, "קי_pct": 0.3105590062111801, "קך_pct": 0.0, "קנ_pct": 0.0, "קץ_pct": 0.6211180124223602, "רז_pct": 0.0, "שס_pct": 6.2111801242236027, "ת_pct": 0.0, "lat": 32.7925624, "lon": 35.0106962, "neighborhood": "יזרעאליה" }, "geometry": { "type": "Point", "coordinates": [ 35.0106962, 32.7925624 ] } },
{ "type": "Feature", "properties": { "סמל ועדה": 7, "ברזל": 3181, "שם ישוב": "חיפה", "סמל ישוב": 4000, "קלפי": "432.2", "ריכוז": 11, "שופט": 0, "בזב": 571, "מצביעים": 354, "פסולים": 3, "כשרים": 351, "אמת": 21, "אצ": 2, "ב": 10, "ג": 4, "ד": 0, "ום": 1, "ז": 0, "זך": 0, "זנ": 0, "זץ": 0, "ט": 33, "י": 0, "יז": 2, "ינ": 0, "יץ": 0, "יק": 0, "כן": 29, "ך": 0, "ל": 44, "מחל": 97, "מרצ": 7, "נז": 0, "ני": 0, "נף": 0, "נץ": 0, "נק": 0, "נר": 0, "עם": 0, "פה": 93, "ף": 1, "צ": 0, "ץ": 0, "ק": 0, "קי": 0, "קך": 0, "קנ": 0, "קץ": 0, "רז": 0, "שס": 7, "ת": 0, "כתובת קלפי": "קליבנוב,20 ", "מקום קלפי": "בי\"ס דינור", "נגישה": "כ", "נגישה מיוחדת": " ", "בוחרי כנסת בפועל": 571, "turnout_pct": 61.996497373029769, "אמת_pct": 5.982905982905983, "אצ_pct": 0.56980056980056981, "ב_pct": 2.8490028490028489, "ג_pct": 1.1396011396011396, "ד_pct": 0.0, "ום_pct": 0.28490028490028491, "ז_pct": 0.0, "זך_pct": 0.0, "זנ_pct": 0.0, "זץ_pct": 0.0, "ט_pct": 9.4017094017094021, "י_pct": 0.0, "יז_pct": 0.56980056980056981, "ינ_pct": 0.0, "יץ_pct": 0.0, "יק_pct": 0.0, "כן_pct": 8.2621082621082618, "ך_pct": 0.0, "ל_pct": 12.535612535612536, "מחל_pct": 27.635327635327634, "מרצ_pct": 1.9943019943019942, "נז_pct": 0.0, "ני_pct": 0.0, "נף_pct": 0.0, "נץ_pct": 0.0, "נק_pct": 0.0, "נר_pct": 0.0, "עם_pct": 0.0, "פה_pct": 26.495726495726498, "ף_pct": 0.28490028490028491, "צ_pct": 0.0, "ץ_pct": 0.0, "ק_pct": 0.0, "קי_pct": 0.0, "קך_pct": 0.0, "קנ_pct": 0.0, "קץ_pct": 0.0, "רז_pct": 0.0, "שס_pct": 1.9943019943019942, "ת_pct": 0.0, "lat": 32.7925624, "lon": 35.0106962, "neighborhood": "יזרעאליה" }, "geometry": { "type": "Point", "coordinates": [ 35.0106962, 32.7925624 ] } },
{ "type": "Feature", "properties": { "סמל ועדה": 7, "ברזל": 3182, "שם ישוב": "חיפה", "סמל ישוב": 4000, "קלפי": "432.3", "ריכוז": 11, "שופט": 0, "בזב": 571, "מצביעים": 309, "פסולים": 0, "כשרים": 309, "אמת": 9, "אצ": 0, "ב": 4, "ג": 1, "ד": 0, "ום": 0, "ז": 0, "זך": 0, "זנ": 0, "זץ": 0, "ט": 24, "י": 1, "יז": 0, "ינ": 0, "יץ": 0, "יק": 0, "כן": 34, "ך": 0, "ל": 28, "מחל": 86, "מרצ": 8, "נז": 1, "ני": 0, "נף": 0, "נץ": 0, "נק": 0, "נר": 0, "עם": 0, "פה": 87, "ף": 1, "צ": 2, "ץ": 0, "ק": 0, "קי": 0, "קך": 0, "קנ": 1, "קץ": 2, "רז": 0, "שס": 20, "ת": 0, "כתובת קלפי": "קליבנוב,20 ", "מקום קלפי": "בי\"ס דינור", "נגישה": "כ", "נגישה מיוחדת": " ", "בוחרי כנסת בפועל": 571, "turnout_pct": 54.115586690017516, "אמת_pct": 2.912621359223301, "אצ_pct": 0.0, "ב_pct": 1.2944983818770228, "ג_pct": 0.3236245954692557, "ד_pct": 0.0, "ום_pct": 0.0, "ז_pct": 0.0, "זך_pct": 0.0, "זנ_pct": 0.0, "זץ_pct": 0.0, "ט_pct": 7.7669902912621351, "י_pct": 0.3236245954692557, "יז_pct": 0.0, "ינ_pct": 0.0, "יץ_pct": 0.0, "יק_pct": 0.0, "כן_pct": 11.003236245954692, "ך_pct": 0.0, "ל_pct": 9.0614886731391593, "מחל_pct": 27.831715210355988, "מרצ_pct": 2.5889967637540456, "נז_pct": 0.3236245954692557, "ני_pct": 0.0, "נף_pct": 0.0, "נץ_pct": 0.0, "נק_pct": 0.0, "נר_pct": 0.0, "עם_pct": 0.0, "פה_pct": 28.155339805825243, "ף_pct": 0.3236245954692557, "צ_pct": 0.64724919093851141, "ץ_pct": 0.0, "ק_pct": 0.0, "קי_pct": 0.0, "קך_pct": 0.0, "קנ_pct": 0.3236245954692557, "קץ_pct": 0.64724919093851141, "רז_pct": 0.0, "שס_pct": 6.4724919093851128, "ת_pct": 0.0, "lat": 32.7925624, "lon": 35.0106962, "neighborhood": "יזרעאליה" }, "geometry": { "type": "Point", "coordinates": [ 35.0106962, 32.7925624 ] } },
{ "type": "Feature", "properties": { "סמל ועדה": 7, "ברזל": 3183, "שם ישוב": "חיפה", "סמל ישוב": 4000, "קלפי": "432.4", "ריכוז": 11, "שופט": 0, "בזב": 571, "מצביעים": 339, "פסולים": 1, "כשרים": 338, "אמת": 13, "אצ": 2, "ב": 6, "ג": 6, "ד": 0, "ום": 1, "ז": 0, "זך": 0, "זנ": 0, "זץ": 0, "ט": 22, "י": 0, "יז": 1, "ינ": 0, "יץ": 0, "יק": 0, "כן": 39, "ך": 0, "ל": 48, "מחל": 96, "מרצ": 6, "נז": 0, "ני": 0, "נף": 0, "נץ": 0, "נק": 0, "נר": 0, "עם": 1, "פה": 88, "ף": 0, "צ": 0, "ץ": 0, "ק": 0, "קי": 0, "קך": 0, "קנ": 0, "קץ": 0, "רז": 0, "שס": 9, "ת": 0, "כתובת קלפי": "קליבנוב,20 ", "מקום קלפי": "בי\"ס דינור", "נגישה": "כ", "נגישה מיוחדת": " ", "בוחרי כנסת בפועל": 571, "turnout_pct": 59.369527145359022, "אמת_pct": 3.8461538461538463, "אצ_pct": 0.59171597633136097, "ב_pct": 1.7751479289940828, "ג_pct": 1.7751479289940828, "ד_pct": 0.0, "ום_pct": 0.29585798816568049, "ז_pct": 0.0, "זך_pct": 0.0, "זנ_pct": 0.0, "זץ_pct": 0.0, "ט_pct": 6.5088757396449708, "י_pct": 0.0, "יז_pct": 0.29585798816568049, "ינ_pct": 0.0, "יץ_pct": 0.0, "יק_pct": 0.0, "כן_pct": 11.538461538461538, "ך_pct": 0.0, "ל_pct": 14.201183431952662, "מחל_pct": 28.402366863905325, "מרצ_pct": 1.7751479289940828, "נז_pct": 0.0, "ני_pct": 0.0, "נף_pct": 0.0, "נץ_pct": 0.0, "נק_pct": 0.0, "נר_pct": 0.0, "עם_pct": 0.29585798816568049, "פה_pct": 26.035502958579883, "ף_pct": 0.0, "צ_pct": 0.0, "ץ_pct": 0.0, "ק_pct": 0.0, "קי_pct": 0.0, "קך_pct": 0.0, "קנ_pct": 0.0, "קץ_pct": 0.0, "רז_pct": 0.0, "שס_pct": 2.6627218934911245, "ת_pct": 0.0, "lat": 32.7925624, "lon": 35.0106962, "neighborhood": "יזרעאליה" }, "geometry": { "type": "Point", "coordinates": [ 35.0106962, 32.7925624 ] } },
{ "type": "Feature", "properties": { "סמל ועדה": 7, "ברזל": 3184, "שם ישוב": "חיפה", "סמל ישוב": 4000, "קלפי": "432.5", "ריכוז": 11, "שופט": 1, "בזב": 570, "מצביעים": 319, "פסולים": 2, "כשרים": 317, "אמת": 16, "אצ": 1, "ב": 7, "ג": 1, "ד": 0, "ום": 0, "ז": 0, "זך": 0, "זנ": 0, "זץ": 0, "ט": 21, "י": 0, "יז": 3, "ינ": 0, "יץ": 0, "יק": 0, "כן": 32, "ך": 0, "ל": 60, "מחל": 73, "מרצ": 8, "נז": 0, "ני": 0, "נף": 0, "נץ": 0, "נק": 0, "נר": 0, "עם": 0, "פה": 88, "ף": 0, "צ": 0, "ץ": 0, "ק": 0, "קי": 0, "קך": 1, "קנ": 0, "קץ": 0, "רז": 0, "שס": 6, "ת": 0, "כתובת קלפי": "קליבנוב,20 ", "מקום קלפי": "בי\"ס דינור", "נגישה": "כ", "נגישה מיוחדת": " ", "בוחרי כנסת בפועל": 570, "turnout_pct": 55.964912280701753, "אמת_pct": 5.0473186119873814, "אצ_pct": 0.31545741324921134, "ב_pct": 2.2082018927444795, "ג_pct": 0.31545741324921134, "ד_pct": 0.0, "ום_pct": 0.0, "ז_pct": 0.0, "זך_pct": 0.0, "זנ_pct": 0.0, "זץ_pct": 0.0, "ט_pct": 6.624605678233439, "י_pct": 0.0, "יז_pct": 0.94637223974763407, "ינ_pct": 0.0, "יץ_pct": 0.0, "יק_pct": 0.0, "כן_pct": 10.094637223974763, "ך_pct": 0.0, "ל_pct": 18.927444794952681, "מחל_pct": 23.028391167192432, "מרצ_pct": 2.5236593059936907, "נז_pct": 0.0, "ני_pct": 0.0, "נף_pct": 0.0, "נץ_pct": 0.0, "נק_pct": 0.0, "נר_pct": 0.0, "עם_pct": 0.0, "פה_pct": 27.760252365930597, "ף_pct": 0.0, "צ_pct": 0.0, "ץ_pct": 0.0, "ק_pct": 0.0, "קי_pct": 0.0, "קך_pct": 0.31545741324921134, "קנ_pct": 0.0, "קץ_pct": 0.0, "רז_pct": 0.0, "שס_pct": 1.8927444794952681, "ת_pct": 0.0, "lat": 32.7925624, "lon": 35.0106962, "neighborhood": "יזרעאליה" }, "geometry": { "type": "Point", "coordinates": [ 35.0106962, 32.7925624 ] } },
{ "type": "Feature", "properties": { "סמל ועדה": 7, "ברזל": 3185, "שם ישוב": "חיפה", "סמל ישוב": 4000, "קלפי": "433", "ריכוז": 57, "שופט": 0, "בזב": 478, "מצביעים": 218, "פסולים": 2, "כשרים": 216, "אמת": 11, "אצ": 2, "ב": 0, "ג": 2, "ד": 1, "ום": 5, "ז": 0, "זך": 0, "זנ": 0, "זץ": 0, "ט": 15, "י": 1, "יז": 1, "ינ": 0, "יץ": 0, "יק": 0, "כן": 24, "ך": 0, "ל": 32, "מחל": 51, "מרצ": 8, "נז": 0, "ני": 0, "נף": 0, "נץ": 0, "נק": 0, "נר": 0, "עם": 1, "פה": 56, "ף": 0, "צ": 0, "ץ": 0, "ק": 0, "קי": 0, "קך": 0, "קנ": 0, "קץ": 1, "רז": 0, "שס": 5, "ת": 0, "כתובת קלפי": "סילבר אבא הלל,71 ", "מקום קלפי": "בית אבא חושי", "נגישה": "כ", "נגישה מיוחדת": " ", "בוחרי כנסת בפועל": 478, "turnout_pct": 45.60669456066946, "אמת_pct": 5.0925925925925926, "אצ_pct": 0.92592592592592582, "ב_pct": 0.0, "ג_pct": 0.92592592592592582, "ד_pct": 0.46296296296296291, "ום_pct": 2.3148148148148149, "ז_pct": 0.0, "זך_pct": 0.0, "זנ_pct": 0.0, "זץ_pct": 0.0, "ט_pct": 6.9444444444444446, "י_pct": 0.46296296296296291, "יז_pct": 0.46296296296296291, "ינ_pct": 0.0, "יץ_pct": 0.0, "יק_pct": 0.0, "כן_pct": 11.111111111111111, "ך_pct": 0.0, "ל_pct": 14.814814814814813, "מחל_pct": 23.611111111111111, "מרצ_pct": 3.7037037037037033, "נז_pct": 0.0, "ני_pct": 0.0, "נף_pct": 0.0, "נץ_pct": 0.0, "נק_pct": 0.0, "נר_pct": 0.0, "עם_pct": 0.46296296296296291, "פה_pct": 25.925925925925924, "ף_pct": 0.0, "צ_pct": 0.0, "ץ_pct": 0.0, "ק_pct": 0.0, "קי_pct": 0.0, "קך_pct": 0.0, "קנ_pct": 0.0, "קץ_pct": 0.46296296296296291, "רז_pct": 0.0, "שס_pct": 2.3148148148148149, "ת_pct": 0.0, "lat": 32.7908115, "lon": 35.0099946, "neighborhood": "יזרעאליה" }, "geometry": { "type": "Point", "coordinates": [ 35.0099946, 32.7908115 ] } },
{ "type": "Feature", "properties": { "סמל ועדה": 7, "ברזל": 3186, "שם ישוב": "חיפה", "סמל ישוב": 4000, "קלפי": "3", "ריכוז": 3, "שופט": 0, "בזב": 535, "מצביעים": 415, "פסולים": 1, "כשרים": 414, "אמת": 4, "אצ": 1, "ב": 35, "ג": 20, "ד": 0, "ום": 0, "ז": 0, "זך": 0, "זנ": 0, "זץ": 0, "ט": 176, "י": 0, "יז": 0, "ינ": 0, "יץ": 0, "יק": 0, "כן": 40, "ך": 0, "ל": 0, "מחל": 89, "מרצ": 1, "נז": 0, "ני": 0, "נף": 0, "נץ": 0, "נק": 0, "נר": 0, "עם": 0, "פה": 7, "ף": 0, "צ": 1, "ץ": 0, "ק": 0, "קי": 0, "קך": 0, "קנ": 0, "קץ": 1, "רז": 0, "שס": 38, "ת": 1, "כתובת קלפי": "שד הרא\"ה,10 ", "מקום קלפי": "בי\"ס אהרן הרואה", "נגישה": " ", "נגישה מיוחדת": " ", "בוחרי כנסת בפועל": 535, "turnout_pct": 77.570093457943926, "אמת_pct": 0.96618357487922701, "אצ_pct": 0.24154589371980675, "ב_pct": 8.454106280193237, "ג_pct": 4.8309178743961354, "ד_pct": 0.0, "ום_pct": 0.0, "ז_pct": 0.0, "זך_pct": 0.0, "זנ_pct": 0.0, "זץ_pct": 0.0, "ט_pct": 42.512077294685987, "י_pct": 0.0, "יז_pct": 0.0, "ינ_pct": 0.0, "יץ_pct": 0.0, "יק_pct": 0.0, "כן_pct": 9.6618357487922708, "ך_pct": 0.0, "ל_pct": 0.0, "מחל_pct": 21.497584541062803, "מרצ_pct": 0.24154589371980675, "נז_pct": 0.0, "ני_pct": 0.0, "נף_pct": 0.0, "נץ_pct": 0.0, "נק_pct": 0.0, "נר_pct": 0.0, "עם_pct": 0.0, "פה_pct": 1.6908212560386473, "ף_pct": 0.0, "צ_pct": 0.24154589371980675, "ץ_pct": 0.0, "ק_pct": 0.0, "קי_pct": 0.0, "קך_pct": 0.0, "קנ_pct": 0.0, "קץ_pct": 0.24154589371980675, "רז_pct": 0.0, "שס_pct": 9.1787439613526569, "ת_pct": 0.24154589371980675, "lat": 32.8328579, "lon": 35.0660485, "neighborhood": "קריית שמואל" }, "geometry": { "type": "Point", "coordinates": [ 35.0660485, 32.8328579 ] } },
{ "type": "Feature", "properties": { "סמל ועדה": 7, "ברזל": 3187, "שם ישוב": "חיפה", "סמל ישוב": 4000, "קלפי": "13", "ריכוז": 3, "שופט": 1, "בזב": 519, "מצביעים": 371, "פסולים": 0, "כשרים": 371, "אמת": 3, "אצ": 0, "ב": 23, "ג": 17, "ד": 0, "ום": 0, "ז": 0, "זך": 0, "זנ": 0, "זץ": 0, "ט": 142, "י": 0, "יז": 1, "ינ": 0, "יץ": 0, "יק": 0, "כן": 21, "ך": 0, "ל": 1, "מחל": 111, "מרצ": 0, "נז": 0, "ני": 0, "נף": 0, "נץ": 0, "נק": 0, "נר": 0, "עם": 0, "פה": 11, "ף": 0, "צ": 0, "ץ": 0, "ק": 0, "קי": 0, "קך": 0, "קנ": 0, "קץ": 0, "רז": 0, "שס": 41, "ת": 0, "כתובת קלפי": "שד הרא\"ה,10 ", "מקום קלפי": "בי\"ס אהרן הרואה", "נגישה": "כ", "נגישה מיוחדת": "כ", "בוחרי כנסת בפועל": 519, "turnout_pct": 71.483622350674366, "אמת_pct": 0.80862533692722371, "אצ_pct": 0.0, "ב_pct": 6.1994609164420487, "ג_pct": 4.5822102425876015, "ד_pct": 0.0, "ום_pct": 0.0, "ז_pct": 0.0, "זך_pct": 0.0, "זנ_pct": 0.0, "זץ_pct": 0.0, "ט_pct": 38.274932614555254, "י_pct": 0.0, "יז_pct": 0.26954177897574128, "ינ_pct": 0.0, "יץ_pct": 0.0, "יק_pct": 0.0, "כן_pct": 5.6603773584905666, "ך_pct": 0.0, "ל_pct": 0.26954177897574128, "מחל_pct": 29.919137466307276, "מרצ_pct": 0.0, "נז_pct": 0.0, "ני_pct": 0.0, "נף_pct": 0.0, "נץ_pct": 0.0, "נק_pct": 0.0, "נר_pct": 0.0, "עם_pct": 0.0, "פה_pct": 2.9649595687331538, "ף_pct": 0.0, "צ_pct": 0.0, "ץ_pct": 0.0, "ק_pct": 0.0, "קי_pct": 0.0, "קך_pct": 0.0, "קנ_pct": 0.0, "קץ_pct": 0.0, "רז_pct": 0.0, "שס_pct": 11.05121293800539, "ת_pct": 0.0, "lat": 32.8328579, "lon": 35.0660485, "neighborhood": "קריית שמואל" }, "geometry": { "type": "Point", "coordinates": [ 35.0660485, 32.8328579 ] } },
{ "type": "Feature", "properties": { "סמל ועדה": 7, "ברזל": 3188, "שם ישוב": "חיפה", "סמל ישוב": 4000, "קלפי": "14.1", "ריכוז": 19, "שופט": 0, "בזב": 687, "מצביעים": 420, "פסולים": 5, "כשרים": 415, "אמת": 3, "אצ": 1, "ב": 4, "ג": 22, "ד": 0, "ום": 0, "ז": 0, "זך": 0, "זנ": 1, "זץ": 0, "ט": 78, "י": 0, "יז": 1, "ינ": 1, "יץ": 1, "יק": 0, "כן": 24, "ך": 0, "ל": 9, "מחל": 140, "מרצ": 1, "נז": 0, "ני": 0, "נף": 0, "נץ": 0, "נק": 0, "נר": 0, "עם": 0, "פה": 7, "ף": 0, "צ": 0, "ץ": 0, "ק": 0, "קי": 0, "קך": 0, "קנ": 0, "קץ": 1, "רז": 0, "שס": 120, "ת": 1, "כתובת קלפי": "שטרן יוסף,9 ", "מקום קלפי": "ישיבת פרחי אהרן", "נגישה": "כ", "נגישה מיוחדת": "כ", "בוחרי כנסת בפועל": 687, "turnout_pct": 61.135371179039296, "אמת_pct": 0.72289156626506024, "אצ_pct": 0.24096385542168677, "ב_pct": 0.96385542168674709, "ג_pct": 5.3012048192771086, "ד_pct": 0.0, "ום_pct": 0.0, "ז_pct": 0.0, "זך_pct": 0.0, "זנ_pct": 0.24096385542168677, "זץ_pct": 0.0, "ט_pct": 18.795180722891565, "י_pct": 0.0, "יז_pct": 0.24096385542168677, "ינ_pct": 0.24096385542168677, "יץ_pct": 0.24096385542168677, "יק_pct": 0.0, "כן_pct": 5.7831325301204819, "ך_pct": 0.0, "ל_pct": 2.1686746987951806, "מחל_pct": 33.734939759036145, "מרצ_pct": 0.24096385542168677, "נז_pct": 0.0, "ני_pct": 0.0, "נף_pct": 0.0, "נץ_pct": 0.0, "נק_pct": 0.0, "נר_pct": 0.0, "עם_pct": 0.0, "פה_pct": 1.6867469879518073, "ף_pct": 0.0, "צ_pct": 0.0, "ץ_pct": 0.0, "ק_pct": 0.0, "קי_pct": 0.0, "קך_pct": 0.0, "קנ_pct": 0.0, "קץ_pct": 0.24096385542168677, "רז_pct": 0.0, "שס_pct": 28.915662650602407, "ת_pct": 0.24096385542168677, "lat": 32.839472, "lon": 35.0698801, "neighborhood": "קריית שמואל" }, "geometry": { "type": "Point", "coordinates": [ 35.0698801, 32.839472 ] } },
{ "type": "Feature", "properties": { "סמל ועדה": 7, "ברזל": 3189, "שם ישוב": "חיפה", "סמל ישוב": 4000, "קלפי": "14.2", "ריכוז": 19, "שופט": 0, "בזב": 687, "מצביעים": 430, "פסולים": 3, "כשרים": 427, "אמת": 3, "אצ": 0, "ב": 3, "ג": 17, "ד": 0, "ום": 0, "ז": 0, "זך": 0, "זנ": 0, "זץ": 0, "ט": 114, "י": 0, "יז": 0, "ינ": 0, "יץ": 0, "יק": 0, "כן": 6, "ך": 0, "ל": 21, "מחל": 129, "מרצ": 0, "נז": 0, "ני": 2, "נף": 0, "נץ": 0, "נק": 0, "נר": 0, "עם": 0, "פה": 12, "ף": 0, "צ": 0, "ץ": 0, "ק": 0, "קי": 0, "קך": 0, "קנ": 0, "קץ": 0, "רז": 0, "שס": 120, "ת": 0, "כתובת קלפי": "שטרן יוסף,9 ", "מקום קלפי": "ישיבת פרחי אהרן", "נגישה": "כ", "נגישה מיוחדת": " ", "בוחרי כנסת בפועל": 687, "turnout_pct": 62.590975254730722, "אמת_pct": 0.70257611241217799, "אצ_pct": 0.0, "ב_pct": 0.70257611241217799, "ג_pct": 3.9812646370023423, "ד_pct": 0.0, "ום_pct": 0.0, "ז_pct": 0.0, "זך_pct": 0.0, "זנ_pct": 0.0, "זץ_pct": 0.0, "ט_pct": 26.697892271662766, "י_pct": 0.0, "יז_pct": 0.0, "ינ_pct": 0.0, "יץ_pct": 0.0, "יק_pct": 0.0, "כן_pct": 1.405152224824356, "ך_pct": 0.0, "ל_pct": 4.918032786885246, "מחל_pct": 30.210772833723652, "מרצ_pct": 0.0, "נז_pct": 0.0, "ני_pct": 0.46838407494145201, "נף_pct": 0.0, "נץ_pct": 0.0, "נק_pct": 0.0, "נר_pct": 0.0, "עם_pct": 0.0, "פה_pct": 2.810304449648712, "ף_pct": 0.0, "צ_pct": 0.0, "ץ_pct": 0.0, "ק_pct": 0.0, "קי_pct": 0.0, "קך_pct": 0.0, "קנ_pct": 0.0, "קץ_pct": 0.0, "רז_pct": 0.0, "שס_pct": 28.103044496487119, "ת_pct": 0.0, "lat": 32.839472, "lon": 35.0698801, "neighborhood": "קריית שמואל" }, "geometry": { "type": "Point", "coordinates": [ 35.0698801, 32.839472 ] } },
{ "type": "Feature", "properties": { "סמל ועדה": 7, "ברזל": 3190, "שם ישוב": "חיפה", "סמל ישוב": 4000, "קלפי": "31", "ריכוז": 234, "שופט": 0, "בזב": 680, "מצביעים": 529, "פסולים": 2, "כשרים": 527, "אמת": 0, "אצ": 3, "ב": 18, "ג": 34, "ד": 0, "ום": 0, "ז": 0, "זך": 0, "זנ": 0, "זץ": 0, "ט": 167, "י": 0, "יז": 1, "ינ": 0, "יץ": 0, "יק": 0, "כן": 15, "ך": 0, "ל": 2, "מחל": 112, "מרצ": 0, "נז": 0, "ני": 0, "נף": 0, "נץ": 1, "נק": 0, "נר": 0, "עם": 0, "פה": 4, "ף": 0, "צ": 1, "ץ": 0, "ק": 0, "קי": 0, "קך": 1, "קנ": 0, "קץ": 3, "רז": 0, "שס": 165, "ת": 0, "כתובת קלפי": "פרומר דב,15 ", "מקום קלפי": "בי\"ס ממ'ד אהרון הרואה - בנים", "נגישה": "כ", "נגישה מיוחדת": " ", "בוחרי כנסת בפועל": 680, "turnout_pct": 77.794117647058826, "אמת_pct": 0.0, "אצ_pct": 0.56925996204933582, "ב_pct": 3.4155597722960152, "ג_pct": 6.4516129032258061, "ד_pct": 0.0, "ום_pct": 0.0, "ז_pct": 0.0, "זך_pct": 0.0, "זנ_pct": 0.0, "זץ_pct": 0.0, "ט_pct": 31.688804554079695, "י_pct": 0.0, "יז_pct": 0.18975332068311196, "ינ_pct": 0.0, "יץ_pct": 0.0, "יק_pct": 0.0, "כן_pct": 2.8462998102466792, "ך_pct": 0.0, "ל_pct": 0.37950664136622392, "מחל_pct": 21.25237191650854, "מרצ_pct": 0.0, "נז_pct": 0.0, "ני_pct": 0.0, "נף_pct": 0.0, "נץ_pct": 0.18975332068311196, "נק_pct": 0.0, "נר_pct": 0.0, "עם_pct": 0.0, "פה_pct": 0.75901328273244784, "ף_pct": 0.0, "צ_pct": 0.18975332068311196, "ץ_pct": 0.0, "ק_pct": 0.0, "קי_pct": 0.0, "קך_pct": 0.18975332068311196, "קנ_pct": 0.0, "קץ_pct": 0.56925996204933582, "רז_pct": 0.0, "שס_pct": 31.309297912713475, "ת_pct": 0.0, "lat": 32.8380176, "lon": 35.0708988, "neighborhood": "קריית שמואל" }, "geometry": { "type": "Point", "coordinates": [ 35.0708988, 32.8380176 ] } },
{ "type": "Feature", "properties": { "סמל ועדה": 7, "ברזל": 3191, "שם ישוב": "חיפה", "סמל ישוב": 4000, "קלפי": "33", "ריכוז": 3, "שופט": 0, "בזב": 561, "מצביעים": 419, "פסולים": 0, "כשרים": 419, "אמת": 2, "אצ": 1, "ב": 32, "ג": 18, "ד": 0, "ום": 0, "ז": 0, "זך": 0, "זנ": 0, "זץ": 0, "ט": 155, "י": 0, "יז": 1, "ינ": 0, "יץ": 0, "יק": 0, "כן": 32, "ך": 0, "ל": 0, "מחל": 107, "מרצ": 0, "נז": 0, "ני": 0, "נף": 0, "נץ": 0, "נק": 0, "נר": 0, "עם": 0, "פה": 7, "ף": 0, "צ": 0, "ץ": 0, "ק": 0, "קי": 0, "קך": 0, "קנ": 0, "קץ": 0, "רז": 0, "שס": 64, "ת": 0, "כתובת קלפי": "שד הרא\"ה,10 ", "מקום קלפי": "בי\"ס אהרן הרואה", "נגישה": " ", "נגישה מיוחדת": " ", "בוחרי כנסת בפועל": 561, "turnout_pct": 74.688057040998217, "אמת_pct": 0.47732696897374705, "אצ_pct": 0.23866348448687352, "ב_pct": 7.6372315035799527, "ג_pct": 4.2959427207637226, "ד_pct": 0.0, "ום_pct": 0.0, "ז_pct": 0.0, "זך_pct": 0.0, "זנ_pct": 0.0, "זץ_pct": 0.0, "ט_pct": 36.992840095465397, "י_pct": 0.0, "יז_pct": 0.23866348448687352, "ינ_pct": 0.0, "יץ_pct": 0.0, "יק_pct": 0.0, "כן_pct": 7.6372315035799527, "ך_pct": 0.0, "ל_pct": 0.0, "מחל_pct": 25.536992840095461, "מרצ_pct": 0.0, "נז_pct": 0.0, "ני_pct": 0.0, "נף_pct": 0.0, "נץ_pct": 0.0, "נק_pct": 0.0, "נר_pct": 0.0, "עם_pct": 0.0, "פה_pct": 1.6706443914081146, "ף_pct": 0.0, "צ_pct": 0.0, "ץ_pct": 0.0, "ק_pct": 0.0, "קי_pct": 0.0, "קך_pct": 0.0, "קנ_pct": 0.0, "קץ_pct": 0.0, "רז_pct": 0.0, "שס_pct": 15.274463007159905, "ת_pct": 0.0, "lat": 32.8328579, "lon": 35.0660485, "neighborhood": "קריית שמואל" }, "geometry": { "type": "Point", "coordinates": [ 35.0660485, 32.8328579 ] } },
{ "type": "Feature", "properties": { "סמל ועדה": 7, "ברזל": 3192, "שם ישוב": "חיפה", "סמל ישוב": 4000, "קלפי": "34", "ריכוז": 234, "שופט": 0, "בזב": 576, "מצביעים": 396, "פסולים": 2, "כשרים": 394, "אמת": 1, "אצ": 0, "ב": 7, "ג": 28, "ד": 0, "ום": 0, "ז": 0, "זך": 0, "זנ": 0, "זץ": 0, "ט": 119, "י": 0, "יז": 0, "ינ": 0, "יץ": 0, "יק": 0, "כן": 13, "ך": 0, "ל": 1, "מחל": 76, "מרצ": 1, "נז": 0, "ני": 0, "נף": 0, "נץ": 0, "נק": 0, "נר": 0, "עם": 0, "פה": 5, "ף": 0, "צ": 1, "ץ": 0, "ק": 0, "קי": 0, "קך": 0, "קנ": 0, "קץ": 0, "רז": 0, "שס": 142, "ת": 0, "כתובת קלפי": "פרומר דב,15 ", "מקום קלפי": "בי\"ס ממ'ד אהרון הרואה - בנים", "נגישה": "כ", "נגישה מיוחדת": "כ", "בוחרי כנסת בפועל": 576, "turnout_pct": 68.75, "אמת_pct": 0.25380710659898476, "אצ_pct": 0.0, "ב_pct": 1.7766497461928936, "ג_pct": 7.1065989847715745, "ד_pct": 0.0, "ום_pct": 0.0, "ז_pct": 0.0, "זך_pct": 0.0, "זנ_pct": 0.0, "זץ_pct": 0.0, "ט_pct": 30.203045685279189, "י_pct": 0.0, "יז_pct": 0.0, "ינ_pct": 0.0, "יץ_pct": 0.0, "יק_pct": 0.0, "כן_pct": 3.2994923857868024, "ך_pct": 0.0, "ל_pct": 0.25380710659898476, "מחל_pct": 19.289340101522843, "מרצ_pct": 0.25380710659898476, "נז_pct": 0.0, "ני_pct": 0.0, "נף_pct": 0.0, "נץ_pct": 0.0, "נק_pct": 0.0, "נר_pct": 0.0, "עם_pct": 0.0, "פה_pct": 1.2690355329949239, "ף_pct": 0.0, "צ_pct": 0.25380710659898476, "ץ_pct": 0.0, "ק_pct": 0.0, "קי_pct": 0.0, "קך_pct": 0.0, "קנ_pct": 0.0, "קץ_pct": 0.0, "רז_pct": 0.0, "שס_pct": 36.040609137055839, "ת_pct": 0.0, "lat": 32.8380176, "lon": 35.0708988, "neighborhood": "קריית שמואל" }, "geometry": { "type": "Point", "coordinates": [ 35.0708988, 32.8380176 ] } },
{ "type": "Feature", "properties": { "סמל ועדה": 7, "ברזל": 3193, "שם ישוב": "חיפה", "סמל ישוב": 4000, "קלפי": "37.1", "ריכוז": 155, "שופט": 0, "בזב": 613, "מצביעים": 490, "פסולים": 1, "כשרים": 489, "אמת": 2, "אצ": 1, "ב": 6, "ג": 16, "ד": 0, "ום": 0, "ז": 0, "זך": 0, "זנ": 0, "זץ": 0, "ט": 144, "י": 0, "יז": 0, "ינ": 0, "יץ": 0, "יק": 0, "כן": 19, "ך": 0, "ל": 9, "מחל": 121, "מרצ": 0, "נז": 0, "ני": 0, "נף": 0, "נץ": 0, "נק": 0, "נר": 0, "עם": 1, "פה": 4, "ף": 0, "צ": 0, "ץ": 0, "ק": 0, "קי": 0, "קך": 0, "קנ": 0, "קץ": 0, "רז": 0, "שס": 165, "ת": 1, "כתובת קלפי": "הים התיכון,2 ", "מקום קלפי": "חט\"ב פרחי אהרון - עירוני ב'", "נגישה": "כ", "נגישה מיוחדת": "כ", "בוחרי כנסת בפועל": 613, "turnout_pct": 79.9347471451876, "אמת_pct": 0.40899795501022501, "אצ_pct": 0.20449897750511251, "ב_pct": 1.2269938650306749, "ג_pct": 3.2719836400818001, "ד_pct": 0.0, "ום_pct": 0.0, "ז_pct": 0.0, "זך_pct": 0.0, "זנ_pct": 0.0, "זץ_pct": 0.0, "ט_pct": 29.447852760736197, "י_pct": 0.0, "יז_pct": 0.0, "ינ_pct": 0.0, "יץ_pct": 0.0, "יק_pct": 0.0, "כן_pct": 3.8854805725971371, "ך_pct": 0.0, "ל_pct": 1.8404907975460123, "מחל_pct": 24.744376278118612, "מרצ_pct": 0.0, "נז_pct": 0.0, "ני_pct": 0.0, "נף_pct": 0.0, "נץ_pct": 0.0, "נק_pct": 0.0, "נר_pct": 0.0, "עם_pct": 0.20449897750511251, "פה_pct": 0.81799591002045002, "ף_pct": 0.0, "צ_pct": 0.0, "ץ_pct": 0.0, "ק_pct": 0.0, "קי_pct": 0.0, "קך_pct": 0.0, "קנ_pct": 0.0, "קץ_pct": 0.0, "רז_pct": 0.0, "שס_pct": 33.742331288343557, "ת_pct": 0.20449897750511251, "lat": 32.8362342, "lon": 35.0675623, "neighborhood": "קריית שמואל" }, "geometry": { "type": "Point", "coordinates": [ 35.0675623, 32.8362342 ] } },
{ "type": "Feature", "properties": { "סמל ועדה": 7, "ברזל": 3194, "שם ישוב": "חיפה", "סמל ישוב": 4000, "קלפי": "37.2", "ריכוז": 155, "שופט": 0, "בזב": 612, "מצביעים": 453, "פסולים": 3, "כשרים": 450, "אמת": 2, "אצ": 1, "ב": 14, "ג": 26, "ד": 0, "ום": 0, "ז": 0, "זך": 0, "זנ": 0, "זץ": 0, "ט": 149, "י": 0, "יז": 0, "ינ": 0, "יץ": 0, "יק": 0, "כן": 4, "ך": 0, "ל": 3, "מחל": 99, "מרצ": 0, "נז": 0, "ני": 0, "נף": 0, "נץ": 0, "נק": 0, "נר": 0, "עם": 0, "פה": 13, "ף": 0, "צ": 0, "ץ": 0, "ק": 0, "קי": 0, "קך": 0, "קנ": 0, "קץ": 0, "רז": 0, "שס": 139, "ת": 0, "כתובת קלפי": "הים התיכון,2 ", "מקום קלפי": "חט\"ב פרחי אהרון - עירוני ב'", "נגישה": "כ", "נגישה מיוחדת": " ", "בוחרי כנסת בפועל": 612, "turnout_pct": 74.019607843137265, "אמת_pct": 0.44444444444444442, "אצ_pct": 0.22222222222222221, "ב_pct": 3.1111111111111112, "ג_pct": 5.7777777777777777, "ד_pct": 0.0, "ום_pct": 0.0, "ז_pct": 0.0, "זך_pct": 0.0, "זנ_pct": 0.0, "זץ_pct": 0.0, "ט_pct": 33.111111111111114, "י_pct": 0.0, "יז_pct": 0.0, "ינ_pct": 0.0, "יץ_pct": 0.0, "יק_pct": 0.0, "כן_pct": 0.88888888888888884, "ך_pct": 0.0, "ל_pct": 0.66666666666666674, "מחל_pct": 22.0, "מרצ_pct": 0.0, "נז_pct": 0.0, "ני_pct": 0.0, "נף_pct": 0.0, "נץ_pct": 0.0, "נק_pct": 0.0, "נר_pct": 0.0, "עם_pct": 0.0, "פה_pct": 2.8888888888888888, "ף_pct": 0.0, "צ_pct": 0.0, "ץ_pct": 0.0, "ק_pct": 0.0, "קי_pct": 0.0, "קך_pct": 0.0, "קנ_pct": 0.0, "קץ_pct": 0.0, "רז_pct": 0.0, "שס_pct": 30.888888888888889, "ת_pct": 0.0, "lat": 32.8362342, "lon": 35.0675623, "neighborhood": "קריית שמואל" }, "geometry": { "type": "Point", "coordinates": [ 35.0675623, 32.8362342 ] } },
{ "type": "Feature", "properties": { "סמל ועדה": 7, "ברזל": 3195, "שם ישוב": "חיפה", "סמל ישוב": 4000, "קלפי": "701", "ריכוז": 203, "שופט": 0, "בזב": 605, "מצביעים": 328, "פסולים": 6, "כשרים": 322, "אמת": 11, "אצ": 1, "ב": 1, "ג": 1, "ד": 0, "ום": 0, "ז": 0, "זך": 0, "זנ": 0, "זץ": 0, "ט": 30, "י": 0, "יז": 1, "ינ": 0, "יץ": 0, "יק": 0, "כן": 34, "ך": 1, "ל": 35, "מחל": 120, "מרצ": 8, "נז": 0, "ני": 0, "נף": 0, "נץ": 0, "נק": 0, "נר": 0, "עם": 0, "פה": 67, "ף": 0, "צ": 0, "ץ": 0, "ק": 0, "קי": 0, "קך": 0, "קנ": 0, "קץ": 0, "רז": 0, "שס": 12, "ת": 0, "כתובת קלפי": "בית אלפא,80 ", "מקום קלפי": "מרכז יום לקשיש", "נגישה": "כ", "נגישה מיוחדת": "כ", "בוחרי כנסת בפועל": 605, "turnout_pct": 54.214876033057848, "אמת_pct": 3.4161490683229814, "אצ_pct": 0.3105590062111801, "ב_pct": 0.3105590062111801, "ג_pct": 0.3105590062111801, "ד_pct": 0.0, "ום_pct": 0.0, "ז_pct": 0.0, "זך_pct": 0.0, "זנ_pct": 0.0, "זץ_pct": 0.0, "ט_pct": 9.316770186335404, "י_pct": 0.0, "יז_pct": 0.3105590062111801, "ינ_pct": 0.0, "יץ_pct": 0.0, "יק_pct": 0.0, "כן_pct": 10.559006211180124, "ך_pct": 0.3105590062111801, "ל_pct": 10.869565217391305, "מחל_pct": 37.267080745341616, "מרצ_pct": 2.4844720496894408, "נז_pct": 0.0, "ני_pct": 0.0, "נף_pct": 0.0, "נץ_pct": 0.0, "נק_pct": 0.0, "נר_pct": 0.0, "עם_pct": 0.0, "פה_pct": 20.80745341614907, "ף_pct": 0.0, "צ_pct": 0.0, "ץ_pct": 0.0, "ק_pct": 0.0, "קי_pct": 0.0, "קך_pct": 0.0, "קנ_pct": 0.0, "קץ_pct": 0.0, "רז_pct": 0.0, "שס_pct": 3.7267080745341614, "ת_pct": 0.0, "lat": 32.8366019, "lon": 35.0600374, "neighborhood": "קריית חיים מערבית" }, "geometry": { "type": "Point", "coordinates": [ 35.0600374, 32.8366019 ] } },
{ "type": "Feature", "properties": { "סמל ועדה": 7, "ברזל": 3196, "שם ישוב": "חיפה", "סמל ישוב": 4000, "קלפי": "702", "ריכוז": 245, "שופט": 0, "בזב": 626, "מצביעים": 282, "פסולים": 3, "כשרים": 279, "אמת": 3, "אצ": 0, "ב": 2, "ג": 1, "ד": 1, "ום": 0, "ז": 0, "זך": 0, "זנ": 0, "זץ": 0, "ט": 14, "י": 0, "יז": 0, "ינ": 0, "יץ": 0, "יק": 0, "כן": 18, "ך": 0, "ל": 64, "מחל": 124, "מרצ": 4, "נז": 1, "ני": 0, "נף": 0, "נץ": 0, "נק": 0, "נר": 0, "עם": 0, "פה": 38, "ף": 0, "צ": 1, "ץ": 0, "ק": 0, "קי": 0, "קך": 0, "קנ": 0, "קץ": 1, "רז": 1, "שס": 6, "ת": 0, "כתובת קלפי": "הקונגרס,43 ", "מקום קלפי": "מדע קט", "נגישה": "כ", "נגישה מיוחדת": "כ", "בוחרי כנסת בפועל": 626, "turnout_pct": 45.047923322683708, "אמת_pct": 1.0752688172043012, "אצ_pct": 0.0, "ב_pct": 0.71684587813620071, "ג_pct": 0.35842293906810035, "ד_pct": 0.35842293906810035, "ום_pct": 0.0, "ז_pct": 0.0, "זך_pct": 0.0, "זנ_pct": 0.0, "זץ_pct": 0.0, "ט_pct": 5.0179211469534053, "י_pct": 0.0, "יז_pct": 0.0, "ינ_pct": 0.0, "יץ_pct": 0.0, "יק_pct": 0.0, "כן_pct": 6.4516129032258061, "ך_pct": 0.0, "ל_pct": 22.939068100358423, "מחל_pct": 44.444444444444443, "מרצ_pct": 1.4336917562724014, "נז_pct": 0.35842293906810035, "ני_pct": 0.0, "נף_pct": 0.0, "נץ_pct": 0.0, "נק_pct": 0.0, "נר_pct": 0.0, "עם_pct": 0.0, "פה_pct": 13.620071684587815, "ף_pct": 0.0, "צ_pct": 0.35842293906810035, "ץ_pct": 0.0, "ק_pct": 0.0, "קי_pct": 0.0, "קך_pct": 0.0, "קנ_pct": 0.0, "קץ_pct": 0.35842293906810035, "רז_pct": 0.35842293906810035, "שס_pct": 2.1505376344086025, "ת_pct": 0.0, "lat": 32.8345473, "lon": 35.0567863, "neighborhood": "קריית חיים מערבית" }, "geometry": { "type": "Point", "coordinates": [ 35.0567863, 32.8345473 ] } },
{ "type": "Feature", "properties": { "סמל ועדה": 7, "ברזל": 3197, "שם ישוב": "חיפה", "סמל ישוב": 4000, "קלפי": "703", "ריכוז": 245, "שופט": 0, "בזב": 625, "מצביעים": 370, "פסולים": 4, "כשרים": 366, "אמת": 5, "אצ": 0, "ב": 1, "ג": 0, "ד": 0, "ום": 0, "ז": 0, "זך": 0, "זנ": 0, "זץ": 0, "ט": 42, "י": 0, "יז": 1, "ינ": 0, "יץ": 0, "יק": 0, "כן": 31, "ך": 0, "ל": 39, "מחל": 149, "מרצ": 1, "נז": 0, "ני": 0, "נף": 0, "נץ": 0, "נק": 0, "נר": 0, "עם": 1, "פה": 69, "ף": 0, "צ": 0, "ץ": 0, "ק": 0, "קי": 0, "קך": 0, "קנ": 0, "קץ": 2, "רז": 0, "שס": 25, "ת": 0, "כתובת קלפי": "הקונגרס,43 ", "מקום קלפי": "מדע קט", "נגישה": "כ", "נגישה מיוחדת": " ", "בוחרי כנסת בפועל": 625, "turnout_pct": 59.2, "אמת_pct": 1.3661202185792349, "אצ_pct": 0.0, "ב_pct": 0.27322404371584702, "ג_pct": 0.0, "ד_pct": 0.0, "ום_pct": 0.0, "ז_pct": 0.0, "זך_pct": 0.0, "זנ_pct": 0.0, "זץ_pct": 0.0, "ט_pct": 11.475409836065573, "י_pct": 0.0, "יז_pct": 0.27322404371584702, "ינ_pct": 0.0, "יץ_pct": 0.0, "יק_pct": 0.0, "כן_pct": 8.4699453551912569, "ך_pct": 0.0, "ל_pct": 10.655737704918032, "מחל_pct": 40.710382513661202, "מרצ_pct": 0.27322404371584702, "נז_pct": 0.0, "ני_pct": 0.0, "נף_pct": 0.0, "נץ_pct": 0.0, "נק_pct": 0.0, "נר_pct": 0.0, "עם_pct": 0.27322404371584702, "פה_pct": 18.852459016393443, "ף_pct": 0.0, "צ_pct": 0.0, "ץ_pct": 0.0, "ק_pct": 0.0, "קי_pct": 0.0, "קך_pct": 0.0, "קנ_pct": 0.0, "קץ_pct": 0.54644808743169404, "רז_pct": 0.0, "שס_pct": 6.8306010928961758, "ת_pct": 0.0, "lat": 32.8345473, "lon": 35.0567863, "neighborhood": "קריית חיים מערבית" }, "geometry": { "type": "Point", "coordinates": [ 35.0567863, 32.8345473 ] } },
{ "type": "Feature", "properties": { "סמל ועדה": 7, "ברזל": 3198, "שם ישוב": "חיפה", "סמל ישוב": 4000, "קלפי": "704", "ריכוז": 41, "שופט": 0, "בזב": 533, "מצביעים": 240, "פסולים": 4, "כשרים": 236, "אמת": 3, "אצ": 1, "ב": 2, "ג": 0, "ד": 0, "ום": 0, "ז": 1, "זך": 0, "זנ": 0, "זץ": 0, "ט": 7, "י": 0, "יז": 0, "ינ": 0, "יץ": 0, "יק": 0, "כן": 16, "ך": 1, "ל": 54, "מחל": 96, "מרצ": 1, "נז": 0, "ני": 0, "נף": 0, "נץ": 0, "נק": 0, "נר": 0, "עם": 0, "פה": 49, "ף": 0, "צ": 0, "ץ": 0, "ק": 0, "קי": 0, "קך": 0, "קנ": 0, "קץ": 1, "רז": 0, "שס": 3, "ת": 1, "כתובת קלפי": "שד דגניה,53 ", "מקום קלפי": "בי\"ס רגבים", "נגישה": "כ", "נגישה מיוחדת": "כ", "בוחרי כנסת בפועל": 533, "turnout_pct": 45.028142589118197, "אמת_pct": 1.2711864406779663, "אצ_pct": 0.42372881355932202, "ב_pct": 0.84745762711864403, "ג_pct": 0.0, "ד_pct": 0.0, "ום_pct": 0.0, "ז_pct": 0.42372881355932202, "זך_pct": 0.0, "זנ_pct": 0.0, "זץ_pct": 0.0, "ט_pct": 2.9661016949152543, "י_pct": 0.0, "יז_pct": 0.0, "ינ_pct": 0.0, "יץ_pct": 0.0, "יק_pct": 0.0, "כן_pct": 6.7796610169491522, "ך_pct": 0.42372881355932202, "ל_pct": 22.881355932203391, "מחל_pct": 40.677966101694921, "מרצ_pct": 0.42372881355932202, "נז_pct": 0.0, "ני_pct": 0.0, "נף_pct": 0.0, "נץ_pct": 0.0, "נק_pct": 0.0, "נר_pct": 0.0, "עם_pct": 0.0, "פה_pct": 20.762711864406779, "ף_pct": 0.0, "צ_pct": 0.0, "ץ_pct": 0.0, "ק_pct": 0.0, "קי_pct": 0.0, "קך_pct": 0.0, "קנ_pct": 0.0, "קץ_pct": 0.42372881355932202, "רז_pct": 0.0, "שס_pct": 1.2711864406779663, "ת_pct": 0.42372881355932202, "lat": 32.828987, "lon": 35.0591468, "neighborhood": "קריית חיים מערבית" }, "geometry": { "type": "Point", "coordinates": [ 35.0591468, 32.828987 ] } },
{ "type": "Feature", "properties": { "סמל ועדה": 7, "ברזל": 3199, "שם ישוב": "חיפה", "סמל ישוב": 4000, "קלפי": "705", "ריכוז": 41, "שופט": 0, "בזב": 583, "מצביעים": 270, "פסולים": 4, "כשרים": 266, "אמת": 3, "אצ": 0, "ב": 1, "ג": 1, "ד": 1, "ום": 0, "ז": 0, "זך": 0, "זנ": 0, "זץ": 0, "ט": 32, "י": 1, "יז": 1, "ינ": 0, "יץ": 0, "יק": 0, "כן": 21, "ך": 0, "ל": 21, "מחל": 116, "מרצ": 3, "נז": 1, "ני": 0, "נף": 0, "נץ": 0, "נק": 0, "נר": 0, "עם": 0, "פה": 51, "ף": 0, "צ": 3, "ץ": 0, "ק": 0, "קי": 0, "קך": 1, "קנ": 0, "קץ": 0, "רז": 0, "שס": 9, "ת": 0, "כתובת קלפי": "שד דגניה,53 ", "מקום קלפי": "בי\"ס רגבים", "נגישה": "כ", "נגישה מיוחדת": " ", "בוחרי כנסת בפועל": 583, "turnout_pct": 46.312178387650086, "אמת_pct": 1.1278195488721803, "אצ_pct": 0.0, "ב_pct": 0.37593984962406013, "ג_pct": 0.37593984962406013, "ד_pct": 0.37593984962406013, "ום_pct": 0.0, "ז_pct": 0.0, "זך_pct": 0.0, "זנ_pct": 0.0, "זץ_pct": 0.0, "ט_pct": 12.030075187969924, "י_pct": 0.37593984962406013, "יז_pct": 0.37593984962406013, "ינ_pct": 0.0, "יץ_pct": 0.0, "יק_pct": 0.0, "כן_pct": 7.8947368421052628, "ך_pct": 0.0, "ל_pct": 7.8947368421052628, "מחל_pct": 43.609022556390975, "מרצ_pct": 1.1278195488721803, "נז_pct": 0.37593984962406013, "ני_pct": 0.0, "נף_pct": 0.0, "נץ_pct": 0.0, "נק_pct": 0.0, "נר_pct": 0.0, "עם_pct": 0.0, "פה_pct": 19.172932330827066, "ף_pct": 0.0, "צ_pct": 1.1278195488721803, "ץ_pct": 0.0, "ק_pct": 0.0, "קי_pct": 0.0, "קך_pct": 0.37593984962406013, "קנ_pct": 0.0, "קץ_pct": 0.0, "רז_pct": 0.0, "שס_pct": 3.3834586466165413, "ת_pct": 0.0, "lat": 32.828987, "lon": 35.0591468, "neighborhood": "קריית חיים מערבית" }, "geometry": { "type": "Point", "coordinates": [ 35.0591468, 32.828987 ] } },
{ "type": "Feature", "properties": { "סמל ועדה": 7, "ברזל": 3200, "שם ישוב": "חיפה", "סמל ישוב": 4000, "קלפי": "707", "ריכוז": 244, "שופט": 0, "בזב": 533, "מצביעים": 248, "פסולים": 4, "כשרים": 244, "אמת": 3, "אצ": 0, "ב": 3, "ג": 1, "ד": 0, "ום": 0, "ז": 0, "זך": 0, "זנ": 0, "זץ": 0, "ט": 20, "י": 0, "יז": 1, "ינ": 0, "יץ": 1, "יק": 0, "כן": 11, "ך": 0, "ל": 74, "מחל": 78, "מרצ": 0, "נז": 1, "ני": 0, "נף": 0, "נץ": 0, "נק": 0, "נר": 0, "עם": 1, "פה": 37, "ף": 0, "צ": 0, "ץ": 0, "ק": 0, "קי": 0, "קך": 0, "קנ": 0, "קץ": 3, "רז": 0, "שס": 9, "ת": 1, "כתובת קלפי": "הקונגרס,43א", "מקום קלפי": "בית היינה", "נגישה": "כ", "נגישה מיוחדת": " ", "בוחרי כנסת בפועל": 533, "turnout_pct": 46.529080675422144, "אמת_pct": 1.2295081967213115, "אצ_pct": 0.0, "ב_pct": 1.2295081967213115, "ג_pct": 0.4098360655737705, "ד_pct": 0.0, "ום_pct": 0.0, "ז_pct": 0.0, "זך_pct": 0.0, "זנ_pct": 0.0, "זץ_pct": 0.0, "ט_pct": 8.1967213114754092, "י_pct": 0.0, "יז_pct": 0.4098360655737705, "ינ_pct": 0.0, "יץ_pct": 0.4098360655737705, "יק_pct": 0.0, "כן_pct": 4.5081967213114753, "ך_pct": 0.0, "ל_pct": 30.327868852459016, "מחל_pct": 31.967213114754102, "מרצ_pct": 0.0, "נז_pct": 0.4098360655737705, "ני_pct": 0.0, "נף_pct": 0.0, "נץ_pct": 0.0, "נק_pct": 0.0, "נר_pct": 0.0, "עם_pct": 0.4098360655737705, "פה_pct": 15.163934426229508, "ף_pct": 0.0, "צ_pct": 0.0, "ץ_pct": 0.0, "ק_pct": 0.0, "קי_pct": 0.0, "קך_pct": 0.0, "קנ_pct": 0.0, "קץ_pct": 1.2295081967213115, "רז_pct": 0.0, "שס_pct": 3.6885245901639343, "ת_pct": 0.4098360655737705, "lat": 32.8345473, "lon": 35.0567863, "neighborhood": "קריית חיים מערבית" }, "geometry": { "type": "Point", "coordinates": [ 35.0567863, 32.8345473 ] } },
{ "type": "Feature", "properties": { "סמל ועדה": 7, "ברזל": 3201, "שם ישוב": "חיפה", "סמל ישוב": 4000, "קלפי": "708", "ריכוז": 244, "שופט": 0, "בזב": 477, "מצביעים": 298, "פסולים": 1, "כשרים": 297, "אמת": 10, "אצ": 0, "ב": 2, "ג": 0, "ד": 0, "ום": 0, "ז": 0, "זך": 0, "זנ": 0, "זץ": 0, "ט": 21, "י": 0, "יז": 1, "ינ": 0, "יץ": 0, "יק": 0, "כן": 43, "ך": 0, "ל": 11, "מחל": 107, "מרצ": 4, "נז": 0, "ני": 0, "נף": 0, "נץ": 0, "נק": 0, "נר": 0, "עם": 0, "פה": 90, "ף": 0, "צ": 2, "ץ": 0, "ק": 0, "קי": 0, "קך": 0, "קנ": 0, "קץ": 0, "רז": 0, "שס": 6, "ת": 0, "כתובת קלפי": "הקונגרס,43א", "מקום קלפי": "בית היינה", "נגישה": "כ", "נגישה מיוחדת": "כ", "בוחרי כנסת בפועל": 477, "turnout_pct": 62.473794549266245, "אמת_pct": 3.3670033670033668, "אצ_pct": 0.0, "ב_pct": 0.67340067340067333, "ג_pct": 0.0, "ד_pct": 0.0, "ום_pct": 0.0, "ז_pct": 0.0, "זך_pct": 0.0, "זנ_pct": 0.0, "זץ_pct": 0.0, "ט_pct": 7.0707070707070701, "י_pct": 0.0, "יז_pct": 0.33670033670033667, "ינ_pct": 0.0, "יץ_pct": 0.0, "יק_pct": 0.0, "כן_pct": 14.478114478114479, "ך_pct": 0.0, "ל_pct": 3.7037037037037033, "מחל_pct": 36.026936026936028, "מרצ_pct": 1.3468013468013467, "נז_pct": 0.0, "ני_pct": 0.0, "נף_pct": 0.0, "נץ_pct": 0.0, "נק_pct": 0.0, "נר_pct": 0.0, "עם_pct": 0.0, "פה_pct": 30.303030303030305, "ף_pct": 0.0, "צ_pct": 0.67340067340067333, "ץ_pct": 0.0, "ק_pct": 0.0, "קי_pct": 0.0, "קך_pct": 0.0, "קנ_pct": 0.0, "קץ_pct": 0.0, "רז_pct": 0.0, "שס_pct": 2.0202020202020203, "ת_pct": 0.0, "lat": 32.8345473, "lon": 35.0567863, "neighborhood": "קריית חיים מערבית" }, "geometry": { "type": "Point", "coordinates": [ 35.0567863, 32.8345473 ] } },
{ "type": "Feature", "properties": { "סמל ועדה": 7, "ברזל": 3202, "שם ישוב": "חיפה", "סמל ישוב": 4000, "קלפי": "715.1", "ריכוז": 16, "שופט": 0, "בזב": 615, "מצביעים": 316, "פסולים": 6, "כשרים": 310, "אמת": 4, "אצ": 1, "ב": 0, "ג": 0, "ד": 0, "ום": 0, "ז": 0, "זך": 0, "זנ": 0, "זץ": 0, "ט": 27, "י": 0, "יז": 0, "ינ": 0, "יץ": 0, "יק": 0, "כן": 22, "ך": 0, "ל": 34, "מחל": 154, "מרצ": 4, "נז": 0, "ני": 0, "נף": 0, "נץ": 0, "נק": 1, "נר": 0, "עם": 0, "פה": 52, "ף": 0, "צ": 1, "ץ": 0, "ק": 0, "קי": 0, "קך": 0, "קנ": 0, "קץ": 1, "רז": 0, "שס": 9, "ת": 0, "כתובת קלפי": "שד דגניה,33 ", "מקום קלפי": "בי\"ס דגניה", "נגישה": "כ", "נגישה מיוחדת": "כ", "בוחרי כנסת בפועל": 615, "turnout_pct": 51.382113821138212, "אמת_pct": 1.2903225806451613, "אצ_pct": 0.32258064516129031, "ב_pct": 0.0, "ג_pct": 0.0, "ד_pct": 0.0, "ום_pct": 0.0, "ז_pct": 0.0, "זך_pct": 0.0, "זנ_pct": 0.0, "זץ_pct": 0.0, "ט_pct": 8.7096774193548381, "י_pct": 0.0, "יז_pct": 0.0, "ינ_pct": 0.0, "יץ_pct": 0.0, "יק_pct": 0.0, "כן_pct": 7.096774193548387, "ך_pct": 0.0, "ל_pct": 10.967741935483872, "מחל_pct": 49.677419354838712, "מרצ_pct": 1.2903225806451613, "נז_pct": 0.0, "ני_pct": 0.0, "נף_pct": 0.0, "נץ_pct": 0.0, "נק_pct": 0.32258064516129031, "נר_pct": 0.0, "עם_pct": 0.0, "פה_pct": 16.7741935483871, "ף_pct": 0.0, "צ_pct": 0.32258064516129031, "ץ_pct": 0.0, "ק_pct": 0.0, "קי_pct": 0.0, "קך_pct": 0.0, "קנ_pct": 0.0, "קץ_pct": 0.32258064516129031, "רז_pct": 0.0, "שס_pct": 2.903225806451613, "ת_pct": 0.0, "lat": 32.8293176, "lon": 35.0574481, "neighborhood": "קריית חיים מערבית" }, "geometry": { "type": "Point", "coordinates": [ 35.0574481, 32.8293176 ] } },
{ "type": "Feature", "properties": { "סמל ועדה": 7, "ברזל": 3203, "שם ישוב": "חיפה", "סמל ישוב": 4000, "קלפי": "715.2", "ריכוז": 16, "שופט": 0, "בזב": 615, "מצביעים": 297, "פסולים": 6, "כשרים": 291, "אמת": 8, "אצ": 0, "ב": 1, "ג": 2, "ד": 0, "ום": 0, "ז": 1, "זך": 0, "זנ": 0, "זץ": 0, "ט": 22, "י": 0, "יז": 1, "ינ": 0, "יץ": 0, "יק": 0, "כן": 24, "ך": 0, "ל": 31, "מחל": 122, "מרצ": 3, "נז": 0, "ני": 0, "נף": 0, "נץ": 0, "נק": 0, "נר": 0, "עם": 0, "פה": 61, "ף": 0, "צ": 2, "ץ": 0, "ק": 0, "קי": 0, "קך": 2, "קנ": 0, "קץ": 3, "רז": 0, "שס": 8, "ת": 0, "כתובת קלפי": "שד דגניה,33 ", "מקום קלפי": "בי\"ס דגניה", "נגישה": "כ", "נגישה מיוחדת": " ", "בוחרי כנסת בפועל": 615, "turnout_pct": 48.292682926829265, "אמת_pct": 2.7491408934707904, "אצ_pct": 0.0, "ב_pct": 0.3436426116838488, "ג_pct": 0.6872852233676976, "ד_pct": 0.0, "ום_pct": 0.0, "ז_pct": 0.3436426116838488, "זך_pct": 0.0, "זנ_pct": 0.0, "זץ_pct": 0.0, "ט_pct": 7.5601374570446733, "י_pct": 0.0, "יז_pct": 0.3436426116838488, "ינ_pct": 0.0, "יץ_pct": 0.0, "יק_pct": 0.0, "כן_pct": 8.2474226804123703, "ך_pct": 0.0, "ל_pct": 10.652920962199312, "מחל_pct": 41.924398625429554, "מרצ_pct": 1.0309278350515463, "נז_pct": 0.0, "ני_pct": 0.0, "נף_pct": 0.0, "נץ_pct": 0.0, "נק_pct": 0.0, "נר_pct": 0.0, "עם_pct": 0.0, "פה_pct": 20.962199312714777, "ף_pct": 0.0, "צ_pct": 0.6872852233676976, "ץ_pct": 0.0, "ק_pct": 0.0, "קי_pct": 0.0, "קך_pct": 0.6872852233676976, "קנ_pct": 0.0, "קץ_pct": 1.0309278350515463, "רז_pct": 0.0, "שס_pct": 2.7491408934707904, "ת_pct": 0.0, "lat": 32.8293176, "lon": 35.0574481, "neighborhood": "קריית חיים מערבית" }, "geometry": { "type": "Point", "coordinates": [ 35.0574481, 32.8293176 ] } },
{ "type": "Feature", "properties": { "סמל ועדה": 7, "ברזל": 3204, "שם ישוב": "חיפה", "סמל ישוב": 4000, "קלפי": "715.3", "ריכוז": 16, "שופט": 0, "בזב": 615, "מצביעים": 291, "פסולים": 2, "כשרים": 289, "אמת": 6, "אצ": 0, "ב": 1, "ג": 1, "ד": 0, "ום": 1, "ז": 0, "זך": 0, "זנ": 0, "זץ": 0, "ט": 26, "י": 0, "יז": 3, "ינ": 0, "יץ": 0, "יק": 0, "כן": 22, "ך": 0, "ל": 46, "מחל": 107, "מרצ": 3, "נז": 0, "ני": 0, "נף": 0, "נץ": 0, "נק": 0, "נר": 0, "עם": 0, "פה": 64, "ף": 0, "צ": 0, "ץ": 0, "ק": 1, "קי": 0, "קך": 0, "קנ": 0, "קץ": 1, "רז": 0, "שס": 7, "ת": 0, "כתובת קלפי": "שד דגניה,33 ", "מקום קלפי": "בי\"ס דגניה", "נגישה": "כ", "נגישה מיוחדת": " ", "בוחרי כנסת בפועל": 615, "turnout_pct": 47.317073170731703, "אמת_pct": 2.0761245674740483, "אצ_pct": 0.0, "ב_pct": 0.34602076124567477, "ג_pct": 0.34602076124567477, "ד_pct": 0.0, "ום_pct": 0.34602076124567477, "ז_pct": 0.0, "זך_pct": 0.0, "זנ_pct": 0.0, "זץ_pct": 0.0, "ט_pct": 8.9965397923875443, "י_pct": 0.0, "יז_pct": 1.0380622837370241, "ינ_pct": 0.0, "יץ_pct": 0.0, "יק_pct": 0.0, "כן_pct": 7.6124567474048446, "ך_pct": 0.0, "ל_pct": 15.916955017301039, "מחל_pct": 37.024221453287197, "מרצ_pct": 1.0380622837370241, "נז_pct": 0.0, "ני_pct": 0.0, "נף_pct": 0.0, "נץ_pct": 0.0, "נק_pct": 0.0, "נר_pct": 0.0, "עם_pct": 0.0, "פה_pct": 22.145328719723185, "ף_pct": 0.0, "צ_pct": 0.0, "ץ_pct": 0.0, "ק_pct": 0.34602076124567477, "קי_pct": 0.0, "קך_pct": 0.0, "קנ_pct": 0.0, "קץ_pct": 0.34602076124567477, "רז_pct": 0.0, "שס_pct": 2.422145328719723, "ת_pct": 0.0, "lat": 32.8293176, "lon": 35.0574481, "neighborhood": "קריית חיים מערבית" }, "geometry": { "type": "Point", "coordinates": [ 35.0574481, 32.8293176 ] } },
{ "type": "Feature", "properties": { "סמל ועדה": 7, "ברזל": 3205, "שם ישוב": "חיפה", "סמל ישוב": 4000, "קלפי": "716", "ריכוז": 3, "שופט": 0, "בזב": 643, "מצביעים": 390, "פסולים": 3, "כשרים": 387, "אמת": 12, "אצ": 0, "ב": 0, "ג": 4, "ד": 0, "ום": 0, "ז": 0, "זך": 0, "זנ": 0, "זץ": 0, "ט": 66, "י": 0, "יז": 4, "ינ": 0, "יץ": 0, "יק": 0, "כן": 44, "ך": 0, "ל": 18, "מחל": 128, "מרצ": 2, "נז": 0, "ני": 0, "נף": 0, "נץ": 0, "נק": 0, "נר": 0, "עם": 0, "פה": 77, "ף": 0, "צ": 0, "ץ": 0, "ק": 1, "קי": 0, "קך": 0, "קנ": 0, "קץ": 0, "רז": 1, "שס": 30, "ת": 0, "כתובת קלפי": "שד הרא\"ה,10 ", "מקום קלפי": "בי\"ס אהרן הרואה", "נגישה": " ", "נגישה מיוחדת": " ", "בוחרי כנסת בפועל": 643, "turnout_pct": 60.653188180404349, "אמת_pct": 3.1007751937984498, "אצ_pct": 0.0, "ב_pct": 0.0, "ג_pct": 1.03359173126615, "ד_pct": 0.0, "ום_pct": 0.0, "ז_pct": 0.0, "זך_pct": 0.0, "זנ_pct": 0.0, "זץ_pct": 0.0, "ט_pct": 17.054263565891471, "י_pct": 0.0, "יז_pct": 1.03359173126615, "ינ_pct": 0.0, "יץ_pct": 0.0, "יק_pct": 0.0, "כן_pct": 11.369509043927648, "ך_pct": 0.0, "ל_pct": 4.6511627906976747, "מחל_pct": 33.0749354005168, "מרצ_pct": 0.516795865633075, "נז_pct": 0.0, "ני_pct": 0.0, "נף_pct": 0.0, "נץ_pct": 0.0, "נק_pct": 0.0, "נר_pct": 0.0, "עם_pct": 0.0, "פה_pct": 19.896640826873384, "ף_pct": 0.0, "צ_pct": 0.0, "ץ_pct": 0.0, "ק_pct": 0.2583979328165375, "קי_pct": 0.0, "קך_pct": 0.0, "קנ_pct": 0.0, "קץ_pct": 0.0, "רז_pct": 0.2583979328165375, "שס_pct": 7.7519379844961236, "ת_pct": 0.0, "lat": 32.8328579, "lon": 35.0660485, "neighborhood": "קריית שמואל" }, "geometry": { "type": "Point", "coordinates": [ 35.0660485, 32.8328579 ] } },
{ "type": "Feature", "properties": { "סמל ועדה": 7, "ברזל": 3206, "שם ישוב": "חיפה", "סמל ישוב": 4000, "קלפי": "717", "ריכוז": 203, "שופט": 0, "בזב": 525, "מצביעים": 304, "פסולים": 2, "כשרים": 302, "אמת": 7, "אצ": 0, "ב": 0, "ג": 3, "ד": 0, "ום": 1, "ז": 0, "זך": 0, "זנ": 0, "זץ": 0, "ט": 32, "י": 0, "יז": 1, "ינ": 0, "יץ": 0, "יק": 0, "כן": 31, "ך": 0, "ל": 33, "מחל": 99, "מרצ": 3, "נז": 0, "ני": 0, "נף": 0, "נץ": 0, "נק": 0, "נר": 0, "עם": 0, "פה": 86, "ף": 0, "צ": 0, "ץ": 0, "ק": 0, "קי": 0, "קך": 0, "קנ": 0, "קץ": 0, "רז": 0, "שס": 6, "ת": 0, "כתובת קלפי": "בית אלפא,80 ", "מקום קלפי": "מרכז יום לקשיש", "נגישה": "כ", "נגישה מיוחדת": " ", "בוחרי כנסת בפועל": 525, "turnout_pct": 57.904761904761905, "אמת_pct": 2.3178807947019866, "אצ_pct": 0.0, "ב_pct": 0.0, "ג_pct": 0.99337748344370869, "ד_pct": 0.0, "ום_pct": 0.33112582781456956, "ז_pct": 0.0, "זך_pct": 0.0, "זנ_pct": 0.0, "זץ_pct": 0.0, "ט_pct": 10.596026490066226, "י_pct": 0.0, "יז_pct": 0.33112582781456956, "ינ_pct": 0.0, "יץ_pct": 0.0, "יק_pct": 0.0, "כן_pct": 10.264900662251655, "ך_pct": 0.0, "ל_pct": 10.927152317880795, "מחל_pct": 32.781456953642383, "מרצ_pct": 0.99337748344370869, "נז_pct": 0.0, "ני_pct": 0.0, "נף_pct": 0.0, "נץ_pct": 0.0, "נק_pct": 0.0, "נר_pct": 0.0, "עם_pct": 0.0, "פה_pct": 28.476821192052981, "ף_pct": 0.0, "צ_pct": 0.0, "ץ_pct": 0.0, "ק_pct": 0.0, "קי_pct": 0.0, "קך_pct": 0.0, "קנ_pct": 0.0, "קץ_pct": 0.0, "רז_pct": 0.0, "שס_pct": 1.9867549668874174, "ת_pct": 0.0, "lat": 32.8366019, "lon": 35.0600374, "neighborhood": "קריית חיים מערבית" }, "geometry": { "type": "Point", "coordinates": [ 35.0600374, 32.8366019 ] } },
{ "type": "Feature", "properties": { "סמל ועדה": 7, "ברזל": 3207, "שם ישוב": "חיפה", "סמל ישוב": 4000, "קלפי": "706", "ריכוז": 14, "שופט": 1, "בזב": 645, "מצביעים": 434, "פסולים": 4, "כשרים": 430, "אמת": 9, "אצ": 1, "ב": 4, "ג": 6, "ד": 0, "ום": 0, "ז": 0, "זך": 0, "זנ": 0, "זץ": 0, "ט": 47, "י": 0, "יז": 4, "ינ": 0, "יץ": 0, "יק": 0, "כן": 53, "ך": 0, "ל": 16, "מחל": 181, "מרצ": 7, "נז": 0, "ני": 0, "נף": 1, "נץ": 0, "נק": 0, "נר": 0, "עם": 0, "פה": 87, "ף": 0, "צ": 3, "ץ": 0, "ק": 0, "קי": 0, "קך": 0, "קנ": 0, "קץ": 1, "רז": 0, "שס": 10, "ת": 0, "כתובת קלפי": "ארן זלמן,43 ", "מקום קלפי": "בי\"ס גורדון", "נגישה": "כ", "נגישה מיוחדת": " ", "בוחרי כנסת בפועל": 645, "turnout_pct": 67.286821705426362, "אמת_pct": 2.0930232558139537, "אצ_pct": 0.23255813953488372, "ב_pct": 0.93023255813953487, "ג_pct": 1.3953488372093024, "ד_pct": 0.0, "ום_pct": 0.0, "ז_pct": 0.0, "זך_pct": 0.0, "זנ_pct": 0.0, "זץ_pct": 0.0, "ט_pct": 10.930232558139535, "י_pct": 0.0, "יז_pct": 0.93023255813953487, "ינ_pct": 0.0, "יץ_pct": 0.0, "יק_pct": 0.0, "כן_pct": 12.325581395348838, "ך_pct": 0.0, "ל_pct": 3.7209302325581395, "מחל_pct": 42.093023255813954, "מרצ_pct": 1.6279069767441861, "נז_pct": 0.0, "ני_pct": 0.0, "נף_pct": 0.23255813953488372, "נץ_pct": 0.0, "נק_pct": 0.0, "נר_pct": 0.0, "עם_pct": 0.0, "פה_pct": 20.232558139534884, "ף_pct": 0.0, "צ_pct": 0.69767441860465118, "ץ_pct": 0.0, "ק_pct": 0.0, "קי_pct": 0.0, "קך_pct": 0.0, "קנ_pct": 0.0, "קץ_pct": 0.23255813953488372, "רז_pct": 0.0, "שס_pct": 2.3255813953488373, "ת_pct": 0.0, "lat": 32.8330497, "lon": 35.0598476, "neighborhood": "קריית חיים מערבית" }, "geometry": { "type": "Point", "coordinates": [ 35.0598476, 32.8330497 ] } },
{ "type": "Feature", "properties": { "סמל ועדה": 7, "ברזל": 3208, "שם ישוב": "חיפה", "סמל ישוב": 4000, "קלפי": "711", "ריכוז": 14, "שופט": 0, "בזב": 492, "מצביעים": 248, "פסולים": 4, "כשרים": 244, "אמת": 8, "אצ": 1, "ב": 1, "ג": 0, "ד": 0, "ום": 0, "ז": 0, "זך": 0, "זנ": 0, "זץ": 0, "ט": 26, "י": 0, "יז": 0, "ינ": 0, "יץ": 0, "יק": 0, "כן": 27, "ך": 0, "ל": 20, "מחל": 111, "מרצ": 2, "נז": 0, "ני": 0, "נף": 0, "נץ": 0, "נק": 0, "נר": 0, "עם": 0, "פה": 37, "ף": 0, "צ": 0, "ץ": 0, "ק": 1, "קי": 0, "קך": 0, "קנ": 0, "קץ": 0, "רז": 0, "שס": 10, "ת": 0, "כתובת קלפי": "ארן זלמן,43 ", "מקום קלפי": "בי\"ס גורדון", "נגישה": "כ", "נגישה מיוחדת": "כ", "בוחרי כנסת בפועל": 492, "turnout_pct": 50.40650406504065, "אמת_pct": 3.278688524590164, "אצ_pct": 0.4098360655737705, "ב_pct": 0.4098360655737705, "ג_pct": 0.0, "ד_pct": 0.0, "ום_pct": 0.0, "ז_pct": 0.0, "זך_pct": 0.0, "זנ_pct": 0.0, "זץ_pct": 0.0, "ט_pct": 10.655737704918032, "י_pct": 0.0, "יז_pct": 0.0, "ינ_pct": 0.0, "יץ_pct": 0.0, "יק_pct": 0.0, "כן_pct": 11.065573770491802, "ך_pct": 0.0, "ל_pct": 8.1967213114754092, "מחל_pct": 45.491803278688522, "מרצ_pct": 0.81967213114754101, "נז_pct": 0.0, "ני_pct": 0.0, "נף_pct": 0.0, "נץ_pct": 0.0, "נק_pct": 0.0, "נר_pct": 0.0, "עם_pct": 0.0, "פה_pct": 15.163934426229508, "ף_pct": 0.0, "צ_pct": 0.0, "ץ_pct": 0.0, "ק_pct": 0.4098360655737705, "קי_pct": 0.0, "קך_pct": 0.0, "קנ_pct": 0.0, "קץ_pct": 0.0, "רז_pct": 0.0, "שס_pct": 4.0983606557377046, "ת_pct": 0.0, "lat": 32.8330497, "lon": 35.0598476, "neighborhood": "קריית חיים מערבית" }, "geometry": { "type": "Point", "coordinates": [ 35.0598476, 32.8330497 ] } },
{ "type": "Feature", "properties": { "סמל ועדה": 7, "ברזל": 3209, "שם ישוב": "חיפה", "סמל ישוב": 4000, "קלפי": "712", "ריכוז": 14, "שופט": 0, "בזב": 519, "מצביעים": 335, "פסולים": 1, "כשרים": 334, "אמת": 8, "אצ": 0, "ב": 6, "ג": 2, "ד": 0, "ום": 0, "ז": 0, "זך": 0, "זנ": 0, "זץ": 0, "ט": 39, "י": 0, "יז": 1, "ינ": 0, "יץ": 0, "יק": 0, "כן": 36, "ך": 0, "ל": 13, "מחל": 140, "מרצ": 2, "נז": 0, "ני": 0, "נף": 0, "נץ": 0, "נק": 1, "נר": 0, "עם": 0, "פה": 71, "ף": 0, "צ": 1, "ץ": 0, "ק": 0, "קי": 0, "קך": 0, "קנ": 0, "קץ": 3, "רז": 0, "שס": 11, "ת": 0, "כתובת קלפי": "ארן זלמן,43 ", "מקום קלפי": "בי\"ס גורדון", "נגישה": "כ", "נגישה מיוחדת": " ", "בוחרי כנסת בפועל": 519, "turnout_pct": 64.547206165703273, "אמת_pct": 2.3952095808383236, "אצ_pct": 0.0, "ב_pct": 1.7964071856287425, "ג_pct": 0.5988023952095809, "ד_pct": 0.0, "ום_pct": 0.0, "ז_pct": 0.0, "זך_pct": 0.0, "זנ_pct": 0.0, "זץ_pct": 0.0, "ט_pct": 11.676646706586826, "י_pct": 0.0, "יז_pct": 0.29940119760479045, "ינ_pct": 0.0, "יץ_pct": 0.0, "יק_pct": 0.0, "כן_pct": 10.778443113772456, "ך_pct": 0.0, "ל_pct": 3.8922155688622757, "מחל_pct": 41.916167664670652, "מרצ_pct": 0.5988023952095809, "נז_pct": 0.0, "ני_pct": 0.0, "נף_pct": 0.0, "נץ_pct": 0.0, "נק_pct": 0.29940119760479045, "נר_pct": 0.0, "עם_pct": 0.0, "פה_pct": 21.257485029940121, "ף_pct": 0.0, "צ_pct": 0.29940119760479045, "ץ_pct": 0.0, "ק_pct": 0.0, "קי_pct": 0.0, "קך_pct": 0.0, "קנ_pct": 0.0, "קץ_pct": 0.89820359281437123, "רז_pct": 0.0, "שס_pct": 3.293413173652695, "ת_pct": 0.0, "lat": 32.8330497, "lon": 35.0598476, "neighborhood": "קריית חיים מערבית" }, "geometry": { "type": "Point", "coordinates": [ 35.0598476, 32.8330497 ] } },
{ "type": "Feature", "properties": { "סמל ועדה": 7, "ברזל": 3210, "שם ישוב": "חיפה", "סמל ישוב": 4000, "קלפי": "721.1", "ריכוז": 265, "שופט": 0, "בזב": 656, "מצביעים": 457, "פסולים": 1, "כשרים": 456, "אמת": 18, "אצ": 3, "ב": 6, "ג": 3, "ד": 0, "ום": 0, "ז": 0, "זך": 0, "זנ": 0, "זץ": 1, "ט": 44, "י": 0, "יז": 0, "ינ": 0, "יץ": 0, "יק": 0, "כן": 48, "ך": 0, "ל": 11, "מחל": 194, "מרצ": 8, "נז": 0, "ני": 0, "נף": 0, "נץ": 0, "נק": 0, "נר": 0, "עם": 0, "פה": 107, "ף": 0, "צ": 2, "ץ": 0, "ק": 0, "קי": 1, "קך": 0, "קנ": 0, "קץ": 0, "רז": 0, "שס": 10, "ת": 0, "כתובת קלפי": "הגדוד העברי,48 ", "מקום קלפי": "תיכון ק.חיים בניין שקד", "נגישה": "כ", "נגישה מיוחדת": "כ", "בוחרי כנסת בפועל": 656, "turnout_pct": 69.66463414634147, "אמת_pct": 3.9473684210526314, "אצ_pct": 0.6578947368421052, "ב_pct": 1.3157894736842104, "ג_pct": 0.6578947368421052, "ד_pct": 0.0, "ום_pct": 0.0, "ז_pct": 0.0, "זך_pct": 0.0, "זנ_pct": 0.0, "זץ_pct": 0.21929824561403508, "ט_pct": 9.6491228070175428, "י_pct": 0.0, "יז_pct": 0.0, "ינ_pct": 0.0, "יץ_pct": 0.0, "יק_pct": 0.0, "כן_pct": 10.526315789473683, "ך_pct": 0.0, "ל_pct": 2.4122807017543857, "מחל_pct": 42.543859649122808, "מרצ_pct": 1.7543859649122806, "נז_pct": 0.0, "ני_pct": 0.0, "נף_pct": 0.0, "נץ_pct": 0.0, "נק_pct": 0.0, "נר_pct": 0.0, "עם_pct": 0.0, "פה_pct": 23.464912280701753, "ף_pct": 0.0, "צ_pct": 0.43859649122807015, "ץ_pct": 0.0, "ק_pct": 0.0, "קי_pct": 0.21929824561403508, "קך_pct": 0.0, "קנ_pct": 0.0, "קץ_pct": 0.0, "רז_pct": 0.0, "שס_pct": 2.1929824561403506, "ת_pct": 0.0, "lat": 32.8243569, "lon": 35.0685844, "neighborhood": "קריית חיים מזרחית" }, "geometry": { "type": "Point", "coordinates": [ 35.0685844, 32.8243569 ] } },
{ "type": "Feature", "properties": { "סמל ועדה": 7, "ברזל": 3211, "שם ישוב": "חיפה", "סמל ישוב": 4000, "קלפי": "721.2", "ריכוז": 265, "שופט": 0, "בזב": 656, "מצביעים": 463, "פסולים": 4, "כשרים": 459, "אמת": 35, "אצ": 4, "ב": 5, "ג": 2, "ד": 0, "ום": 0, "ז": 0, "זך": 0, "זנ": 0, "זץ": 0, "ט": 45, "י": 0, "יז": 3, "ינ": 0, "יץ": 0, "יק": 0, "כן": 52, "ך": 0, "ל": 18, "מחל": 128, "מרצ": 11, "נז": 0, "ני": 0, "נף": 0, "נץ": 1, "נק": 0, "נר": 0, "עם": 0, "פה": 138, "ף": 1, "צ": 0, "ץ": 0, "ק": 0, "קי": 0, "קך": 0, "קנ": 0, "קץ": 3, "רז": 0, "שס": 12, "ת": 1, "כתובת קלפי": "הגדוד העברי,48 ", "מקום קלפי": "תיכון ק.חיים בניין שקד", "נגישה": "כ", "נגישה מיוחדת": " ", "בוחרי כנסת בפועל": 656, "turnout_pct": 70.579268292682926, "אמת_pct": 7.6252723311546839, "אצ_pct": 0.8714596949891068, "ב_pct": 1.0893246187363834, "ג_pct": 0.4357298474945534, "ד_pct": 0.0, "ום_pct": 0.0, "ז_pct": 0.0, "זך_pct": 0.0, "זנ_pct": 0.0, "זץ_pct": 0.0, "ט_pct": 9.8039215686274517, "י_pct": 0.0, "יז_pct": 0.65359477124183007, "ינ_pct": 0.0, "יץ_pct": 0.0, "יק_pct": 0.0, "כן_pct": 11.328976034858387, "ך_pct": 0.0, "ל_pct": 3.9215686274509802, "מחל_pct": 27.886710239651418, "מרצ_pct": 2.3965141612200433, "נז_pct": 0.0, "ני_pct": 0.0, "נף_pct": 0.0, "נץ_pct": 0.2178649237472767, "נק_pct": 0.0, "נר_pct": 0.0, "עם_pct": 0.0, "פה_pct": 30.065359477124183, "ף_pct": 0.2178649237472767, "צ_pct": 0.0, "ץ_pct": 0.0, "ק_pct": 0.0, "קי_pct": 0.0, "קך_pct": 0.0, "קנ_pct": 0.0, "קץ_pct": 0.65359477124183007, "רז_pct": 0.0, "שס_pct": 2.6143790849673203, "ת_pct": 0.2178649237472767, "lat": 32.8243569, "lon": 35.0685844, "neighborhood": "קריית חיים מזרחית" }, "geometry": { "type": "Point", "coordinates": [ 35.0685844, 32.8243569 ] } },
{ "type": "Feature", "properties": { "סמל ועדה": 7, "ברזל": 3212, "שם ישוב": "חיפה", "סמל ישוב": 4000, "קלפי": "721.3", "ריכוז": 265, "שופט": 1, "בזב": 656, "מצביעים": 455, "פסולים": 0, "כשרים": 455, "אמת": 15, "אצ": 1, "ב": 3, "ג": 1, "ד": 0, "ום": 0, "ז": 0, "זך": 0, "זנ": 0, "זץ": 0, "ט": 26, "י": 0, "יז": 1, "ינ": 0, "יץ": 0, "יק": 0, "כן": 74, "ך": 0, "ל": 16, "מחל": 157, "מרצ": 7, "נז": 0, "ני": 0, "נף": 0, "נץ": 1, "נק": 0, "נר": 0, "עם": 0, "פה": 138, "ף": 0, "צ": 0, "ץ": 0, "ק": 0, "קי": 0, "קך": 0, "קנ": 0, "קץ": 2, "רז": 0, "שס": 13, "ת": 0, "כתובת קלפי": "הגדוד העברי,48 ", "מקום קלפי": "תיכון ק.חיים בניין שקד", "נגישה": "כ", "נגישה מיוחדת": " ", "בוחרי כנסת בפועל": 656, "turnout_pct": 69.359756097560975, "אמת_pct": 3.296703296703297, "אצ_pct": 0.21978021978021978, "ב_pct": 0.65934065934065933, "ג_pct": 0.21978021978021978, "ד_pct": 0.0, "ום_pct": 0.0, "ז_pct": 0.0, "זך_pct": 0.0, "זנ_pct": 0.0, "זץ_pct": 0.0, "ט_pct": 5.7142857142857144, "י_pct": 0.0, "יז_pct": 0.21978021978021978, "ינ_pct": 0.0, "יץ_pct": 0.0, "יק_pct": 0.0, "כן_pct": 16.263736263736263, "ך_pct": 0.0, "ל_pct": 3.5164835164835164, "מחל_pct": 34.505494505494504, "מרצ_pct": 1.5384615384615385, "נז_pct": 0.0, "ני_pct": 0.0, "נף_pct": 0.0, "נץ_pct": 0.21978021978021978, "נק_pct": 0.0, "נר_pct": 0.0, "עם_pct": 0.0, "פה_pct": 30.329670329670328, "ף_pct": 0.0, "צ_pct": 0.0, "ץ_pct": 0.0, "ק_pct": 0.0, "קי_pct": 0.0, "קך_pct": 0.0, "קנ_pct": 0.0, "קץ_pct": 0.43956043956043955, "רז_pct": 0.0, "שס_pct": 2.8571428571428572, "ת_pct": 0.0, "lat": 32.8243569, "lon": 35.0685844, "neighborhood": "קריית חיים מזרחית" }, "geometry": { "type": "Point", "coordinates": [ 35.0685844, 32.8243569 ] } },
{ "type": "Feature", "properties": { "סמל ועדה": 7, "ברזל": 3213, "שם ישוב": "חיפה", "סמל ישוב": 4000, "קלפי": "721.4", "ריכוז": 265, "שופט": 0, "בזב": 653, "מצביעים": 441, "פסולים": 3, "כשרים": 438, "אמת": 29, "אצ": 0, "ב": 4, "ג": 2, "ד": 0, "ום": 2, "ז": 0, "זך": 0, "זנ": 0, "זץ": 0, "ט": 26, "י": 0, "יז": 1, "ינ": 0, "יץ": 0, "יק": 0, "כן": 57, "ך": 0, "ל": 18, "מחל": 113, "מרצ": 13, "נז": 0, "ני": 0, "נף": 0, "נץ": 0, "נק": 0, "נר": 0, "עם": 1, "פה": 151, "ף": 0, "צ": 0, "ץ": 1, "ק": 0, "קי": 0, "קך": 0, "קנ": 0, "קץ": 3, "רז": 0, "שס": 17, "ת": 0, "כתובת קלפי": "הגדוד העברי,48 ", "מקום קלפי": "תיכון ק.חיים בניין שקד", "נגישה": "כ", "נגישה מיוחדת": " ", "בוחרי כנסת בפועל": 653, "turnout_pct": 67.534456355283311, "אמת_pct": 6.6210045662100452, "אצ_pct": 0.0, "ב_pct": 0.91324200913242004, "ג_pct": 0.45662100456621002, "ד_pct": 0.0, "ום_pct": 0.45662100456621002, "ז_pct": 0.0, "זך_pct": 0.0, "זנ_pct": 0.0, "זץ_pct": 0.0, "ט_pct": 5.93607305936073, "י_pct": 0.0, "יז_pct": 0.22831050228310501, "ינ_pct": 0.0, "יץ_pct": 0.0, "יק_pct": 0.0, "כן_pct": 13.013698630136986, "ך_pct": 0.0, "ל_pct": 4.10958904109589, "מחל_pct": 25.799086757990867, "מרצ_pct": 2.968036529680365, "נז_pct": 0.0, "ני_pct": 0.0, "נף_pct": 0.0, "נץ_pct": 0.0, "נק_pct": 0.0, "נר_pct": 0.0, "עם_pct": 0.22831050228310501, "פה_pct": 34.474885844748862, "ף_pct": 0.0, "צ_pct": 0.0, "ץ_pct": 0.22831050228310501, "ק_pct": 0.0, "קי_pct": 0.0, "קך_pct": 0.0, "קנ_pct": 0.0, "קץ_pct": 0.68493150684931503, "רז_pct": 0.0, "שס_pct": 3.8812785388127851, "ת_pct": 0.0, "lat": 32.8243569, "lon": 35.0685844, "neighborhood": "קריית חיים מזרחית" }, "geometry": { "type": "Point", "coordinates": [ 35.0685844, 32.8243569 ] } },
{ "type": "Feature", "properties": { "סמל ועדה": 7, "ברזל": 3214, "שם ישוב": "חיפה", "סמל ישוב": 4000, "קלפי": "722.1", "ריכוז": 10, "שופט": 0, "בזב": 589, "מצביעים": 415, "פסולים": 1, "כשרים": 414, "אמת": 16, "אצ": 2, "ב": 1, "ג": 0, "ד": 0, "ום": 1, "ז": 0, "זך": 0, "זנ": 0, "זץ": 1, "ט": 42, "י": 0, "יז": 4, "ינ": 0, "יץ": 0, "יק": 0, "כן": 42, "ך": 0, "ל": 4, "מחל": 163, "מרצ": 3, "נז": 0, "ני": 0, "נף": 0, "נץ": 0, "נק": 0, "נר": 0, "עם": 0, "פה": 123, "ף": 1, "צ": 1, "ץ": 0, "ק": 0, "קי": 0, "קך": 0, "קנ": 1, "קץ": 0, "רז": 0, "שס": 9, "ת": 0, "כתובת קלפי": "הקבוצים,65 ", "מקום קלפי": "בי\"ס ארלוזורוב", "נגישה": "כ", "נגישה מיוחדת": "כ", "בוחרי כנסת בפועל": 589, "turnout_pct": 70.458404074702884, "אמת_pct": 3.8647342995169081, "אצ_pct": 0.48309178743961351, "ב_pct": 0.24154589371980675, "ג_pct": 0.0, "ד_pct": 0.0, "ום_pct": 0.24154589371980675, "ז_pct": 0.0, "זך_pct": 0.0, "זנ_pct": 0.0, "זץ_pct": 0.24154589371980675, "ט_pct": 10.144927536231885, "י_pct": 0.0, "יז_pct": 0.96618357487922701, "ינ_pct": 0.0, "יץ_pct": 0.0, "יק_pct": 0.0, "כן_pct": 10.144927536231885, "ך_pct": 0.0, "ל_pct": 0.96618357487922701, "מחל_pct": 39.371980676328505, "מרצ_pct": 0.72463768115942029, "נז_pct": 0.0, "ני_pct": 0.0, "נף_pct": 0.0, "נץ_pct": 0.0, "נק_pct": 0.0, "נר_pct": 0.0, "עם_pct": 0.0, "פה_pct": 29.710144927536231, "ף_pct": 0.24154589371980675, "צ_pct": 0.24154589371980675, "ץ_pct": 0.0, "ק_pct": 0.0, "קי_pct": 0.0, "קך_pct": 0.0, "קנ_pct": 0.24154589371980675, "קץ_pct": 0.0, "רז_pct": 0.0, "שס_pct": 2.1739130434782608, "ת_pct": 0.0, "lat": 32.8247493, "lon": 35.0744239, "neighborhood": "קריית חיים מזרחית" }, "geometry": { "type": "Point", "coordinates": [ 35.0744239, 32.8247493 ] } },
{ "type": "Feature", "properties": { "סמל ועדה": 7, "ברזל": 3215, "שם ישוב": "חיפה", "סמל ישוב": 4000, "קלפי": "722.2", "ריכוז": 10, "שופט": 0, "בזב": 589, "מצביעים": 389, "פסולים": 0, "כשרים": 389, "אמת": 14, "אצ": 2, "ב": 2, "ג": 2, "ד": 0, "ום": 1, "ז": 0, "זך": 0, "זנ": 0, "זץ": 0, "ט": 32, "י": 0, "יז": 1, "ינ": 0, "יץ": 0, "יק": 0, "כן": 49, "ך": 0, "ל": 11, "מחל": 139, "מרצ": 7, "נז": 0, "ני": 0, "נף": 0, "נץ": 0, "נק": 0, "נר": 0, "עם": 0, "פה": 116, "ף": 0, "צ": 2, "ץ": 0, "ק": 1, "קי": 0, "קך": 0, "קנ": 0, "קץ": 0, "רז": 0, "שס": 10, "ת": 0, "כתובת קלפי": "הקבוצים,65 ", "מקום קלפי": "בי\"ס ארלוזורוב", "נגישה": "כ", "נגישה מיוחדת": " ", "בוחרי כנסת בפועל": 589, "turnout_pct": 66.044142614601014, "אמת_pct": 3.5989717223650386, "אצ_pct": 0.51413881748071977, "ב_pct": 0.51413881748071977, "ג_pct": 0.51413881748071977, "ד_pct": 0.0, "ום_pct": 0.25706940874035988, "ז_pct": 0.0, "זך_pct": 0.0, "זנ_pct": 0.0, "זץ_pct": 0.0, "ט_pct": 8.2262210796915163, "י_pct": 0.0, "יז_pct": 0.25706940874035988, "ינ_pct": 0.0, "יץ_pct": 0.0, "יק_pct": 0.0, "כן_pct": 12.596401028277635, "ך_pct": 0.0, "ל_pct": 2.8277634961439588, "מחל_pct": 35.732647814910024, "מרצ_pct": 1.7994858611825193, "נז_pct": 0.0, "ני_pct": 0.0, "נף_pct": 0.0, "נץ_pct": 0.0, "נק_pct": 0.0, "נר_pct": 0.0, "עם_pct": 0.0, "פה_pct": 29.82005141388175, "ף_pct": 0.0, "צ_pct": 0.51413881748071977, "ץ_pct": 0.0, "ק_pct": 0.25706940874035988, "קי_pct": 0.0, "קך_pct": 0.0, "קנ_pct": 0.0, "קץ_pct": 0.0, "רז_pct": 0.0, "שס_pct": 2.5706940874035991, "ת_pct": 0.0, "lat": 32.8247493, "lon": 35.0744239, "neighborhood": "קריית חיים מזרחית" }, "geometry": { "type": "Point", "coordinates": [ 35.0744239, 32.8247493 ] } },
{ "type": "Feature", "properties": { "סמל ועדה": 7, "ברזל": 3216, "שם ישוב": "חיפה", "סמל ישוב": 4000, "קלפי": "722.3", "ריכוז": 10, "שופט": 0, "בזב": 589, "מצביעים": 399, "פסולים": 3, "כשרים": 396, "אמת": 23, "אצ": 3, "ב": 1, "ג": 2, "ד": 0, "ום": 1, "ז": 0, "זך": 0, "זנ": 0, "זץ": 0, "ט": 31, "י": 0, "יז": 2, "ינ": 0, "יץ": 0, "יק": 0, "כן": 66, "ך": 0, "ל": 12, "מחל": 128, "מרצ": 8, "נז": 0, "ני": 0, "נף": 0, "נץ": 0, "נק": 0, "נר": 0, "עם": 0, "פה": 104, "ף": 0, "צ": 1, "ץ": 0, "ק": 0, "קי": 0, "קך": 0, "קנ": 1, "קץ": 1, "רז": 0, "שס": 12, "ת": 0, "כתובת קלפי": "הקבוצים,65 ", "מקום קלפי": "בי\"ס ארלוזורוב", "נגישה": "כ", "נגישה מיוחדת": " ", "בוחרי כנסת בפועל": 589, "turnout_pct": 67.741935483870961, "אמת_pct": 5.808080808080808, "אצ_pct": 0.75757575757575757, "ב_pct": 0.25252525252525254, "ג_pct": 0.50505050505050508, "ד_pct": 0.0, "ום_pct": 0.25252525252525254, "ז_pct": 0.0, "זך_pct": 0.0, "זנ_pct": 0.0, "זץ_pct": 0.0, "ט_pct": 7.8282828282828287, "י_pct": 0.0, "יז_pct": 0.50505050505050508, "ינ_pct": 0.0, "יץ_pct": 0.0, "יק_pct": 0.0, "כן_pct": 16.666666666666664, "ך_pct": 0.0, "ל_pct": 3.0303030303030303, "מחל_pct": 32.323232323232325, "מרצ_pct": 2.0202020202020203, "נז_pct": 0.0, "ני_pct": 0.0, "נף_pct": 0.0, "נץ_pct": 0.0, "נק_pct": 0.0, "נר_pct": 0.0, "עם_pct": 0.0, "פה_pct": 26.262626262626267, "ף_pct": 0.0, "צ_pct": 0.25252525252525254, "ץ_pct": 0.0, "ק_pct": 0.0, "קי_pct": 0.0, "קך_pct": 0.0, "קנ_pct": 0.25252525252525254, "קץ_pct": 0.25252525252525254, "רז_pct": 0.0, "שס_pct": 3.0303030303030303, "ת_pct": 0.0, "lat": 32.8247493, "lon": 35.0744239, "neighborhood": "קריית חיים מזרחית" }, "geometry": { "type": "Point", "coordinates": [ 35.0744239, 32.8247493 ] } },
{ "type": "Feature", "properties": { "סמל ועדה": 7, "ברזל": 3217, "שם ישוב": "חיפה", "סמל ישוב": 4000, "קלפי": "722.4", "ריכוז": 10, "שופט": 0, "בזב": 589, "מצביעים": 405, "פסולים": 3, "כשרים": 402, "אמת": 14, "אצ": 1, "ב": 4, "ג": 1, "ד": 0, "ום": 0, "ז": 0, "זך": 0, "זנ": 0, "זץ": 0, "ט": 35, "י": 0, "יז": 0, "ינ": 0, "יץ": 0, "יק": 0, "כן": 70, "ך": 0, "ל": 20, "מחל": 117, "מרצ": 4, "נז": 0, "ני": 1, "נף": 0, "נץ": 0, "נק": 0, "נר": 0, "עם": 0, "פה": 128, "ף": 0, "צ": 0, "ץ": 0, "ק": 0, "קי": 0, "קך": 0, "קנ": 0, "קץ": 0, "רז": 0, "שס": 7, "ת": 0, "כתובת קלפי": "הקבוצים,65 ", "מקום קלפי": "בי\"ס ארלוזורוב", "נגישה": "כ", "נגישה מיוחדת": " ", "בוחרי כנסת בפועל": 589, "turnout_pct": 68.760611205432937, "אמת_pct": 3.4825870646766171, "אצ_pct": 0.24875621890547264, "ב_pct": 0.99502487562189057, "ג_pct": 0.24875621890547264, "ד_pct": 0.0, "ום_pct": 0.0, "ז_pct": 0.0, "זך_pct": 0.0, "זנ_pct": 0.0, "זץ_pct": 0.0, "ט_pct": 8.7064676616915424, "י_pct": 0.0, "יז_pct": 0.0, "ינ_pct": 0.0, "יץ_pct": 0.0, "יק_pct": 0.0, "כן_pct": 17.412935323383085, "ך_pct": 0.0, "ל_pct": 4.9751243781094532, "מחל_pct": 29.1044776119403, "מרצ_pct": 0.99502487562189057, "נז_pct": 0.0, "ני_pct": 0.24875621890547264, "נף_pct": 0.0, "נץ_pct": 0.0, "נק_pct": 0.0, "נר_pct": 0.0, "עם_pct": 0.0, "פה_pct": 31.840796019900498, "ף_pct": 0.0, "צ_pct": 0.0, "ץ_pct": 0.0, "ק_pct": 0.0, "קי_pct": 0.0, "קך_pct": 0.0, "קנ_pct": 0.0, "קץ_pct": 0.0, "רז_pct": 0.0, "שס_pct": 1.7412935323383085, "ת_pct": 0.0, "lat": 32.8247493, "lon": 35.0744239, "neighborhood": "קריית חיים מזרחית" }, "geometry": { "type": "Point", "coordinates": [ 35.0744239, 32.8247493 ] } },
{ "type": "Feature", "properties": { "סמל ועדה": 7, "ברזל": 3218, "שם ישוב": "חיפה", "סמל ישוב": 4000, "קלפי": "722.5", "ריכוז": 10, "שופט": 0, "בזב": 589, "מצביעים": 387, "פסולים": 1, "כשרים": 386, "אמת": 15, "אצ": 3, "ב": 4, "ג": 0, "ד": 0, "ום": 1, "ז": 0, "זך": 0, "זנ": 0, "זץ": 0, "ט": 31, "י": 0, "יז": 1, "ינ": 0, "יץ": 0, "יק": 0, "כן": 45, "ך": 0, "ל": 18, "מחל": 118, "מרצ": 12, "נז": 0, "ני": 0, "נף": 0, "נץ": 0, "נק": 0, "נר": 0, "עם": 0, "פה": 123, "ף": 0, "צ": 2, "ץ": 1, "ק": 0, "קי": 0, "קך": 0, "קנ": 1, "קץ": 1, "רז": 0, "שס": 10, "ת": 0, "כתובת קלפי": "הקבוצים,65 ", "מקום קלפי": "בי\"ס ארלוזורוב", "נגישה": " ", "נגישה מיוחדת": " ", "בוחרי כנסת בפועל": 589, "turnout_pct": 65.704584040747022, "אמת_pct": 3.8860103626943006, "אצ_pct": 0.77720207253886009, "ב_pct": 1.0362694300518136, "ג_pct": 0.0, "ד_pct": 0.0, "ום_pct": 0.2590673575129534, "ז_pct": 0.0, "זך_pct": 0.0, "זנ_pct": 0.0, "זץ_pct": 0.0, "ט_pct": 8.0310880829015545, "י_pct": 0.0, "יז_pct": 0.2590673575129534, "ינ_pct": 0.0, "יץ_pct": 0.0, "יק_pct": 0.0, "כן_pct": 11.658031088082902, "ך_pct": 0.0, "ל_pct": 4.6632124352331603, "מחל_pct": 30.569948186528496, "מרצ_pct": 3.1088082901554404, "נז_pct": 0.0, "ני_pct": 0.0, "נף_pct": 0.0, "נץ_pct": 0.0, "נק_pct": 0.0, "נר_pct": 0.0, "עם_pct": 0.0, "פה_pct": 31.865284974093267, "ף_pct": 0.0, "צ_pct": 0.5181347150259068, "ץ_pct": 0.2590673575129534, "ק_pct": 0.0, "קי_pct": 0.0, "קך_pct": 0.0, "קנ_pct": 0.2590673575129534, "קץ_pct": 0.2590673575129534, "רז_pct": 0.0, "שס_pct": 2.5906735751295336, "ת_pct": 0.0, "lat": 32.8247493, "lon": 35.0744239, "neighborhood": "קריית חיים מזרחית" }, "geometry": { "type": "Point", "coordinates": [ 35.0744239, 32.8247493 ] } },
{ "type": "Feature", "properties": { "סמל ועדה": 7, "ברזל": 3219, "שם ישוב": "חיפה", "סמל ישוב": 4000, "קלפי": "722.6", "ריכוז": 10, "שופט": 0, "בזב": 589, "מצביעים": 373, "פסולים": 1, "כשרים": 372, "אמת": 16, "אצ": 5, "ב": 7, "ג": 0, "ד": 0, "ום": 0, "ז": 0, "זך": 0, "זנ": 0, "זץ": 0, "ט": 18, "י": 0, "יז": 1, "ינ": 0, "יץ": 0, "יק": 0, "כן": 61, "ך": 0, "ל": 21, "מחל": 110, "מרצ": 7, "נז": 0, "ני": 0, "נף": 0, "נץ": 0, "נק": 0, "נר": 0, "עם": 0, "פה": 113, "ף": 1, "צ": 1, "ץ": 0, "ק": 0, "קי": 0, "קך": 1, "קנ": 0, "קץ": 0, "רז": 0, "שס": 10, "ת": 0, "כתובת קלפי": "הקבוצים,65 ", "מקום קלפי": "בי\"ס ארלוזורוב", "נגישה": " ", "נגישה מיוחדת": " ", "בוחרי כנסת בפועל": 589, "turnout_pct": 63.327674023769099, "אמת_pct": 4.3010752688172049, "אצ_pct": 1.3440860215053763, "ב_pct": 1.881720430107527, "ג_pct": 0.0, "ד_pct": 0.0, "ום_pct": 0.0, "ז_pct": 0.0, "זך_pct": 0.0, "זנ_pct": 0.0, "זץ_pct": 0.0, "ט_pct": 4.838709677419355, "י_pct": 0.0, "יז_pct": 0.26881720430107531, "ינ_pct": 0.0, "יץ_pct": 0.0, "יק_pct": 0.0, "כן_pct": 16.397849462365592, "ך_pct": 0.0, "ל_pct": 5.6451612903225801, "מחל_pct": 29.56989247311828, "מרצ_pct": 1.881720430107527, "נז_pct": 0.0, "ני_pct": 0.0, "נף_pct": 0.0, "נץ_pct": 0.0, "נק_pct": 0.0, "נר_pct": 0.0, "עם_pct": 0.0, "פה_pct": 30.376344086021508, "ף_pct": 0.26881720430107531, "צ_pct": 0.26881720430107531, "ץ_pct": 0.0, "ק_pct": 0.0, "קי_pct": 0.0, "קך_pct": 0.26881720430107531, "קנ_pct": 0.0, "קץ_pct": 0.0, "רז_pct": 0.0, "שס_pct": 2.6881720430107525, "ת_pct": 0.0, "lat": 32.8247493, "lon": 35.0744239, "neighborhood": "קריית חיים מזרחית" }, "geometry": { "type": "Point", "coordinates": [ 35.0744239, 32.8247493 ] } },
{ "type": "Feature", "properties": { "סמל ועדה": 7, "ברזל": 3220, "שם ישוב": "חיפה", "סמל ישוב": 4000, "קלפי": "723.1", "ריכוז": 54, "שופט": 0, "בזב": 646, "מצביעים": 437, "פסולים": 0, "כשרים": 437, "אמת": 10, "אצ": 1, "ב": 3, "ג": 0, "ד": 0, "ום": 0, "ז": 0, "זך": 0, "זנ": 0, "זץ": 0, "ט": 42, "י": 0, "יז": 3, "ינ": 0, "יץ": 0, "יק": 0, "כן": 81, "ך": 0, "ל": 4, "מחל": 164, "מרצ": 13, "נז": 0, "ני": 1, "נף": 0, "נץ": 0, "נק": 0, "נר": 0, "עם": 0, "פה": 105, "ף": 0, "צ": 2, "ץ": 0, "ק": 0, "קי": 0, "קך": 0, "קנ": 0, "קץ": 1, "רז": 0, "שס": 7, "ת": 0, "כתובת קלפי": "הגדוד העברי,48 ", "מקום קלפי": "בי\"ס תיכון קרית חיים", "נגישה": "כ", "נגישה מיוחדת": "כ", "בוחרי כנסת בפועל": 646, "turnout_pct": 67.64705882352942, "אמת_pct": 2.2883295194508007, "אצ_pct": 0.2288329519450801, "ב_pct": 0.68649885583524028, "ג_pct": 0.0, "ד_pct": 0.0, "ום_pct": 0.0, "ז_pct": 0.0, "זך_pct": 0.0, "זנ_pct": 0.0, "זץ_pct": 0.0, "ט_pct": 9.610983981693364, "י_pct": 0.0, "יז_pct": 0.68649885583524028, "ינ_pct": 0.0, "יץ_pct": 0.0, "יק_pct": 0.0, "כן_pct": 18.535469107551489, "ך_pct": 0.0, "ל_pct": 0.91533180778032042, "מחל_pct": 37.528604118993137, "מרצ_pct": 2.9748283752860414, "נז_pct": 0.0, "ני_pct": 0.2288329519450801, "נף_pct": 0.0, "נץ_pct": 0.0, "נק_pct": 0.0, "נר_pct": 0.0, "עם_pct": 0.0, "פה_pct": 24.027459954233411, "ף_pct": 0.0, "צ_pct": 0.45766590389016021, "ץ_pct": 0.0, "ק_pct": 0.0, "קי_pct": 0.0, "קך_pct": 0.0, "קנ_pct": 0.0, "קץ_pct": 0.2288329519450801, "רז_pct": 0.0, "שס_pct": 1.6018306636155606, "ת_pct": 0.0, "lat": 32.8243569, "lon": 35.0685844, "neighborhood": "קריית חיים מזרחית" }, "geometry": { "type": "Point", "coordinates": [ 35.0685844, 32.8243569 ] } },
{ "type": "Feature", "properties": { "סמל ועדה": 7, "ברזל": 3221, "שם ישוב": "חיפה", "סמל ישוב": 4000, "קלפי": "723.2", "ריכוז": 54, "שופט": 0, "בזב": 646, "מצביעים": 454, "פסולים": 1, "כשרים": 453, "אמת": 24, "אצ": 3, "ב": 0, "ג": 1, "ד": 0, "ום": 0, "ז": 0, "זך": 0, "זנ": 0, "זץ": 0, "ט": 33, "י": 0, "יז": 1, "ינ": 0, "יץ": 0, "יק": 0, "כן": 73, "ך": 0, "ל": 10, "מחל": 149, "מרצ": 4, "נז": 0, "ני": 0, "נף": 0, "נץ": 0, "נק": 0, "נר": 0, "עם": 1, "פה": 140, "ף": 0, "צ": 2, "ץ": 0, "ק": 0, "קי": 0, "קך": 0, "קנ": 1, "קץ": 1, "רז": 0, "שס": 9, "ת": 1, "כתובת קלפי": "הגדוד העברי,48 ", "מקום קלפי": "בי\"ס תיכון קרית חיים", "נגישה": "כ", "נגישה מיוחדת": " ", "בוחרי כנסת בפועל": 646, "turnout_pct": 70.278637770897831, "אמת_pct": 5.298013245033113, "אצ_pct": 0.66225165562913912, "ב_pct": 0.0, "ג_pct": 0.22075055187637968, "ד_pct": 0.0, "ום_pct": 0.0, "ז_pct": 0.0, "זך_pct": 0.0, "זנ_pct": 0.0, "זץ_pct": 0.0, "ט_pct": 7.2847682119205297, "י_pct": 0.0, "יז_pct": 0.22075055187637968, "ינ_pct": 0.0, "יץ_pct": 0.0, "יק_pct": 0.0, "כן_pct": 16.114790286975715, "ך_pct": 0.0, "ל_pct": 2.2075055187637971, "מחל_pct": 32.891832229580572, "מרצ_pct": 0.88300220750551872, "נז_pct": 0.0, "ני_pct": 0.0, "נף_pct": 0.0, "נץ_pct": 0.0, "נק_pct": 0.0, "נר_pct": 0.0, "עם_pct": 0.22075055187637968, "פה_pct": 30.905077262693158, "ף_pct": 0.0, "צ_pct": 0.44150110375275936, "ץ_pct": 0.0, "ק_pct": 0.0, "קי_pct": 0.0, "קך_pct": 0.0, "קנ_pct": 0.22075055187637968, "קץ_pct": 0.22075055187637968, "רז_pct": 0.0, "שס_pct": 1.9867549668874174, "ת_pct": 0.22075055187637968, "lat": 32.8243569, "lon": 35.0685844, "neighborhood": "קריית חיים מזרחית" }, "geometry": { "type": "Point", "coordinates": [ 35.0685844, 32.8243569 ] } },
{ "type": "Feature", "properties": { "סמל ועדה": 7, "ברזל": 3222, "שם ישוב": "חיפה", "סמל ישוב": 4000, "קלפי": "723.3", "ריכוז": 54, "שופט": 0, "בזב": 646, "מצביעים": 446, "פסולים": 2, "כשרים": 444, "אמת": 16, "אצ": 1, "ב": 2, "ג": 2, "ד": 0, "ום": 0, "ז": 0, "זך": 0, "זנ": 0, "זץ": 0, "ט": 32, "י": 0, "יז": 0, "ינ": 0, "יץ": 0, "יק": 0, "כן": 77, "ך": 0, "ל": 14, "מחל": 158, "מרצ": 5, "נז": 0, "ני": 0, "נף": 0, "נץ": 0, "נק": 0, "נר": 0, "עם": 0, "פה": 117, "ף": 0, "צ": 2, "ץ": 1, "ק": 0, "קי": 0, "קך": 0, "קנ": 0, "קץ": 0, "רז": 0, "שס": 17, "ת": 0, "כתובת קלפי": "הגדוד העברי,48 ", "מקום קלפי": "בי\"ס תיכון קרית חיים", "נגישה": " ", "נגישה מיוחדת": " ", "בוחרי כנסת בפועל": 646, "turnout_pct": 69.040247678018574, "אמת_pct": 3.6036036036036037, "אצ_pct": 0.22522522522522523, "ב_pct": 0.45045045045045046, "ג_pct": 0.45045045045045046, "ד_pct": 0.0, "ום_pct": 0.0, "ז_pct": 0.0, "זך_pct": 0.0, "זנ_pct": 0.0, "זץ_pct": 0.0, "ט_pct": 7.2072072072072073, "י_pct": 0.0, "יז_pct": 0.0, "ינ_pct": 0.0, "יץ_pct": 0.0, "יק_pct": 0.0, "כן_pct": 17.342342342342342, "ך_pct": 0.0, "ל_pct": 3.1531531531531529, "מחל_pct": 35.585585585585584, "מרצ_pct": 1.1261261261261262, "נז_pct": 0.0, "ני_pct": 0.0, "נף_pct": 0.0, "נץ_pct": 0.0, "נק_pct": 0.0, "נר_pct": 0.0, "עם_pct": 0.0, "פה_pct": 26.351351351351347, "ף_pct": 0.0, "צ_pct": 0.45045045045045046, "ץ_pct": 0.22522522522522523, "ק_pct": 0.0, "קי_pct": 0.0, "קך_pct": 0.0, "קנ_pct": 0.0, "קץ_pct": 0.0, "רז_pct": 0.0, "שס_pct": 3.8288288288288284, "ת_pct": 0.0, "lat": 32.8243569, "lon": 35.0685844, "neighborhood": "קריית חיים מזרחית" }, "geometry": { "type": "Point", "coordinates": [ 35.0685844, 32.8243569 ] } },
{ "type": "Feature", "properties": { "סמל ועדה": 7, "ברזל": 3223, "שם ישוב": "חיפה", "סמל ישוב": 4000, "קלפי": "723.4", "ריכוז": 54, "שופט": 0, "בזב": 644, "מצביעים": 427, "פסולים": 3, "כשרים": 424, "אמת": 26, "אצ": 3, "ב": 2, "ג": 2, "ד": 0, "ום": 0, "ז": 0, "זך": 0, "זנ": 0, "זץ": 0, "ט": 29, "י": 0, "יז": 5, "ינ": 0, "יץ": 0, "יק": 0, "כן": 66, "ך": 0, "ל": 28, "מחל": 114, "מרצ": 6, "נז": 0, "ני": 0, "נף": 0, "נץ": 0, "נק": 0, "נר": 0, "עם": 0, "פה": 134, "ף": 0, "צ": 1, "ץ": 0, "ק": 1, "קי": 0, "קך": 0, "קנ": 0, "קץ": 1, "רז": 0, "שס": 6, "ת": 0, "כתובת קלפי": "הגדוד העברי,48 ", "מקום קלפי": "בי\"ס תיכון קרית חיים", "נגישה": " ", "נגישה מיוחדת": " ", "בוחרי כנסת בפועל": 644, "turnout_pct": 66.304347826086953, "אמת_pct": 6.132075471698113, "אצ_pct": 0.70754716981132082, "ב_pct": 0.47169811320754718, "ג_pct": 0.47169811320754718, "ד_pct": 0.0, "ום_pct": 0.0, "ז_pct": 0.0, "זך_pct": 0.0, "זנ_pct": 0.0, "זץ_pct": 0.0, "ט_pct": 6.8396226415094334, "י_pct": 0.0, "יז_pct": 1.179245283018868, "ינ_pct": 0.0, "יץ_pct": 0.0, "יק_pct": 0.0, "כן_pct": 15.566037735849056, "ך_pct": 0.0, "ל_pct": 6.6037735849056602, "מחל_pct": 26.886792452830189, "מרצ_pct": 1.4150943396226416, "נז_pct": 0.0, "ני_pct": 0.0, "נף_pct": 0.0, "נץ_pct": 0.0, "נק_pct": 0.0, "נר_pct": 0.0, "עם_pct": 0.0, "פה_pct": 31.60377358490566, "ף_pct": 0.0, "צ_pct": 0.23584905660377359, "ץ_pct": 0.0, "ק_pct": 0.23584905660377359, "קי_pct": 0.0, "קך_pct": 0.0, "קנ_pct": 0.0, "קץ_pct": 0.23584905660377359, "רז_pct": 0.0, "שס_pct": 1.4150943396226416, "ת_pct": 0.0, "lat": 32.8243569, "lon": 35.0685844, "neighborhood": "קריית חיים מזרחית" }, "geometry": { "type": "Point", "coordinates": [ 35.0685844, 32.8243569 ] } },
{ "type": "Feature", "properties": { "סמל ועדה": 7, "ברזל": 3224, "שם ישוב": "חיפה", "סמל ישוב": 4000, "קלפי": "726", "ריכוז": 65, "שופט": 0, "בזב": 607, "מצביעים": 255, "פסולים": 2, "כשרים": 253, "אמת": 6, "אצ": 1, "ב": 0, "ג": 2, "ד": 0, "ום": 1, "ז": 0, "זך": 0, "זנ": 0, "זץ": 0, "ט": 21, "י": 0, "יז": 1, "ינ": 0, "יץ": 1, "יק": 1, "כן": 28, "ך": 0, "ל": 42, "מחל": 112, "מרצ": 0, "נז": 0, "ני": 1, "נף": 0, "נץ": 0, "נק": 0, "נר": 0, "עם": 1, "פה": 17, "ף": 0, "צ": 1, "ץ": 0, "ק": 0, "קי": 0, "קך": 1, "קנ": 0, "קץ": 2, "רז": 0, "שס": 14, "ת": 0, "כתובת קלפי": "בן צבי יצחק,14 ", "מקום קלפי": "מרכז קהילתי בית נגלר", "נגישה": "כ", "נגישה מיוחדת": " ", "בוחרי כנסת בפועל": 607, "turnout_pct": 42.009884678747937, "אמת_pct": 2.3715415019762842, "אצ_pct": 0.39525691699604742, "ב_pct": 0.0, "ג_pct": 0.79051383399209485, "ד_pct": 0.0, "ום_pct": 0.39525691699604742, "ז_pct": 0.0, "זך_pct": 0.0, "זנ_pct": 0.0, "זץ_pct": 0.0, "ט_pct": 8.3003952569169961, "י_pct": 0.0, "יז_pct": 0.39525691699604742, "ינ_pct": 0.0, "יץ_pct": 0.39525691699604742, "יק_pct": 0.39525691699604742, "כן_pct": 11.067193675889328, "ך_pct": 0.0, "ל_pct": 16.600790513833992, "מחל_pct": 44.268774703557312, "מרצ_pct": 0.0, "נז_pct": 0.0, "ני_pct": 0.39525691699604742, "נף_pct": 0.0, "נץ_pct": 0.0, "נק_pct": 0.0, "נר_pct": 0.0, "עם_pct": 0.39525691699604742, "פה_pct": 6.7193675889328066, "ף_pct": 0.0, "צ_pct": 0.39525691699604742, "ץ_pct": 0.0, "ק_pct": 0.0, "קי_pct": 0.0, "קך_pct": 0.39525691699604742, "קנ_pct": 0.0, "קץ_pct": 0.79051383399209485, "רז_pct": 0.0, "שס_pct": 5.5335968379446641, "ת_pct": 0.0, "lat": 32.8178639, "lon": 35.0695903, "neighborhood": "קריית חיים מזרחית" }, "geometry": { "type": "Point", "coordinates": [ 35.0695903, 32.8178639 ] } },
{ "type": "Feature", "properties": { "סמל ועדה": 7, "ברזל": 3225, "שם ישוב": "חיפה", "סמל ישוב": 4000, "קלפי": "727", "ריכוז": 65, "שופט": 0, "בזב": 572, "מצביעים": 207, "פסולים": 2, "כשרים": 205, "אמת": 5, "אצ": 1, "ב": 1, "ג": 0, "ד": 0, "ום": 0, "ז": 0, "זך": 0, "זנ": 0, "זץ": 0, "ט": 12, "י": 0, "יז": 0, "ינ": 0, "יץ": 0, "יק": 0, "כן": 23, "ך": 0, "ל": 17, "מחל": 87, "מרצ": 1, "נז": 0, "ני": 0, "נף": 0, "נץ": 0, "נק": 0, "נר": 0, "עם": 0, "פה": 44, "ף": 0, "צ": 3, "ץ": 0, "ק": 0, "קי": 0, "קך": 0, "קנ": 1, "קץ": 1, "רז": 0, "שס": 9, "ת": 0, "כתובת קלפי": "בן צבי יצחק,14 ", "מקום קלפי": "מרכז קהילתי בית נגלר", "נגישה": "כ", "נגישה מיוחדת": " ", "בוחרי כנסת בפועל": 572, "turnout_pct": 36.188811188811187, "אמת_pct": 2.4390243902439024, "אצ_pct": 0.48780487804878048, "ב_pct": 0.48780487804878048, "ג_pct": 0.0, "ד_pct": 0.0, "ום_pct": 0.0, "ז_pct": 0.0, "זך_pct": 0.0, "זנ_pct": 0.0, "זץ_pct": 0.0, "ט_pct": 5.8536585365853666, "י_pct": 0.0, "יז_pct": 0.0, "ינ_pct": 0.0, "יץ_pct": 0.0, "יק_pct": 0.0, "כן_pct": 11.219512195121952, "ך_pct": 0.0, "ל_pct": 8.2926829268292686, "מחל_pct": 42.439024390243901, "מרצ_pct": 0.48780487804878048, "נז_pct": 0.0, "ני_pct": 0.0, "נף_pct": 0.0, "נץ_pct": 0.0, "נק_pct": 0.0, "נר_pct": 0.0, "עם_pct": 0.0, "פה_pct": 21.463414634146343, "ף_pct": 0.0, "צ_pct": 1.4634146341463417, "ץ_pct": 0.0, "ק_pct": 0.0, "קי_pct": 0.0, "קך_pct": 0.0, "קנ_pct": 0.48780487804878048, "קץ_pct": 0.48780487804878048, "רז_pct": 0.0, "שס_pct": 4.3902439024390238, "ת_pct": 0.0, "lat": 32.8178639, "lon": 35.0695903, "neighborhood": "קריית חיים מזרחית" }, "geometry": { "type": "Point", "coordinates": [ 35.0695903, 32.8178639 ] } },
{ "type": "Feature", "properties": { "סמל ועדה": 7, "ברזל": 3226, "שם ישוב": "חיפה", "סמל ישוב": 4000, "קלפי": "730.1", "ריכוז": 55, "שופט": 1, "בזב": 668, "מצביעים": 455, "פסולים": 4, "כשרים": 451, "אמת": 9, "אצ": 0, "ב": 1, "ג": 0, "ד": 0, "ום": 1, "ז": 0, "זך": 0, "זנ": 0, "זץ": 0, "ט": 54, "י": 0, "יז": 1, "ינ": 0, "יץ": 0, "יק": 0, "כן": 59, "ך": 0, "ל": 16, "מחל": 180, "מרצ": 3, "נז": 0, "ני": 0, "נף": 0, "נץ": 0, "נק": 0, "נר": 0, "עם": 0, "פה": 107, "ף": 0, "צ": 0, "ץ": 0, "ק": 0, "קי": 0, "קך": 0, "קנ": 0, "קץ": 2, "רז": 0, "שס": 18, "ת": 0, "כתובת קלפי": "בן צבי יצחק,6 ", "מקום קלפי": "חט\"ב דגן", "נגישה": "כ", "נגישה מיוחדת": "כ", "בוחרי כנסת בפועל": 668, "turnout_pct": 68.113772455089816, "אמת_pct": 1.9955654101995564, "אצ_pct": 0.0, "ב_pct": 0.22172949002217296, "ג_pct": 0.0, "ד_pct": 0.0, "ום_pct": 0.22172949002217296, "ז_pct": 0.0, "זך_pct": 0.0, "זנ_pct": 0.0, "זץ_pct": 0.0, "ט_pct": 11.973392461197339, "י_pct": 0.0, "יז_pct": 0.22172949002217296, "ינ_pct": 0.0, "יץ_pct": 0.0, "יק_pct": 0.0, "כן_pct": 13.082039911308204, "ך_pct": 0.0, "ל_pct": 3.5476718403547673, "מחל_pct": 39.911308203991133, "מרצ_pct": 0.66518847006651882, "נז_pct": 0.0, "ני_pct": 0.0, "נף_pct": 0.0, "נץ_pct": 0.0, "נק_pct": 0.0, "נר_pct": 0.0, "עם_pct": 0.0, "פה_pct": 23.725055432372503, "ף_pct": 0.0, "צ_pct": 0.0, "ץ_pct": 0.0, "ק_pct": 0.0, "קי_pct": 0.0, "קך_pct": 0.0, "קנ_pct": 0.0, "קץ_pct": 0.44345898004434592, "רז_pct": 0.0, "שס_pct": 3.9911308203991127, "ת_pct": 0.0, "lat": 32.7748891, "lon": 34.9920946, "neighborhood": "רמת בגין" }, "geometry": { "type": "Point", "coordinates": [ 34.9920946, 32.7748891 ] } },
{ "type": "Feature", "properties": { "סמל ועדה": 7, "ברזל": 3227, "שם ישוב": "חיפה", "סמל ישוב": 4000, "קלפי": "730.2", "ריכוז": 55, "שופט": 0, "בזב": 668, "מצביעים": 442, "פסולים": 0, "כשרים": 442, "אמת": 17, "אצ": 2, "ב": 2, "ג": 1, "ד": 0, "ום": 0, "ז": 0, "זך": 0, "זנ": 0, "זץ": 0, "ט": 38, "י": 0, "יז": 2, "ינ": 0, "יץ": 0, "יק": 0, "כן": 72, "ך": 0, "ל": 11, "מחל": 148, "מרצ": 14, "נז": 0, "ני": 0, "נף": 0, "נץ": 0, "נק": 0, "נר": 0, "עם": 0, "פה": 125, "ף": 0, "צ": 0, "ץ": 0, "ק": 0, "קי": 0, "קך": 0, "קנ": 0, "קץ": 0, "רז": 0, "שס": 10, "ת": 0, "כתובת קלפי": "בן צבי יצחק,6 ", "מקום קלפי": "חט\"ב דגן", "נגישה": "כ", "נגישה מיוחדת": " ", "בוחרי כנסת בפועל": 668, "turnout_pct": 66.167664670658695, "אמת_pct": 3.8461538461538463, "אצ_pct": 0.45248868778280549, "ב_pct": 0.45248868778280549, "ג_pct": 0.22624434389140274, "ד_pct": 0.0, "ום_pct": 0.0, "ז_pct": 0.0, "זך_pct": 0.0, "זנ_pct": 0.0, "זץ_pct": 0.0, "ט_pct": 8.5972850678733028, "י_pct": 0.0, "יז_pct": 0.45248868778280549, "ינ_pct": 0.0, "יץ_pct": 0.0, "יק_pct": 0.0, "כן_pct": 16.289592760180994, "ך_pct": 0.0, "ל_pct": 2.4886877828054299, "מחל_pct": 33.484162895927597, "מרצ_pct": 3.1674208144796379, "נז_pct": 0.0, "ני_pct": 0.0, "נף_pct": 0.0, "נץ_pct": 0.0, "נק_pct": 0.0, "נר_pct": 0.0, "עם_pct": 0.0, "פה_pct": 28.280542986425338, "ף_pct": 0.0, "צ_pct": 0.0, "ץ_pct": 0.0, "ק_pct": 0.0, "קי_pct": 0.0, "קך_pct": 0.0, "קנ_pct": 0.0, "קץ_pct": 0.0, "רז_pct": 0.0, "שס_pct": 2.2624434389140271, "ת_pct": 0.0, "lat": 32.7748891, "lon": 34.9920946, "neighborhood": "רמת בגין" }, "geometry": { "type": "Point", "coordinates": [ 34.9920946, 32.7748891 ] } },
{ "type": "Feature", "properties": { "סמל ועדה": 7, "ברזל": 3228, "שם ישוב": "חיפה", "סמל ישוב": 4000, "קלפי": "730.3", "ריכוז": 55, "שופט": 0, "בזב": 668, "מצביעים": 440, "פסולים": 2, "כשרים": 438, "אמת": 22, "אצ": 1, "ב": 3, "ג": 0, "ד": 0, "ום": 0, "ז": 0, "זך": 0, "זנ": 0, "זץ": 0, "ט": 26, "י": 0, "יז": 0, "ינ": 0, "יץ": 0, "יק": 0, "כן": 64, "ך": 0, "ל": 23, "מחל": 157, "מרצ": 10, "נז": 0, "ני": 0, "נף": 0, "נץ": 0, "נק": 0, "נר": 0, "עם": 0, "פה": 128, "ף": 0, "צ": 0, "ץ": 0, "ק": 0, "קי": 0, "קך": 0, "קנ": 0, "קץ": 1, "רז": 0, "שס": 3, "ת": 0, "כתובת קלפי": "בן צבי יצחק,6 ", "מקום קלפי": "חט\"ב דגן", "נגישה": "כ", "נגישה מיוחדת": " ", "בוחרי כנסת בפועל": 668, "turnout_pct": 65.868263473053887, "אמת_pct": 5.0228310502283104, "אצ_pct": 0.22831050228310501, "ב_pct": 0.68493150684931503, "ג_pct": 0.0, "ד_pct": 0.0, "ום_pct": 0.0, "ז_pct": 0.0, "זך_pct": 0.0, "זנ_pct": 0.0, "זץ_pct": 0.0, "ט_pct": 5.93607305936073, "י_pct": 0.0, "יז_pct": 0.0, "ינ_pct": 0.0, "יץ_pct": 0.0, "יק_pct": 0.0, "כן_pct": 14.611872146118721, "ך_pct": 0.0, "ל_pct": 5.2511415525114149, "מחל_pct": 35.844748858447488, "מרצ_pct": 2.2831050228310499, "נז_pct": 0.0, "ני_pct": 0.0, "נף_pct": 0.0, "נץ_pct": 0.0, "נק_pct": 0.0, "נר_pct": 0.0, "עם_pct": 0.0, "פה_pct": 29.223744292237441, "ף_pct": 0.0, "צ_pct": 0.0, "ץ_pct": 0.0, "ק_pct": 0.0, "קי_pct": 0.0, "קך_pct": 0.0, "קנ_pct": 0.0, "קץ_pct": 0.22831050228310501, "רז_pct": 0.0, "שס_pct": 0.68493150684931503, "ת_pct": 0.0, "lat": 32.7748891, "lon": 34.9920946, "neighborhood": "רמת בגין" }, "geometry": { "type": "Point", "coordinates": [ 34.9920946, 32.7748891 ] } },
{ "type": "Feature", "properties": { "סמל ועדה": 7, "ברזל": 3229, "שם ישוב": "חיפה", "סמל ישוב": 4000, "קלפי": "730.4", "ריכוז": 55, "שופט": 0, "בזב": 668, "מצביעים": 406, "פסולים": 3, "כשרים": 403, "אמת": 14, "אצ": 1, "ב": 4, "ג": 2, "ד": 0, "ום": 3, "ז": 0, "זך": 0, "זנ": 0, "זץ": 0, "ט": 28, "י": 0, "יז": 2, "ינ": 1, "יץ": 0, "יק": 0, "כן": 68, "ך": 0, "ל": 15, "מחל": 138, "מרצ": 2, "נז": 0, "ני": 0, "נף": 0, "נץ": 1, "נק": 0, "נר": 0, "עם": 0, "פה": 106, "ף": 0, "צ": 1, "ץ": 0, "ק": 0, "קי": 0, "קך": 0, "קנ": 0, "קץ": 2, "רז": 0, "שס": 15, "ת": 0, "כתובת קלפי": "בן צבי יצחק,6 ", "מקום קלפי": "חט\"ב דגן", "נגישה": " ", "נגישה מיוחדת": " ", "בוחרי כנסת בפועל": 668, "turnout_pct": 60.778443113772454, "אמת_pct": 3.4739454094292808, "אצ_pct": 0.24813895781637718, "ב_pct": 0.99255583126550873, "ג_pct": 0.49627791563275436, "ד_pct": 0.0, "ום_pct": 0.74441687344913154, "ז_pct": 0.0, "זך_pct": 0.0, "זנ_pct": 0.0, "זץ_pct": 0.0, "ט_pct": 6.9478908188585615, "י_pct": 0.0, "יז_pct": 0.49627791563275436, "ינ_pct": 0.24813895781637718, "יץ_pct": 0.0, "יק_pct": 0.0, "כן_pct": 16.873449131513649, "ך_pct": 0.0, "ל_pct": 3.7220843672456572, "מחל_pct": 34.24317617866005, "מרצ_pct": 0.49627791563275436, "נז_pct": 0.0, "ני_pct": 0.0, "נף_pct": 0.0, "נץ_pct": 0.24813895781637718, "נק_pct": 0.0, "נר_pct": 0.0, "עם_pct": 0.0, "פה_pct": 26.302729528535977, "ף_pct": 0.0, "צ_pct": 0.24813895781637718, "ץ_pct": 0.0, "ק_pct": 0.0, "קי_pct": 0.0, "קך_pct": 0.0, "קנ_pct": 0.0, "קץ_pct": 0.49627791563275436, "רז_pct": 0.0, "שס_pct": 3.7220843672456572, "ת_pct": 0.0, "lat": 32.7748891, "lon": 34.9920946, "neighborhood": "רמת בגין" }, "geometry": { "type": "Point", "coordinates": [ 34.9920946, 32.7748891 ] } },
{ "type": "Feature", "properties": { "סמל ועדה": 7, "ברזל": 3230, "שם ישוב": "חיפה", "סמל ישוב": 4000, "קלפי": "730.5", "ריכוז": 55, "שופט": 0, "בזב": 668, "מצביעים": 440, "פסולים": 0, "כשרים": 440, "אמת": 16, "אצ": 1, "ב": 1, "ג": 2, "ד": 0, "ום": 0, "ז": 0, "זך": 0, "זנ": 0, "זץ": 0, "ט": 29, "י": 0, "יז": 0, "ינ": 0, "יץ": 0, "יק": 0, "כן": 72, "ך": 0, "ל": 19, "מחל": 148, "מרצ": 6, "נז": 0, "ני": 0, "נף": 0, "נץ": 0, "נק": 0, "נר": 0, "עם": 0, "פה": 135, "ף": 0, "צ": 0, "ץ": 0, "ק": 0, "קי": 0, "קך": 0, "קנ": 0, "קץ": 2, "רז": 0, "שס": 9, "ת": 0, "כתובת קלפי": "בן צבי יצחק,6 ", "מקום קלפי": "חט\"ב דגן", "נגישה": " ", "נגישה מיוחדת": " ", "בוחרי כנסת בפועל": 668, "turnout_pct": 65.868263473053887, "אמת_pct": 3.6363636363636362, "אצ_pct": 0.22727272727272727, "ב_pct": 0.22727272727272727, "ג_pct": 0.45454545454545453, "ד_pct": 0.0, "ום_pct": 0.0, "ז_pct": 0.0, "זך_pct": 0.0, "זנ_pct": 0.0, "זץ_pct": 0.0, "ט_pct": 6.5909090909090899, "י_pct": 0.0, "יז_pct": 0.0, "ינ_pct": 0.0, "יץ_pct": 0.0, "יק_pct": 0.0, "כן_pct": 16.363636363636363, "ך_pct": 0.0, "ל_pct": 4.3181818181818183, "מחל_pct": 33.636363636363633, "מרצ_pct": 1.3636363636363635, "נז_pct": 0.0, "ני_pct": 0.0, "נף_pct": 0.0, "נץ_pct": 0.0, "נק_pct": 0.0, "נר_pct": 0.0, "עם_pct": 0.0, "פה_pct": 30.681818181818183, "ף_pct": 0.0, "צ_pct": 0.0, "ץ_pct": 0.0, "ק_pct": 0.0, "קי_pct": 0.0, "קך_pct": 0.0, "קנ_pct": 0.0, "קץ_pct": 0.45454545454545453, "רז_pct": 0.0, "שס_pct": 2.0454545454545454, "ת_pct": 0.0, "lat": 32.7748891, "lon": 34.9920946, "neighborhood": "רמת בגין" }, "geometry": { "type": "Point", "coordinates": [ 34.9920946, 32.7748891 ] } },
{ "type": "Feature", "properties": { "סמל ועדה": 7, "ברזל": 3231, "שם ישוב": "חיפה", "סמל ישוב": 4000, "קלפי": "730.6", "ריכוז": 55, "שופט": 0, "בזב": 668, "מצביעים": 438, "פסולים": 5, "כשרים": 433, "אמת": 19, "אצ": 2, "ב": 2, "ג": 0, "ד": 0, "ום": 0, "ז": 0, "זך": 0, "זנ": 0, "זץ": 0, "ט": 39, "י": 0, "יז": 0, "ינ": 0, "יץ": 0, "יק": 0, "כן": 72, "ך": 0, "ל": 15, "מחל": 138, "מרצ": 7, "נז": 0, "ני": 1, "נף": 0, "נץ": 0, "נק": 0, "נר": 0, "עם": 1, "פה": 126, "ף": 0, "צ": 0, "ץ": 0, "ק": 0, "קי": 0, "קך": 0, "קנ": 0, "קץ": 2, "רז": 0, "שס": 9, "ת": 0, "כתובת קלפי": "בן צבי יצחק,6 ", "מקום קלפי": "חט\"ב דגן", "נגישה": " ", "נגישה מיוחדת": " ", "בוחרי כנסת בפועל": 668, "turnout_pct": 65.568862275449106, "אמת_pct": 4.3879907621247112, "אצ_pct": 0.46189376443418012, "ב_pct": 0.46189376443418012, "ג_pct": 0.0, "ד_pct": 0.0, "ום_pct": 0.0, "ז_pct": 0.0, "זך_pct": 0.0, "זנ_pct": 0.0, "זץ_pct": 0.0, "ט_pct": 9.006928406466514, "י_pct": 0.0, "יז_pct": 0.0, "ינ_pct": 0.0, "יץ_pct": 0.0, "יק_pct": 0.0, "כן_pct": 16.628175519630485, "ך_pct": 0.0, "ל_pct": 3.4642032332563506, "מחל_pct": 31.87066974595843, "מרצ_pct": 1.6166281755196306, "נז_pct": 0.0, "ני_pct": 0.23094688221709006, "נף_pct": 0.0, "נץ_pct": 0.0, "נק_pct": 0.0, "נר_pct": 0.0, "עם_pct": 0.23094688221709006, "פה_pct": 29.099307159353348, "ף_pct": 0.0, "צ_pct": 0.0, "ץ_pct": 0.0, "ק_pct": 0.0, "קי_pct": 0.0, "קך_pct": 0.0, "קנ_pct": 0.0, "קץ_pct": 0.46189376443418012, "רז_pct": 0.0, "שס_pct": 2.0785219399538106, "ת_pct": 0.0, "lat": 32.7748891, "lon": 34.9920946, "neighborhood": "רמת בגין" }, "geometry": { "type": "Point", "coordinates": [ 34.9920946, 32.7748891 ] } },
{ "type": "Feature", "properties": { "סמל ועדה": 7, "ברזל": 3232, "שם ישוב": "חיפה", "סמל ישוב": 4000, "קלפי": "730.7", "ריכוז": 55, "שופט": 0, "בזב": 666, "מצביעים": 438, "פסולים": 0, "כשרים": 438, "אמת": 24, "אצ": 0, "ב": 4, "ג": 0, "ד": 0, "ום": 1, "ז": 0, "זך": 0, "זנ": 0, "זץ": 0, "ט": 24, "י": 0, "יז": 1, "ינ": 0, "יץ": 0, "יק": 0, "כן": 62, "ך": 0, "ל": 18, "מחל": 119, "מרצ": 13, "נז": 0, "ני": 0, "נף": 0, "נץ": 0, "נק": 0, "נר": 0, "עם": 0, "פה": 164, "ף": 0, "צ": 0, "ץ": 0, "ק": 0, "קי": 0, "קך": 0, "קנ": 0, "קץ": 2, "רז": 0, "שס": 5, "ת": 1, "כתובת קלפי": "בן צבי יצחק,6 ", "מקום קלפי": "חט\"ב דגן", "נגישה": " ", "נגישה מיוחדת": " ", "בוחרי כנסת בפועל": 666, "turnout_pct": 65.765765765765778, "אמת_pct": 5.4794520547945202, "אצ_pct": 0.0, "ב_pct": 0.91324200913242004, "ג_pct": 0.0, "ד_pct": 0.0, "ום_pct": 0.22831050228310501, "ז_pct": 0.0, "זך_pct": 0.0, "זנ_pct": 0.0, "זץ_pct": 0.0, "ט_pct": 5.4794520547945202, "י_pct": 0.0, "יז_pct": 0.22831050228310501, "ינ_pct": 0.0, "יץ_pct": 0.0, "יק_pct": 0.0, "כן_pct": 14.15525114155251, "ך_pct": 0.0, "ל_pct": 4.10958904109589, "מחל_pct": 27.168949771689498, "מרצ_pct": 2.968036529680365, "נז_pct": 0.0, "ני_pct": 0.0, "נף_pct": 0.0, "נץ_pct": 0.0, "נק_pct": 0.0, "נר_pct": 0.0, "עם_pct": 0.0, "פה_pct": 37.442922374429223, "ף_pct": 0.0, "צ_pct": 0.0, "ץ_pct": 0.0, "ק_pct": 0.0, "קי_pct": 0.0, "קך_pct": 0.0, "קנ_pct": 0.0, "קץ_pct": 0.45662100456621002, "רז_pct": 0.0, "שס_pct": 1.1415525114155249, "ת_pct": 0.22831050228310501, "lat": 32.7748891, "lon": 34.9920946, "neighborhood": "רמת בגין" }, "geometry": { "type": "Point", "coordinates": [ 34.9920946, 32.7748891 ] } },
{ "type": "Feature", "properties": { "סמל ועדה": 7, "ברזל": 3233, "שם ישוב": "חיפה", "סמל ישוב": 4000, "קלפי": "733", "ריכוז": 65, "שופט": 0, "בזב": 586, "מצביעים": 391, "פסולים": 1, "כשרים": 390, "אמת": 15, "אצ": 1, "ב": 0, "ג": 2, "ד": 0, "ום": 0, "ז": 0, "זך": 0, "זנ": 0, "זץ": 0, "ט": 33, "י": 0, "יז": 4, "ינ": 0, "יץ": 0, "יק": 0, "כן": 70, "ך": 0, "ל": 4, "מחל": 130, "מרצ": 8, "נז": 0, "ני": 0, "נף": 0, "נץ": 0, "נק": 0, "נר": 0, "עם": 0, "פה": 114, "ף": 0, "צ": 1, "ץ": 0, "ק": 0, "קי": 0, "קך": 0, "קנ": 0, "קץ": 0, "רז": 0, "שס": 8, "ת": 0, "כתובת קלפי": "בן צבי יצחק,14 ", "מקום קלפי": "מרכז קהילתי בית נגלר", "נגישה": " ", "נגישה מיוחדת": " ", "בוחרי כנסת בפועל": 586, "turnout_pct": 66.723549488054616, "אמת_pct": 3.8461538461538463, "אצ_pct": 0.25641025641025639, "ב_pct": 0.0, "ג_pct": 0.51282051282051277, "ד_pct": 0.0, "ום_pct": 0.0, "ז_pct": 0.0, "זך_pct": 0.0, "זנ_pct": 0.0, "זץ_pct": 0.0, "ט_pct": 8.4615384615384617, "י_pct": 0.0, "יז_pct": 1.0256410256410255, "ינ_pct": 0.0, "יץ_pct": 0.0, "יק_pct": 0.0, "כן_pct": 17.948717948717949, "ך_pct": 0.0, "ל_pct": 1.0256410256410255, "מחל_pct": 33.333333333333329, "מרצ_pct": 2.0512820512820511, "נז_pct": 0.0, "ני_pct": 0.0, "נף_pct": 0.0, "נץ_pct": 0.0, "נק_pct": 0.0, "נר_pct": 0.0, "עם_pct": 0.0, "פה_pct": 29.230769230769234, "ף_pct": 0.0, "צ_pct": 0.25641025641025639, "ץ_pct": 0.0, "ק_pct": 0.0, "קי_pct": 0.0, "קך_pct": 0.0, "קנ_pct": 0.0, "קץ_pct": 0.0, "רז_pct": 0.0, "שס_pct": 2.0512820512820511, "ת_pct": 0.0, "lat": 32.8178639, "lon": 35.0695903, "neighborhood": "קריית חיים מזרחית" }, "geometry": { "type": "Point", "coordinates": [ 35.0695903, 32.8178639 ] } },
{ "type": "Feature", "properties": { "סמל ועדה": 7, "ברזל": 3234, "שם ישוב": "חיפה", "סמל ישוב": 4000, "קלפי": "739", "ריכוז": 65, "שופט": 0, "בזב": 505, "מצביעים": 232, "פסולים": 1, "כשרים": 231, "אמת": 3, "אצ": 0, "ב": 0, "ג": 2, "ד": 0, "ום": 0, "ז": 0, "זך": 0, "זנ": 0, "זץ": 0, "ט": 26, "י": 0, "יז": 3, "ינ": 0, "יץ": 0, "יק": 0, "כן": 29, "ך": 0, "ל": 18, "מחל": 112, "מרצ": 1, "נז": 0, "ני": 1, "נף": 0, "נץ": 0, "נק": 0, "נר": 0, "עם": 0, "פה": 22, "ף": 1, "צ": 1, "ץ": 1, "ק": 0, "קי": 0, "קך": 1, "קנ": 0, "קץ": 0, "רז": 0, "שס": 10, "ת": 0, "כתובת קלפי": "בן צבי יצחק,14 ", "מקום קלפי": "מרכז קהילתי בית נגלר", "נגישה": "כ", "נגישה מיוחדת": "כ", "בוחרי כנסת בפועל": 505, "turnout_pct": 45.940594059405946, "אמת_pct": 1.2987012987012987, "אצ_pct": 0.0, "ב_pct": 0.0, "ג_pct": 0.86580086580086579, "ד_pct": 0.0, "ום_pct": 0.0, "ז_pct": 0.0, "זך_pct": 0.0, "זנ_pct": 0.0, "זץ_pct": 0.0, "ט_pct": 11.255411255411255, "י_pct": 0.0, "יז_pct": 1.2987012987012987, "ינ_pct": 0.0, "יץ_pct": 0.0, "יק_pct": 0.0, "כן_pct": 12.554112554112553, "ך_pct": 0.0, "ל_pct": 7.7922077922077921, "מחל_pct": 48.484848484848484, "מרצ_pct": 0.4329004329004329, "נז_pct": 0.0, "ני_pct": 0.4329004329004329, "נף_pct": 0.0, "נץ_pct": 0.0, "נק_pct": 0.0, "נר_pct": 0.0, "עם_pct": 0.0, "פה_pct": 9.5238095238095237, "ף_pct": 0.4329004329004329, "צ_pct": 0.4329004329004329, "ץ_pct": 0.4329004329004329, "ק_pct": 0.0, "קי_pct": 0.0, "קך_pct": 0.4329004329004329, "קנ_pct": 0.0, "קץ_pct": 0.0, "רז_pct": 0.0, "שס_pct": 4.329004329004329, "ת_pct": 0.0, "lat": 32.8178639, "lon": 35.0695903, "neighborhood": "קריית חיים מזרחית" }, "geometry": { "type": "Point", "coordinates": [ 35.0695903, 32.8178639 ] } },
{ "type": "Feature", "properties": { "סמל ועדה": 7, "ברזל": 3235, "שם ישוב": "חיפה", "סמל ישוב": 4000, "קלפי": "742", "ריכוז": 272, "שופט": 0, "בזב": 667, "מצביעים": 477, "פסולים": 2, "כשרים": 475, "אמת": 26, "אצ": 2, "ב": 6, "ג": 1, "ד": 0, "ום": 0, "ז": 0, "זך": 0, "זנ": 0, "זץ": 0, "ט": 38, "י": 0, "יז": 1, "ינ": 0, "יץ": 0, "יק": 0, "כן": 64, "ך": 0, "ל": 16, "מחל": 160, "מרצ": 4, "נז": 0, "ני": 0, "נף": 0, "נץ": 0, "נק": 0, "נר": 0, "עם": 0, "פה": 149, "ף": 0, "צ": 0, "ץ": 0, "ק": 0, "קי": 0, "קך": 0, "קנ": 0, "קץ": 1, "רז": 0, "שס": 7, "ת": 0, "כתובת קלפי": "הקבוצים,63 ", "מקום קלפי": "גן \"כוכבית\"", "נגישה": "כ", "נגישה מיוחדת": "כ", "בוחרי כנסת בפועל": 667, "turnout_pct": 71.514242878560722, "אמת_pct": 5.4736842105263159, "אצ_pct": 0.42105263157894735, "ב_pct": 1.263157894736842, "ג_pct": 0.21052631578947367, "ד_pct": 0.0, "ום_pct": 0.0, "ז_pct": 0.0, "זך_pct": 0.0, "זנ_pct": 0.0, "זץ_pct": 0.0, "ט_pct": 8.0, "י_pct": 0.0, "יז_pct": 0.21052631578947367, "ינ_pct": 0.0, "יץ_pct": 0.0, "יק_pct": 0.0, "כן_pct": 13.473684210526315, "ך_pct": 0.0, "ל_pct": 3.3684210526315788, "מחל_pct": 33.684210526315788, "מרצ_pct": 0.84210526315789469, "נז_pct": 0.0, "ני_pct": 0.0, "נף_pct": 0.0, "נץ_pct": 0.0, "נק_pct": 0.0, "נר_pct": 0.0, "עם_pct": 0.0, "פה_pct": 31.368421052631579, "ף_pct": 0.0, "צ_pct": 0.0, "ץ_pct": 0.0, "ק_pct": 0.0, "קי_pct": 0.0, "קך_pct": 0.0, "קנ_pct": 0.0, "קץ_pct": 0.21052631578947367, "רז_pct": 0.0, "שס_pct": 1.4736842105263157, "ת_pct": 0.0, "lat": 32.8247493, "lon": 35.0744239, "neighborhood": "קריית חיים מזרחית" }, "geometry": { "type": "Point", "coordinates": [ 35.0744239, 32.8247493 ] } }
]
}
