region_code,region_name,city_code,city_name,street_code,street_name,street_name_status,official_code
31,חיפה,4000,חיפה,101,כברי,official,101
31,חיפה,4000,חיפה,102,רח סא,official,102
31,חיפה,4000,חיפה,9521,רח סא ק חיים,synonym of 102,102
31,חיפה,4000,חיפה,103,בן עמי,official,103
31,חיפה,4000,חיפה,104,רח סג,official,104
31,חיפה,4000,חיפה,9522,רח סג ק חיים,synonym of 104,104
31,חיפה,4000,חיפה,105,הקונגרס,official,105
31,חיפה,4000,חיפה,9523,רח סד ק חיים,synonym of 105,105
31,חיפה,4000,חיפה,9524,רח סד,synonym of 105,105
31,חיפה,4000,חיפה,106,רח סה,official,106
31,חיפה,4000,חיפה,9525,רח סה ק חיים,synonym of 106,106
31,חיפה,4000,חיפה,107,חרב לאת,official,107
31,חיפה,4000,חיפה,9526,הרב לאת,synonym of 107,107
31,חיפה,4000,חיפה,9527,רח צו ק חיי,synonym of 107,107
31,חיפה,4000,חיפה,9528,רח סו ק חיים,synonym of 107,107
31,חיפה,4000,חיפה,9529,רח סו,synonym of 107,107
31,חיפה,4000,חיפה,108,רח סז,official,108
31,חיפה,4000,חיפה,9530,רח סז ק חיים,synonym of 108,108
31,חיפה,4000,חיפה,109,שדה בוקר,official,109
31,חיפה,4000,חיפה,9531,שדה בקר,synonym of 109,109
31,חיפה,4000,חיפה,9532,רח סח,synonym of 109,109
31,חיפה,4000,חיפה,9533,רח סח ק חיים,synonym of 109,109
31,חיפה,4000,חיפה,110,שד דגניה,official,110
31,חיפה,4000,חיפה,9534,רח לג ק חיי,synonym of 110,110
31,חיפה,4000,חיפה,9535,רח עג,synonym of 110,110
31,חיפה,4000,חיפה,9536,דגנית שד,synonym of 110,110
31,חיפה,4000,חיפה,9537,דגנית שדרות,synonym of 110,110
31,חיפה,4000,חיפה,9538,ק חיים רח עג,synonym of 110,110
31,חיפה,4000,חיפה,9539,שדרות דגנית,synonym of 110,110
31,חיפה,4000,חיפה,9540,דגניה שד,synonym of 110,110
31,חיפה,4000,חיפה,9541,רח עג ק חיים,synonym of 110,110
31,חיפה,4000,חיפה,9542,דגניה,synonym of 110,110
31,חיפה,4000,חיפה,9543,שד דגנית,synonym of 110,110
31,חיפה,4000,חיפה,9544,דגניה שדרות,synonym of 110,110
31,חיפה,4000,חיפה,9545,שדרות דגניה,synonym of 110,110
31,חיפה,4000,חיפה,111,אברבנאל,official,111
31,חיפה,4000,חיפה,9546,רח עב,synonym of 111,111
31,חיפה,4000,חיפה,9547,רח עבק חיים,synonym of 111,111
31,חיפה,4000,חיפה,9548,רח עב ק חיים,synonym of 111,111
31,חיפה,4000,חיפה,9549,ק חיים רח עב,synonym of 111,111
31,חיפה,4000,חיפה,112,רח נט,official,112
31,חיפה,4000,חיפה,9550,רח נט ק חיים,synonym of 112,112
31,חיפה,4000,חיפה,113,"כ""ץ יעקב הרב",official,113
31,חיפה,4000,חיפה,9551,כץ יעקב,synonym of 113,113
31,חיפה,4000,חיפה,9552,יעקב כץ,synonym of 113,113
31,חיפה,4000,חיפה,9553,כץ,synonym of 113,113
31,חיפה,4000,חיפה,9554,"כ""ץ יעקב",synonym of 113,113
31,חיפה,4000,חיפה,114,ישראלי בן ציון,official,114
31,חיפה,4000,חיפה,9555,ישראלי ב צי,synonym of 114,114
31,חיפה,4000,חיפה,9556,רח נז,synonym of 114,114
31,חיפה,4000,חיפה,9557,רח נז ק חיים,synonym of 114,114
31,חיפה,4000,חיפה,9558,בן ציון ישראלי,synonym of 114,114
31,חיפה,4000,חיפה,9559,ישראלי ב ציו,synonym of 114,114
31,חיפה,4000,חיפה,115,רח נו,official,115
31,חיפה,4000,חיפה,9560,רח נו ק חיים,synonym of 115,115
31,חיפה,4000,חיפה,116,ארן זלמן,official,116
31,חיפה,4000,חיפה,9561,זלמן ארן,synonym of 116,116
31,חיפה,4000,חיפה,9562,רח נה ק חיים,synonym of 116,116
31,חיפה,4000,חיפה,9563,רח נה,synonym of 116,116
31,חיפה,4000,חיפה,9564,ארן,synonym of 116,116
31,חיפה,4000,חיפה,117,רח נא,official,117
31,חיפה,4000,חיפה,9565,רח נא ק חיים,synonym of 117,117
31,חיפה,4000,חיפה,9566,ק חיים רח נא,synonym of 117,117
31,חיפה,4000,חיפה,118,אלונים,official,118
31,חיפה,4000,חיפה,9567,ק חיים רח נב,synonym of 118,118
31,חיפה,4000,חיפה,9568,רח נב,synonym of 118,118
31,חיפה,4000,חיפה,9569,רח נב ק חיים,synonym of 118,118
31,חיפה,4000,חיפה,9570,האלונים,synonym of 118,118
31,חיפה,4000,חיפה,119,עשת אביגדור,official,119
31,חיפה,4000,חיפה,9571,אביגדור עשת,synonym of 119,119
31,חיפה,4000,חיפה,9572,רח נג ק חיים,synonym of 119,119
31,חיפה,4000,חיפה,9573,ק חיים רח נג,synonym of 119,119
31,חיפה,4000,חיפה,9574,רח נג,synonym of 119,119
31,חיפה,4000,חיפה,9575,עשת,synonym of 119,119
31,חיפה,4000,חיפה,120,רח נד,official,120
31,חיפה,4000,חיפה,9576,רח נד ק חיים,synonym of 120,120
31,חיפה,4000,חיפה,121,רח מו,official,121
31,חיפה,4000,חיפה,9577,רח מו ר חיים,synonym of 121,121
31,חיפה,4000,חיפה,9578,רח מר ר חיים,synonym of 121,121
31,חיפה,4000,חיפה,9579,רח מו ק חיים,synonym of 121,121
31,חיפה,4000,חיפה,122,נתיב הערבה,official,122
31,חיפה,4000,חיפה,9580,הערבה,synonym of 122,122
31,חיפה,4000,חיפה,123,האשל,official,123
31,חיפה,4000,חיפה,9581,רח מט,synonym of 123,123
31,חיפה,4000,חיפה,9582,ק חיים רח מט,synonym of 123,123
31,חיפה,4000,חיפה,9583,רח מט ק חיים,synonym of 123,123
31,חיפה,4000,חיפה,124,רח מח,official,124
31,חיפה,4000,חיפה,9584,רח מח ק חיים,synonym of 124,124
31,חיפה,4000,חיפה,125,"קרפל ד""ר",official,125
31,חיפה,4000,חיפה,9585,רח מה ק חיים,synonym of 125,125
31,חיפה,4000,חיפה,9586,רח מה,synonym of 125,125
31,חיפה,4000,חיפה,9587,קרפל,synonym of 125,125
31,חיפה,4000,חיפה,9588,"ד""ר קרפל",synonym of 125,125
31,חיפה,4000,חיפה,126,בוסל יוסף,official,126
31,חיפה,4000,חיפה,9589,רח מז,synonym of 126,126
31,חיפה,4000,חיפה,9590,יוסף בוסל,synonym of 126,126
31,חיפה,4000,חיפה,9591,בוסל,synonym of 126,126
31,חיפה,4000,חיפה,127,הארזים,official,127
31,חיפה,4000,חיפה,9592,רחנ ק חיים,synonym of 127,127
31,חיפה,4000,חיפה,9593,רח נ ק חיים,synonym of 127,127
31,חיפה,4000,חיפה,9594,ארזים,synonym of 127,127
31,חיפה,4000,חיפה,9595,רח נ,synonym of 127,127
31,חיפה,4000,חיפה,128,לוי יוסף,official,128
31,חיפה,4000,חיפה,9596,שכ קרוונים,synonym of 128,128
31,חיפה,4000,חיפה,9597,קרוונים,synonym of 128,128
31,חיפה,4000,חיפה,9598,שכ קראוונים,synonym of 128,128
31,חיפה,4000,חיפה,9599,ש קרוונים,synonym of 128,128
31,חיפה,4000,חיפה,9600,שכ הקרוונים,synonym of 128,128
31,חיפה,4000,חיפה,9601,יוסף לוי,synonym of 128,128
31,חיפה,4000,חיפה,129,שד ורבורג,official,129
31,חיפה,4000,חיפה,9602,פנת ורבורג,synonym of 129,129
31,חיפה,4000,חיפה,9603,ורבורג,synonym of 129,129
31,חיפה,4000,חיפה,9604,ורבורג שד,synonym of 129,129
31,חיפה,4000,חיפה,9605,שדרות ורבורג,synonym of 129,129
31,חיפה,4000,חיפה,9606,שד וורבורג,synonym of 129,129
31,חיפה,4000,חיפה,9607,שדרות וורבורג,synonym of 129,129
31,חיפה,4000,חיפה,9608,וורבורג שדרות,synonym of 129,129
31,חיפה,4000,חיפה,9609,וורבורג שד,synonym of 129,129
31,חיפה,4000,חיפה,9610,ורבורג שדרות,synonym of 129,129
31,חיפה,4000,חיפה,130,נתיב ההדס,official,130
31,חיפה,4000,חיפה,9611,ההדס,synonym of 130,130
31,חיפה,4000,חיפה,131,החבצלת,official,131
31,חיפה,4000,חיפה,9612,רח מ,synonym of 131,131
31,חיפה,4000,חיפה,9613,רח מ ק חיים,synonym of 131,131
31,חיפה,4000,חיפה,9614,חבצלת,synonym of 131,131
31,חיפה,4000,חיפה,132,אנה פרנק,official,132
31,חיפה,4000,חיפה,9615,רח לט,synonym of 132,132
31,חיפה,4000,חיפה,9616,רח לט ק חיים,synonym of 132,132
31,חיפה,4000,חיפה,9617,פרנק אנה,synonym of 132,132
31,חיפה,4000,חיפה,133,רח לח,official,133
31,חיפה,4000,חיפה,9618,רח לח ק חיים,synonym of 133,133
31,חיפה,4000,חיפה,134,אביר מרק,official,134
31,חיפה,4000,חיפה,9619,רח לז ק חיים,synonym of 134,134
31,חיפה,4000,חיפה,9620,ק חיים רח לז,synonym of 134,134
31,חיפה,4000,חיפה,9621,רח לז,synonym of 134,134
31,חיפה,4000,חיפה,9622,אביר,synonym of 134,134
31,חיפה,4000,חיפה,9623,מרק אביר,synonym of 134,134
31,חיפה,4000,חיפה,135,רח לו,official,135
31,חיפה,4000,חיפה,9624,ק חיים רח ל,synonym of 135,135
31,חיפה,4000,חיפה,9625,רח לב ק חיי,synonym of 135,135
31,חיפה,4000,חיפה,9626,רח לה,synonym of 135,135
31,חיפה,4000,חיפה,9627,רח לו ק חיים,synonym of 135,135
31,חיפה,4000,חיפה,9628,ק חיים רח לו,synonym of 135,135
31,חיפה,4000,חיפה,136,נתיב הלולב,official,136
31,חיפה,4000,חיפה,9629,הלולב,synonym of 136,136
31,חיפה,4000,חיפה,137,רח מא,official,137
31,חיפה,4000,חיפה,9630,רח מא ק חיים,synonym of 137,137
31,חיפה,4000,חיפה,138,האמונה,official,138
31,חיפה,4000,חיפה,9631,שביל האמונה,synonym of 138,138
31,חיפה,4000,חיפה,139,"תרי""ג",official,139
31,חיפה,4000,חיפה,9632,תריג,synonym of 139,139
31,חיפה,4000,חיפה,9633,תרג,synonym of 139,139
31,חיפה,4000,חיפה,140,ריינס הרב,official,140
31,חיפה,4000,חיפה,9634,חרלפ,synonym of 140,140
31,חיפה,4000,חיפה,9635,ריינס,synonym of 140,140
31,חיפה,4000,חיפה,9636,הרב ריינס,synonym of 140,140
31,חיפה,4000,חיפה,141,"שד הרא""ה",official,141
31,חיפה,4000,חיפה,9637,הראה ישיב ע,synonym of 141,141
31,חיפה,4000,חיפה,9638,הרואה,synonym of 141,141
31,חיפה,4000,חיפה,9639,שד הראה,synonym of 141,141
31,חיפה,4000,חיפה,9640,הראה שד,synonym of 141,141
31,חיפה,4000,חיפה,9641,הראה,synonym of 141,141
31,חיפה,4000,חיפה,9642,שדרות הראה,synonym of 141,141
31,חיפה,4000,חיפה,9643,הראה שדרות,synonym of 141,141
31,חיפה,4000,חיפה,142,יוסיפון,official,142
31,חיפה,4000,חיפה,143,מאלי יעקב משה,official,143
31,חיפה,4000,חיפה,9644,רח 2570,synonym of 143,143
31,חיפה,4000,חיפה,9645,מאלי,synonym of 143,143
31,חיפה,4000,חיפה,9646,יעקב מאלי,synonym of 143,143
31,חיפה,4000,חיפה,9647,מאלי יעקב,synonym of 143,143
31,חיפה,4000,חיפה,144,המסורת,official,144
31,חיפה,4000,חיפה,145,מיכואלס שלמה,official,145
31,חיפה,4000,חיפה,9648,רח 1122,synonym of 145,145
31,חיפה,4000,חיפה,9649,מיכואלס,synonym of 145,145
31,חיפה,4000,חיפה,9650,שלמה מיכואלס,synonym of 145,145
31,חיפה,4000,חיפה,146,תורה ועבודה,official,146
31,חיפה,4000,חיפה,147,האמוראים,official,147
31,חיפה,4000,חיפה,9651,אמוראים,synonym of 147,147
31,חיפה,4000,חיפה,9652,האמורים,synonym of 147,147
31,חיפה,4000,חיפה,9653,נתיב האמוראים,synonym of 147,147
31,חיפה,4000,חיפה,148,מוהליבר,official,148
31,חיפה,4000,חיפה,9654,מוהיליבר,synonym of 148,148
31,חיפה,4000,חיפה,149,הגאונים,official,149
31,חיפה,4000,חיפה,150,הפוסקים,official,150
31,חיפה,4000,חיפה,151,האמהות,official,151
31,חיפה,4000,חיפה,9655,נתיב האמהות,synonym of 151,151
31,חיפה,4000,חיפה,152,האבות,official,152
31,חיפה,4000,חיפה,153,התנאים,official,153
31,חיפה,4000,חיפה,154,"הנצי""ב",official,154
31,חיפה,4000,חיפה,9656,הנציב שדרות,synonym of 154,154
31,חיפה,4000,חיפה,9657,שד הנציב,synonym of 154,154
31,חיפה,4000,חיפה,9658,שדרות הנציב,synonym of 154,154
31,חיפה,4000,חיפה,9659,הנציב,synonym of 154,154
31,חיפה,4000,חיפה,9660,הנציב שד,synonym of 154,154
31,חיפה,4000,חיפה,155,בר אילן,official,155
31,חיפה,4000,חיפה,156,נתיב העולים,official,156
31,חיפה,4000,חיפה,9661,רח 1123,synonym of 156,156
31,חיפה,4000,חיפה,157,הפלוגות,official,157
31,חיפה,4000,חיפה,9662,זרובבל יעקב,synonym of 157,157
31,חיפה,4000,חיפה,9663,רח כט ק חיים,synonym of 157,157
31,חיפה,4000,חיפה,9664,רח כח ק חיים,synonym of 157,157
31,חיפה,4000,חיפה,9665,פלוגות,synonym of 157,157
31,חיפה,4000,חיפה,9666,יעקב זרובבל,synonym of 157,157
31,חיפה,4000,חיפה,158,המפוח,official,158
31,חיפה,4000,חיפה,9667,רח 2470,synonym of 158,158
31,חיפה,4000,חיפה,159,אידלסון בבה,official,159
31,חיפה,4000,חיפה,9668,בבה אידלסון,synonym of 159,159
31,חיפה,4000,חיפה,9669,אידלסון,synonym of 159,159
31,חיפה,4000,חיפה,160,הגדוד העברי,official,160
31,חיפה,4000,חיפה,9670,רח ג ק חיים,synonym of 160,160
31,חיפה,4000,חיפה,9671,רח ג,synonym of 160,160
31,חיפה,4000,חיפה,161,הנוטר,official,161
31,חיפה,4000,חיפה,9672,רח ד ק חיים,synonym of 161,161
31,חיפה,4000,חיפה,9673,רח ד,synonym of 161,161
31,חיפה,4000,חיפה,162,שרת משה,official,162
31,חיפה,4000,חיפה,9674,ק חיים רח ה,synonym of 162,162
31,חיפה,4000,חיפה,9675,שרת,synonym of 162,162
31,חיפה,4000,חיפה,9676,רח ה ק חיים,synonym of 162,162
31,חיפה,4000,חיפה,9677,משה שרת,synonym of 162,162
31,חיפה,4000,חיפה,9678,רח ה,synonym of 162,162
31,חיפה,4000,חיפה,163,הראשונים,official,163
31,חיפה,4000,חיפה,9679,רח בח ק חיי,synonym of 163,163
31,חיפה,4000,חיפה,9680,ראשונים,synonym of 163,163
31,חיפה,4000,חיפה,9681,ק חיים רח ב,synonym of 163,163
31,חיפה,4000,חיפה,9682,רח ב ק חיים,synonym of 163,163
31,חיפה,4000,חיפה,9683,רח ב,synonym of 163,163
31,חיפה,4000,חיפה,164,זייד אלכסנדר,official,164
31,חיפה,4000,חיפה,9684,ק חיים רח א,synonym of 164,164
31,חיפה,4000,חיפה,9685,זיד אלכסנדר,synonym of 164,164
31,חיפה,4000,חיפה,9686,רח א ק חיים,synonym of 164,164
31,חיפה,4000,חיפה,9687,רח א,synonym of 164,164
31,חיפה,4000,חיפה,9688,אלכסנדר זייד,synonym of 164,164
31,חיפה,4000,חיפה,165,הרצפלד אברהם,official,165
31,חיפה,4000,חיפה,9689,הרצפלד,synonym of 165,165
31,חיפה,4000,חיפה,166,ששת הימים,official,166
31,חיפה,4000,חיפה,9690,רח כג ק חיים,synonym of 166,166
31,חיפה,4000,חיפה,9691,ק חיים רח כג,synonym of 166,166
31,חיפה,4000,חיפה,9692,רח כג,synonym of 166,166
31,חיפה,4000,חיפה,167,שביל פומרוק משה,official,167
31,חיפה,4000,חיפה,9693,פומרוק משה,synonym of 167,167
31,חיפה,4000,חיפה,9694,משה פומרוק,synonym of 167,167
31,חיפה,4000,חיפה,9695,פומרוק,synonym of 167,167
31,חיפה,4000,חיפה,168,דנינו אברהם,official,168
31,חיפה,4000,חיפה,9696,דנינו,synonym of 168,168
31,חיפה,4000,חיפה,169,הקבוצים,official,169
31,חיפה,4000,חיפה,9697,הקיבוצים,synonym of 169,169
31,חיפה,4000,חיפה,9698,רח כז,synonym of 169,169
31,חיפה,4000,חיפה,9699,רח כז ק חיים,synonym of 169,169
31,חיפה,4000,חיפה,170,קרן קיימת לישראל,official,170
31,חיפה,4000,חיפה,9700,קרן קימת שד,synonym of 170,170
31,חיפה,4000,חיפה,9701,קרן קימת שדרות,synonym of 170,170
31,חיפה,4000,חיפה,9702,שדרות קרן קימת,synonym of 170,170
31,חיפה,4000,חיפה,9703,קקל,synonym of 170,170
31,חיפה,4000,חיפה,9704,קרן קימת,synonym of 170,170
31,חיפה,4000,חיפה,9705,שד קרן קימת,synonym of 170,170
31,חיפה,4000,חיפה,171,נתיב האתרוג,official,171
31,חיפה,4000,חיפה,9706,האתרוג,synonym of 171,171
31,חיפה,4000,חיפה,172,ציזלינג אהרון,official,172
31,חיפה,4000,חיפה,9707,רח יח עממי,synonym of 172,172
31,חיפה,4000,חיפה,9708,רח יח ק חיים,synonym of 172,172
31,חיפה,4000,חיפה,9709,רח יח,synonym of 172,172
31,חיפה,4000,חיפה,9710,ציזלינג,synonym of 172,172
31,חיפה,4000,חיפה,9711,אהרון ציזלינג,synonym of 172,172
31,חיפה,4000,חיפה,173,שבטי ישראל,official,173
31,חיפה,4000,חיפה,9712,ק חיים רח י,synonym of 173,173
31,חיפה,4000,חיפה,9713,רח יא ק חיים,synonym of 173,173
31,חיפה,4000,חיפה,9714,ק חיים רח יא,synonym of 173,173
31,חיפה,4000,חיפה,9715,רח יא,synonym of 173,173
31,חיפה,4000,חיפה,174,שבעת המינים,official,174
31,חיפה,4000,חיפה,175,נתיב הישיבה,official,175
31,חיפה,4000,חיפה,9716,הישיבה,synonym of 175,175
31,חיפה,4000,חיפה,176,יציב יצחק,official,176
31,חיפה,4000,חיפה,9717,ק חיים רח ו,synonym of 176,176
31,חיפה,4000,חיפה,9718,קרית חיים,synonym of 176,176
31,חיפה,4000,חיפה,9719,רח ו ק חיים,synonym of 176,176
31,חיפה,4000,חיפה,9720,יצחק יציב,synonym of 176,176
31,חיפה,4000,חיפה,9721,רח ו,synonym of 176,176
31,חיפה,4000,חיפה,9722,יציב,synonym of 176,176
31,חיפה,4000,חיפה,177,חומה ומגדל,official,177
31,חיפה,4000,חיפה,9723,רח י ק חיים,synonym of 177,177
31,חיפה,4000,חיפה,9724,רח י,synonym of 177,177
31,חיפה,4000,חיפה,178,פולד ברכה,official,178
31,חיפה,4000,חיפה,9725,פולד,synonym of 178,178
31,חיפה,4000,חיפה,9726,רח יד ק חיים,synonym of 178,178
31,חיפה,4000,חיפה,9727,רח יד,synonym of 178,178
31,חיפה,4000,חיפה,9728,ברכה פולד,synonym of 178,178
31,חיפה,4000,חיפה,179,בילינסון,official,179
31,חיפה,4000,חיפה,9729,בלינסון,synonym of 179,179
31,חיפה,4000,חיפה,9730,רח ט,synonym of 179,179
31,חיפה,4000,חיפה,9731,ק חיים רח ט,synonym of 179,179
31,חיפה,4000,חיפה,9732,רח ט ק חיים,synonym of 179,179
31,חיפה,4000,חיפה,180,ציפר,official,180
31,חיפה,4000,חיפה,9733,רח טו ק חיים,synonym of 180,180
31,חיפה,4000,חיפה,9734,ציפר דר,synonym of 180,180
31,חיפה,4000,חיפה,9735,רח טו,synonym of 180,180
31,חיפה,4000,חיפה,9736,"ד""ר ציפר",synonym of 180,180
31,חיפה,4000,חיפה,9737,דר ציפר,synonym of 180,180
31,חיפה,4000,חיפה,181,מבצע קדש,official,181
31,חיפה,4000,חיפה,9738,רח תח ק חיי,synonym of 181,181
31,חיפה,4000,חיפה,9739,רח טז,synonym of 181,181
31,חיפה,4000,חיפה,9740,רח טז ק חיים,synonym of 181,181
31,חיפה,4000,חיפה,182,לייב יפה,official,182
31,חיפה,4000,חיפה,9741,רח יז ק חיים,synonym of 182,182
31,חיפה,4000,חיפה,9742,רח יז,synonym of 182,182
31,חיפה,4000,חיפה,9743,ליב יפה,synonym of 182,182
31,חיפה,4000,חיפה,183,השיירה,official,183
31,חיפה,4000,חיפה,9744,רח ח ק חיים,synonym of 183,183
31,חיפה,4000,חיפה,9745,רח ח,synonym of 183,183
31,חיפה,4000,חיפה,184,קפלן אלישבע,official,184
31,חיפה,4000,חיפה,9746,ק חיים רח ז,synonym of 184,184
31,חיפה,4000,חיפה,9747,אלישבע קפלן,synonym of 184,184
31,חיפה,4000,חיפה,9748,רח ז ק חיים,synonym of 184,184
31,חיפה,4000,חיפה,9749,רח ז,synonym of 184,184
31,חיפה,4000,חיפה,9750,קפלן,synonym of 184,184
31,חיפה,4000,חיפה,185,בן צבי יצחק,official,185
31,חיפה,4000,חיפה,9751,רח כ ק חיים,synonym of 185,185
31,חיפה,4000,חיפה,9752,רח כ,synonym of 185,185
31,חיפה,4000,חיפה,9753,בן צבי,synonym of 185,185
31,חיפה,4000,חיפה,9754,יצחק בן צבי,synonym of 185,185
31,חיפה,4000,חיפה,186,לביא שלמה,official,186
31,חיפה,4000,חיפה,9755,רח כא ק חיים,synonym of 186,186
31,חיפה,4000,חיפה,9756,רח כא,synonym of 186,186
31,חיפה,4000,חיפה,9757,שלמה לביא,synonym of 186,186
31,חיפה,4000,חיפה,9758,לביא,synonym of 186,186
31,חיפה,4000,חיפה,187,אלי כהן,official,187
31,חיפה,4000,חיפה,9759,ק חיים רח כ,synonym of 187,187
31,חיפה,4000,חיפה,9760,רח כד,synonym of 187,187
31,חיפה,4000,חיפה,9761,רח כד ק חיים,synonym of 187,187
31,חיפה,4000,חיפה,9762,כהן אלי,synonym of 187,187
31,חיפה,4000,חיפה,188,יבנאלי שמואל,official,188
31,חיפה,4000,חיפה,9763,יבנאלי,synonym of 188,188
31,חיפה,4000,חיפה,9764,רח כה ק חיים,synonym of 188,188
31,חיפה,4000,חיפה,9765,רח כה,synonym of 188,188
31,חיפה,4000,חיפה,9766,יבניאלי,synonym of 188,188
31,חיפה,4000,חיפה,189,כאהן יעקב,official,189
31,חיפה,4000,חיפה,9767,כהן יעקב,synonym of 189,189
31,חיפה,4000,חיפה,9768,יעקב כהן,synonym of 189,189
31,חיפה,4000,חיפה,9769,כאהן,synonym of 189,189
31,חיפה,4000,חיפה,9770,רח כו ק חיים,synonym of 189,189
31,חיפה,4000,חיפה,9771,רח כו,synonym of 189,189
31,חיפה,4000,חיפה,9772,יעקב כאהן,synonym of 189,189
31,חיפה,4000,חיפה,190,דרך צייזל ירוחם,official,190
31,חיפה,4000,חיפה,9773,צייזל ירוחם,synonym of 190,190
31,חיפה,4000,חיפה,9774,רח 2516,synonym of 190,190
31,חיפה,4000,חיפה,9775,ירוחם צייזל,synonym of 190,190
31,חיפה,4000,חיפה,191,בר יהודה ישראל,official,191
31,חיפה,4000,חיפה,9776,נצרת דרך,synonym of 191,191
31,חיפה,4000,חיפה,9777,בר יהודה דרך,synonym of 191,191
31,חיפה,4000,חיפה,9778,דרך נצרת,synonym of 191,191
31,חיפה,4000,חיפה,9779,בר יהודה,synonym of 191,191
31,חיפה,4000,חיפה,9780,בר-יהודה,synonym of 191,191
31,חיפה,4000,חיפה,9781,דרך בר יהודה,synonym of 191,191
31,חיפה,4000,חיפה,192,"מקלף מרדכי רא""ל",official,192
31,חיפה,4000,חיפה,9782,מצה זו,synonym of 192,192
31,חיפה,4000,חיפה,9783,עכו כביש,synonym of 192,192
31,חיפה,4000,חיפה,9784,מקלף,synonym of 192,192
31,חיפה,4000,חיפה,9785,מרדכי מקלף,synonym of 192,192
31,חיפה,4000,חיפה,9786,עכו דרך,synonym of 192,192
31,חיפה,4000,חיפה,9787,מקלף מרדכי,synonym of 192,192
31,חיפה,4000,חיפה,9788,"רא""ל מרדכי מקלף",synonym of 192,192
31,חיפה,4000,חיפה,9789,"רא""ל מקלף מרדכי",synonym of 192,192
31,חיפה,4000,חיפה,193,תובל,official,193
31,חיפה,4000,חיפה,194,יוליוס סימון,official,194
31,חיפה,4000,חיפה,9790,סימון יוליוס,synonym of 194,194
31,חיפה,4000,חיפה,195,שד ההסתדרות,official,195
31,חיפה,4000,חיפה,9791,דרך עכו,synonym of 195,195
31,חיפה,4000,חיפה,9792,ההסתדרות שדרות,synonym of 195,195
31,חיפה,4000,חיפה,9793,הסתדרות,synonym of 195,195
31,חיפה,4000,חיפה,9794,שדרות הסתדרות,synonym of 195,195
31,חיפה,4000,חיפה,9795,הסתדרות שדרות,synonym of 195,195
31,חיפה,4000,חיפה,9796,שד הסתדרות,synonym of 195,195
31,חיפה,4000,חיפה,9797,שדרות ההסתדרות,synonym of 195,195
31,חיפה,4000,חיפה,9798,ההסתדרות שד,synonym of 195,195
31,חיפה,4000,חיפה,9799,ההסתדרות,synonym of 195,195
31,חיפה,4000,חיפה,9800,הסתדרות שד,synonym of 195,195
31,חיפה,4000,חיפה,196,הקורנס,official,196
31,חיפה,4000,חיפה,9801,רח 627,synonym of 196,196
31,חיפה,4000,חיפה,197,בעלי מלאכה,official,197
31,חיפה,4000,חיפה,198,אופיר,official,198
31,חיפה,4000,חיפה,9802,אפיר,synonym of 198,198
31,חיפה,4000,חיפה,9803,אופר,synonym of 198,198
31,חיפה,4000,חיפה,199,שנקר אריה,official,199
31,חיפה,4000,חיפה,9804,אריה שנקר,synonym of 199,199
31,חיפה,4000,חיפה,9805,שנקר,synonym of 199,199
31,חיפה,4000,חיפה,200,הסנונית,official,200
31,חיפה,4000,חיפה,201,השקד,official,201
31,חיפה,4000,חיפה,9806,רח יג ק חיים,synonym of 201,201
31,חיפה,4000,חיפה,9807,רח יג,synonym of 201,201
31,חיפה,4000,חיפה,202,הבניה,official,202
31,חיפה,4000,חיפה,203,החרש,official,203
31,חיפה,4000,חיפה,204,היצירה,official,204
31,חיפה,4000,חיפה,205,המסגר,official,205
31,חיפה,4000,חיפה,206,העבודה,official,206
31,חיפה,4000,חיפה,207,השיש,official,207
31,חיפה,4000,חיפה,208,חכמי ישראל,official,208
31,חיפה,4000,חיפה,209,חירם,official,209
31,חיפה,4000,חיפה,210,חלוצי התעשיה,official,210
31,חיפה,4000,חיפה,211,חלץ,official,211
31,חיפה,4000,חיפה,212,החרושת,official,212
31,חיפה,4000,חיפה,9808,חרושת,synonym of 212,212
31,חיפה,4000,חיפה,213,טובים,official,213
31,חיפה,4000,חיפה,214,מעון אקדמאים,official,214
31,חיפה,4000,חיפה,9809,מעון אקד ק ח,synonym of 214,214
31,חיפה,4000,חיפה,9810,מעון אקדמאי,synonym of 214,214
31,חיפה,4000,חיפה,9811,מעון ק חיים,synonym of 214,214
31,חיפה,4000,חיפה,9812,מעון אקדמאים ק חיים,synonym of 214,214
31,חיפה,4000,חיפה,9813,ק חיים מעון אקדמאים,synonym of 214,214
31,חיפה,4000,חיפה,215,"אח""י אילת",official,215
31,חיפה,4000,חיפה,9814,כב ראשי ק ח,synonym of 215,215
31,חיפה,4000,חיפה,9815,אחי אילת,synonym of 215,215
31,חיפה,4000,חיפה,216,משטרת קרית חיים,official,216
31,חיפה,4000,חיפה,9816,ק ח מול משט,synonym of 216,216
31,חיפה,4000,חיפה,9817,ק חיים,synonym of 216,216
31,חיפה,4000,חיפה,9818,ב המשטרה ק ח,synonym of 216,216
31,חיפה,4000,חיפה,9819,משטרת ק חיים,synonym of 216,216
31,חיפה,4000,חיפה,9820,ק ח ב המשטרה,synonym of 216,216
31,חיפה,4000,חיפה,9821,ק ח ב משטרה,synonym of 216,216
31,חיפה,4000,חיפה,217,גורדוניה,official,217
31,חיפה,4000,חיפה,9822,רח 2564,synonym of 217,217
31,חיפה,4000,חיפה,218,הבשן,official,218
31,חיפה,4000,חיפה,9823,בשן,synonym of 218,218
31,חיפה,4000,חיפה,219,שטיין ליאון,official,219
31,חיפה,4000,חיפה,9824,שטיין לאון,synonym of 219,219
31,חיפה,4000,חיפה,9825,רח 652,synonym of 219,219
31,חיפה,4000,חיפה,9826,שטיין,synonym of 219,219
31,חיפה,4000,חיפה,9827,שטין,synonym of 219,219
31,חיפה,4000,חיפה,9828,ליאון שטיין,synonym of 219,219
31,חיפה,4000,חיפה,220,אהרונוביץ יוסף,official,220
31,חיפה,4000,חיפה,9829,אהרונוביץ י,synonym of 220,220
31,חיפה,4000,חיפה,9830,רח יט ק חיי,synonym of 220,220
31,חיפה,4000,חיפה,9831,רח יט ק חיים,synonym of 220,220
31,חיפה,4000,חיפה,9832,רח יט,synonym of 220,220
31,חיפה,4000,חיפה,9833,אהרונוביץ,synonym of 220,220
31,חיפה,4000,חיפה,221,רח 665,official,221
31,חיפה,4000,חיפה,222,"נתיב שד""ר",official,222
31,חיפה,4000,חיפה,9834,שדר נתיב,synonym of 222,222
31,חיפה,4000,חיפה,9835,נתיב שד,synonym of 222,222
31,חיפה,4000,חיפה,9836,שדרות נתיב,synonym of 222,222
31,חיפה,4000,חיפה,9837,נתיב שדרות,synonym of 222,222
31,חיפה,4000,חיפה,9838,שד נתיב,synonym of 222,222
31,חיפה,4000,חיפה,9839,נתיב שדר,synonym of 222,222
31,חיפה,4000,חיפה,9840,"שד""ר",synonym of 222,222
31,חיפה,4000,חיפה,223,הבונים החפשיים,official,223
31,חיפה,4000,חיפה,224,דרך העמקים,official,224
31,חיפה,4000,חיפה,9841,רח 2512,synonym of 224,224
31,חיפה,4000,חיפה,9842,העמקים,synonym of 224,224
31,חיפה,4000,חיפה,225,רבי יוחנן הסנדלר,official,225
31,חיפה,4000,חיפה,9843,רח 647,synonym of 225,225
31,חיפה,4000,חיפה,9844,יוחנן הסנדלר,synonym of 225,225
31,חיפה,4000,חיפה,226,מושלי יעקב,official,226
31,חיפה,4000,חיפה,9845,רח 650,synonym of 226,226
31,חיפה,4000,חיפה,9846,מושלי,synonym of 226,226
31,חיפה,4000,חיפה,9847,יעקב מושלי,synonym of 226,226
31,חיפה,4000,חיפה,227,התאנה,official,227
31,חיפה,4000,חיפה,9848,רח יב ק חיים,synonym of 227,227
31,חיפה,4000,חיפה,9849,תאנה,synonym of 227,227
31,חיפה,4000,חיפה,9850,רח יב,synonym of 227,227
31,חיפה,4000,חיפה,228,"שד מח""ל",official,228
31,חיפה,4000,חיפה,9851,ש זוגות צעי,synonym of 228,228
31,חיפה,4000,חיפה,9852,ש זוג צעירים,synonym of 228,228
31,חיפה,4000,חיפה,9853,ש זוג צעירי,synonym of 228,228
31,חיפה,4000,חיפה,9854,סולד שד,synonym of 228,228
31,חיפה,4000,חיפה,9855,יוספטל,synonym of 228,228
31,חיפה,4000,חיפה,9856,מחל,synonym of 228,228
31,חיפה,4000,חיפה,9857,מחל שד,synonym of 228,228
31,חיפה,4000,חיפה,9858,מחל שדרות,synonym of 228,228
31,חיפה,4000,חיפה,9859,סולד רוברט,synonym of 228,228
31,חיפה,4000,חיפה,9860,"מח""ל",synonym of 228,228
31,חיפה,4000,חיפה,9861,שדרות מחל,synonym of 228,228
31,חיפה,4000,חיפה,9862,שד מחל,synonym of 228,228
31,חיפה,4000,חיפה,9863,סלד רוברט,synonym of 228,228
31,חיפה,4000,חיפה,9864,רוברט סולד,synonym of 228,228
31,חיפה,4000,חיפה,229,פישמן עדה )מיימון(,official,229
31,חיפה,4000,חיפה,9865,פישמן,synonym of 229,229
31,חיפה,4000,חיפה,9866,עדה פישמן,synonym of 229,229
31,חיפה,4000,חיפה,9867,פישמן עדה,synonym of 229,229
31,חיפה,4000,חיפה,230,הקיטור,official,230
31,חיפה,4000,חיפה,231,חפצי בה,official,231
31,חיפה,4000,חיפה,9868,רח ס,synonym of 231,231
31,חיפה,4000,חיפה,9869,רח ס ק חיים,synonym of 231,231
31,חיפה,4000,חיפה,9870,חפציבה,synonym of 231,231
31,חיפה,4000,חיפה,232,התקומה,official,232
31,חיפה,4000,חיפה,9871,תקומה,synonym of 232,232
31,חיפה,4000,חיפה,233,הותיקים,official,233
31,חיפה,4000,חיפה,234,משמר העמק,official,234
31,חיפה,4000,חיפה,235,גולדפאדן אברהם,official,235
31,חיפה,4000,חיפה,9872,גולדפדן,synonym of 235,235
31,חיפה,4000,חיפה,9873,אברהם גולדפאדן,synonym of 235,235
31,חיפה,4000,חיפה,236,שיטרית בכור,official,236
31,חיפה,4000,חיפה,9874,שטרית,synonym of 236,236
31,חיפה,4000,חיפה,9875,שיטרית,synonym of 236,236
31,חיפה,4000,חיפה,9876,בכור שיטרית,synonym of 236,236
31,חיפה,4000,חיפה,237,שאר ישוב,official,237
31,חיפה,4000,חיפה,9877,רח נח,synonym of 237,237
31,חיפה,4000,חיפה,9878,רח נח ק חיים,synonym of 237,237
31,חיפה,4000,חיפה,238,ליויק,official,238
31,חיפה,4000,חיפה,9879,רח מד ק חיים,synonym of 238,238
31,חיפה,4000,חיפה,9880,רח מד,synonym of 238,238
31,חיפה,4000,חיפה,239,בית אלפא,official,239
31,חיפה,4000,חיפה,9881,רח סב ק חיים,synonym of 239,239
31,חיפה,4000,חיפה,9882,רח סב,synonym of 239,239
31,חיפה,4000,חיפה,240,מצובה,official,240
31,חיפה,4000,חיפה,241,מנגר איציק,official,241
31,חיפה,4000,חיפה,9883,איציק מנגר,synonym of 241,241
31,חיפה,4000,חיפה,9884,מאנגר,synonym of 241,241
31,חיפה,4000,חיפה,9885,רח מב ק חיים,synonym of 241,241
31,חיפה,4000,חיפה,9886,מנגר יצחק,synonym of 241,241
31,חיפה,4000,חיפה,9887,רח מב,synonym of 241,241
31,חיפה,4000,חיפה,9888,יצחק מנגר,synonym of 241,241
31,חיפה,4000,חיפה,9889,איציק מנגור,synonym of 241,241
31,חיפה,4000,חיפה,9890,מאנגר יצחק,synonym of 241,241
31,חיפה,4000,חיפה,242,האצטדיון,official,242
31,חיפה,4000,חיפה,243,ברדיצב אבא,official,243
31,חיפה,4000,חיפה,9891,אבא ברדיצב,synonym of 243,243
31,חיפה,4000,חיפה,244,רח 688,official,244
31,חיפה,4000,חיפה,245,טרומן,official,245
31,חיפה,4000,חיפה,246,הדגן,official,246
31,חיפה,4000,חיפה,247,סלמאן,official,247
31,חיפה,4000,חיפה,9892,סלמן דרך,synonym of 247,247
31,חיפה,4000,חיפה,9893,סלמן,synonym of 247,247
31,חיפה,4000,חיפה,9894,דרך סלמן,synonym of 247,247
31,חיפה,4000,חיפה,248,רח 689,official,248
31,חיפה,4000,חיפה,249,יגיע כפיים,official,249
31,חיפה,4000,חיפה,9895,רח 2535,synonym of 249,249
31,חיפה,4000,חיפה,250,גזאל,official,250
31,חיפה,4000,חיפה,9896,גזל דרך,synonym of 250,250
31,חיפה,4000,חיפה,9897,דרך גזל,synonym of 250,250
31,חיפה,4000,חיפה,251,"הרי""ף",official,251
31,חיפה,4000,חיפה,9898,הריף,synonym of 251,251
31,חיפה,4000,חיפה,252,בעל התניא,official,252
31,חיפה,4000,חיפה,9899,בעל התניה,synonym of 252,252
31,חיפה,4000,חיפה,9900,בעלי התניא,synonym of 252,252
31,חיפה,4000,חיפה,9901,"בעלי התני""א",synonym of 252,252
31,חיפה,4000,חיפה,253,לוי יצחק,official,253
31,חיפה,4000,חיפה,254,קול מבשר,official,254
31,חיפה,4000,חיפה,255,המולדת,official,255
31,חיפה,4000,חיפה,9902,מולדת,synonym of 255,255
31,חיפה,4000,חיפה,256,קדושי השואה,official,256
31,חיפה,4000,חיפה,257,שטרן יוסף,official,257
31,חיפה,4000,חיפה,9903,יוסף שטרן,synonym of 257,257
31,חיפה,4000,חיפה,9904,שטרן,synonym of 257,257
31,חיפה,4000,חיפה,258,ארץ הצבי,official,258
31,חיפה,4000,חיפה,259,וילבוש נחום,official,259
31,חיפה,4000,חיפה,9905,נחום וילבוש,synonym of 259,259
31,חיפה,4000,חיפה,9906,וולבוש,synonym of 259,259
31,חיפה,4000,חיפה,9907,וילבוש,synonym of 259,259
31,חיפה,4000,חיפה,260,משה חיים שפירא,official,260
31,חיפה,4000,חיפה,9908,משה שפירא,synonym of 260,260
31,חיפה,4000,חיפה,9909,שפירא משה,synonym of 260,260
31,חיפה,4000,חיפה,9910,שפירא משה חיים,synonym of 260,260
31,חיפה,4000,חיפה,9911,חיים שפירא,synonym of 260,260
31,חיפה,4000,חיפה,9912,משה ח שפירא,synonym of 260,260
31,חיפה,4000,חיפה,9913,שפירא חיים משה,synonym of 260,260
31,חיפה,4000,חיפה,261,העמלים,official,261
31,חיפה,4000,חיפה,262,צייטלין אהרון,official,262
31,חיפה,4000,חיפה,9914,ציטלין,synonym of 262,262
31,חיפה,4000,חיפה,9915,צייטלין,synonym of 262,262
31,חיפה,4000,חיפה,9916,צייטלין אהרן,synonym of 262,262
31,חיפה,4000,חיפה,9917,ציטלין אהרון,synonym of 262,262
31,חיפה,4000,חיפה,9918,אהרון ציטלין,synonym of 262,262
31,חיפה,4000,חיפה,9919,אהרן צייטלין,synonym of 262,262
31,חיפה,4000,חיפה,9920,אהרן ציטלין,synonym of 262,262
31,חיפה,4000,חיפה,263,יחיעם,official,263
31,חיפה,4000,חיפה,264,הים התיכון,official,264
31,חיפה,4000,חיפה,9921,ים התיכון,synonym of 264,264
31,חיפה,4000,חיפה,265,ברודסקי זאב,official,265
31,חיפה,4000,חיפה,9922,ברודצקי זאב,synonym of 265,265
31,חיפה,4000,חיפה,9923,זאב ברודצקי,synonym of 265,265
31,חיפה,4000,חיפה,9924,ברודצקי,synonym of 265,265
31,חיפה,4000,חיפה,266,בן יוסף שלמה,official,266
31,חיפה,4000,חיפה,9925,בן יוסף,synonym of 266,266
31,חיפה,4000,חיפה,267,הדף היומי,official,267
31,חיפה,4000,חיפה,268,הנפח,official,268
31,חיפה,4000,חיפה,9926,לחי,synonym of 268,268
31,חיפה,4000,חיפה,269,קצנשטיין אריה,official,269
31,חיפה,4000,חיפה,9927,כצנשטיין,synonym of 269,269
31,חיפה,4000,חיפה,9928,אריה כצנשטיין,synonym of 269,269
31,חיפה,4000,חיפה,9929,כצנשטיין אריה,synonym of 269,269
31,חיפה,4000,חיפה,9930,קצנשטיין,synonym of 269,269
31,חיפה,4000,חיפה,270,ברקת,official,270
31,חיפה,4000,חיפה,271,אדיסון,official,271
31,חיפה,4000,חיפה,272,לוין אריה הרב,official,272
31,חיפה,4000,חיפה,9931,משה קלמר,synonym of 272,272
31,חיפה,4000,חיפה,9932,קלמר,synonym of 272,272
31,חיפה,4000,חיפה,9933,קלמר משה,synonym of 272,272
31,חיפה,4000,חיפה,9934,לוין אריה,synonym of 272,272
31,חיפה,4000,חיפה,9935,הרב לוין,synonym of 272,272
31,חיפה,4000,חיפה,9936,לוין,synonym of 272,272
31,חיפה,4000,חיפה,9937,הרב לוין אריה,synonym of 272,272
31,חיפה,4000,חיפה,273,העתיד,official,273
31,חיפה,4000,חיפה,274,האשלג,official,274
31,חיפה,4000,חיפה,275,הדשנים,official,275
31,חיפה,4000,חיפה,9938,דשנים,synonym of 275,275
31,חיפה,4000,חיפה,276,הסולל,official,276
31,חיפה,4000,חיפה,277,המוסכים,official,277
31,חיפה,4000,חיפה,278,אורט,official,278
31,חיפה,4000,חיפה,279,הרץ היינריך,official,279
31,חיפה,4000,חיפה,9939,הינריך הרץ,synonym of 279,279
31,חיפה,4000,חיפה,9940,הרץ,synonym of 279,279
31,חיפה,4000,חיפה,9941,הרץ הינריך,synonym of 279,279
31,חיפה,4000,חיפה,9942,היינריך הרץ,synonym of 279,279
31,חיפה,4000,חיפה,280,ניוטון אייזיק,official,280
31,חיפה,4000,חיפה,9943,אייזיק ניוטון,synonym of 280,280
31,חיפה,4000,חיפה,9944,ניוטון,synonym of 280,280
31,חיפה,4000,חיפה,281,בל אלכסנדר גרהם,official,281
31,חיפה,4000,חיפה,9945,בל גרהם,synonym of 281,281
31,חיפה,4000,חיפה,9946,בל גרהם אלכסנדר,synonym of 281,281
31,חיפה,4000,חיפה,282,מרקוני גוליאלמו,official,282
31,חיפה,4000,חיפה,9947,גוליאלמו מרקוני,synonym of 282,282
31,חיפה,4000,חיפה,9948,מרקוני,synonym of 282,282
31,חיפה,4000,חיפה,283,ווט ג'יימס,official,283
31,חיפה,4000,חיפה,9949,ווט גיימס,synonym of 283,283
31,חיפה,4000,חיפה,9950,ווט,synonym of 283,283
31,חיפה,4000,חיפה,9951,ווט ג'ימס,synonym of 283,283
31,חיפה,4000,חיפה,9952,גיימס ווט,synonym of 283,283
31,חיפה,4000,חיפה,284,פרנץ לוי,official,284
31,חיפה,4000,חיפה,9953,לוי פרנץ,synonym of 284,284
31,חיפה,4000,חיפה,9954,פרנץ,synonym of 284,284
31,חיפה,4000,חיפה,285,הדייגים,official,285
31,חיפה,4000,חיפה,286,היוצק,official,286
31,חיפה,4000,חיפה,287,הפלס,official,287
31,חיפה,4000,חיפה,288,דרך דיין משה,official,288
31,חיפה,4000,חיפה,9955,ביס טכני חיל אויר,synonym of 288,288
31,חיפה,4000,חיפה,9956,משה דיין,synonym of 288,288
31,חיפה,4000,חיפה,9957,דרך משה דיין,synonym of 288,288
31,חיפה,4000,חיפה,9958,דיין משה,synonym of 288,288
31,חיפה,4000,חיפה,289,הסדנה,official,289
31,חיפה,4000,חיפה,290,סמ הירמוך,official,290
31,חיפה,4000,חיפה,291,נהריים,official,291
31,חיפה,4000,חיפה,292,הגביש,official,292
31,חיפה,4000,חיפה,293,המשביר,official,293
31,חיפה,4000,חיפה,294,החרמש,official,294
31,חיפה,4000,חיפה,9959,חרמש,synonym of 294,294
31,חיפה,4000,חיפה,295,בהרב יקותיאל,official,295
31,חיפה,4000,חיפה,9960,בהרב,synonym of 295,295
31,חיפה,4000,חיפה,296,החיטה,official,296
31,חיפה,4000,חיפה,297,רוזוב שמואל,official,297
31,חיפה,4000,חיפה,9961,רוזוב,synonym of 297,297
31,חיפה,4000,חיפה,9962,שמואל רוזוב,synonym of 297,297
31,חיפה,4000,חיפה,298,תרשיש,official,298
31,חיפה,4000,חיפה,299,רח 666,official,299
31,חיפה,4000,חיפה,300,בונה אליעזר,official,300
31,חיפה,4000,חיפה,9963,אליעזר בונה,synonym of 300,300
31,חיפה,4000,חיפה,9964,בונה,synonym of 300,300
31,חיפה,4000,חיפה,301,קבוץ גלויות,official,301
31,חיפה,4000,חיפה,9965,קיבוץ גלויות,synonym of 301,301
31,חיפה,4000,חיפה,302,אני מאמין,official,302
31,חיפה,4000,חיפה,303,הגבורים,official,303
31,חיפה,4000,חיפה,9966,סמ הגבורים,synonym of 303,303
31,חיפה,4000,חיפה,9967,שדרות הגבורים,synonym of 303,303
31,חיפה,4000,חיפה,9968,הגיבורים,synonym of 303,303
31,חיפה,4000,חיפה,9969,שד הגבורים,synonym of 303,303
31,חיפה,4000,חיפה,9970,הגבורים שד,synonym of 303,303
31,חיפה,4000,חיפה,9971,גיבורים,synonym of 303,303
31,חיפה,4000,חיפה,9972,הגבורים שדרות,synonym of 303,303
31,חיפה,4000,חיפה,304,השומר,official,304
31,חיפה,4000,חיפה,9973,דמון הכרמל,synonym of 304,304
31,חיפה,4000,חיפה,9974,השופטים שד,synonym of 304,304
31,חיפה,4000,חיפה,9975,השופטים שדרות,synonym of 304,304
31,חיפה,4000,חיפה,9976,שדרות השופטים,synonym of 304,304
31,חיפה,4000,חיפה,305,הירמוך,official,305
31,חיפה,4000,חיפה,9977,עין יעקב,synonym of 305,305
31,חיפה,4000,חיפה,9978,ירמוק,synonym of 305,305
31,חיפה,4000,חיפה,9979,הירמוק,synonym of 305,305
31,חיפה,4000,חיפה,9980,ירמוך,synonym of 305,305
31,חיפה,4000,חיפה,306,אבן גבירול,official,306
31,חיפה,4000,חיפה,9981,איבן גבירול,synonym of 306,306
31,חיפה,4000,חיפה,307,יהודה הלוי,official,307
31,חיפה,4000,חיפה,9982,סמ יהודה הלוי,synonym of 307,307
31,חיפה,4000,חיפה,9983,יהודה לוי,synonym of 307,307
31,חיפה,4000,חיפה,308,הקישון,official,308
31,חיפה,4000,חיפה,9984,קישון,synonym of 308,308
31,חיפה,4000,חיפה,309,חטיבת גולני,official,309
31,חיפה,4000,חיפה,310,פייצל,official,310
31,חיפה,4000,חיפה,9985,פידל ככר,synonym of 310,310
31,חיפה,4000,חיפה,9986,פייסל,synonym of 310,310
31,חיפה,4000,חיפה,9987,פיצר ככר,synonym of 310,310
31,חיפה,4000,חיפה,9988,פיצל,synonym of 310,310
31,חיפה,4000,חיפה,9989,פיצל ככר,synonym of 310,310
31,חיפה,4000,חיפה,9990,ככר פיצל,synonym of 310,310
31,חיפה,4000,חיפה,311,"ביל""ו",official,311
31,חיפה,4000,חיפה,9991,בילו,synonym of 311,311
31,חיפה,4000,חיפה,312,מרחביה,official,312
31,חיפה,4000,חיפה,313,בן עדיה שמואל,official,313
31,חיפה,4000,חיפה,9992,בן עדיה,synonym of 313,313
31,חיפה,4000,חיפה,314,"פלי""ם",official,314
31,חיפה,4000,חיפה,9993,הפלים,synonym of 314,314
31,חיפה,4000,חיפה,9994,שד הפלים,synonym of 314,314
31,חיפה,4000,חיפה,9995,הפלים שדרות,synonym of 314,314
31,חיפה,4000,חיפה,9996,פל ים,synonym of 314,314
31,חיפה,4000,חיפה,9997,"הפלי""ם",synonym of 314,314
31,חיפה,4000,חיפה,9998,שדרות הפלים,synonym of 314,314
31,חיפה,4000,חיפה,9999,הפלים שד,synonym of 314,314
31,חיפה,4000,חיפה,10000,"שד הפלי""ם",synonym of 314,314
31,חיפה,4000,חיפה,315,יודפת,official,315
31,חיפה,4000,חיפה,316,הרון אל רשיד,official,316
31,חיפה,4000,חיפה,317,מד שוקרי,official,317
31,חיפה,4000,חיפה,10001,שאוקי,synonym of 317,317
31,חיפה,4000,חיפה,10002,שוקרי מד,synonym of 317,317
31,חיפה,4000,חיפה,10003,שוקרי מדרגות,synonym of 317,317
31,חיפה,4000,חיפה,318,מד תימן,official,318
31,חיפה,4000,חיפה,10004,תימן מד,synonym of 318,318
31,חיפה,4000,חיפה,319,טאריק,official,319
31,חיפה,4000,חיפה,10005,מד טאריק,synonym of 319,319
31,חיפה,4000,חיפה,10006,טאריק מד,synonym of 319,319
31,חיפה,4000,חיפה,10007,טארוק,synonym of 319,319
31,חיפה,4000,חיפה,320,סמ אני מאמין,official,320
31,חיפה,4000,חיפה,321,מד מילר נחום,official,321
31,חיפה,4000,חיפה,10008,מילר מד,synonym of 321,321
31,חיפה,4000,חיפה,10009,מילר נחום,synonym of 321,321
31,חיפה,4000,חיפה,10010,מולר מד,synonym of 321,321
31,חיפה,4000,חיפה,322,אל הילאל,official,322
31,חיפה,4000,חיפה,10011,הילאל,synonym of 322,322
31,חיפה,4000,חיפה,10012,אל הלאל,synonym of 322,322
31,חיפה,4000,חיפה,10013,אל הולאל,synonym of 322,322
31,חיפה,4000,חיפה,323,הקטר,official,323
31,חיפה,4000,חיפה,324,ג'ובראן סלים,official,324
31,חיפה,4000,חיפה,10014,סלים ג'ובראן,synonym of 324,324
31,חיפה,4000,חיפה,10015,גובראן סלים,synonym of 324,324
31,חיפה,4000,חיפה,10016,ג'ובראן,synonym of 324,324
31,חיפה,4000,חיפה,10017,גובראן,synonym of 324,324
31,חיפה,4000,חיפה,325,עומר אל כתאב,official,325
31,חיפה,4000,חיפה,10018,אל כתאב עמר,synonym of 325,325
31,חיפה,4000,חיפה,10019,אל כטאב עומר,synonym of 325,325
31,חיפה,4000,חיפה,10020,אל כתאב עומר,synonym of 325,325
31,חיפה,4000,חיפה,326,רח 580,official,326
31,חיפה,4000,חיפה,327,סמ ואדי סליב,official,327
31,חיפה,4000,חיפה,10021,ואדי סליב סמטה,synonym of 327,327
31,חיפה,4000,חיפה,10022,ואדי סליב סמ,synonym of 327,327
31,חיפה,4000,חיפה,328,אל מרין,official,328
31,חיפה,4000,חיפה,329,עקבה,official,329
31,חיפה,4000,חיפה,10023,אל עקבה,synonym of 329,329
31,חיפה,4000,חיפה,330,מד חגלה,official,330
31,חיפה,4000,חיפה,10024,חגלה מד,synonym of 330,330
31,חיפה,4000,חיפה,331,מילכה,official,331
31,חיפה,4000,חיפה,10025,מלכה,synonym of 331,331
31,חיפה,4000,חיפה,332,בית שאן,official,332
31,חיפה,4000,חיפה,10026,מדר בית שאן,synonym of 332,332
31,חיפה,4000,חיפה,10027,בית שאן מדר,synonym of 332,332
31,חיפה,4000,חיפה,10028,בית שאן מד,synonym of 332,332
31,חיפה,4000,חיפה,333,אלקלעי הרב,official,333
31,חיפה,4000,חיפה,10029,אלקלע מד,synonym of 333,333
31,חיפה,4000,חיפה,10030,אלקלעי מד,synonym of 333,333
31,חיפה,4000,חיפה,10031,אלקלעי,synonym of 333,333
31,חיפה,4000,חיפה,334,עמון,official,334
31,חיפה,4000,חיפה,10032,עמן,synonym of 334,334
31,חיפה,4000,חיפה,335,נג'ד,official,335
31,חיפה,4000,חיפה,10033,נגיד מד,synonym of 335,335
31,חיפה,4000,חיפה,10034,נגד מד,synonym of 335,335
31,חיפה,4000,חיפה,10035,נגיד,synonym of 335,335
31,חיפה,4000,חיפה,10036,מד נגד,synonym of 335,335
31,חיפה,4000,חיפה,336,תרצה,official,336
31,חיפה,4000,חיפה,337,שיבת ציון,official,337
31,חיפה,4000,חיפה,10037,מעלה שיבת ציון,synonym of 337,337
31,חיפה,4000,חיפה,10038,מד שיבת ציון,synonym of 337,337
31,חיפה,4000,חיפה,10039,סמ שיבת ציון,synonym of 337,337
31,חיפה,4000,חיפה,10040,שבי ציון,synonym of 337,337
31,חיפה,4000,חיפה,338,מעלה השחרור,official,338
31,חיפה,4000,חיפה,10041,מעלות השחרור,synonym of 338,338
31,חיפה,4000,חיפה,10042,השחרור,synonym of 338,338
31,חיפה,4000,חיפה,10043,השחרור מעלה,synonym of 338,338
31,חיפה,4000,חיפה,339,מד עגלון,official,339
31,חיפה,4000,חיפה,10044,עגלון מדרגות,synonym of 339,339
31,חיפה,4000,חיפה,10045,עגלון מד,synonym of 339,339
31,חיפה,4000,חיפה,340,אל בוכתורי,official,340
31,חיפה,4000,חיפה,341,חמאם אל פשה,official,341
31,חיפה,4000,חיפה,10046,אל פשה חמם,synonym of 341,341
31,חיפה,4000,חיפה,10047,חמם אל פשה,synonym of 341,341
31,חיפה,4000,חיפה,342,מד אירביד,official,342
31,חיפה,4000,חיפה,10048,אירביד מד,synonym of 342,342
31,חיפה,4000,חיפה,343,סמ העמים,official,343
31,חיפה,4000,חיפה,10049,העמים סמטה,synonym of 343,343
31,חיפה,4000,חיפה,10050,העמים סמ,synonym of 343,343
31,חיפה,4000,חיפה,10051,סמ עמוס,synonym of 343,343
31,חיפה,4000,חיפה,10052,עמים סמטה,synonym of 343,343
31,חיפה,4000,חיפה,10053,סמ עמים,synonym of 343,343
31,חיפה,4000,חיפה,10054,עמוס סמ,synonym of 343,343
31,חיפה,4000,חיפה,10055,עמוס סמטה,synonym of 343,343
31,חיפה,4000,חיפה,10056,עמים סמ,synonym of 343,343
31,חיפה,4000,חיפה,10057,העמים,synonym of 343,343
31,חיפה,4000,חיפה,344,ביר אל יזק,official,344
31,חיפה,4000,חיפה,10058,ביר אל יזיק,synonym of 344,344
31,חיפה,4000,חיפה,345,המעלות,official,345
31,חיפה,4000,חיפה,346,הכנסיות,official,346
31,חיפה,4000,חיפה,10059,כנסיות,synonym of 346,346
31,חיפה,4000,חיפה,347,אומיה,official,347
31,חיפה,4000,חיפה,10060,סמ אומיה,synonym of 347,347
31,חיפה,4000,חיפה,10061,אימיה,synonym of 347,347
31,חיפה,4000,חיפה,10062,אומיה סמ,synonym of 347,347
31,חיפה,4000,חיפה,10063,אומיה סמטה,synonym of 347,347
31,חיפה,4000,חיפה,348,דרך העצמאות,official,348
31,חיפה,4000,חיפה,10064,העצמאות ד פ,synonym of 348,348
31,חיפה,4000,חיפה,10065,העצמאות דרך,synonym of 348,348
31,חיפה,4000,חיפה,10066,שד העצמאות,synonym of 348,348
31,חיפה,4000,חיפה,10067,העצמאות שדרות,synonym of 348,348
31,חיפה,4000,חיפה,10068,העצמאות שדרך,synonym of 348,348
31,חיפה,4000,חיפה,10069,עצמאות,synonym of 348,348
31,חיפה,4000,חיפה,10070,עצמאות דרך,synonym of 348,348
31,חיפה,4000,חיפה,10071,העצמאות,synonym of 348,348
31,חיפה,4000,חיפה,10072,שדרות העצמאות,synonym of 348,348
31,חיפה,4000,חיפה,10073,העצמאות שד,synonym of 348,348
31,חיפה,4000,חיפה,349,סמ הבוסתן,official,349
31,חיפה,4000,חיפה,10074,מד אליהו הנביא,synonym of 349,349
31,חיפה,4000,חיפה,10075,מלון אשל,synonym of 349,349
31,חיפה,4000,חיפה,10076,הבוסתן,synonym of 349,349
31,חיפה,4000,חיפה,10077,הבוסתן סמ,synonym of 349,349
31,חיפה,4000,חיפה,350,כטיב,official,350
31,חיפה,4000,חיפה,10078,חטיב,synonym of 350,350
31,חיפה,4000,חיפה,351,גירני,official,351
31,חיפה,4000,חיפה,10079,גורנה,synonym of 351,351
31,חיפה,4000,חיפה,10080,גירנה,synonym of 351,351
31,חיפה,4000,חיפה,352,פטריה,official,352
31,חיפה,4000,חיפה,353,הנמל,official,353
31,חיפה,4000,חיפה,354,דרך יפו,official,354
31,חיפה,4000,חיפה,10081,מלון ישראל,synonym of 354,354
31,חיפה,4000,חיפה,10082,יפו דרך,synonym of 354,354
31,חיפה,4000,חיפה,10083,המלכים,synonym of 354,354
31,חיפה,4000,חיפה,10084,יפו,synonym of 354,354
31,חיפה,4000,חיפה,355,הבנקים,official,355
31,חיפה,4000,חיפה,356,שרה,official,356
31,חיפה,4000,חיפה,357,עין דור,official,357
31,חיפה,4000,חיפה,358,סיליזיאן,official,358
31,חיפה,4000,חיפה,10085,סילזיאן,synonym of 358,358
31,חיפה,4000,חיפה,10086,סליזיאן,synonym of 358,358
31,חיפה,4000,חיפה,359,מאי,official,359
31,חיפה,4000,חיפה,360,שד המגינים,official,360
31,חיפה,4000,חיפה,10087,מרכז קליטה,synonym of 360,360
31,חיפה,4000,חיפה,10088,ש המגינים,synonym of 360,360
31,חיפה,4000,חיפה,10089,שדרות המגינים,synonym of 360,360
31,חיפה,4000,חיפה,10090,המגינים שד,synonym of 360,360
31,חיפה,4000,חיפה,10091,המגינים,synonym of 360,360
31,חיפה,4000,חיפה,10092,המגינים שדרות,synonym of 360,360
31,חיפה,4000,חיפה,361,עספור,official,361
31,חיפה,4000,חיפה,362,מאיר )רוטברג(,official,362
31,חיפה,4000,חיפה,10093,מאיר סנט אנ,synonym of 362,362
31,חיפה,4000,חיפה,10094,רוטברג מאיר,synonym of 362,362
31,חיפה,4000,חיפה,10095,בית חולים,synonym of 362,362
31,חיפה,4000,חיפה,10096,מאור,synonym of 362,362
31,חיפה,4000,חיפה,10097,מאיר רוטברג,synonym of 362,362
31,חיפה,4000,חיפה,10098,מאיר,synonym of 362,362
31,חיפה,4000,חיפה,363,מנצור,official,363
31,חיפה,4000,חיפה,10099,מנסור,synonym of 363,363
31,חיפה,4000,חיפה,364,האיטלקים,official,364
31,חיפה,4000,חיפה,365,נאמנים,official,365
31,חיפה,4000,חיפה,10100,הנאמנים,synonym of 365,365
31,חיפה,4000,חיפה,366,יוחנן הקדוש,official,366
31,חיפה,4000,חיפה,10101,יוחנן הקדש,synonym of 366,366
31,חיפה,4000,חיפה,367,דרך ידין יגאל,official,367
31,חיפה,4000,חיפה,10102,דרך יגאל ידין,synonym of 367,367
31,חיפה,4000,חיפה,10103,ידין יגאל,synonym of 367,367
31,חיפה,4000,חיפה,10104,יגאל ידין,synonym of 367,367
31,חיפה,4000,חיפה,368,סמ עזה,official,368
31,חיפה,4000,חיפה,10105,עזה סמטה,synonym of 368,368
31,חיפה,4000,חיפה,10106,עזה סמ,synonym of 368,368
31,חיפה,4000,חיפה,10107,סמטת עזה,synonym of 368,368
31,חיפה,4000,חיפה,10108,עזאם,synonym of 368,368
31,חיפה,4000,חיפה,369,מכליס משה אהרון,official,369
31,חיפה,4000,חיפה,10109,משה אהרן,synonym of 369,369
31,חיפה,4000,חיפה,10110,משה אהרון,synonym of 369,369
31,חיפה,4000,חיפה,10111,משה אהרון מכליס,synonym of 369,369
31,חיפה,4000,חיפה,370,כיאט,official,370
31,חיפה,4000,חיפה,10112,כיאט ככר,synonym of 370,370
31,חיפה,4000,חיפה,371,קהילת סלוניקי,official,371
31,חיפה,4000,חיפה,10113,סלוניקי,synonym of 371,371
31,חיפה,4000,חיפה,10114,קהילת סאלוניקי,synonym of 371,371
31,חיפה,4000,חיפה,372,קיזרמן נתן,official,372
31,חיפה,4000,חיפה,10115,קיזרמן,synonym of 372,372
31,חיפה,4000,חיפה,10116,נתן,synonym of 372,372
31,חיפה,4000,חיפה,10117,נתן קיזרמן,synonym of 372,372
31,חיפה,4000,חיפה,373,דוברין נחום,official,373
31,חיפה,4000,חיפה,10118,ש חילים נחו,synonym of 373,373
31,חיפה,4000,חיפה,10119,דוברין,synonym of 373,373
31,חיפה,4000,חיפה,10120,נחום,synonym of 373,373
31,חיפה,4000,חיפה,10121,נחום דוברין,synonym of 373,373
31,חיפה,4000,חיפה,374,סמ רובין,official,374
31,חיפה,4000,חיפה,10122,רובין סמ,synonym of 374,374
31,חיפה,4000,חיפה,10123,רובין סמטה,synonym of 374,374
31,חיפה,4000,חיפה,10124,סמטת רובין,synonym of 374,374
31,חיפה,4000,חיפה,375,סמ פליק,official,375
31,חיפה,4000,חיפה,10125,פליק סמ,synonym of 375,375
31,חיפה,4000,חיפה,10126,פליק סמטה,synonym of 375,375
31,חיפה,4000,חיפה,10127,פאליק,synonym of 375,375
31,חיפה,4000,חיפה,376,המרוניטים,official,376
31,חיפה,4000,חיפה,10128,המרוניתים,synonym of 376,376
31,חיפה,4000,חיפה,377,איתין יהודה,official,377
31,חיפה,4000,חיפה,10129,יהודה איתין,synonym of 377,377
31,חיפה,4000,חיפה,10130,איתין,synonym of 377,377
31,חיפה,4000,חיפה,378,ליפשיץ יוסף,official,378
31,חיפה,4000,חיפה,10131,יוסף ליפשיץ,synonym of 378,378
31,חיפה,4000,חיפה,379,אל מורינה,official,379
31,חיפה,4000,חיפה,380,חשבון,official,380
31,חיפה,4000,חיפה,10132,מרכז מסחרי,synonym of 380,380
31,חיפה,4000,חיפה,381,פקדון,official,381
31,חיפה,4000,חיפה,10133,הפקדון,synonym of 381,381
31,חיפה,4000,חיפה,382,הנגיד,official,382
31,חיפה,4000,חיפה,383,התשעים ושלוש,official,383
31,חיפה,4000,חיפה,10134,התשעים ושלש,synonym of 383,383
31,חיפה,4000,חיפה,10135,הנזירות,synonym of 383,383
31,חיפה,4000,חיפה,384,גדוד 22,official,384
31,חיפה,4000,חיפה,385,א סלט,official,385
31,חיפה,4000,חיפה,10136,אסלט,synonym of 385,385
31,חיפה,4000,חיפה,10137,אס סלט,synonym of 385,385
31,חיפה,4000,חיפה,386,כורי,official,386
31,חיפה,4000,חיפה,10138,כורי ב חלוצ,synonym of 386,386
31,חיפה,4000,חיפה,10139,חורי,synonym of 386,386
31,חיפה,4000,חיפה,387,ראהבת,official,387
31,חיפה,4000,חיפה,10140,רחבת מד,synonym of 387,387
31,חיפה,4000,חיפה,10141,ראהבת מד,synonym of 387,387
31,חיפה,4000,חיפה,10142,ראהבד מד,synonym of 387,387
31,חיפה,4000,חיפה,388,ג'למה,official,388
31,חיפה,4000,חיפה,10143,גלמי סמ,synonym of 388,388
31,חיפה,4000,חיפה,10144,סמ גלמי,synonym of 388,388
31,חיפה,4000,חיפה,10145,גלמה,synonym of 388,388
31,חיפה,4000,חיפה,389,צהיון,official,389
31,חיפה,4000,חיפה,10146,צהון,synonym of 389,389
31,חיפה,4000,חיפה,10147,דהיון,synonym of 389,389
31,חיפה,4000,חיפה,10148,סהיון,synonym of 389,389
31,חיפה,4000,חיפה,390,אל עתיקה,official,390
31,חיפה,4000,חיפה,10149,סמ אל עתיקה,synonym of 390,390
31,חיפה,4000,חיפה,391,קיסריה,official,391
31,חיפה,4000,חיפה,10150,קסריה,synonym of 391,391
31,חיפה,4000,חיפה,392,יקוט,official,392
31,חיפה,4000,חיפה,10151,יקות,synonym of 392,392
31,חיפה,4000,חיפה,10152,יאקות,synonym of 392,392
31,חיפה,4000,חיפה,10153,יאקוט,synonym of 392,392
31,חיפה,4000,חיפה,393,הואדי,official,393
31,חיפה,4000,חיפה,10154,מדרגות ואדי,synonym of 393,393
31,חיפה,4000,חיפה,10155,ודי,synonym of 393,393
31,חיפה,4000,חיפה,10156,וואדי,synonym of 393,393
31,חיפה,4000,חיפה,10157,ואדי,synonym of 393,393
31,חיפה,4000,חיפה,394,פרץ י. ל.,official,394
31,חיפה,4000,חיפה,10158,פרץ י ל,synonym of 394,394
31,חיפה,4000,חיפה,10159,י ל פרץ,synonym of 394,394
31,חיפה,4000,חיפה,10160,פרץ,synonym of 394,394
31,חיפה,4000,חיפה,395,יבנה,official,395
31,חיפה,4000,חיפה,396,סמ צור,official,396
31,חיפה,4000,חיפה,10161,דור סמ,synonym of 396,396
31,חיפה,4000,חיפה,10162,צור ככר,synonym of 396,396
31,חיפה,4000,חיפה,10163,צור מד,synonym of 396,396
31,חיפה,4000,חיפה,10164,צור סמ,synonym of 396,396
31,חיפה,4000,חיפה,10165,צור סמטה,synonym of 396,396
31,חיפה,4000,חיפה,10166,דור סמטה,synonym of 396,396
31,חיפה,4000,חיפה,397,אל חרירי,official,397
31,חיפה,4000,חיפה,10167,חרירי,synonym of 397,397
31,חיפה,4000,חיפה,10168,אלחרירי,synonym of 397,397
31,חיפה,4000,חיפה,398,חדאד,official,398
31,חיפה,4000,חיפה,10169,חדד,synonym of 398,398
31,חיפה,4000,חיפה,399,שד בן גוריון,official,399
31,חיפה,4000,חיפה,10170,מלון וינזדור,synonym of 399,399
31,חיפה,4000,חיפה,10171,מלון וינדזור,synonym of 399,399
31,חיפה,4000,חיפה,10172,בן גוריון,synonym of 399,399
31,חיפה,4000,חיפה,10173,בן גוריון שד,synonym of 399,399
31,חיפה,4000,חיפה,10174,בן גוריון שדרות,synonym of 399,399
31,חיפה,4000,חיפה,10175,הכרמל,synonym of 399,399
31,חיפה,4000,חיפה,10176,הכרמל שד,synonym of 399,399
31,חיפה,4000,חיפה,10177,הכרמל שדרות,synonym of 399,399
31,חיפה,4000,חיפה,10178,שדרות בן גוריון,synonym of 399,399
31,חיפה,4000,חיפה,10179,שד הכרמל,synonym of 399,399
31,חיפה,4000,חיפה,10180,שדרות הכרמל,synonym of 399,399
31,חיפה,4000,חיפה,400,חוף קרית חיים,official,400
31,חיפה,4000,חיפה,401,סמ אשקלון,official,401
31,חיפה,4000,חיפה,10181,אשקלון סמטה,synonym of 401,401
31,חיפה,4000,חיפה,10182,אשקלון,synonym of 401,401
31,חיפה,4000,חיפה,10183,אשקלון סמ,synonym of 401,401
31,חיפה,4000,חיפה,402,לבונטין,official,402
31,חיפה,4000,חיפה,10184,לבנטין,synonym of 402,402
31,חיפה,4000,חיפה,403,שבתאי לוי,official,403
31,חיפה,4000,חיפה,10185,שבתי לוי,synonym of 403,403
31,חיפה,4000,חיפה,10186,לוי שבתאי,synonym of 403,403
31,חיפה,4000,חיפה,10187,לוי שבתי,synonym of 403,403
31,חיפה,4000,חיפה,404,מד דור,official,404
31,חיפה,4000,חיפה,10188,דור מד,synonym of 404,404
31,חיפה,4000,חיפה,405,אל פראבי,official,405
31,חיפה,4000,חיפה,10189,פרבי,synonym of 405,405
31,חיפה,4000,חיפה,406,מד רשפון,official,406
31,חיפה,4000,חיפה,10190,רשפון מד,synonym of 406,406
31,חיפה,4000,חיפה,10191,רשפון,synonym of 406,406
31,חיפה,4000,חיפה,407,אטוגראי,official,407
31,חיפה,4000,חיפה,10192,אל טוגראיי,synonym of 407,407
31,חיפה,4000,חיפה,10193,סמ אל טוגראי,synonym of 407,407
31,חיפה,4000,חיפה,10194,טוגראי,synonym of 407,407
31,חיפה,4000,חיפה,10195,אל טוגראי סמ,synonym of 407,407
31,חיפה,4000,חיפה,10196,אל טוגראי,synonym of 407,407
31,חיפה,4000,חיפה,10197,אל טוגראי סמטה,synonym of 407,407
31,חיפה,4000,חיפה,408,אל אספהני,official,408
31,חיפה,4000,חיפה,10198,אל אספהני סמטה,synonym of 408,408
31,חיפה,4000,חיפה,10199,אל אספהני סמ,synonym of 408,408
31,חיפה,4000,חיפה,10200,סמ אל אספהני,synonym of 408,408
31,חיפה,4000,חיפה,409,הפרסים,official,409
31,חיפה,4000,חיפה,410,סנט לוקס,official,410
31,חיפה,4000,חיפה,10201,סנטלוקס,synonym of 410,410
31,חיפה,4000,חיפה,411,בצרה,official,411
31,חיפה,4000,חיפה,10202,סמ אל בסרה,synonym of 411,411
31,חיפה,4000,חיפה,10203,אל בסרה סמ,synonym of 411,411
31,חיפה,4000,חיפה,10204,אל בסרה סמטה,synonym of 411,411
31,חיפה,4000,חיפה,10205,בסרה,synonym of 411,411
31,חיפה,4000,חיפה,412,אירן,official,412
31,חיפה,4000,חיפה,413,הגפן,official,413
31,חיפה,4000,חיפה,10206,מלון הגפן,synonym of 413,413
31,חיפה,4000,חיפה,10207,הגפן מנזר,synonym of 413,413
31,חיפה,4000,חיפה,414,אנילביץ מרדכי,official,414
31,חיפה,4000,חיפה,10208,אנילביץ מרד,synonym of 414,414
31,חיפה,4000,חיפה,10209,אנילביץ,synonym of 414,414
31,חיפה,4000,חיפה,10210,מרדכי אנילביץ,synonym of 414,414
31,חיפה,4000,חיפה,10211,אנלביץ מרדכי,synonym of 414,414
31,חיפה,4000,חיפה,10212,אנילביץ מרדכ,synonym of 414,414
31,חיפה,4000,חיפה,10213,אניליביץ,synonym of 414,414
31,חיפה,4000,חיפה,10214,מרדכי אנילבי,synonym of 414,414
31,חיפה,4000,חיפה,10215,מרדכי,synonym of 414,414
31,חיפה,4000,חיפה,10216,מ אנילביץ,synonym of 414,414
31,חיפה,4000,חיפה,10217,אנילביץ מ,synonym of 414,414
31,חיפה,4000,חיפה,415,הגנים,official,415
31,חיפה,4000,חיפה,10218,גנים,synonym of 415,415
31,חיפה,4000,חיפה,416,"רד""ק",official,416
31,חיפה,4000,חיפה,10219,רדק,synonym of 416,416
31,חיפה,4000,חיפה,417,לוחמי הגטאות,official,417
31,חיפה,4000,חיפה,10220,ביח איטלקי,synonym of 417,417
31,חיפה,4000,חיפה,10221,האיטלקים בי,synonym of 417,417
31,חיפה,4000,חיפה,10222,לוחמי הגיטאות,synonym of 417,417
31,חיפה,4000,חיפה,418,ביילהארץ פרידריך,official,418
31,חיפה,4000,חיפה,10223,בילהרץ,synonym of 418,418
31,חיפה,4000,חיפה,10224,פרידריך ביילהארץ,synonym of 418,418
31,חיפה,4000,חיפה,419,שומאכר גוטליב,official,419
31,חיפה,4000,חיפה,10225,הרמן,synonym of 419,419
31,חיפה,4000,חיפה,10226,שומאכר,synonym of 419,419
31,חיפה,4000,חיפה,10227,גוטליב שומאכר,synonym of 419,419
31,חיפה,4000,חיפה,420,הירוק,official,420
31,חיפה,4000,חיפה,10228,הירוק ב וגנר,synonym of 420,420
31,חיפה,4000,חיפה,421,שדה יצחק,official,421
31,חיפה,4000,חיפה,10229,יצחק שדה,synonym of 421,421
31,חיפה,4000,חיפה,422,אנגל יואל,official,422
31,חיפה,4000,חיפה,10230,אנגל,synonym of 422,422
31,חיפה,4000,חיפה,423,סמ הרכבת,official,423
31,חיפה,4000,חיפה,10231,הרכבת סמ,synonym of 423,423
31,חיפה,4000,חיפה,10232,הרכבת סמטה,synonym of 423,423
31,חיפה,4000,חיפה,10233,הרכבת,synonym of 423,423
31,חיפה,4000,חיפה,10234,הרכבת סמט,synonym of 423,423
31,חיפה,4000,חיפה,424,קישלה,official,424
31,חיפה,4000,חיפה,425,המשטרה,official,425
31,חיפה,4000,חיפה,426,זיסו א ל,official,426
31,חיפה,4000,חיפה,10235,א זיסו,synonym of 426,426
31,חיפה,4000,חיפה,10236,א ל זיסו,synonym of 426,426
31,חיפה,4000,חיפה,10237,זיסק,synonym of 426,426
31,חיפה,4000,חיפה,10238,זיסו,synonym of 426,426
31,חיפה,4000,חיפה,10239,ל זיסו,synonym of 426,426
31,חיפה,4000,חיפה,10240,אל זיסו,synonym of 426,426
31,חיפה,4000,חיפה,427,הסראיה,official,427
31,חיפה,4000,חיפה,428,המכס,official,428
31,חיפה,4000,חיפה,10241,המכס הכרמל,synonym of 428,428
31,חיפה,4000,חיפה,429,אוחנה נסים הרב,official,429
31,חיפה,4000,חיפה,10242,נוזהא,synonym of 429,429
31,חיפה,4000,חיפה,10243,נוזהה א מד,synonym of 429,429
31,חיפה,4000,חיפה,10244,נוזהא א מד,synonym of 429,429
31,חיפה,4000,חיפה,10245,אוחנה הרב,synonym of 429,429
31,חיפה,4000,חיפה,10246,אוחנה,synonym of 429,429
31,חיפה,4000,חיפה,10247,נוזהה,synonym of 429,429
31,חיפה,4000,חיפה,10248,הרב אוחנה,synonym of 429,429
31,חיפה,4000,חיפה,10249,אוחנה נסים,synonym of 429,429
31,חיפה,4000,חיפה,10250,הרב אוחנה נסים,synonym of 429,429
31,חיפה,4000,חיפה,430,מד נוזהה ב,official,430
31,חיפה,4000,חיפה,10251,נוזהא מד,synonym of 430,430
31,חיפה,4000,חיפה,10252,נוזהא מדר,synonym of 430,430
31,חיפה,4000,חיפה,10253,מד נוזהא ב,synonym of 430,430
31,חיפה,4000,חיפה,10254,נוזהא ב מד,synonym of 430,430
31,חיפה,4000,חיפה,431,סמ נוזהה,official,431
31,חיפה,4000,חיפה,10255,סמ נוזהא,synonym of 431,431
31,חיפה,4000,חיפה,10256,נוזהא סמ,synonym of 431,431
31,חיפה,4000,חיפה,10257,נוזהא סמטה,synonym of 431,431
31,חיפה,4000,חיפה,432,הטחנות הגדולות,official,432
31,חיפה,4000,חיפה,10258,טחנות גדולות,synonym of 432,432
31,חיפה,4000,חיפה,433,מסילת הברזל,official,433
31,חיפה,4000,חיפה,10259,מסילת הכרמל,synonym of 433,433
31,חיפה,4000,חיפה,434,אל עריש,official,434
31,חיפה,4000,חיפה,435,סמ העצמאות,official,435
31,חיפה,4000,חיפה,10260,העצמאות שמ,synonym of 435,435
31,חיפה,4000,חיפה,10261,העצמאות סמ,synonym of 435,435
31,חיפה,4000,חיפה,10262,העצמאות סמטה,synonym of 435,435
31,חיפה,4000,חיפה,436,עליית הנוער,official,436
31,חיפה,4000,חיפה,10263,עלית הנוער,synonym of 436,436
31,חיפה,4000,חיפה,437,אבן אל אתיר,official,437
31,חיפה,4000,חיפה,10264,אבן אל עסיר,synonym of 437,437
31,חיפה,4000,חיפה,10265,אבן אל אסיר,synonym of 437,437
31,חיפה,4000,חיפה,438,ארמן נחום,official,438
31,חיפה,4000,חיפה,10266,רח 2473,synonym of 438,438
31,חיפה,4000,חיפה,10267,נחום ארמן,synonym of 438,438
31,חיפה,4000,חיפה,10268,ארמן,synonym of 438,438
31,חיפה,4000,חיפה,439,תחנת הכרמל,official,439
31,חיפה,4000,חיפה,440,קדושי בגדד,official,440
31,חיפה,4000,חיפה,10269,בגדד,synonym of 440,440
31,חיפה,4000,חיפה,441,אל מערי,official,441
31,חיפה,4000,חיפה,10270,אל סערי,synonym of 441,441
31,חיפה,4000,חיפה,442,נתיבי המפרץ,official,442
31,חיפה,4000,חיפה,10271,כביש 22,synonym of 442,442
31,חיפה,4000,חיפה,10272,רח 2500,synonym of 442,442
31,חיפה,4000,חיפה,10273,דרך הקישון,synonym of 442,442
31,חיפה,4000,חיפה,443,הרמן צבי,official,443
31,חיפה,4000,חיפה,10274,רח 1020,synonym of 443,443
31,חיפה,4000,חיפה,444,נתנזון,official,444
31,חיפה,4000,חיפה,445,"רינ""ה",official,445
31,חיפה,4000,חיפה,10275,רינה,synonym of 445,445
31,חיפה,4000,חיפה,10276,רבי ישראל נח הכהן,synonym of 445,445
31,חיפה,4000,חיפה,446,ברון הירש,official,446
31,חיפה,4000,חיפה,10277,הירש,synonym of 446,446
31,חיפה,4000,חיפה,10278,הירש הברון,synonym of 446,446
31,חיפה,4000,חיפה,10279,הברון הירש,synonym of 446,446
31,חיפה,4000,חיפה,447,לשם,official,447
31,חיפה,4000,חיפה,10280,רח 637,synonym of 447,447
31,חיפה,4000,חיפה,448,המלאכה,official,448
31,חיפה,4000,חיפה,449,סמ אוריין מאיר,official,449
31,חיפה,4000,חיפה,10281,אוריין מאיר,synonym of 449,449
31,חיפה,4000,חיפה,10282,סמ אוריין,synonym of 449,449
31,חיפה,4000,חיפה,10283,אוריין,synonym of 449,449
31,חיפה,4000,חיפה,10284,אורין,synonym of 449,449
31,חיפה,4000,חיפה,450,סמ הזגג,official,450
31,חיפה,4000,חיפה,10285,הזגג סמ,synonym of 450,450
31,חיפה,4000,חיפה,10286,הזגג,synonym of 450,450
31,חיפה,4000,חיפה,451,רוזן פנחס,official,451
31,חיפה,4000,חיפה,10287,רוזן,synonym of 451,451
31,חיפה,4000,חיפה,10288,פנחס רוזן,synonym of 451,451
31,חיפה,4000,חיפה,452,קריב אברהם,official,452
31,חיפה,4000,חיפה,10289,רח 997,synonym of 452,452
31,חיפה,4000,חיפה,10290,קריב,synonym of 452,452
31,חיפה,4000,חיפה,10291,אברהם קריב,synonym of 452,452
31,חיפה,4000,חיפה,453,"שז""ר זלמן",official,453
31,חיפה,4000,חיפה,10292,שזר,synonym of 453,453
31,חיפה,4000,חיפה,10293,זלמן שזר,synonym of 453,453
31,חיפה,4000,חיפה,10294,שזר זלמן,synonym of 453,453
31,חיפה,4000,חיפה,454,אסף דוד הרב,official,454
31,חיפה,4000,חיפה,10295,אסף,synonym of 454,454
31,חיפה,4000,חיפה,10296,אסף דוד,synonym of 454,454
31,חיפה,4000,חיפה,10297,דוד אסף,synonym of 454,454
31,חיפה,4000,חיפה,10298,הרב אסף,synonym of 454,454
31,חיפה,4000,חיפה,10299,הרב דוד אסף,synonym of 454,454
31,חיפה,4000,חיפה,10300,הרב אסף דוד,synonym of 454,454
31,חיפה,4000,חיפה,455,מנדלסון דבורה,official,455
31,חיפה,4000,חיפה,10301,מנדלסון,synonym of 455,455
31,חיפה,4000,חיפה,10302,דבורה מנדלסון,synonym of 455,455
31,חיפה,4000,חיפה,456,הינדס מתתיהו,official,456
31,חיפה,4000,חיפה,10303,הינדס,synonym of 456,456
31,חיפה,4000,חיפה,10304,מתתיהו הינדס,synonym of 456,456
31,חיפה,4000,חיפה,457,דנה יוסף הרב,official,457
31,חיפה,4000,חיפה,10305,הרב דנה יוסף,synonym of 457,457
31,חיפה,4000,חיפה,10306,מד הרב דנה יוסף,synonym of 457,457
31,חיפה,4000,חיפה,458,מורד היסמין,official,458
31,חיפה,4000,חיפה,10307,יסמין,synonym of 458,458
31,חיפה,4000,חיפה,10308,היסמין,synonym of 458,458
31,חיפה,4000,חיפה,10309,היסמין מורד,synonym of 458,458
31,חיפה,4000,חיפה,459,צביה ויצחק,official,459
31,חיפה,4000,חיפה,460,קדושי יאסי,official,460
31,חיפה,4000,חיפה,461,גן אלי כהן,official,461
31,חיפה,4000,חיפה,462,רודנר עקיבא הרב,official,462
31,חיפה,4000,חיפה,10310,הרב רודנר,synonym of 462,462
31,חיפה,4000,חיפה,10311,רודנר עקיבא,synonym of 462,462
31,חיפה,4000,חיפה,10312,הרב רודנר עקיבא,synonym of 462,462
31,חיפה,4000,חיפה,463,"תאד""ל",official,463
31,חיפה,4000,חיפה,10313,אמונה,synonym of 463,463
31,חיפה,4000,חיפה,10314,תדאל,synonym of 463,463
31,חיפה,4000,חיפה,10315,תאדל,synonym of 463,463
31,חיפה,4000,חיפה,464,חת נחום,official,464
31,חיפה,4000,חיפה,10316,חת,synonym of 464,464
31,חיפה,4000,חיפה,10317,נחום חת,synonym of 464,464
31,חיפה,4000,חיפה,10318,רח 2496,synonym of 464,464
31,חיפה,4000,חיפה,465,לבון פנחס,official,465
31,חיפה,4000,חיפה,10319,פנחס לבון,synonym of 465,465
31,חיפה,4000,חיפה,10320,לבון,synonym of 465,465
31,חיפה,4000,חיפה,466,"שלוסברג שמואל ד""ר",official,466
31,חיפה,4000,חיפה,10321,שמואל שלוסברג,synonym of 466,466
31,חיפה,4000,חיפה,10322,שלוסברג,synonym of 466,466
31,חיפה,4000,חיפה,10323,שלוסברג שמואל,synonym of 466,466
31,חיפה,4000,חיפה,10324,"שמואל שלוסברג ד""ר",synonym of 466,466
31,חיפה,4000,חיפה,10325,"ד""ר שלוסברג שמואל",synonym of 466,466
31,חיפה,4000,חיפה,10326,"ד""ר שמואל שלוסברג",synonym of 466,466
31,חיפה,4000,חיפה,467,"לסקוב חיים רא""ל",official,467
31,חיפה,4000,חיפה,10327,לסקוב,synonym of 467,467
31,חיפה,4000,חיפה,10328,חיים לסקוב,synonym of 467,467
31,חיפה,4000,חיפה,10329,לסקוב חיים,synonym of 467,467
31,חיפה,4000,חיפה,10330,"חיים לסקוב רא""ל",synonym of 467,467
31,חיפה,4000,חיפה,468,בן יעקב צבי,official,468
31,חיפה,4000,חיפה,10331,בן יעקב,synonym of 468,468
31,חיפה,4000,חיפה,10332,צבי בן יעקב,synonym of 468,468
31,חיפה,4000,חיפה,10333,רח 2547,synonym of 468,468
31,חיפה,4000,חיפה,469,גרינברג אורי צבי,official,469
31,חיפה,4000,חיפה,10334,אורי צבי גרינברג,synonym of 469,469
31,חיפה,4000,חיפה,10335,גרינברג,synonym of 469,469
31,חיפה,4000,חיפה,10336,גרינברג אורי,synonym of 469,469
31,חיפה,4000,חיפה,10337,רח 958,synonym of 469,469
31,חיפה,4000,חיפה,10338,גרינברג צבי,synonym of 469,469
31,חיפה,4000,חיפה,470,בני ברית,official,470
31,חיפה,4000,חיפה,10339,רח 1732,synonym of 470,470
31,חיפה,4000,חיפה,471,כרוך אריה,official,471
31,חיפה,4000,חיפה,10340,כרוך,synonym of 471,471
31,חיפה,4000,חיפה,10341,רח 2548,synonym of 471,471
31,חיפה,4000,חיפה,10342,אריה כרוך,synonym of 471,471
31,חיפה,4000,חיפה,472,רח 2611,official,472
31,חיפה,4000,חיפה,473,דרך רודיק שמעון,official,473
31,חיפה,4000,חיפה,10343,רח 2644,synonym of 473,473
31,חיפה,4000,חיפה,10344,דרך שמעון רודיק,synonym of 473,473
31,חיפה,4000,חיפה,474,גרינשפון הרצל,official,474
31,חיפה,4000,חיפה,10345,הרצל גרינשפון,synonym of 474,474
31,חיפה,4000,חיפה,475,פורטונה עמנואל,official,475
31,חיפה,4000,חיפה,10346,פורטונה,synonym of 475,475
31,חיפה,4000,חיפה,10347,עמנואל פורטונה,synonym of 475,475
31,חיפה,4000,חיפה,476,הגומא,official,476
31,חיפה,4000,חיפה,477,סמ הכנסיה,official,477
31,חיפה,4000,חיפה,10348,הכנסיה,synonym of 477,477
31,חיפה,4000,חיפה,478,שביל חנא נקארה,official,478
31,חיפה,4000,חיפה,10349,חנא נקארה,synonym of 478,478
31,חיפה,4000,חיפה,10350,נקארה חנא,synonym of 478,478
31,חיפה,4000,חיפה,479,הנופר,official,479
31,חיפה,4000,חיפה,10351,נופר,synonym of 479,479
31,חיפה,4000,חיפה,480,"אנגל יונה ד""ר",official,480
31,חיפה,4000,חיפה,10352,רח 2538,synonym of 480,480
31,חיפה,4000,חיפה,10353,יונה אנגל,synonym of 480,480
31,חיפה,4000,חיפה,10354,אנגל יונה,synonym of 480,480
31,חיפה,4000,חיפה,10355,"ד""ר אנגל יונה",synonym of 480,480
31,חיפה,4000,חיפה,481,טהון יעקב,official,481
31,חיפה,4000,חיפה,10356,רח 2539,synonym of 481,481
31,חיפה,4000,חיפה,10357,יעקב טהון,synonym of 481,481
31,חיפה,4000,חיפה,10358,טהון,synonym of 481,481
31,חיפה,4000,חיפה,482,רובינא חנה,official,482
31,חיפה,4000,חיפה,10359,רח 2540,synonym of 482,482
31,חיפה,4000,חיפה,10360,חנה רובינא,synonym of 482,482
31,חיפה,4000,חיפה,10361,רובינא,synonym of 482,482
31,חיפה,4000,חיפה,483,מאיר גולדה,official,483
31,חיפה,4000,חיפה,10362,רח 2537,synonym of 483,483
31,חיפה,4000,חיפה,10363,גולדה,synonym of 483,483
31,חיפה,4000,חיפה,10364,גולדה מאיר,synonym of 483,483
31,חיפה,4000,חיפה,484,כגן רחל,official,484
31,חיפה,4000,חיפה,10365,רחל כגן,synonym of 484,484
31,חיפה,4000,חיפה,10366,כגן,synonym of 484,484
31,חיפה,4000,חיפה,485,אהרונסון,official,485
31,חיפה,4000,חיפה,10367,רח 2563,synonym of 485,485
31,חיפה,4000,חיפה,486,רח 2647,official,486
31,חיפה,4000,חיפה,487,רח 2648,official,487
31,חיפה,4000,חיפה,489,לב המפרץ,official,489
31,חיפה,4000,חיפה,10368,קניון לב המפרץ,synonym of 489,489
31,חיפה,4000,חיפה,490,"שוויצר אלברט ד""ר",official,490
31,חיפה,4000,חיפה,10369,אלברט שויצר,synonym of 490,490
31,חיפה,4000,חיפה,10370,שוויצר,synonym of 490,490
31,חיפה,4000,חיפה,10371,רח 918,synonym of 490,490
31,חיפה,4000,חיפה,10372,שויצר,synonym of 490,490
31,חיפה,4000,חיפה,10373,אלברט שוויצר,synonym of 490,490
31,חיפה,4000,חיפה,10374,שוייצר אלברט,synonym of 490,490
31,חיפה,4000,חיפה,10375,אלברט שוייצר,synonym of 490,490
31,חיפה,4000,חיפה,10376,שוויצר אלברט,synonym of 490,490
31,חיפה,4000,חיפה,10377,"ד""ר שוויצר אלברט",synonym of 490,490
31,חיפה,4000,חיפה,491,ברנשטיין פרץ,official,491
31,חיפה,4000,חיפה,10378,רח 916,synonym of 491,491
31,חיפה,4000,חיפה,10379,פרץ ברנשטיין,synonym of 491,491
31,חיפה,4000,חיפה,10380,ברנשטיין,synonym of 491,491
31,חיפה,4000,חיפה,492,סבידור מנחם,official,492
31,חיפה,4000,חיפה,10381,מנחם סבידור,synonym of 492,492
31,חיפה,4000,חיפה,10382,סבידור,synonym of 492,492
31,חיפה,4000,חיפה,10383,רח 2502,synonym of 492,492
31,חיפה,4000,חיפה,493,שאגאל מארק,official,493
31,חיפה,4000,חיפה,10384,מארק שאגאל,synonym of 493,493
31,חיפה,4000,חיפה,10385,רח 915,synonym of 493,493
31,חיפה,4000,חיפה,10386,שאגאל,synonym of 493,493
31,חיפה,4000,חיפה,10387,מרק שגאל,synonym of 493,493
31,חיפה,4000,חיפה,494,טוסקניני ארתור,official,494
31,חיפה,4000,חיפה,10388,רח 919,synonym of 494,494
31,חיפה,4000,חיפה,10389,טוסקניני,synonym of 494,494
31,חיפה,4000,חיפה,495,גאולי תימן,official,495
31,חיפה,4000,חיפה,10390,רח 920,synonym of 495,495
31,חיפה,4000,חיפה,496,גיבורי גיטו ורשה,official,496
31,חיפה,4000,חיפה,10391,גבורי גטו ורשה,synonym of 496,496
31,חיפה,4000,חיפה,10392,גטו ורשה,synonym of 496,496
31,חיפה,4000,חיפה,10393,רח 921,synonym of 496,496
31,חיפה,4000,חיפה,10394,גבורי גיטו ורשה,synonym of 496,496
31,חיפה,4000,חיפה,10395,גיבורי גטו ורשה,synonym of 496,496
31,חיפה,4000,חיפה,497,אנצ'ו סירני,official,497
31,חיפה,4000,חיפה,10396,רח 922,synonym of 497,497
31,חיפה,4000,חיפה,10397,סירני,synonym of 497,497
31,חיפה,4000,חיפה,498,מעון אבא חושי,official,498
31,חיפה,4000,חיפה,10398,מרכז אבא חושי,synonym of 498,498
31,חיפה,4000,חיפה,10399,אבא חושי מעון,synonym of 498,498
31,חיפה,4000,חיפה,499,מעון קלמן לוין,official,499
31,חיפה,4000,חיפה,10400,מרכז קליטה חניתה,synonym of 499,499
31,חיפה,4000,חיפה,10401,מעון קליטה חניתה,synonym of 499,499
31,חיפה,4000,חיפה,10402,חניתה )מ ק(,synonym of 499,499
31,חיפה,4000,חיפה,500,דאהר אל עמר,official,500
31,חיפה,4000,חיפה,10403,אל עמר,synonym of 500,500
31,חיפה,4000,חיפה,501,אל אדריסי,official,501
31,חיפה,4000,חיפה,10404,מוסך פיאט,synonym of 501,501
31,חיפה,4000,חיפה,10405,אדריסי,synonym of 501,501
31,חיפה,4000,חיפה,10406,אל אדרוסי,synonym of 501,501
31,חיפה,4000,חיפה,502,אחוה,official,502
31,חיפה,4000,חיפה,10407,האחווה,synonym of 502,502
31,חיפה,4000,חיפה,10408,אחווה,synonym of 502,502
31,חיפה,4000,חיפה,503,התקוה,official,503
31,חיפה,4000,חיפה,504,אחז,official,504
31,חיפה,4000,חיפה,505,שד רוטשילד,official,505
31,חיפה,4000,חיפה,10409,רוטשילד,synonym of 505,505
31,חיפה,4000,חיפה,10410,רוטשילד שד,synonym of 505,505
31,חיפה,4000,חיפה,10411,שד רוטשליד,synonym of 505,505
31,חיפה,4000,חיפה,10412,רוטשילד שכ,synonym of 505,505
31,חיפה,4000,חיפה,10413,רוטשליד שד,synonym of 505,505
31,חיפה,4000,חיפה,10414,רוטשידל שד,synonym of 505,505
31,חיפה,4000,חיפה,10415,רוטשילד שדרות,synonym of 505,505
31,חיפה,4000,חיפה,506,תל אביב,official,506
31,חיפה,4000,חיפה,10416,ק תל אביב,synonym of 506,506
31,חיפה,4000,חיפה,507,דוגית,official,507
31,חיפה,4000,חיפה,508,המעפילים,official,508
31,חיפה,4000,חיפה,10417,מעפילים,synonym of 508,508
31,חיפה,4000,חיפה,10418,המעפלים,synonym of 508,508
31,חיפה,4000,חיפה,509,"צה""ל",official,509
31,חיפה,4000,חיפה,10419,צהל ש פאי,synonym of 509,509
31,חיפה,4000,חיפה,10420,צהל,synonym of 509,509
31,חיפה,4000,חיפה,510,דרור,official,510
31,חיפה,4000,חיפה,10421,הדרור,synonym of 510,510
31,חיפה,4000,חיפה,511,החותרים,official,511
31,חיפה,4000,חיפה,512,דרך אלנבי,official,512
31,חיפה,4000,חיפה,10422,מעון דוד אל,synonym of 512,512
31,חיפה,4000,חיפה,10423,אלנבי ביס נ,synonym of 512,512
31,חיפה,4000,חיפה,10424,ש אלנבי,synonym of 512,512
31,חיפה,4000,חיפה,10425,אלנבי,synonym of 512,512
31,חיפה,4000,חיפה,10426,אלנבי דרך,synonym of 512,512
31,חיפה,4000,חיפה,513,הפרטיזנים,official,513
31,חיפה,4000,חיפה,10427,פרטיזנים,synonym of 513,513
31,חיפה,4000,חיפה,514,"גדנ""ע",official,514
31,חיפה,4000,חיפה,10428,גדנע,synonym of 514,514
31,חיפה,4000,חיפה,515,זילפה,official,515
31,חיפה,4000,חיפה,10429,ק אליהו ותי,synonym of 515,515
31,חיפה,4000,חיפה,10430,זלפה,synonym of 515,515
31,חיפה,4000,חיפה,10431,זליפה,synonym of 515,515
31,חיפה,4000,חיפה,516,עדה,official,516
31,חיפה,4000,חיפה,517,יעל,official,517
31,חיפה,4000,חיפה,518,עמל,official,518
31,חיפה,4000,חיפה,519,בלהה,official,519
31,חיפה,4000,חיפה,520,"נח""ל",official,520
31,חיפה,4000,חיפה,10432,הנחל,synonym of 520,520
31,חיפה,4000,חיפה,10433,נחל,synonym of 520,520
31,חיפה,4000,חיפה,521,צילה,official,521
31,חיפה,4000,חיפה,522,אבנר,official,522
31,חיפה,4000,חיפה,523,הזית,official,523
31,חיפה,4000,חיפה,524,לסין אברהם,official,524
31,חיפה,4000,חיפה,10434,ש ותיקים,synonym of 524,524
31,חיפה,4000,חיפה,10435,ליסון,synonym of 524,524
31,חיפה,4000,חיפה,10436,ליסין,synonym of 524,524
31,חיפה,4000,חיפה,525,רחף,official,525
31,חיפה,4000,חיפה,10437,הרחף,synonym of 525,525
31,חיפה,4000,חיפה,10438,רהב,synonym of 525,525
31,חיפה,4000,חיפה,526,העליה השניה,official,526
31,חיפה,4000,חיפה,10439,ביח רמבם,synonym of 526,526
31,חיפה,4000,חיפה,10440,ביח רמבם בי,synonym of 526,526
31,חיפה,4000,חיפה,10441,ביח רמבם פנמ,synonym of 526,526
31,חיפה,4000,חיפה,10442,ביח רמבם צר,synonym of 526,526
31,חיפה,4000,חיפה,10443,אולפן מוצקין,synonym of 526,526
31,חיפה,4000,חיפה,10444,ביס לאח רמב,synonym of 526,526
31,חיפה,4000,חיפה,10445,עליה,synonym of 526,526
31,חיפה,4000,חיפה,10446,העליה מנזר,synonym of 526,526
31,חיפה,4000,חיפה,10447,עליה השניה,synonym of 526,526
31,חיפה,4000,חיפה,10448,עליה שניה,synonym of 526,526
31,חיפה,4000,חיפה,10449,העליה,synonym of 526,526
31,חיפה,4000,חיפה,527,הקלעים,official,527
31,חיפה,4000,חיפה,10450,קלעים,synonym of 527,527
31,חיפה,4000,חיפה,528,"החי""ל",official,528
31,חיפה,4000,חיפה,10451,החיל,synonym of 528,528
31,חיפה,4000,חיפה,10452,החייל,synonym of 528,528
31,חיפה,4000,חיפה,529,סמ הצנחנים,official,529
31,חיפה,4000,חיפה,10453,הצנחנים סמטה,synonym of 529,529
31,חיפה,4000,חיפה,10454,הצנחנים,synonym of 529,529
31,חיפה,4000,חיפה,10455,הצנחנים סמ,synonym of 529,529
31,חיפה,4000,חיפה,530,"הכ""ג",official,530
31,חיפה,4000,חיפה,10456,רח הכג,synonym of 530,530
31,חיפה,4000,חיפה,10457,כג סמטה,synonym of 530,530
31,חיפה,4000,חיפה,10458,סמ כג,synonym of 530,530
31,חיפה,4000,חיפה,10459,הכג,synonym of 530,530
31,חיפה,4000,חיפה,10460,כג סמ,synonym of 530,530
31,חיפה,4000,חיפה,531,"קל""ח",official,531
31,חיפה,4000,חיפה,10461,קלח סמטה,synonym of 531,531
31,חיפה,4000,חיפה,10462,קלח,synonym of 531,531
31,חיפה,4000,חיפה,10463,קלח סמ,synonym of 531,531
31,חיפה,4000,חיפה,10464,סמ קלח,synonym of 531,531
31,חיפה,4000,חיפה,10465,"סמ קל""ח",synonym of 531,531
31,חיפה,4000,חיפה,532,סמ הוז דב,official,532
31,חיפה,4000,חיפה,10466,הוז,synonym of 532,532
31,חיפה,4000,חיפה,10467,דב הוז סמ,synonym of 532,532
31,חיפה,4000,חיפה,10468,דב הוז סמטה,synonym of 532,532
31,חיפה,4000,חיפה,10469,סמ דב הוז,synonym of 532,532
31,חיפה,4000,חיפה,10470,דב הוז,synonym of 532,532
31,חיפה,4000,חיפה,533,סמ מונש,official,533
31,חיפה,4000,חיפה,10471,מונש,synonym of 533,533
31,חיפה,4000,חיפה,10472,מונש סמ,synonym of 533,533
31,חיפה,4000,חיפה,10473,מונש סמטה,synonym of 533,533
31,חיפה,4000,חיפה,534,סמ בנימין,official,534
31,חיפה,4000,חיפה,10474,בנימין סמטה,synonym of 534,534
31,חיפה,4000,חיפה,10475,בנימין,synonym of 534,534
31,חיפה,4000,חיפה,10476,בנימין סמ,synonym of 534,534
31,חיפה,4000,חיפה,535,לוץ שרל,official,535
31,חיפה,4000,חיפה,10477,סיפורט,synonym of 535,535
31,חיפה,4000,חיפה,10478,שרל לוץ,synonym of 535,535
31,חיפה,4000,חיפה,10479,ללוץ,synonym of 535,535
31,חיפה,4000,חיפה,10480,לוץ,synonym of 535,535
31,חיפה,4000,חיפה,536,מד מעלה הדקר,official,536
31,חיפה,4000,חיפה,10481,מעלה הדקר,synonym of 536,536
31,חיפה,4000,חיפה,10482,מעלה דקר,synonym of 536,536
31,חיפה,4000,חיפה,537,חיל הים,official,537
31,חיפה,4000,חיפה,10483,דולפין,synonym of 537,537
31,חיפה,4000,חיפה,538,השרון,official,538
31,חיפה,4000,חיפה,539,יונתן,official,539
31,חיפה,4000,חיפה,540,כספי יעקב,official,540
31,חיפה,4000,חיפה,10484,כספי,synonym of 540,540
31,חיפה,4000,חיפה,10485,יזרעאל,synonym of 540,540
31,חיפה,4000,חיפה,10486,יעקב כספי,synonym of 540,540
31,חיפה,4000,חיפה,541,נהלל,official,541
31,חיפה,4000,חיפה,542,נחליאלי,official,542
31,חיפה,4000,חיפה,543,אבדימי,official,543
31,חיפה,4000,חיפה,10487,אבדמי,synonym of 543,543
31,חיפה,4000,חיפה,544,השחף,official,544
31,חיפה,4000,חיפה,545,תחנה מרכזית,official,545
31,חיפה,4000,חיפה,546,שד בת גלים,official,546
31,חיפה,4000,חיפה,10488,בת גלים שד,synonym of 546,546
31,חיפה,4000,חיפה,10489,שדרות בת גלים,synonym of 546,546
31,חיפה,4000,חיפה,10490,בת גלים שכ,synonym of 546,546
31,חיפה,4000,חיפה,10491,בת גלים,synonym of 546,546
31,חיפה,4000,חיפה,10492,בת גלים שדרות,synonym of 546,546
31,חיפה,4000,חיפה,547,שקמונה,official,547
31,חיפה,4000,חיפה,548,יואב,official,548
31,חיפה,4000,חיפה,549,אלישע,official,549
31,חיפה,4000,חיפה,550,שד המתנדבים,official,550
31,חיפה,4000,חיפה,10493,שדרות המתנדבים,synonym of 550,550
31,חיפה,4000,חיפה,10494,המתנדבים שד,synonym of 550,550
31,חיפה,4000,חיפה,10495,המתנדבים שדרות,synonym of 550,550
31,חיפה,4000,חיפה,551,התורן,official,551
31,חיפה,4000,חיפה,10496,השוק,synonym of 551,551
31,חיפה,4000,חיפה,552,ההגה,official,552
31,חיפה,4000,חיפה,553,העוגן,official,553
31,חיפה,4000,חיפה,554,דרך צרפת,official,554
31,חיפה,4000,חיפה,10497,צרפת דרך,synonym of 554,554
31,חיפה,4000,חיפה,10498,צרפת,synonym of 554,554
31,חיפה,4000,חיפה,555,הבסטיליה,official,555
31,חיפה,4000,חיפה,10499,הבסטליה,synonym of 555,555
31,חיפה,4000,חיפה,10500,בסטיליה,synonym of 555,555
31,חיפה,4000,חיפה,556,ז'ורס,official,556
31,חיפה,4000,חיפה,10501,ז'אן ז'ורס,synonym of 556,556
31,חיפה,4000,חיפה,10502,זורס,synonym of 556,556
31,חיפה,4000,חיפה,10503,זורי,synonym of 556,556
31,חיפה,4000,חיפה,10504,גורס,synonym of 556,556
31,חיפה,4000,חיפה,557,רודן,official,557
31,חיפה,4000,חיפה,10505,רדן,synonym of 557,557
31,חיפה,4000,חיפה,10506,רודן סמטה,synonym of 557,557
31,חיפה,4000,חיפה,10507,רודן סמ,synonym of 557,557
31,חיפה,4000,חיפה,10508,סמ רודן,synonym of 557,557
31,חיפה,4000,חיפה,558,מילסון יוסף צבי,official,558
31,חיפה,4000,חיפה,559,דוד המלך,official,559
31,חיפה,4000,חיפה,10509,דוד מלך,synonym of 559,559
31,חיפה,4000,חיפה,10510,המלך דוד,synonym of 559,559
31,חיפה,4000,חיפה,10511,מלך דוד,synonym of 559,559
31,חיפה,4000,חיפה,10512,רח 2288,synonym of 559,559
31,חיפה,4000,חיפה,560,עוזיהו המלך,official,560
31,חיפה,4000,חיפה,10513,עוזיה,synonym of 560,560
31,חיפה,4000,חיפה,10514,המלך עוזיהו,synonym of 560,560
31,חיפה,4000,חיפה,10515,עוזה המלך,synonym of 560,560
31,חיפה,4000,חיפה,10516,עוזהו המלך,synonym of 560,560
31,חיפה,4000,חיפה,10517,המלך עוזהו,synonym of 560,560
31,חיפה,4000,חיפה,10518,עוזיהו,synonym of 560,560
31,חיפה,4000,חיפה,10519,רח 2287 ב 2287,synonym of 560,560
31,חיפה,4000,חיפה,10520,רח 2287,synonym of 560,560
31,חיפה,4000,חיפה,561,שלמה המלך,official,561
31,חיפה,4000,חיפה,10521,המלך שלמה,synonym of 561,561
31,חיפה,4000,חיפה,10522,מ ד מלך שלמ,synonym of 561,561
31,חיפה,4000,חיפה,10523,רח 2260,synonym of 561,561
31,חיפה,4000,חיפה,10524,מלך שלמה,synonym of 561,561
31,חיפה,4000,חיפה,562,ציקלג,official,562
31,חיפה,4000,חיפה,10525,רח 2306,synonym of 562,562
31,חיפה,4000,חיפה,10526,סמ שלמה המלך,synonym of 562,562
31,חיפה,4000,חיפה,563,יהושפט המלך,official,563
31,חיפה,4000,חיפה,10527,המלך יהושפט,synonym of 563,563
31,חיפה,4000,חיפה,10528,רח 2289,synonym of 563,563
31,חיפה,4000,חיפה,10529,יהושפט,synonym of 563,563
31,חיפה,4000,חיפה,564,סחרוב אנדרה,official,564
31,חיפה,4000,חיפה,10530,אנדרי סחרוב,synonym of 564,564
31,חיפה,4000,חיפה,10531,אנדרה סחרוב,synonym of 564,564
31,חיפה,4000,חיפה,10532,סחרוב,synonym of 564,564
31,חיפה,4000,חיפה,10533,סחרוף,synonym of 564,564
31,חיפה,4000,חיפה,565,הלפרן ירמיהו,official,565
31,חיפה,4000,חיפה,10534,הלפרן,synonym of 565,565
31,חיפה,4000,חיפה,10535,רח 2184,synonym of 565,565
31,חיפה,4000,חיפה,10536,ירמיהו הלפרן,synonym of 565,565
31,חיפה,4000,חיפה,10537,הלפרין,synonym of 565,565
31,חיפה,4000,חיפה,566,שונית,official,566
31,חיפה,4000,חיפה,567,מרגולין פנחס,official,567
31,חיפה,4000,חיפה,10538,חוף התכלת,synonym of 567,567
31,חיפה,4000,חיפה,10539,התכלת,synonym of 567,567
31,חיפה,4000,חיפה,10540,מרגולין,synonym of 567,567
31,חיפה,4000,חיפה,10541,פנחס רציף,synonym of 567,567
31,חיפה,4000,חיפה,10542,רציף פנחס,synonym of 567,567
31,חיפה,4000,חיפה,10543,פנחס מרגולין,synonym of 567,567
31,חיפה,4000,חיפה,568,פינת גן,official,568
31,חיפה,4000,חיפה,10544,פנת גן,synonym of 568,568
31,חיפה,4000,חיפה,569,בר רב האי דוד,official,569
31,חיפה,4000,חיפה,10545,ש שער עליה,synonym of 569,569
31,חיפה,4000,חיפה,10546,ש עולים,synonym of 569,569
31,חיפה,4000,חיפה,10547,ש עובדים,synonym of 569,569
31,חיפה,4000,חיפה,10548,שער העליה,synonym of 569,569
31,חיפה,4000,חיפה,10549,שער עליה,synonym of 569,569
31,חיפה,4000,חיפה,10550,רח 804,synonym of 569,569
31,חיפה,4000,חיפה,10551,בר רב חי דוד,synonym of 569,569
31,חיפה,4000,חיפה,10552,בר רב האי,synonym of 569,569
31,חיפה,4000,חיפה,10553,רח 804 ק שפר,synonym of 569,569
31,חיפה,4000,חיפה,10554,דוד בר רב האי,synonym of 569,569
31,חיפה,4000,חיפה,570,רח 586,official,570
31,חיפה,4000,חיפה,571,מג'דלאני ג'אן,official,571
31,חיפה,4000,חיפה,10555,ג'אן מג'דלאני,synonym of 571,571
31,חיפה,4000,חיפה,10556,ג'אן מגדלאני,synonym of 571,571
31,חיפה,4000,חיפה,572,השופט שלום קסאן,official,572
31,חיפה,4000,חיפה,10557,רח 2234,synonym of 572,572
31,חיפה,4000,חיפה,10558,קסאן,synonym of 572,572
31,חיפה,4000,חיפה,10559,שלום קסאן,synonym of 572,572
31,חיפה,4000,חיפה,10560,קסאן שלום,synonym of 572,572
31,חיפה,4000,חיפה,573,מד אלגביש יוסף,official,573
31,חיפה,4000,חיפה,10561,רח 2335,synonym of 573,573
31,חיפה,4000,חיפה,10562,מד יוספ אלגביש,synonym of 573,573
31,חיפה,4000,חיפה,574,אלמוג,official,574
31,חיפה,4000,חיפה,10563,רח 2543,synonym of 574,574
31,חיפה,4000,חיפה,575,בלוך ארנסט,official,575
31,חיפה,4000,חיפה,10564,ארנסט בלוך,synonym of 575,575
31,חיפה,4000,חיפה,576,מגורשי ספרד,official,576
31,חיפה,4000,חיפה,577,יהואש המלך,official,577
31,חיפה,4000,חיפה,10565,מלון יואש,synonym of 577,577
31,חיפה,4000,חיפה,10566,יהואש,synonym of 577,577
31,חיפה,4000,חיפה,10567,יואש המלך,synonym of 577,577
31,חיפה,4000,חיפה,10568,המלך יואש,synonym of 577,577
31,חיפה,4000,חיפה,10569,יוהאש מלך,synonym of 577,577
31,חיפה,4000,חיפה,10570,המלך הואש,synonym of 577,577
31,חיפה,4000,חיפה,10571,המלך יהואש,synonym of 577,577
31,חיפה,4000,חיפה,10572,יהאש המלך,synonym of 577,577
31,חיפה,4000,חיפה,10573,המלך יוהאש,synonym of 577,577
31,חיפה,4000,חיפה,10574,יוהאש המלך,synonym of 577,577
31,חיפה,4000,חיפה,578,שאול המלך,official,578
31,חיפה,4000,חיפה,10575,המלך שאול,synonym of 578,578
31,חיפה,4000,חיפה,10576,מלך שאול,synonym of 578,578
31,חיפה,4000,חיפה,579,אסא המלך,official,579
31,חיפה,4000,חיפה,10577,מלך אסא,synonym of 579,579
31,חיפה,4000,חיפה,10578,המלך אסף,synonym of 579,579
31,חיפה,4000,חיפה,10579,אסא,synonym of 579,579
31,חיפה,4000,חיפה,10580,המלך אסא,synonym of 579,579
31,חיפה,4000,חיפה,580,רבי יהודה הנשיא,official,580
31,חיפה,4000,חיפה,10581,יהודה הנשיא,synonym of 580,580
31,חיפה,4000,חיפה,10582,רח 2603,synonym of 580,580
31,חיפה,4000,חיפה,581,סטרומה,official,581
31,חיפה,4000,חיפה,10583,רח 728,synonym of 581,581
31,חיפה,4000,חיפה,582,חזקיהו המלך,official,582
31,חיפה,4000,חיפה,10584,המלך חזקיהו,synonym of 582,582
31,חיפה,4000,חיפה,10585,חזקיהו,synonym of 582,582
31,חיפה,4000,חיפה,583,טובי תופיק,official,583
31,חיפה,4000,חיפה,10586,תופיק טובי,synonym of 583,583
31,חיפה,4000,חיפה,584,סוטין חיים,official,584
31,חיפה,4000,חיפה,10587,סוטין,synonym of 584,584
31,חיפה,4000,חיפה,585,"עגנון ש""י",official,585
31,חיפה,4000,חיפה,10588,עגנון שי,synonym of 585,585
31,חיפה,4000,חיפה,10589,שי עגנון,synonym of 585,585
31,חיפה,4000,חיפה,10590,עגנון,synonym of 585,585
31,חיפה,4000,חיפה,10591,"ש""י עגנון",synonym of 585,585
31,חיפה,4000,חיפה,586,שד קרית אליעזר,official,586
31,חיפה,4000,חיפה,10592,ק אליעזר שדרות,synonym of 586,586
31,חיפה,4000,חיפה,10593,שדרות ק אליעזר,synonym of 586,586
31,חיפה,4000,חיפה,10594,ק אליעזר שד,synonym of 586,586
31,חיפה,4000,חיפה,10595,שד ק אליעזר,synonym of 586,586
31,חיפה,4000,חיפה,587,"עפרון ד""ר",official,587
31,חיפה,4000,חיפה,10596,דר עפרון,synonym of 587,587
31,חיפה,4000,חיפה,10597,עפרון דרך,synonym of 587,587
31,חיפה,4000,חיפה,10598,עפרון,synonym of 587,587
31,חיפה,4000,חיפה,10599,עפרון דר,synonym of 587,587
31,חיפה,4000,חיפה,10600,"ד""ר עפרון",synonym of 587,587
31,חיפה,4000,חיפה,588,קדושי דמשק,official,588
31,חיפה,4000,חיפה,589,רח 9016,official,589
31,חיפה,4000,חיפה,590,שלומציון המלכה,official,590
31,חיפה,4000,חיפה,10601,המלכה שלומציון,synonym of 590,590
31,חיפה,4000,חיפה,10602,שלומציון המל,synonym of 590,590
31,חיפה,4000,חיפה,10603,שלומציון,synonym of 590,590
31,חיפה,4000,חיפה,591,חוף הכרמל,official,591
31,חיפה,4000,חיפה,10604,אכסנית נוער כרמל,synonym of 591,591
31,חיפה,4000,חיפה,10605,אכסנית הנוער כרמל,synonym of 591,591
31,חיפה,4000,חיפה,10606,אכסנית נוער,synonym of 591,591
31,חיפה,4000,חיפה,592,"אצ""ל",official,592
31,חיפה,4000,חיפה,10607,אצל,synonym of 592,592
31,חיפה,4000,חיפה,593,לינקולן אברהם,official,593
31,חיפה,4000,חיפה,10608,לינקולן,synonym of 593,593
31,חיפה,4000,חיפה,594,בייליס מנחם מנדל,official,594
31,חיפה,4000,חיפה,10609,ביליס,synonym of 594,594
31,חיפה,4000,חיפה,10610,בייליס,synonym of 594,594
31,חיפה,4000,חיפה,10611,בייליס מנחם,synonym of 594,594
31,חיפה,4000,חיפה,10612,מנחם מנדל בייליס,synonym of 594,594
31,חיפה,4000,חיפה,595,האלון,official,595
31,חיפה,4000,חיפה,596,חכים אליהו,official,596
31,חיפה,4000,חיפה,10613,אליהו חכים,synonym of 596,596
31,חיפה,4000,חיפה,597,"קאודרס בן ציון ד""ר",official,597
31,חיפה,4000,חיפה,10614,קאודרוס,synonym of 597,597
31,חיפה,4000,חיפה,10615,קאודרס,synonym of 597,597
31,חיפה,4000,חיפה,10616,קאודרס בן ציון,synonym of 597,597
31,חיפה,4000,חיפה,10617,בן ציון קאודרס,synonym of 597,597
31,חיפה,4000,חיפה,10618,"ד""ר קאודרס בן ציון",synonym of 597,597
31,חיפה,4000,חיפה,598,סעדיה גאון,official,598
31,חיפה,4000,חיפה,10619,סעדיה הגאון,synonym of 598,598
31,חיפה,4000,חיפה,599,משאש הרב,official,599
31,חיפה,4000,חיפה,10620,הרב משש,synonym of 599,599
31,חיפה,4000,חיפה,10621,הרב משאש,synonym of 599,599
31,חיפה,4000,חיפה,600,אסתר המלכה,official,600
31,חיפה,4000,חיפה,10622,רח 2439,synonym of 600,600
31,חיפה,4000,חיפה,601,חורב,official,601
31,חיפה,4000,חיפה,10623,חורב 22 22,synonym of 601,601
31,חיפה,4000,חיפה,10624,גת בית אבות,synonym of 601,601
31,חיפה,4000,חיפה,602,שד אבא חושי,official,602
31,חיפה,4000,חיפה,10625,דליה סמ,synonym of 602,602
31,חיפה,4000,חיפה,10626,הפנימיה הצבאית,synonym of 602,602
31,חיפה,4000,חיפה,10627,אבא חושי שדרות,synonym of 602,602
31,חיפה,4000,חיפה,10628,דליה,synonym of 602,602
31,חיפה,4000,חיפה,10629,שדרות אבא חושי,synonym of 602,602
31,חיפה,4000,חיפה,10630,דליה סמטה,synonym of 602,602
31,חיפה,4000,חיפה,10631,סמ דליה,synonym of 602,602
31,חיפה,4000,חיפה,10632,אבא חושי שד,synonym of 602,602
31,חיפה,4000,חיפה,10633,אבא חושי דרך,synonym of 602,602
31,חיפה,4000,חיפה,10634,אבא חושי,synonym of 602,602
31,חיפה,4000,חיפה,10635,דליה דרך,synonym of 602,602
31,חיפה,4000,חיפה,603,דרך כרמל משה,official,603
31,חיפה,4000,חיפה,10636,דרך משה כרמל,synonym of 603,603
31,חיפה,4000,חיפה,10637,משה כרמל,synonym of 603,603
31,חיפה,4000,חיפה,10638,כרמל משה,synonym of 603,603
31,חיפה,4000,חיפה,604,אידר,official,604
31,חיפה,4000,חיפה,10639,אידר בית אב,synonym of 604,604
31,חיפה,4000,חיפה,10640,אידר ב אבות,synonym of 604,604
31,חיפה,4000,חיפה,605,גבעת דאונס,official,605
31,חיפה,4000,חיפה,10641,דאונדס גב,synonym of 605,605
31,חיפה,4000,חיפה,10642,דאונס גבעת,synonym of 605,605
31,חיפה,4000,חיפה,10643,דאונס גב,synonym of 605,605
31,חיפה,4000,חיפה,10644,דאונס גבעה,synonym of 605,605
31,חיפה,4000,חיפה,10645,גב דאונס,synonym of 605,605
31,חיפה,4000,חיפה,10646,דאונוס גב,synonym of 605,605
31,חיפה,4000,חיפה,606,יערות,official,606
31,חיפה,4000,חיפה,10647,יערות פנימי,synonym of 606,606
31,חיפה,4000,חיפה,10648,יערות פ צבאי,synonym of 606,606
31,חיפה,4000,חיפה,10649,היערות,synonym of 606,606
31,חיפה,4000,חיפה,607,הנטקה,official,607
31,חיפה,4000,חיפה,608,אינשטיין אלברט,official,608
31,חיפה,4000,חיפה,10650,איינשטין,synonym of 608,608
31,חיפה,4000,חיפה,10651,אישטיין,synonym of 608,608
31,חיפה,4000,חיפה,10652,איינשטיין,synonym of 608,608
31,חיפה,4000,חיפה,10653,אנשטיין,synonym of 608,608
31,חיפה,4000,חיפה,10654,אינשטין,synonym of 608,608
31,חיפה,4000,חיפה,10655,אינשטיין,synonym of 608,608
31,חיפה,4000,חיפה,10656,אלברט אינשטיין,synonym of 608,608
31,חיפה,4000,חיפה,609,סמולנסקין,official,609
31,חיפה,4000,חיפה,10657,סמילנסקין,synonym of 609,609
31,חיפה,4000,חיפה,10658,סמילנסקי,synonym of 609,609
31,חיפה,4000,חיפה,610,הרופא,official,610
31,חיפה,4000,חיפה,10659,זלוציסטי הרופא,synonym of 610,610
31,חיפה,4000,חיפה,10660,הרופא זלוציסטי,synonym of 610,610
31,חיפה,4000,חיפה,611,ויתקין יוסף,official,611
31,חיפה,4000,חיפה,10661,ויטקין,synonym of 611,611
31,חיפה,4000,חיפה,10662,ויתקין,synonym of 611,611
31,חיפה,4000,חיפה,10663,יוסף ויתקין,synonym of 611,611
31,חיפה,4000,חיפה,612,לכיש,official,612
31,חיפה,4000,חיפה,613,גת,official,613
31,חיפה,4000,חיפה,614,פרויד,official,614
31,חיפה,4000,חיפה,10664,פריוד,synonym of 614,614
31,חיפה,4000,חיפה,615,מאפו,official,615
31,חיפה,4000,חיפה,10665,בית אבות,synonym of 615,615
31,חיפה,4000,חיפה,10666,מפו ב הורים,synonym of 615,615
31,חיפה,4000,חיפה,10667,מאפו ב אבות,synonym of 615,615
31,חיפה,4000,חיפה,10668,שדרות מאפו,synonym of 615,615
31,חיפה,4000,חיפה,10669,מאפו שדרות,synonym of 615,615
31,חיפה,4000,חיפה,10670,מאפו שד,synonym of 615,615
31,חיפה,4000,חיפה,10671,מאפו ב הורים,synonym of 615,615
31,חיפה,4000,חיפה,10672,שד מאפו,synonym of 615,615
31,חיפה,4000,חיפה,616,תל מאנה,official,616
31,חיפה,4000,חיפה,10673,תל מנה ב זק,synonym of 616,616
31,חיפה,4000,חיפה,10674,תל מנה ב זקנ,synonym of 616,616
31,חיפה,4000,חיפה,10675,תלמאנה,synonym of 616,616
31,חיפה,4000,חיפה,10676,מאנה,synonym of 616,616
31,חיפה,4000,חיפה,617,סמ אהרון,official,617
31,חיפה,4000,חיפה,10677,אהרון סמטה,synonym of 617,617
31,חיפה,4000,חיפה,10678,אהרן סמ,synonym of 617,617
31,חיפה,4000,חיפה,10679,סמטה אהרן,synonym of 617,617
31,חיפה,4000,חיפה,10680,סמ אהרן,synonym of 617,617
31,חיפה,4000,חיפה,10681,אהרון סמ,synonym of 617,617
31,חיפה,4000,חיפה,10682,אהרן סמטה,synonym of 617,617
31,חיפה,4000,חיפה,618,הזמיר,official,618
31,חיפה,4000,חיפה,10683,מורד זמיר,synonym of 618,618
31,חיפה,4000,חיפה,10684,זמיר מורד,synonym of 618,618
31,חיפה,4000,חיפה,10685,מורד הזמיר,synonym of 618,618
31,חיפה,4000,חיפה,619,"מיכ""ל המשורר",official,619
31,חיפה,4000,חיפה,10686,מיכל,synonym of 619,619
31,חיפה,4000,חיפה,620,"רנ""ק",official,620
31,חיפה,4000,חיפה,10687,רנק,synonym of 620,620
31,חיפה,4000,חיפה,621,"פיק""א",official,621
31,חיפה,4000,חיפה,10688,פיקא דרך,synonym of 621,621
31,חיפה,4000,חיפה,10689,פיקא,synonym of 621,621
31,חיפה,4000,חיפה,10690,"דרך פיק""א",synonym of 621,621
31,חיפה,4000,חיפה,622,דישראלי,official,622
31,חיפה,4000,חיפה,10691,דיזרעלי,synonym of 622,622
31,חיפה,4000,חיפה,10692,דישרעאלי,synonym of 622,622
31,חיפה,4000,חיפה,10693,דיזרעאלי,synonym of 622,622
31,חיפה,4000,חיפה,10694,דיסראלי,synonym of 622,622
31,חיפה,4000,חיפה,623,שד סיני,official,623
31,חיפה,4000,חיפה,10695,סיני ב זקני,synonym of 623,623
31,חיפה,4000,חיפה,10696,סיני ב זקנים,synonym of 623,623
31,חיפה,4000,חיפה,10697,בית אבות סיני,synonym of 623,623
31,חיפה,4000,חיפה,10698,סיני מע הור,synonym of 623,623
31,חיפה,4000,חיפה,10699,סיני שד,synonym of 623,623
31,חיפה,4000,חיפה,10700,סיני שדרות,synonym of 623,623
31,חיפה,4000,חיפה,10701,סיני,synonym of 623,623
31,חיפה,4000,חיפה,10702,שדרות סיני,synonym of 623,623
31,חיפה,4000,חיפה,624,אילון,official,624
31,חיפה,4000,חיפה,10703,איילון,synonym of 624,624
31,חיפה,4000,חיפה,625,שד מוריה,official,625
31,חיפה,4000,חיפה,10704,מוריה מ אפי,synonym of 625,625
31,חיפה,4000,חיפה,10705,מוריה שד פנ,synonym of 625,625
31,חיפה,4000,חיפה,10706,מוריה סמטה,synonym of 625,625
31,חיפה,4000,חיפה,10707,שדרות מוריה,synonym of 625,625
31,חיפה,4000,חיפה,10708,מוריה,synonym of 625,625
31,חיפה,4000,חיפה,10709,מוריה שד,synonym of 625,625
31,חיפה,4000,חיפה,10710,סמ מוריה,synonym of 625,625
31,חיפה,4000,חיפה,10711,מוריה שדרות,synonym of 625,625
31,חיפה,4000,חיפה,10712,מוריה שד,synonym of 625,625
31,חיפה,4000,חיפה,10713,מוריה סמ,synonym of 625,625
31,חיפה,4000,חיפה,626,ליטאניס,official,626
31,חיפה,4000,חיפה,10714,ליטניס,synonym of 626,626
31,חיפה,4000,חיפה,10715,ליטאנוס,synonym of 626,626
31,חיפה,4000,חיפה,627,קריית ספר,official,627
31,חיפה,4000,חיפה,10716,קרית ספר מל,synonym of 627,627
31,חיפה,4000,חיפה,10717,מלון שולמית,synonym of 627,627
31,חיפה,4000,חיפה,10718,קרית ספר,synonym of 627,627
31,חיפה,4000,חיפה,628,יותם,official,628
31,חיפה,4000,חיפה,10719,מלון פרידלנ,synonym of 628,628
31,חיפה,4000,חיפה,629,אהוד,official,629
31,חיפה,4000,חיפה,10720,סמ אהוד,synonym of 629,629
31,חיפה,4000,חיפה,10721,אהוד סמטה,synonym of 629,629
31,חיפה,4000,חיפה,10722,אהוד סמ,synonym of 629,629
31,חיפה,4000,חיפה,630,גבעון,official,630
31,חיפה,4000,חיפה,631,"שכטר יוסף ד""ר",official,631
31,חיפה,4000,חיפה,10723,רח 892,synonym of 631,631
31,חיפה,4000,חיפה,10724,שכטר,synonym of 631,631
31,חיפה,4000,חיפה,10725,יוסף שכטר,synonym of 631,631
31,חיפה,4000,חיפה,10726,שכטר יוסף,synonym of 631,631
31,חיפה,4000,חיפה,10727,"ד""ר שכטר יוסף",synonym of 631,631
31,חיפה,4000,חיפה,632,"פלמ""ח",official,632
31,חיפה,4000,חיפה,10728,סמ הפלמח,synonym of 632,632
31,חיפה,4000,חיפה,10729,רוממה דרומי,synonym of 632,632
31,חיפה,4000,חיפה,10730,פלמח,synonym of 632,632
31,חיפה,4000,חיפה,10731,הפלמח סמ,synonym of 632,632
31,חיפה,4000,חיפה,10732,הפלמח,synonym of 632,632
31,חיפה,4000,חיפה,10733,"הפלמ""ח",synonym of 632,632
31,חיפה,4000,חיפה,10734,הפלמח סמטה,synonym of 632,632
31,חיפה,4000,חיפה,633,הצלפים,official,633
31,חיפה,4000,חיפה,634,שמשון,official,634
31,חיפה,4000,חיפה,10735,שימשון,synonym of 634,634
31,חיפה,4000,חיפה,635,שד הנשיא,official,635
31,חיפה,4000,חיפה,10736,ש ויצמן,synonym of 635,635
31,חיפה,4000,חיפה,10737,מלון דן פנורמה,synonym of 635,635
31,חיפה,4000,חיפה,10738,מלון דן כרמל,synonym of 635,635
31,חיפה,4000,חיפה,10739,דן פנורמה,synonym of 635,635
31,חיפה,4000,חיפה,10740,שדרות הנשיא,synonym of 635,635
31,חיפה,4000,חיפה,10741,הנשיא שד,synonym of 635,635
31,חיפה,4000,חיפה,10742,הנשיא דרך,synonym of 635,635
31,חיפה,4000,חיפה,10743,הנשיא,synonym of 635,635
31,חיפה,4000,חיפה,10744,הנשיא שדרות,synonym of 635,635
31,חיפה,4000,חיפה,636,וודג'ווד,official,636
31,חיפה,4000,חיפה,10745,שדרות וודגווד,synonym of 636,636
31,חיפה,4000,חיפה,10746,ודגווד,synonym of 636,636
31,חיפה,4000,חיפה,10747,וגבוד,synonym of 636,636
31,חיפה,4000,חיפה,10748,ווגווד,synonym of 636,636
31,חיפה,4000,חיפה,10749,וודגווד שד,synonym of 636,636
31,חיפה,4000,חיפה,10750,וודגווד שדרות,synonym of 636,636
31,חיפה,4000,חיפה,10751,שד וודגווד,synonym of 636,636
31,חיפה,4000,חיפה,10752,וודגווד,synonym of 636,636
31,חיפה,4000,חיפה,637,ישורון,official,637
31,חיפה,4000,חיפה,10753,כרמל סנט,synonym of 637,637
31,חיפה,4000,חיפה,10754,ביח אלישע,synonym of 637,637
31,חיפה,4000,חיפה,638,משמר הגבול,official,638
31,חיפה,4000,חיפה,10755,קוממיות,synonym of 638,638
31,חיפה,4000,חיפה,10756,הקוממיות,synonym of 638,638
31,חיפה,4000,חיפה,639,ג'ורג' אליוט,official,639
31,חיפה,4000,חיפה,10757,גורג אליוט,synonym of 639,639
31,חיפה,4000,חיפה,10758,אליוט,synonym of 639,639
31,חיפה,4000,חיפה,10759,אליוט ג'ורג',synonym of 639,639
31,חיפה,4000,חיפה,640,מגידו,official,640
31,חיפה,4000,חיפה,10760,מגדו,synonym of 640,640
31,חיפה,4000,חיפה,641,שער הלבנון,official,641
31,חיפה,4000,חיפה,10761,שער לבנון,synonym of 641,641
31,חיפה,4000,חיפה,10762,הלבנון,synonym of 641,641
31,חיפה,4000,חיפה,642,הספורט,official,642
31,חיפה,4000,חיפה,643,ביכורים,official,643
31,חיפה,4000,חיפה,10763,הביכורים,synonym of 643,643
31,חיפה,4000,חיפה,10764,הבכורים,synonym of 643,643
31,חיפה,4000,חיפה,10765,בכורים,synonym of 643,643
31,חיפה,4000,חיפה,644,וולפסון,official,644
31,חיפה,4000,חיפה,645,מעין,official,645
31,חיפה,4000,חיפה,646,המים,official,646
31,חיפה,4000,חיפה,647,מייבלום דורון,official,647
31,חיפה,4000,חיפה,10766,רח 893,synonym of 647,647
31,חיפה,4000,חיפה,10767,דורון מייבלום,synonym of 647,647
31,חיפה,4000,חיפה,10768,מייבלום,synonym of 647,647
31,חיפה,4000,חיפה,648,ארגמן,official,648
31,חיפה,4000,חיפה,649,לוטוס,official,649
31,חיפה,4000,חיפה,10769,הלוטוס,synonym of 649,649
31,חיפה,4000,חיפה,650,קלר,official,650
31,חיפה,4000,חיפה,10770,קלר סמטה,synonym of 650,650
31,חיפה,4000,חיפה,10771,קלר סמ,synonym of 650,650
31,חיפה,4000,חיפה,10772,סמ קלר,synonym of 650,650
31,חיפה,4000,חיפה,651,פינסקי דוד,official,651
31,חיפה,4000,חיפה,10773,דוד פינסקי,synonym of 651,651
31,חיפה,4000,חיפה,10774,פינסקי,synonym of 651,651
31,חיפה,4000,חיפה,652,שד הברושים,official,652
31,חיפה,4000,חיפה,10775,הברושים שד,synonym of 652,652
31,חיפה,4000,חיפה,10776,שדרות הברושים,synonym of 652,652
31,חיפה,4000,חיפה,10777,הברושים,synonym of 652,652
31,חיפה,4000,חיפה,10778,הברושים שדרות,synonym of 652,652
31,חיפה,4000,חיפה,653,אילות,official,653
31,חיפה,4000,חיפה,654,צפרירים,official,654
31,חיפה,4000,חיפה,655,אביגיל,official,655
31,חיפה,4000,חיפה,656,אוליפנט,official,656
31,חיפה,4000,חיפה,657,ורדיה,official,657
31,חיפה,4000,חיפה,658,אלחנן יצחק,official,658
31,חיפה,4000,חיפה,10779,יצחק אלחנן,synonym of 658,658
31,חיפה,4000,חיפה,10780,אלחנן,synonym of 658,658
31,חיפה,4000,חיפה,659,הטנא,official,659
31,חיפה,4000,חיפה,660,מורג,official,660
31,חיפה,4000,חיפה,10781,רח 635,synonym of 660,660
31,חיפה,4000,חיפה,661,יוכבד,official,661
31,חיפה,4000,חיפה,10782,רח 865 אחוזה,synonym of 661,661
31,חיפה,4000,חיפה,662,דרך רופין,official,662
31,חיפה,4000,חיפה,10783,רופין,synonym of 662,662
31,חיפה,4000,חיפה,663,זרובבל,official,663
31,חיפה,4000,חיפה,664,יפתח,official,664
31,חיפה,4000,חיפה,665,נחשון,official,665
31,חיפה,4000,חיפה,666,שד הנדיב,official,666
31,חיפה,4000,חיפה,10784,הנדיב שד,synonym of 666,666
31,חיפה,4000,חיפה,10785,שדרות הנדיב,synonym of 666,666
31,חיפה,4000,חיפה,10786,הנדיב,synonym of 666,666
31,חיפה,4000,חיפה,10787,הנדיב שדרות,synonym of 666,666
31,חיפה,4000,חיפה,667,הירקון,official,667
31,חיפה,4000,חיפה,10788,ירקון,synonym of 667,667
31,חיפה,4000,חיפה,668,מעברות,official,668
31,חיפה,4000,חיפה,669,רחל,official,669
31,חיפה,4000,חיפה,10789,תל יצחק,synonym of 669,669
31,חיפה,4000,חיפה,670,מנילה,official,670
31,חיפה,4000,חיפה,10790,רח 966,synonym of 670,670
31,חיפה,4000,חיפה,671,מרגלית,official,671
31,חיפה,4000,חיפה,672,קדרון,official,672
31,חיפה,4000,חיפה,673,בועז,official,673
31,חיפה,4000,חיפה,10791,בעז,synonym of 673,673
31,חיפה,4000,חיפה,674,צדקיהו,official,674
31,חיפה,4000,חיפה,675,גלגל,official,675
31,חיפה,4000,חיפה,676,רות,official,676
31,חיפה,4000,חיפה,10792,שד רות,synonym of 676,676
31,חיפה,4000,חיפה,10793,רות שדרות,synonym of 676,676
31,חיפה,4000,חיפה,10794,שדרות רות,synonym of 676,676
31,חיפה,4000,חיפה,10795,רות שד,synonym of 676,676
31,חיפה,4000,חיפה,677,לאה,official,677
31,חיפה,4000,חיפה,678,נוגה,official,678
31,חיפה,4000,חיפה,10796,נגה,synonym of 678,678
31,חיפה,4000,חיפה,679,אלכסנדר ינאי,official,679
31,חיפה,4000,חיפה,10797,ינאי אלכסנדר,synonym of 679,679
31,חיפה,4000,חיפה,10798,ינאי,synonym of 679,679
31,חיפה,4000,חיפה,680,חנה,official,680
31,חיפה,4000,חיפה,681,נעמי,official,681
31,חיפה,4000,חיפה,682,אבשלום,official,682
31,חיפה,4000,חיפה,683,התור,official,683
31,חיפה,4000,חיפה,10799,התור סמטה,synonym of 683,683
31,חיפה,4000,חיפה,10800,סמ התור,synonym of 683,683
31,חיפה,4000,חיפה,10801,התור סמ,synonym of 683,683
31,חיפה,4000,חיפה,684,קדימה,official,684
31,חיפה,4000,חיפה,10802,קדימה מלון,synonym of 684,684
31,חיפה,4000,חיפה,10803,אביב,synonym of 684,684
31,חיפה,4000,חיפה,685,הורדים,official,685
31,חיפה,4000,חיפה,10804,שושנים,synonym of 685,685
31,חיפה,4000,חיפה,686,המערות,official,686
31,חיפה,4000,חיפה,687,שד הצבי,official,687
31,חיפה,4000,חיפה,10805,הצבי שד,synonym of 687,687
31,חיפה,4000,חיפה,10806,הצבי שדרות,synonym of 687,687
31,חיפה,4000,חיפה,10807,צבי שד,synonym of 687,687
31,חיפה,4000,חיפה,10808,שדרות צבי,synonym of 687,687
31,חיפה,4000,חיפה,10809,שד צבי,synonym of 687,687
31,חיפה,4000,חיפה,10810,שדרות הצבי,synonym of 687,687
31,חיפה,4000,חיפה,10811,הצבי,synonym of 687,687
31,חיפה,4000,חיפה,10812,צבי שדרות,synonym of 687,687
31,חיפה,4000,חיפה,688,הצופים,official,688
31,חיפה,4000,חיפה,689,שד יצחק,official,689
31,חיפה,4000,חיפה,10813,שדרות יצחק,synonym of 689,689
31,חיפה,4000,חיפה,10814,יצחק שד,synonym of 689,689
31,חיפה,4000,חיפה,10815,יצחק שדרות,synonym of 689,689
31,חיפה,4000,חיפה,690,דרך הים,official,690
31,חיפה,4000,חיפה,10816,הים דרך,synonym of 690,690
31,חיפה,4000,חיפה,10817,הים,synonym of 690,690
31,חיפה,4000,חיפה,691,כלניות,official,691
31,חיפה,4000,חיפה,10818,הכלניות,synonym of 691,691
31,חיפה,4000,חיפה,692,כבירים,official,692
31,חיפה,4000,חיפה,10819,כברים,synonym of 692,692
31,חיפה,4000,חיפה,693,איתנים,official,693
31,חיפה,4000,חיפה,694,רענן,official,694
31,חיפה,4000,חיפה,695,עודה נדה,official,695
31,חיפה,4000,חיפה,10820,עודד נדה,synonym of 695,695
31,חיפה,4000,חיפה,696,אל מוהדי,official,696
31,חיפה,4000,חיפה,10821,מוהדי,synonym of 696,696
31,חיפה,4000,חיפה,697,גלאל אל דין,official,697
31,חיפה,4000,חיפה,698,אילנות,official,698
31,חיפה,4000,חיפה,699,הרדוף,official,699
31,חיפה,4000,חיפה,700,שער הגיא,official,700
31,חיפה,4000,חיפה,10822,רח 787,synonym of 700,700
31,חיפה,4000,חיפה,10823,הגיא,synonym of 700,700
31,חיפה,4000,חיפה,701,הסנה,official,701
31,חיפה,4000,חיפה,702,שושנת הכרמל,official,702
31,חיפה,4000,חיפה,10824,שוש הכרמל מע,synonym of 702,702
31,חיפה,4000,חיפה,10825,שושנת כרמל מ,synonym of 702,702
31,חיפה,4000,חיפה,10826,שושנת כרמל,synonym of 702,702
31,חיפה,4000,חיפה,703,הרקפות,official,703
31,חיפה,4000,חיפה,10827,רקפת,synonym of 703,703
31,חיפה,4000,חיפה,10828,רקפות,synonym of 703,703
31,חיפה,4000,חיפה,704,הנרקיסים,official,704
31,חיפה,4000,חיפה,10829,סמ נרקיסים,synonym of 704,704
31,חיפה,4000,חיפה,10830,נרקיסים סמ,synonym of 704,704
31,חיפה,4000,חיפה,10831,נרקיסים סמטה,synonym of 704,704
31,חיפה,4000,חיפה,705,אשכולות,official,705
31,חיפה,4000,חיפה,706,הדסים,official,706
31,חיפה,4000,חיפה,707,זיוונית,official,707
31,חיפה,4000,חיפה,10832,זיונית,synonym of 707,707
31,חיפה,4000,חיפה,708,מחניים,official,708
31,חיפה,4000,חיפה,10833,מחנים,synonym of 708,708
31,חיפה,4000,חיפה,709,אגמון,official,709
31,חיפה,4000,חיפה,710,רימונים,official,710
31,חיפה,4000,חיפה,10834,רמונים,synonym of 710,710
31,חיפה,4000,חיפה,711,חרוב,official,711
31,חיפה,4000,חיפה,712,סמ ספרון,official,712
31,חיפה,4000,חיפה,10835,סמ הכרכומים,synonym of 712,712
31,חיפה,4000,חיפה,10836,ספרון סמ,synonym of 712,712
31,חיפה,4000,חיפה,10837,ספרון סמטה,synonym of 712,712
31,חיפה,4000,חיפה,10838,ספרון,synonym of 712,712
31,חיפה,4000,חיפה,713,סמדר,official,713
31,חיפה,4000,חיפה,10839,סמדר סמטה,synonym of 713,713
31,חיפה,4000,חיפה,10840,סמדר סמ,synonym of 713,713
31,חיפה,4000,חיפה,10841,סמ סמדר,synonym of 713,713
31,חיפה,4000,חיפה,714,סגליות,official,714
31,חיפה,4000,חיפה,715,הנשר,official,715
31,חיפה,4000,חיפה,10842,נשר,synonym of 715,715
31,חיפה,4000,חיפה,716,ניצנים,official,716
31,חיפה,4000,חיפה,717,ברנדייס,official,717
31,חיפה,4000,חיפה,10843,ברנדיס,synonym of 717,717
31,חיפה,4000,חיפה,718,התשבי,official,718
31,חיפה,4000,חיפה,10844,תשבי,synonym of 718,718
31,חיפה,4000,חיפה,10845,התישבי,synonym of 718,718
31,חיפה,4000,חיפה,719,איריס,official,719
31,חיפה,4000,חיפה,10846,הכרמים שד,synonym of 719,719
31,חיפה,4000,חיפה,10847,הכרמים מד,synonym of 719,719
31,חיפה,4000,חיפה,10848,שדרות הכרמים,synonym of 719,719
31,חיפה,4000,חיפה,10849,הכרמים שדרות,synonym of 719,719
31,חיפה,4000,חיפה,10850,מורד הכרמים,synonym of 719,719
31,חיפה,4000,חיפה,10851,שד הכרמים,synonym of 719,719
31,חיפה,4000,חיפה,10852,האיריס,synonym of 719,719
31,חיפה,4000,חיפה,720,לאונרדו דה וינצי,official,720
31,חיפה,4000,חיפה,10853,דה ונצי,synonym of 720,720
31,חיפה,4000,חיפה,10854,דה וינצי,synonym of 720,720
31,חיפה,4000,חיפה,10855,דה וינצ'י,synonym of 720,720
31,חיפה,4000,חיפה,10856,לאונרדו דה וינצ'י,synonym of 720,720
31,חיפה,4000,חיפה,721,חורשה,official,721
31,חיפה,4000,חיפה,10857,החורשה,synonym of 721,721
31,חיפה,4000,חיפה,722,עין גדי,official,722
31,חיפה,4000,חיפה,723,דפנה,official,723
31,חיפה,4000,חיפה,724,סוכות,official,724
31,חיפה,4000,חיפה,725,שומרון,official,725
31,חיפה,4000,חיפה,10858,השומרון,synonym of 725,725
31,חיפה,4000,חיפה,726,טשרניחובסקי,official,726
31,חיפה,4000,חיפה,727,בית אל,official,727
31,חיפה,4000,חיפה,728,שונמית,official,728
31,חיפה,4000,חיפה,729,עובדיה,official,729
31,חיפה,4000,חיפה,730,סמ עופרים,official,730
31,חיפה,4000,חיפה,10859,עופרים,synonym of 730,730
31,חיפה,4000,חיפה,10860,העופרים,synonym of 730,730
31,חיפה,4000,חיפה,731,כרמיה,official,731
31,חיפה,4000,חיפה,10861,כרמיה שאול,synonym of 731,731
31,חיפה,4000,חיפה,732,דרייפוס,official,732
31,חיפה,4000,חיפה,10862,דריפוס,synonym of 732,732
31,חיפה,4000,חיפה,10863,רח 2227 ר שא,synonym of 732,732
31,חיפה,4000,חיפה,10864,רח 2227,synonym of 732,732
31,חיפה,4000,חיפה,10865,רח 2227 ר ש,synonym of 732,732
31,חיפה,4000,חיפה,10866,רח 2227ר שאו,synonym of 732,732
31,חיפה,4000,חיפה,733,זולא אמיל,official,733
31,חיפה,4000,חיפה,10867,אמיל זולא,synonym of 733,733
31,חיפה,4000,חיפה,10868,זולה אמיל,synonym of 733,733
31,חיפה,4000,חיפה,10869,אמיל זולה,synonym of 733,733
31,חיפה,4000,חיפה,734,ויקטור הוגו,official,734
31,חיפה,4000,חיפה,735,רבנו תם,official,735
31,חיפה,4000,חיפה,10870,רבינו תם,synonym of 735,735
31,חיפה,4000,חיפה,736,כל ישראל חברים,official,736
31,חיפה,4000,חיפה,10871,כ י חברים,synonym of 736,736
31,חיפה,4000,חיפה,10872,כל ישראל חבר,synonym of 736,736
31,חיפה,4000,חיפה,10873,כיח,synonym of 736,736
31,חיפה,4000,חיפה,737,ענתות,official,737
31,חיפה,4000,חיפה,738,זאב )זבוטינסקי(,official,738
31,חיפה,4000,חיפה,10874,זבוטינסקי,synonym of 738,738
31,חיפה,4000,חיפה,10875,ז'בוטינסקי,synonym of 738,738
31,חיפה,4000,חיפה,10876,זאב )ז'בוטינסקי(,synonym of 738,738
31,חיפה,4000,חיפה,10877,זאב,synonym of 738,738
31,חיפה,4000,חיפה,739,עדולם,official,739
31,חיפה,4000,חיפה,740,ישעיהו,official,740
31,חיפה,4000,חיפה,741,בית לחם,official,741
31,חיפה,4000,חיפה,742,מור,official,742
31,חיפה,4000,חיפה,10878,רח 823,synonym of 742,742
31,חיפה,4000,חיפה,743,היובל,official,743
31,חיפה,4000,חיפה,10879,יובל,synonym of 743,743
31,חיפה,4000,חיפה,744,מרכוס דוד,official,744
31,חיפה,4000,חיפה,10880,דוד מרכוס,synonym of 744,744
31,חיפה,4000,חיפה,10881,מרכוס,synonym of 744,744
31,חיפה,4000,חיפה,746,פסטר לואי,official,746
31,חיפה,4000,חיפה,10882,לואי פסטר,synonym of 746,746
31,חיפה,4000,חיפה,747,מרכז הנופש,official,747
31,חיפה,4000,חיפה,10883,בנדורי,synonym of 747,747
31,חיפה,4000,חיפה,10884,מרכז הנופש ב,synonym of 747,747
31,חיפה,4000,חיפה,748,יציאת אירופה,official,748
31,חיפה,4000,חיפה,10885,רח 749,synonym of 748,748
31,חיפה,4000,חיפה,10886,רח 749 ק שפר,synonym of 748,748
31,חיפה,4000,חיפה,10887,יציאת ארופה,synonym of 748,748
31,חיפה,4000,חיפה,749,הולצברג שמחה,official,749
31,חיפה,4000,חיפה,10888,שמחה הולצברג,synonym of 749,749
31,חיפה,4000,חיפה,10889,הולצברג,synonym of 749,749
31,חיפה,4000,חיפה,750,מעלות הבוצרים,official,750
31,חיפה,4000,חיפה,10890,רח 2189,synonym of 750,750
31,חיפה,4000,חיפה,751,האג,official,751
31,חיפה,4000,חיפה,10891,הג,synonym of 751,751
31,חיפה,4000,חיפה,753,מכון זואולוגי,official,753
31,חיפה,4000,חיפה,10892,מכ זואולוגי,synonym of 753,753
31,חיפה,4000,חיפה,754,התמר,official,754
31,חיפה,4000,חיפה,10893,תמר,synonym of 754,754
31,חיפה,4000,חיפה,755,הולנד,official,755
31,חיפה,4000,חיפה,756,אודם,official,756
31,חיפה,4000,חיפה,757,יפה ושמואל שכטר,official,757
31,חיפה,4000,חיפה,10894,שכטר יפה ושמואל,synonym of 757,757
31,חיפה,4000,חיפה,758,דונה גרציה,official,758
31,חיפה,4000,חיפה,759,צלמונה,official,759
31,חיפה,4000,חיפה,760,סמ דן,official,760
31,חיפה,4000,חיפה,10895,דן,synonym of 760,760
31,חיפה,4000,חיפה,10896,נחל דן,synonym of 760,760
31,חיפה,4000,חיפה,761,נתיב אפקים,official,761
31,חיפה,4000,חיפה,10897,אפיקים,synonym of 761,761
31,חיפה,4000,חיפה,10898,אפקים,synonym of 761,761
31,חיפה,4000,חיפה,10899,אופקים,synonym of 761,761
31,חיפה,4000,חיפה,10900,אפקים נתיב,synonym of 761,761
31,חיפה,4000,חיפה,10901,נתיב אפיקים,synonym of 761,761
31,חיפה,4000,חיפה,10902,נתיב אופקים,synonym of 761,761
31,חיפה,4000,חיפה,762,גרינבוים יצחק,official,762
31,חיפה,4000,חיפה,10903,גרינבוים,synonym of 762,762
31,חיפה,4000,חיפה,10904,גרינבאום,synonym of 762,762
31,חיפה,4000,חיפה,10905,גרינבום יצחק,synonym of 762,762
31,חיפה,4000,חיפה,763,אורן,official,763
31,חיפה,4000,חיפה,10906,רח 2120,synonym of 763,763
31,חיפה,4000,חיפה,10907,האורן,synonym of 763,763
31,חיפה,4000,חיפה,764,שקמה,official,764
31,חיפה,4000,חיפה,10908,מעונות שקמה,synonym of 764,764
31,חיפה,4000,חיפה,10909,השיקמה,synonym of 764,764
31,חיפה,4000,חיפה,10910,רח 2138,synonym of 764,764
31,חיפה,4000,חיפה,10911,השקמה,synonym of 764,764
31,חיפה,4000,חיפה,765,צבר,official,765
31,חיפה,4000,חיפה,10912,רח 2355,synonym of 765,765
31,חיפה,4000,חיפה,10913,הצבר,synonym of 765,765
31,חיפה,4000,חיפה,766,הויסמנס קמיל,official,766
31,חיפה,4000,חיפה,10914,הויסמנס,synonym of 766,766
31,חיפה,4000,חיפה,10915,קמיל הויסמנס,synonym of 766,766
31,חיפה,4000,חיפה,767,פלג פרנק,official,767
31,חיפה,4000,חיפה,10916,פרנק פלג,synonym of 767,767
31,חיפה,4000,חיפה,768,דניה,official,768
31,חיפה,4000,חיפה,10917,ת ד 7175,synonym of 768,768
31,חיפה,4000,חיפה,769,פייגין צבי,official,769
31,חיפה,4000,חיפה,10918,פייגין,synonym of 769,769
31,חיפה,4000,חיפה,10919,פייגון צבי,synonym of 769,769
31,חיפה,4000,חיפה,10920,פיגין,synonym of 769,769
31,חיפה,4000,חיפה,10921,פייגון,synonym of 769,769
31,חיפה,4000,חיפה,770,ברנר,official,770
31,חיפה,4000,חיפה,771,קורצ'אק יאנוש,official,771
31,חיפה,4000,חיפה,10922,ינוש קורצק,synonym of 771,771
31,חיפה,4000,חיפה,10923,רח 945,synonym of 771,771
31,חיפה,4000,חיפה,10924,ינוש קורצ'ק,synonym of 771,771
31,חיפה,4000,חיפה,10925,קורצ'ק,synonym of 771,771
31,חיפה,4000,חיפה,10926,קורצק,synonym of 771,771
31,חיפה,4000,חיפה,10927,קורצק ינוש,synonym of 771,771
31,חיפה,4000,חיפה,10928,קורצ'ק ינוש,synonym of 771,771
31,חיפה,4000,חיפה,772,הראל,official,772
31,חיפה,4000,חיפה,10929,ש מורים,synonym of 772,772
31,חיפה,4000,חיפה,10930,ש משה שרת,synonym of 772,772
31,חיפה,4000,חיפה,10931,ש מורים בל,synonym of 772,772
31,חיפה,4000,חיפה,10932,ש שרת,synonym of 772,772
31,חיפה,4000,חיפה,10933,רח 720,synonym of 772,772
31,חיפה,4000,חיפה,10934,ש שרת 32,synonym of 772,772
31,חיפה,4000,חיפה,773,שבדיה,official,773
31,חיפה,4000,חיפה,10935,שוודיה,synonym of 773,773
31,חיפה,4000,חיפה,774,ליבריה,official,774
31,חיפה,4000,חיפה,775,זמנהוף,official,775
31,חיפה,4000,חיפה,10936,פנימיה צבאית,synonym of 775,775
31,חיפה,4000,חיפה,10937,פנימיה צבאי,synonym of 775,775
31,חיפה,4000,חיפה,776,רביצקי אימרה,official,776
31,חיפה,4000,חיפה,777,שביל אהבת שלום,official,777
31,חיפה,4000,חיפה,10938,אהבת שלום,synonym of 777,777
31,חיפה,4000,חיפה,778,אדמונד פלג,official,778
31,חיפה,4000,חיפה,10939,פלג אדמונד,synonym of 778,778
31,חיפה,4000,חיפה,10940,פלג,synonym of 778,778
31,חיפה,4000,חיפה,10941,אדמונד,synonym of 778,778
31,חיפה,4000,חיפה,779,חוף השנהב,official,779
31,חיפה,4000,חיפה,10942,חוף שנהב,synonym of 779,779
31,חיפה,4000,חיפה,780,מד זרובבל,official,780
31,חיפה,4000,חיפה,10943,זרובבל מד,synonym of 780,780
31,חיפה,4000,חיפה,781,שלונסקי,official,781
31,חיפה,4000,חיפה,782,גולדברג לאה,official,782
31,חיפה,4000,חיפה,10944,גולדברג,synonym of 782,782
31,חיפה,4000,חיפה,10945,לאה גולדברג,synonym of 782,782
31,חיפה,4000,חיפה,783,הדולב,official,783
31,חיפה,4000,חיפה,784,אנטוורפן,official,784
31,חיפה,4000,חיפה,10946,אנטורפן,synonym of 784,784
31,חיפה,4000,חיפה,785,אמציה המלך,official,785
31,חיפה,4000,חיפה,10947,המלך אמציהו,synonym of 785,785
31,חיפה,4000,חיפה,10948,אמציהו,synonym of 785,785
31,חיפה,4000,חיפה,10949,אמציהו המלך,synonym of 785,785
31,חיפה,4000,חיפה,786,מרסיי,official,786
31,חיפה,4000,חיפה,787,"בודנהיימר מקס ד""ר",official,787
31,חיפה,4000,חיפה,10950,ש ר שאול כר,synonym of 787,787
31,חיפה,4000,חיפה,10951,בודנהימר,synonym of 787,787
31,חיפה,4000,חיפה,10952,רח 807,synonym of 787,787
31,חיפה,4000,חיפה,10953,רח 807 ק שפר,synonym of 787,787
31,חיפה,4000,חיפה,10954,בודנהיימר,synonym of 787,787
31,חיפה,4000,חיפה,10955,"ד""ר בודנהיימר מקס",synonym of 787,787
31,חיפה,4000,חיפה,10956,"ד""ר מקס בודנהיימר",synonym of 787,787
31,חיפה,4000,חיפה,788,כרמי,official,788
31,חיפה,4000,חיפה,10957,ש המורים,synonym of 788,788
31,חיפה,4000,חיפה,10958,זאב כרמי,synonym of 788,788
31,חיפה,4000,חיפה,10959,כרמי זאב,synonym of 788,788
31,חיפה,4000,חיפה,789,"כ""ץ יאיר",official,789
31,חיפה,4000,חיפה,10960,כץ יאיר,synonym of 789,789
31,חיפה,4000,חיפה,10961,יאיר כץ,synonym of 789,789
31,חיפה,4000,חיפה,790,נורווגיה,official,790
31,חיפה,4000,חיפה,10962,רח 2568,synonym of 790,790
31,חיפה,4000,חיפה,10963,נורבגיה,synonym of 790,790
31,חיפה,4000,חיפה,10964,נורוגיה,synonym of 790,790
31,חיפה,4000,חיפה,791,באבל יצחק,official,791
31,חיפה,4000,חיפה,10965,יצחק באבל,synonym of 791,791
31,חיפה,4000,חיפה,10966,באבל,synonym of 791,791
31,חיפה,4000,חיפה,792,פינלנד,official,792
31,חיפה,4000,חיפה,10967,רח 972,synonym of 792,792
31,חיפה,4000,חיפה,793,הפרחים,official,793
31,חיפה,4000,חיפה,10968,פרחים,synonym of 793,793
31,חיפה,4000,חיפה,794,מאציני,official,794
31,חיפה,4000,חיפה,10969,מציני,synonym of 794,794
31,חיפה,4000,חיפה,795,"בירם ד""ר",official,795
31,חיפה,4000,חיפה,10970,בירם,synonym of 795,795
31,חיפה,4000,חיפה,10971,"ד""ר בירם",synonym of 795,795
31,חיפה,4000,חיפה,796,סמ הכרמים,official,796
31,חיפה,4000,חיפה,10972,הכרמים סמ,synonym of 796,796
31,חיפה,4000,חיפה,10973,הכרמים סמטה,synonym of 796,796
31,חיפה,4000,חיפה,10974,סמ כרמים,synonym of 796,796
31,חיפה,4000,חיפה,10975,כרמים סמטה,synonym of 796,796
31,חיפה,4000,חיפה,10976,הכרמים,synonym of 796,796
31,חיפה,4000,חיפה,10977,כרמים סמ,synonym of 796,796
31,חיפה,4000,חיפה,797,הקשת,official,797
31,חיפה,4000,חיפה,10978,רח 835,synonym of 797,797
31,חיפה,4000,חיפה,798,קרן היסוד,official,798
31,חיפה,4000,חיפה,799,חטיבת עודד,official,799
31,חיפה,4000,חיפה,10979,חט עודד,synonym of 799,799
31,חיפה,4000,חיפה,800,אלתרמן נתן,official,800
31,חיפה,4000,חיפה,10980,אלתרמן,synonym of 800,800
31,חיפה,4000,חיפה,10981,נתן אלתרמן,synonym of 800,800
31,חיפה,4000,חיפה,801,דרך סטלה מריס,official,801
31,חיפה,4000,חיפה,10982,ס מריס ש צב,synonym of 801,801
31,חיפה,4000,חיפה,10983,סטלה מאריס ד,synonym of 801,801
31,חיפה,4000,חיפה,10984,סטלה מריס צר,synonym of 801,801
31,חיפה,4000,חיפה,10985,סטלה מריס,synonym of 801,801
31,חיפה,4000,חיפה,10986,סטלה מריס ד,synonym of 801,801
31,חיפה,4000,חיפה,10987,סטלה מריס דר,synonym of 801,801
31,חיפה,4000,חיפה,10988,דרך סטלה מאריס,synonym of 801,801
31,חיפה,4000,חיפה,802,עבאס,official,802
31,חיפה,4000,חיפה,10989,עבס,synonym of 802,802
31,חיפה,4000,חיפה,10990,עבאש,synonym of 802,802
31,חיפה,4000,חיפה,803,אל מותנבי,official,803
31,חיפה,4000,חיפה,10991,מונתבי,synonym of 803,803
31,חיפה,4000,חיפה,10992,אל מוטנבי,synonym of 803,803
31,חיפה,4000,חיפה,10993,אל מתנבי,synonym of 803,803
31,חיפה,4000,חיפה,10994,אל מונתנבי,synonym of 803,803
31,חיפה,4000,חיפה,804,אל גזאלי,official,804
31,חיפה,4000,חיפה,10995,מד אל גזלי,synonym of 804,804
31,חיפה,4000,חיפה,10996,עבאס בס אחו,synonym of 804,804
31,חיפה,4000,חיפה,10997,אל גזאלו מד,synonym of 804,804
31,חיפה,4000,חיפה,10998,מד אלגזלי,synonym of 804,804
31,חיפה,4000,חיפה,10999,אל גזאלי מד,synonym of 804,804
31,חיפה,4000,חיפה,11000,אל גזלי מד,synonym of 804,804
31,חיפה,4000,חיפה,805,אבן אל מוקפע,official,805
31,חיפה,4000,חיפה,11001,אלמוקפע,synonym of 805,805
31,חיפה,4000,חיפה,11002,אל מוקפע,synonym of 805,805
31,חיפה,4000,חיפה,11003,אבן מוקפע,synonym of 805,805
31,חיפה,4000,חיפה,11004,אל מוקפה,synonym of 805,805
31,חיפה,4000,חיפה,806,סמ מוסול,official,806
31,חיפה,4000,חיפה,11005,מוסול סמטה,synonym of 806,806
31,חיפה,4000,חיפה,11006,מוסול סמ,synonym of 806,806
31,חיפה,4000,חיפה,11007,מוסול סמט,synonym of 806,806
31,חיפה,4000,חיפה,807,שפרה,official,807
31,חיפה,4000,חיפה,808,פועה,official,808
31,חיפה,4000,חיפה,809,מד בית שערים,official,809
31,חיפה,4000,חיפה,11008,בית שערים,synonym of 809,809
31,חיפה,4000,חיפה,11009,בית שערים מד,synonym of 809,809
31,חיפה,4000,חיפה,810,הלל,official,810
31,חיפה,4000,חיפה,11010,הילל,synonym of 810,810
31,חיפה,4000,חיפה,811,שד הציונות,official,811
31,חיפה,4000,חיפה,11011,אום שד מלון,synonym of 811,811
31,חיפה,4000,חיפה,11012,אום שד,synonym of 811,811
31,חיפה,4000,חיפה,11013,מעון תמר,synonym of 811,811
31,חיפה,4000,חיפה,11014,הציונות שד,synonym of 811,811
31,חיפה,4000,חיפה,11015,הציונות שדרות,synonym of 811,811
31,חיפה,4000,חיפה,11016,שדרות הציונות,synonym of 811,811
31,חיפה,4000,חיפה,11017,שד אום,synonym of 811,811
31,חיפה,4000,חיפה,11018,הציונות,synonym of 811,811
31,חיפה,4000,חיפה,11019,אום שדרות,synonym of 811,811
31,חיפה,4000,חיפה,11020,שדרות אום,synonym of 811,811
31,חיפה,4000,חיפה,11021,שדרות אום מלון,synonym of 811,811
31,חיפה,4000,חיפה,11022,שד אום מלון,synonym of 811,811
31,חיפה,4000,חיפה,812,הצלבנים,official,812
31,חיפה,4000,חיפה,813,יפה נוף,official,813
31,חיפה,4000,חיפה,11023,פנורמה,synonym of 813,813
31,חיפה,4000,חיפה,814,מד גדרה,official,814
31,חיפה,4000,חיפה,11024,טנטורה מד,synonym of 814,814
31,חיפה,4000,חיפה,11025,גדרה מד,synonym of 814,814
31,חיפה,4000,חיפה,11026,גדרה,synonym of 814,814
31,חיפה,4000,חיפה,11027,גדרה מדר,synonym of 814,814
31,חיפה,4000,חיפה,815,החשמונאים,official,815
31,חיפה,4000,חיפה,11028,חשמונאים,synonym of 815,815
31,חיפה,4000,חיפה,816,שד גולומב אליהו,official,816
31,חיפה,4000,חיפה,11029,גולומב פנמי,synonym of 816,816
31,חיפה,4000,חיפה,11030,גולומב אליהו,synonym of 816,816
31,חיפה,4000,חיפה,11031,גולומב אלירש,synonym of 816,816
31,חיפה,4000,חיפה,11032,גולומב שד,synonym of 816,816
31,חיפה,4000,חיפה,11033,שדרות גולומב,synonym of 816,816
31,חיפה,4000,חיפה,11034,גולומבאליהו,synonym of 816,816
31,חיפה,4000,חיפה,11035,גולומה אליהו,synonym of 816,816
31,חיפה,4000,חיפה,11036,גולמב אליהו,synonym of 816,816
31,חיפה,4000,חיפה,11037,שד גולומב,synonym of 816,816
31,חיפה,4000,חיפה,11038,גולומב,synonym of 816,816
31,חיפה,4000,חיפה,11039,אליהו גולומב,synonym of 816,816
31,חיפה,4000,חיפה,11040,גולומב שדרות,synonym of 816,816
31,חיפה,4000,חיפה,817,הסביונים,official,817
31,חיפה,4000,חיפה,11041,הסבונים,synonym of 817,817
31,חיפה,4000,חיפה,818,הס,official,818
31,חיפה,4000,חיפה,11042,הס משה,synonym of 818,818
31,חיפה,4000,חיפה,819,כורש,official,819
31,חיפה,4000,חיפה,820,מונטיפיורי,official,820
31,חיפה,4000,חיפה,821,מד שפינוזה,official,821
31,חיפה,4000,חיפה,11043,ביח רוטשילד,synonym of 821,821
31,חיפה,4000,חיפה,11044,שפינוזה מד,synonym of 821,821
31,חיפה,4000,חיפה,11045,שפינוזה,synonym of 821,821
31,חיפה,4000,חיפה,11046,שפינוזה מדר,synonym of 821,821
31,חיפה,4000,חיפה,822,בר גיורא,official,822
31,חיפה,4000,חיפה,11047,ברגיורא,synonym of 822,822
31,חיפה,4000,חיפה,823,ארלוזורוב,official,823
31,חיפה,4000,חיפה,824,העמק,official,824
31,חיפה,4000,חיפה,825,בלפור,official,825
31,חיפה,4000,חיפה,11048,בלפור מלון,synonym of 825,825
31,חיפה,4000,חיפה,826,סמ מירון,official,826
31,חיפה,4000,חיפה,11049,מירון סמטה,synonym of 826,826
31,חיפה,4000,חיפה,11050,מירון,synonym of 826,826
31,חיפה,4000,חיפה,11051,מירון סמ,synonym of 826,826
31,חיפה,4000,חיפה,827,שמאי,official,827
31,חיפה,4000,חיפה,828,שמואל,official,828
31,חיפה,4000,חיפה,829,מד גמלא,official,829
31,חיפה,4000,חיפה,11052,גמלא מד,synonym of 829,829
31,חיפה,4000,חיפה,11053,מד דגניה,synonym of 829,829
31,חיפה,4000,חיפה,11054,גמלא,synonym of 829,829
31,חיפה,4000,חיפה,11055,דגניה מד,synonym of 829,829
31,חיפה,4000,חיפה,830,השחר,official,830
31,חיפה,4000,חיפה,831,וילנסקי,official,831
31,חיפה,4000,חיפה,832,מד פקיעין,official,832
31,חיפה,4000,חיפה,11056,פקיעין מד,synonym of 832,832
31,חיפה,4000,חיפה,833,מד מודיעין,official,833
31,חיפה,4000,חיפה,11057,מודיעין מד,synonym of 833,833
31,חיפה,4000,חיפה,834,מסדה,official,834
31,חיפה,4000,חיפה,11058,מצדה,synonym of 834,834
31,חיפה,4000,חיפה,835,סמ שמואל,official,835
31,חיפה,4000,חיפה,11059,שמואל סמטה,synonym of 835,835
31,חיפה,4000,חיפה,11060,שמואל סמ,synonym of 835,835
31,חיפה,4000,חיפה,836,טבריה,official,836
31,חיפה,4000,חיפה,837,השלום,official,837
31,חיפה,4000,חיפה,838,בן יהודה,official,838
31,חיפה,4000,חיפה,11061,בן-יהודה,synonym of 838,838
31,חיפה,4000,חיפה,11062,אליעזר בן יהודה,synonym of 838,838
31,חיפה,4000,חיפה,839,גדעון,official,839
31,חיפה,4000,חיפה,840,חברון,official,840
31,חיפה,4000,חיפה,841,צפת,official,841
31,חיפה,4000,חיפה,842,בן שמן,official,842
31,חיפה,4000,חיפה,843,פנת בן שמן,official,843
31,חיפה,4000,חיפה,11063,בן שמן פנה,synonym of 843,843
31,חיפה,4000,חיפה,11064,פינת בן שמן,synonym of 843,843
31,חיפה,4000,חיפה,11065,בן שמן פנת,synonym of 843,843
31,חיפה,4000,חיפה,844,עמק הזיתים,official,844
31,חיפה,4000,חיפה,11066,עמק הזתים,synonym of 844,844
31,חיפה,4000,חיפה,845,הנביאים,official,845
31,חיפה,4000,חיפה,11067,נביאים,synonym of 845,845
31,חיפה,4000,חיפה,846,אחד העם,official,846
31,חיפה,4000,חיפה,847,שמריהו לוין,official,847
31,חיפה,4000,חיפה,11068,מלון ויס,synonym of 847,847
31,חיפה,4000,חיפה,11069,מלון עדן,synonym of 847,847
31,חיפה,4000,חיפה,11070,לוין שמריהו,synonym of 847,847
31,חיפה,4000,חיפה,848,קסל,official,848
31,חיפה,4000,חיפה,11071,קרל,synonym of 848,848
31,חיפה,4000,חיפה,11072,קאסל,synonym of 848,848
31,חיפה,4000,חיפה,849,אבן עזרא,official,849
31,חיפה,4000,חיפה,11073,אבו עזרא,synonym of 849,849
31,חיפה,4000,חיפה,11074,אבן עזרה,synonym of 849,849
31,חיפה,4000,חיפה,850,הרצליה,official,850
31,חיפה,4000,חיפה,11075,מלון כרמליה,synonym of 850,850
31,חיפה,4000,חיפה,11076,בית מלון כרמליה,synonym of 850,850
31,חיפה,4000,חיפה,851,ציפורי,official,851
31,חיפה,4000,חיפה,11077,צפורי,synonym of 851,851
31,חיפה,4000,חיפה,852,שפרעם,official,852
31,חיפה,4000,חיפה,853,יונה,official,853
31,חיפה,4000,חיפה,854,פנת בן יהודה,official,854
31,חיפה,4000,חיפה,11078,בן יהודה פנת,synonym of 854,854
31,חיפה,4000,חיפה,11079,פינת בן יהודה,synonym of 854,854
31,חיפה,4000,חיפה,855,נהון יצחק,official,855
31,חיפה,4000,חיפה,856,הרצל,official,856
31,חיפה,4000,חיפה,11080,תלפיות,synonym of 856,856
31,חיפה,4000,חיפה,11081,מלון תלפיות,synonym of 856,856
31,חיפה,4000,חיפה,11082,בית מלון תלפ,synonym of 856,856
31,חיפה,4000,חיפה,857,יואל,official,857
31,חיפה,4000,חיפה,858,ברוואלד,official,858
31,חיפה,4000,חיפה,11083,ברואלד,synonym of 858,858
31,חיפה,4000,חיפה,859,החלוץ,official,859
31,חיפה,4000,חיפה,11084,החלוץ מד,synonym of 859,859
31,חיפה,4000,חיפה,11085,מד החלוץ,synonym of 859,859
31,חיפה,4000,חיפה,11086,החלוץ ב אבות,synonym of 859,859
31,חיפה,4000,חיפה,860,עמוס,official,860
31,חיפה,4000,חיפה,861,סמ צידון,official,861
31,חיפה,4000,חיפה,11087,צידון,synonym of 861,861
31,חיפה,4000,חיפה,11088,צידון סמ,synonym of 861,861
31,חיפה,4000,חיפה,11089,צידון סמטה,synonym of 861,861
31,חיפה,4000,חיפה,11090,צדון סמ,synonym of 861,861
31,חיפה,4000,חיפה,11091,צדון סמטה,synonym of 861,861
31,חיפה,4000,חיפה,862,דניאל,official,862
31,חיפה,4000,חיפה,863,אבן סינא,official,863
31,חיפה,4000,חיפה,11092,אבן פינא,synonym of 863,863
31,חיפה,4000,חיפה,11093,אבן סנא,synonym of 863,863
31,חיפה,4000,חיפה,11094,איבן סינא,synonym of 863,863
31,חיפה,4000,חיפה,11095,אבן סינאא,synonym of 863,863
31,חיפה,4000,חיפה,864,ביאליק,official,864
31,חיפה,4000,חיפה,865,חסן שוקרי,official,865
31,חיפה,4000,חיפה,11096,שוקרי חסן,synonym of 865,865
31,חיפה,4000,חיפה,11097,חסן שקרי,synonym of 865,865
31,חיפה,4000,חיפה,866,עומר אל כיאם,official,866
31,חיפה,4000,חיפה,11098,אל כיאם עומר,synonym of 866,866
31,חיפה,4000,חיפה,867,מד הנביאים,official,867
31,חיפה,4000,חיפה,11099,הנביאים מעל,synonym of 867,867
31,חיפה,4000,חיפה,11100,מעלות נביאי,synonym of 867,867
31,חיפה,4000,חיפה,11101,מעלות הנביא,synonym of 867,867
31,חיפה,4000,חיפה,11102,מעלות הנביאים,synonym of 867,867
31,חיפה,4000,חיפה,11103,הנביאים מד,synonym of 867,867
31,חיפה,4000,חיפה,868,סמ הנביאים,official,868
31,חיפה,4000,חיפה,11104,הנביאים סמ,synonym of 868,868
31,חיפה,4000,חיפה,11105,הנביאים סמטה,synonym of 868,868
31,חיפה,4000,חיפה,869,אמיר,official,869
31,חיפה,4000,חיפה,870,אבן רושד,official,870
31,חיפה,4000,חיפה,871,סמ עתלית,official,871
31,חיפה,4000,חיפה,11106,עתלית סמ,synonym of 871,871
31,חיפה,4000,חיפה,11107,עתלית סמטה,synonym of 871,871
31,חיפה,4000,חיפה,11108,עתלית,synonym of 871,871
31,חיפה,4000,חיפה,872,"שימקין ד""ר",official,872
31,חיפה,4000,חיפה,11109,שימקין,synonym of 872,872
31,חיפה,4000,חיפה,11110,"ד""ר שימקין",synonym of 872,872
31,חיפה,4000,חיפה,873,הדר,official,873
31,חיפה,4000,חיפה,874,שפירא,official,874
31,חיפה,4000,חיפה,875,סירקין,official,875
31,חיפה,4000,חיפה,876,פנת שפירא,official,876
31,חיפה,4000,חיפה,11111,שפירא פנת,synonym of 876,876
31,חיפה,4000,חיפה,11112,שפירא פנה,synonym of 876,876
31,חיפה,4000,חיפה,11113,פינת שפירא,synonym of 876,876
31,חיפה,4000,חיפה,877,שמש,official,877
31,חיפה,4000,חיפה,11114,השמש,synonym of 877,877
31,חיפה,4000,חיפה,878,לוד,official,878
31,חיפה,4000,חיפה,879,עקרון,official,879
31,חיפה,4000,חיפה,880,יחיאל,official,880
31,חיפה,4000,חיפה,881,סוקולוב,official,881
31,חיפה,4000,חיפה,882,לונץ,official,882
31,חיפה,4000,חיפה,883,אימבר נפתלי,official,883
31,חיפה,4000,חיפה,11115,נפתלי אימבר,synonym of 883,883
31,חיפה,4000,חיפה,11116,אימבר,synonym of 883,883
31,חיפה,4000,חיפה,884,גוש חלב,official,884
31,חיפה,4000,חיפה,885,נורדאו,official,885
31,חיפה,4000,חיפה,11117,מלון נורדאו,synonym of 885,885
31,חיפה,4000,חיפה,11118,נורדוי,synonym of 885,885
31,חיפה,4000,חיפה,886,הרב הרצוג,official,886
31,חיפה,4000,חיפה,11119,הרצוג הרב,synonym of 886,886
31,חיפה,4000,חיפה,887,מנחם,official,887
31,חיפה,4000,חיפה,11120,מנחם אוסישקין,synonym of 887,887
31,חיפה,4000,חיפה,11121,אוסישקין מנחם,synonym of 887,887
31,חיפה,4000,חיפה,888,ברוריה,official,888
31,חיפה,4000,חיפה,889,דבורה,official,889
31,חיפה,4000,חיפה,890,פנת לונץ,official,890
31,חיפה,4000,חיפה,11122,לונץ פנה,synonym of 890,890
31,חיפה,4000,חיפה,11123,פנה לונץ,synonym of 890,890
31,חיפה,4000,חיפה,891,רבוה,official,891
31,חיפה,4000,חיפה,11124,רח 825,synonym of 891,891
31,חיפה,4000,חיפה,11125,רויה,synonym of 891,891
31,חיפה,4000,חיפה,892,מלון גלרי,official,892
31,חיפה,4000,חיפה,11126,לב חיפה,synonym of 892,892
31,חיפה,4000,חיפה,11127,מלון לב חיפה,synonym of 892,892
31,חיפה,4000,חיפה,893,רח 822,official,893
31,חיפה,4000,חיפה,894,לבונה,official,894
31,חיפה,4000,חיפה,11128,רח 824,synonym of 894,894
31,חיפה,4000,חיפה,895,חיים,official,895
31,חיפה,4000,חיפה,11129,ויצמן,synonym of 895,895
31,חיפה,4000,חיפה,896,ירושלים,official,896
31,חיפה,4000,חיפה,897,פבזנר,official,897
31,חיפה,4000,חיפה,11130,מלון ברנשטי,synonym of 897,897
31,חיפה,4000,חיפה,11131,מלון ברונשטין,synonym of 897,897
31,חיפה,4000,חיפה,898,פרישמן,official,898
31,חיפה,4000,חיפה,899,יהושע,official,899
31,חיפה,4000,חיפה,900,שניים בנובמבר,official,900
31,חיפה,4000,חיפה,11132,ב בנובמבר,synonym of 900,900
31,חיפה,4000,חיפה,11133,ב' בנובמבר,synonym of 900,900
31,חיפה,4000,חיפה,11134,שנים בנובמבר,synonym of 900,900
31,חיפה,4000,חיפה,901,תל חי,official,901
31,חיפה,4000,חיפה,11135,תל-חי,synonym of 901,901
31,חיפה,4000,חיפה,902,מלצ'ט,official,902
31,חיפה,4000,חיפה,11136,מלצט,synonym of 902,902
31,חיפה,4000,חיפה,903,אושה,official,903
31,חיפה,4000,חיפה,904,יפה הלל,official,904
31,חיפה,4000,חיפה,11137,הלל יפה,synonym of 904,904
31,חיפה,4000,חיפה,905,הפועל,official,905
31,חיפה,4000,חיפה,906,כנרת,official,906
31,חיפה,4000,חיפה,11138,הכנרת,synonym of 906,906
31,חיפה,4000,חיפה,11139,כינרת,synonym of 906,906
31,חיפה,4000,חיפה,907,קניג פייר גנרל,official,907
31,חיפה,4000,חיפה,11140,קניג פייר,synonym of 907,907
31,חיפה,4000,חיפה,11141,קניג,synonym of 907,907
31,חיפה,4000,חיפה,11142,פייר קניג,synonym of 907,907
31,חיפה,4000,חיפה,11143,גנרל פייר קניג,synonym of 907,907
31,חיפה,4000,חיפה,908,מד הקנאים,official,908
31,חיפה,4000,חיפה,11144,הקנאים מד,synonym of 908,908
31,חיפה,4000,חיפה,909,"רמב""ן",official,909
31,חיפה,4000,חיפה,11145,רמבם,synonym of 909,909
31,חיפה,4000,חיפה,11146,רמבן,synonym of 909,909
31,חיפה,4000,חיפה,910,"רש""י",official,910
31,חיפה,4000,חיפה,11147,רשי,synonym of 910,910
31,חיפה,4000,חיפה,911,אהבת ציון,official,911
31,חיפה,4000,חיפה,912,שד וינגיט,official,912
31,חיפה,4000,חיפה,11148,וינגט שדרות,synonym of 912,912
31,חיפה,4000,חיפה,11149,וינגיט,synonym of 912,912
31,חיפה,4000,חיפה,11150,וינגיט שד,synonym of 912,912
31,חיפה,4000,חיפה,11151,שדרות וינגיט,synonym of 912,912
31,חיפה,4000,חיפה,11152,וינגייט,synonym of 912,912
31,חיפה,4000,חיפה,11153,שד וינגט,synonym of 912,912
31,חיפה,4000,חיפה,11154,שדרות וינגט,synonym of 912,912
31,חיפה,4000,חיפה,11155,וינגט שד,synonym of 912,912
31,חיפה,4000,חיפה,11156,וינגיט שדרות,synonym of 912,912
31,חיפה,4000,חיפה,913,בעל שם טוב,official,913
31,חיפה,4000,חיפה,11157,הבעל שם טוב,synonym of 913,913
31,חיפה,4000,חיפה,914,סנש חנה,official,914
31,חיפה,4000,חיפה,11158,חנה סנש,synonym of 914,914
31,חיפה,4000,חיפה,11159,סנש,synonym of 914,914
31,חיפה,4000,חיפה,915,שד קיש,official,915
31,חיפה,4000,חיפה,11160,קיש שד,synonym of 915,915
31,חיפה,4000,חיפה,11161,שדרות קיש,synonym of 915,915
31,חיפה,4000,חיפה,11162,קיש,synonym of 915,915
31,חיפה,4000,חיפה,11163,קיש שדרות,synonym of 915,915
31,חיפה,4000,חיפה,916,סולד הנרייטה,official,916
31,חיפה,4000,חיפה,11164,סולד הנריאט,synonym of 916,916
31,חיפה,4000,חיפה,11165,הנריאטה סולד,synonym of 916,916
31,חיפה,4000,חיפה,11166,הנריטה סולד,synonym of 916,916
31,חיפה,4000,חיפה,11167,סולד הנריאטה,synonym of 916,916
31,חיפה,4000,חיפה,11168,כביש סולד,synonym of 916,916
31,חיפה,4000,חיפה,11169,סולד,synonym of 916,916
31,חיפה,4000,חיפה,11170,סולד הנריטה,synonym of 916,916
31,חיפה,4000,חיפה,11171,הנרייטה סולד,synonym of 916,916
31,חיפה,4000,חיפה,917,האסיף,official,917
31,חיפה,4000,חיפה,11172,אסיף,synonym of 917,917
31,חיפה,4000,חיפה,918,רבי עקיבא,official,918
31,חיפה,4000,חיפה,11173,רבי עקיבה,synonym of 918,918
31,חיפה,4000,חיפה,11174,עקיבא,synonym of 918,918
31,חיפה,4000,חיפה,11175,עקיבא רבי,synonym of 918,918
31,חיפה,4000,חיפה,919,גאולה,official,919
31,חיפה,4000,חיפה,11176,מעונות גאולה,synonym of 919,919
31,חיפה,4000,חיפה,11177,גאולה מעון,synonym of 919,919
31,חיפה,4000,חיפה,11178,גאולים,synonym of 919,919
31,חיפה,4000,חיפה,920,בן זכאי,official,920
31,חיפה,4000,חיפה,921,אלפסי,official,921
31,חיפה,4000,חיפה,922,המימוני,official,922
31,חיפה,4000,חיפה,923,מד עמנואל,official,923
31,חיפה,4000,חיפה,11179,שדרות עמנואל,synonym of 923,923
31,חיפה,4000,חיפה,11180,עמנואל שדרות,synonym of 923,923
31,חיפה,4000,חיפה,11181,שד עמנואל,synonym of 923,923
31,חיפה,4000,חיפה,11182,עמנואל מד,synonym of 923,923
31,חיפה,4000,חיפה,11183,עמנואל שד,synonym of 923,923
31,חיפה,4000,חיפה,924,עצמון,official,924
31,חיפה,4000,חיפה,925,מד חרות,official,925
31,חיפה,4000,חיפה,11184,חרות מד,synonym of 925,925
31,חיפה,4000,חיפה,926,מד דוניה טוביה,official,926
31,חיפה,4000,חיפה,11185,טוביה דוניה,synonym of 926,926
31,חיפה,4000,חיפה,11186,דוניה טוביה,synonym of 926,926
31,חיפה,4000,חיפה,927,לוצטו,official,927
31,חיפה,4000,חיפה,928,מלון מגדל חיפה,official,928
31,חיפה,4000,חיפה,11187,מגדל חיפה,synonym of 928,928
31,חיפה,4000,חיפה,11188,מלון מגדל,synonym of 928,928
31,חיפה,4000,חיפה,929,מד מחנות,official,929
31,חיפה,4000,חיפה,11189,מחנות מד,synonym of 929,929
31,חיפה,4000,חיפה,930,מיכאל,official,930
31,חיפה,4000,חיפה,11190,מיכאיל,synonym of 930,930
31,חיפה,4000,חיפה,11191,אלניקוב מיכאל,synonym of 930,930
31,חיפה,4000,חיפה,931,השלוח,official,931
31,חיפה,4000,חיפה,11192,השלוח ישיבה,synonym of 931,931
31,חיפה,4000,חיפה,11193,שלוח,synonym of 931,931
31,חיפה,4000,חיפה,11194,השילוח,synonym of 931,931
31,חיפה,4000,חיפה,11195,שילוח,synonym of 931,931
31,חיפה,4000,חיפה,932,חרמון,official,932
31,חיפה,4000,חיפה,11196,חרמוני,synonym of 932,932
31,חיפה,4000,חיפה,11197,החרמון,synonym of 932,932
31,חיפה,4000,חיפה,933,בצלאל,official,933
31,חיפה,4000,חיפה,934,"בית""ר",official,934
31,חיפה,4000,חיפה,11198,ביתר,synonym of 934,934
31,חיפה,4000,חיפה,11199,בייתר,synonym of 934,934
31,חיפה,4000,חיפה,935,בר כוכבא,official,935
31,חיפה,4000,חיפה,936,בן בבא,official,936
31,חיפה,4000,חיפה,11200,בן באבא,synonym of 936,936
31,חיפה,4000,חיפה,937,"פרידמן שמעון ד""ר",official,937
31,חיפה,4000,חיפה,11201,פרידמן שמעון,synonym of 937,937
31,חיפה,4000,חיפה,11202,פרידמן,synonym of 937,937
31,חיפה,4000,חיפה,11203,מד פרידמן,synonym of 937,937
31,חיפה,4000,חיפה,11204,"ד""ר פרידמן שמעון",synonym of 937,937
31,חיפה,4000,חיפה,11205,שמעון פרידמן,synonym of 937,937
31,חיפה,4000,חיפה,11206,"שמעון פרידמן ד""ר",synonym of 937,937
31,חיפה,4000,חיפה,938,לברי מרק,official,938
31,חיפה,4000,חיפה,11207,מרק לברי,synonym of 938,938
31,חיפה,4000,חיפה,11208,לברי,synonym of 938,938
31,חיפה,4000,חיפה,939,מד השלוח צפון,official,939
31,חיפה,4000,חיפה,11209,השלוח צפון,synonym of 939,939
31,חיפה,4000,חיפה,940,מד הלפרט נפתלי,official,940
31,חיפה,4000,חיפה,11210,סמ השלוח הדר,synonym of 940,940
31,חיפה,4000,חיפה,11211,השלוח הדר סמ,synonym of 940,940
31,חיפה,4000,חיפה,11212,השלוח דרום סמטה,synonym of 940,940
31,חיפה,4000,חיפה,11213,השלוח דרום סמ,synonym of 940,940
31,חיפה,4000,חיפה,11214,השלוח דרום,synonym of 940,940
31,חיפה,4000,חיפה,11215,סמ השלוח דרום,synonym of 940,940
31,חיפה,4000,חיפה,11216,מד נפתלי הלפרט,synonym of 940,940
31,חיפה,4000,חיפה,11217,נפתלי הלפרט,synonym of 940,940
31,חיפה,4000,חיפה,11218,הלפרט נפתלי,synonym of 940,940
31,חיפה,4000,חיפה,941,זבולון,official,941
31,חיפה,4000,חיפה,942,פנת הרצל,official,942
31,חיפה,4000,חיפה,11219,הרצל פנת,synonym of 942,942
31,חיפה,4000,חיפה,11220,הרצל פינת,synonym of 942,942
31,חיפה,4000,חיפה,11221,הרצל פנה,synonym of 942,942
31,חיפה,4000,חיפה,943,ברזילי,official,943
31,חיפה,4000,חיפה,11222,ברזלי,synonym of 943,943
31,חיפה,4000,חיפה,11223,ברזילאי,synonym of 943,943
31,חיפה,4000,חיפה,944,"יל""ג",official,944
31,חיפה,4000,חיפה,11224,ילג ב חלוצות,synonym of 944,944
31,חיפה,4000,חיפה,11225,ילג פינה,synonym of 944,944
31,חיפה,4000,חיפה,11226,פינת ילג,synonym of 944,944
31,חיפה,4000,חיפה,11227,פנת ילג,synonym of 944,944
31,חיפה,4000,חיפה,11228,ילג,synonym of 944,944
31,חיפה,4000,חיפה,945,חדרה,official,945
31,חיפה,4000,חיפה,946,"יל""ג צפונית",official,946
31,חיפה,4000,חיפה,11229,ילג פ צפון,synonym of 946,946
31,חיפה,4000,חיפה,11230,ילג ב צפון,synonym of 946,946
31,חיפה,4000,חיפה,11231,ילג פנת צפון,synonym of 946,946
31,חיפה,4000,חיפה,11232,ילג פנה צפון,synonym of 946,946
31,חיפה,4000,חיפה,11233,ילג פנה צפונ,synonym of 946,946
31,חיפה,4000,חיפה,11234,ילג פנה צפונית,synonym of 946,946
31,חיפה,4000,חיפה,11235,"יל""ג פנה צפונית",synonym of 946,946
31,חיפה,4000,חיפה,947,"יל""ג דרומית",official,947
31,חיפה,4000,חיפה,11236,ילג פנה דרומית,synonym of 947,947
31,חיפה,4000,חיפה,11237,ילג פנה דרומ,synonym of 947,947
31,חיפה,4000,חיפה,11238,"יל""ג פנה דרומית",synonym of 947,947
31,חיפה,4000,חיפה,948,ארנון,official,948
31,חיפה,4000,חיפה,949,ראש פינה,official,949
31,חיפה,4000,חיפה,11239,ראש פנה,synonym of 949,949
31,חיפה,4000,חיפה,950,הנגב,official,950
31,חיפה,4000,חיפה,951,נועה,official,951
31,חיפה,4000,חיפה,952,מד בני אור,official,952
31,חיפה,4000,חיפה,11240,בני אור,synonym of 952,952
31,חיפה,4000,חיפה,953,סמ ברק,official,953
31,חיפה,4000,חיפה,11241,ברק סמטה,synonym of 953,953
31,חיפה,4000,חיפה,11242,ברק סמ,synonym of 953,953
31,חיפה,4000,חיפה,954,שוהם,official,954
31,חיפה,4000,חיפה,11243,שהם,synonym of 954,954
31,חיפה,4000,חיפה,955,יוסף )הגדם(,official,955
31,חיפה,4000,חיפה,11244,יוסף הגידם,synonym of 955,955
31,חיפה,4000,חיפה,11245,הגידם,synonym of 955,955
31,חיפה,4000,חיפה,11246,הגדם,synonym of 955,955
31,חיפה,4000,חיפה,11247,יוסף,synonym of 955,955
31,חיפה,4000,חיפה,956,מד נפתלי,official,956
31,חיפה,4000,חיפה,11248,נפתלי מד,synonym of 956,956
31,חיפה,4000,חיפה,957,התבור,official,957
31,חיפה,4000,חיפה,11249,מד תבור,synonym of 957,957
31,חיפה,4000,חיפה,11250,מורד התבור,synonym of 957,957
31,חיפה,4000,חיפה,11251,תבור,synonym of 957,957
31,חיפה,4000,חיפה,11252,התבור מורד,synonym of 957,957
31,חיפה,4000,חיפה,11253,מורד תבור,synonym of 957,957
31,חיפה,4000,חיפה,958,בלום לאון,official,958
31,חיפה,4000,חיפה,11254,ליאון בלום,synonym of 958,958
31,חיפה,4000,חיפה,11255,לאון בלום,synonym of 958,958
31,חיפה,4000,חיפה,11256,בלום,synonym of 958,958
31,חיפה,4000,חיפה,11257,בלום ליאון,synonym of 958,958
31,חיפה,4000,חיפה,959,אליהו הנביא,official,959
31,חיפה,4000,חיפה,11258,סמ אליהו,synonym of 959,959
31,חיפה,4000,חיפה,11259,אליהו סמטה,synonym of 959,959
31,חיפה,4000,חיפה,11260,הנביא אליהו,synonym of 959,959
31,חיפה,4000,חיפה,11261,אליהו,synonym of 959,959
31,חיפה,4000,חיפה,11262,אליהו סמ,synonym of 959,959
31,חיפה,4000,חיפה,960,איצקוביץ שמואל,official,960
31,חיפה,4000,חיפה,11263,איצקוביץ,synonym of 960,960
31,חיפה,4000,חיפה,961,וייז סטפן,official,961
31,חיפה,4000,חיפה,11264,וייס,synonym of 961,961
31,חיפה,4000,חיפה,11265,סטפן וייס,synonym of 961,961
31,חיפה,4000,חיפה,11266,ויס סטפן,synonym of 961,961
31,חיפה,4000,חיפה,11267,סטפן וייז,synonym of 961,961
31,חיפה,4000,חיפה,11268,וייז,synonym of 961,961
31,חיפה,4000,חיפה,11269,וייס סטפן,synonym of 961,961
31,חיפה,4000,חיפה,962,מרכוס הרב,official,962
31,חיפה,4000,חיפה,11270,אל אפגני,synonym of 962,962
31,חיפה,4000,חיפה,11271,אפגאני,synonym of 962,962
31,חיפה,4000,חיפה,11272,אל אפגאני מד,synonym of 962,962
31,חיפה,4000,חיפה,11273,אל אפגאני,synonym of 962,962
31,חיפה,4000,חיפה,11274,אפגני,synonym of 962,962
31,חיפה,4000,חיפה,11275,מד אל אפגני,synonym of 962,962
31,חיפה,4000,חיפה,11276,הרב מרכוס,synonym of 962,962
31,חיפה,4000,חיפה,11277,ברוך מרכוס,synonym of 962,962
31,חיפה,4000,חיפה,11278,מרקוס ברוך,synonym of 962,962
31,חיפה,4000,חיפה,11279,מרכוס ברוך,synonym of 962,962
31,חיפה,4000,חיפה,963,האומן,official,963
31,חיפה,4000,חיפה,11280,האומן מעלות,synonym of 963,963
31,חיפה,4000,חיפה,11281,מעלות האומן,synonym of 963,963
31,חיפה,4000,חיפה,964,נתיב אליעזר,official,964
31,חיפה,4000,חיפה,11282,אליעזר נתיב,synonym of 964,964
31,חיפה,4000,חיפה,965,מקור ברוך,official,965
31,חיפה,4000,חיפה,966,בן הרוש דוד,official,966
31,חיפה,4000,חיפה,11283,דוד בן הרוש,synonym of 966,966
31,חיפה,4000,חיפה,11284,דוד בן-הרוש,synonym of 966,966
31,חיפה,4000,חיפה,11285,בן הרוש,synonym of 966,966
31,חיפה,4000,חיפה,11286,בן-הרוש דוד,synonym of 966,966
31,חיפה,4000,חיפה,967,אהבת ישראל,official,967
31,חיפה,4000,חיפה,968,מד הרצל,official,968
31,חיפה,4000,חיפה,11287,הרצל מד,synonym of 968,968
31,חיפה,4000,חיפה,969,חבובה אליהו,official,969
31,חיפה,4000,חיפה,11288,אליהו חבובה,synonym of 969,969
31,חיפה,4000,חיפה,970,שטרן יאיר,official,970
31,חיפה,4000,חיפה,11289,רח 2033,synonym of 970,970
31,חיפה,4000,חיפה,11290,יאיר שטרן,synonym of 970,970
31,חיפה,4000,חיפה,971,איטליה,official,971
31,חיפה,4000,חיפה,972,מד גלעד,official,972
31,חיפה,4000,חיפה,11291,גלעד,synonym of 972,972
31,חיפה,4000,חיפה,11292,גלעד מד,synonym of 972,972
31,חיפה,4000,חיפה,973,טברסקי ג'ניה,official,973
31,חיפה,4000,חיפה,11293,גניה טברסקי,synonym of 973,973
31,חיפה,4000,חיפה,11294,רח 2592,synonym of 973,973
31,חיפה,4000,חיפה,11295,טברסקי גניה,synonym of 973,973
31,חיפה,4000,חיפה,11296,ג'ניה טברסקי,synonym of 973,973
31,חיפה,4000,חיפה,11297,טברסקי,synonym of 973,973
31,חיפה,4000,חיפה,974,פלימן משה,official,974
31,חיפה,4000,חיפה,11298,משה פלימן,synonym of 974,974
31,חיפה,4000,חיפה,11299,פלימן,synonym of 974,974
31,חיפה,4000,חיפה,975,"ויינשל אברהם ד""ר",official,975
31,חיפה,4000,חיפה,11300,וינשל אברהם,synonym of 975,975
31,חיפה,4000,חיפה,11301,וינשל,synonym of 975,975
31,חיפה,4000,חיפה,11302,"אברהם ויינשל ד""ר",synonym of 975,975
31,חיפה,4000,חיפה,11303,ויינשל אברהם,synonym of 975,975
31,חיפה,4000,חיפה,11304,אברהם ויינשל,synonym of 975,975
31,חיפה,4000,חיפה,976,חבס הכוהן ברכה,official,976
31,חיפה,4000,חיפה,11305,ברכה חבס,synonym of 976,976
31,חיפה,4000,חיפה,11306,חבס,synonym of 976,976
31,חיפה,4000,חיפה,11307,חבס ברכה,synonym of 976,976
31,חיפה,4000,חיפה,11308,הכוהן ברכה חבס,synonym of 976,976
31,חיפה,4000,חיפה,977,סורוקה משה,official,977
31,חיפה,4000,חיפה,11309,רח 951,synonym of 977,977
31,חיפה,4000,חיפה,11310,משה סורוקה,synonym of 977,977
31,חיפה,4000,חיפה,11311,סורוקה,synonym of 977,977
31,חיפה,4000,חיפה,978,שארית הפליטה,official,978
31,חיפה,4000,חיפה,979,בר יוחאי,official,979
31,חיפה,4000,חיפה,980,בן צור שמואל,official,980
31,חיפה,4000,חיפה,11312,בן צור,synonym of 980,980
31,חיפה,4000,חיפה,981,כהן ברוך,official,981
31,חיפה,4000,חיפה,11313,ברוך כהן,synonym of 981,981
31,חיפה,4000,חיפה,11314,כהן,synonym of 981,981
31,חיפה,4000,חיפה,982,פז סעדיה,official,982
31,חיפה,4000,חיפה,11315,סעדיה פז,synonym of 982,982
31,חיפה,4000,חיפה,11316,פז,synonym of 982,982
31,חיפה,4000,חיפה,983,הליבנה,official,983
31,חיפה,4000,חיפה,984,האשחר,official,984
31,חיפה,4000,חיפה,985,האלה,official,985
31,חיפה,4000,חיפה,986,הרותם,official,986
31,חיפה,4000,חיפה,11317,רותם,synonym of 986,986
31,חיפה,4000,חיפה,987,החיננית,official,987
31,חיפה,4000,חיפה,11318,חננית,synonym of 987,987
31,חיפה,4000,חיפה,11319,חיננית,synonym of 987,987
31,חיפה,4000,חיפה,988,הרב אנקואה רפאל,official,988
31,חיפה,4000,חיפה,11320,אלנקוה,synonym of 988,988
31,חיפה,4000,חיפה,11321,רפאל,synonym of 988,988
31,חיפה,4000,חיפה,11322,הרב רפאל,synonym of 988,988
31,חיפה,4000,חיפה,11323,רפאל אנקואה,synonym of 988,988
31,חיפה,4000,חיפה,11324,אנקואה,synonym of 988,988
31,חיפה,4000,חיפה,11325,אנקואה הרב,synonym of 988,988
31,חיפה,4000,חיפה,11326,אנקואה רפאל,synonym of 988,988
31,חיפה,4000,חיפה,11327,הרב אנקואה,synonym of 988,988
31,חיפה,4000,חיפה,11328,אנקואה רפאל הרב,synonym of 988,988
31,חיפה,4000,חיפה,11329,הרב רפאל אנקאווא,synonym of 988,988
31,חיפה,4000,חיפה,989,שופמן גרשון,official,989
31,חיפה,4000,חיפה,11330,שופמן,synonym of 989,989
31,חיפה,4000,חיפה,11331,גרשון שופמן,synonym of 989,989
31,חיפה,4000,חיפה,990,חיות פרץ,official,990
31,חיפה,4000,חיפה,11332,פרץ חיות,synonym of 990,990
31,חיפה,4000,חיפה,991,מבצע יונתן,official,991
31,חיפה,4000,חיפה,992,קויפמן יחזקאל פרופ',official,992
31,חיפה,4000,חיפה,11333,קויפמן,synonym of 992,992
31,חיפה,4000,חיפה,11334,קויפמן יחזקאל,synonym of 992,992
31,חיפה,4000,חיפה,11335,פרופ' קויפמן יחזקאל,synonym of 992,992
31,חיפה,4000,חיפה,11336,יחזקאל קויפמן פרופ',synonym of 992,992
31,חיפה,4000,חיפה,11337,פרופ' יחזקאל קויפמן,synonym of 992,992
31,חיפה,4000,חיפה,993,גור יהודה,official,993
31,חיפה,4000,חיפה,11338,יהודה גור,synonym of 993,993
31,חיפה,4000,חיפה,11339,גור,synonym of 993,993
31,חיפה,4000,חיפה,994,אוסטרובסקי ברוך,official,994
31,חיפה,4000,חיפה,11340,אוסטרובסקי,synonym of 994,994
31,חיפה,4000,חיפה,11341,ברוך אוסטרובסקי,synonym of 994,994
31,חיפה,4000,חיפה,995,אנדה עמיר,official,995
31,חיפה,4000,חיפה,11342,עמיר אנדה,synonym of 995,995
31,חיפה,4000,חיפה,996,"אלעזר דוד רא""ל",official,996
31,חיפה,4000,חיפה,11343,דוד אלעזר,synonym of 996,996
31,חיפה,4000,חיפה,11344,אלוף דוד אלעזר,synonym of 996,996
31,חיפה,4000,חיפה,11345,אלעזר דוד,synonym of 996,996
31,חיפה,4000,חיפה,11346,רב אלוף דוד אלעזר,synonym of 996,996
31,חיפה,4000,חיפה,11347,"דוד אלעזר רא""ל",synonym of 996,996
31,חיפה,4000,חיפה,997,חוף דדו,official,997
31,חיפה,4000,חיפה,998,לינדנשטראוס אהרון,official,998
31,חיפה,4000,חיפה,11348,אהרון לינדנשטראוס,synonym of 998,998
31,חיפה,4000,חיפה,11349,לינדנשטראוס,synonym of 998,998
31,חיפה,4000,חיפה,999,המפרי יוברט,official,999
31,חיפה,4000,חיפה,11350,יוברט המפרי,synonym of 999,999
31,חיפה,4000,חיפה,11351,המפרי,synonym of 999,999
31,חיפה,4000,חיפה,1000,התשעה,official,1000
31,חיפה,4000,חיפה,1001,ברלב חיים,official,1001
31,חיפה,4000,חיפה,11352,בר לב חיים,synonym of 1001,1001
31,חיפה,4000,חיפה,11353,ברלב,synonym of 1001,1001
31,חיפה,4000,חיפה,11354,רח 2586,synonym of 1001,1001
31,חיפה,4000,חיפה,11355,חיים בר לב,synonym of 1001,1001
31,חיפה,4000,חיפה,11356,חיים ברלב,synonym of 1001,1001
31,חיפה,4000,חיפה,11357,בר לב,synonym of 1001,1001
31,חיפה,4000,חיפה,1002,דולצ'ין אריה,official,1002
31,חיפה,4000,חיפה,11358,רח 2584,synonym of 1002,1002
31,חיפה,4000,חיפה,11359,דולצין,synonym of 1002,1002
31,חיפה,4000,חיפה,11360,דולצין אריה,synonym of 1002,1002
31,חיפה,4000,חיפה,11361,אריה דולצין,synonym of 1002,1002
31,חיפה,4000,חיפה,11362,אריה דולצ'ין,synonym of 1002,1002
31,חיפה,4000,חיפה,11363,דולצ'ין,synonym of 1002,1002
31,חיפה,4000,חיפה,1003,אל כנסא,official,1003
31,חיפה,4000,חיפה,11364,אלכנסא,synonym of 1003,1003
31,חיפה,4000,חיפה,11365,אלכנסה,synonym of 1003,1003
31,חיפה,4000,חיפה,11366,אל כנסה,synonym of 1003,1003
31,חיפה,4000,חיפה,1004,גוש עציון,official,1004
31,חיפה,4000,חיפה,11367,גוש עציון ס,synonym of 1004,1004
31,חיפה,4000,חיפה,11368,גוש עציון א,synonym of 1004,1004
31,חיפה,4000,חיפה,1005,חזן יעקב,official,1005
31,חיפה,4000,חיפה,11369,רח 2585,synonym of 1005,1005
31,חיפה,4000,חיפה,11370,יעקב חזן,synonym of 1005,1005
31,חיפה,4000,חיפה,11371,חזן,synonym of 1005,1005
31,חיפה,4000,חיפה,1006,רזיאל דוד,official,1006
31,חיפה,4000,חיפה,11372,אבו בכר,synonym of 1006,1006
31,חיפה,4000,חיפה,11373,חליסה רח 1,synonym of 1006,1006
31,חיפה,4000,חיפה,11374,חליסה רח ג,synonym of 1006,1006
31,חיפה,4000,חיפה,11375,רזיאל,synonym of 1006,1006
31,חיפה,4000,חיפה,11376,אבו בקיר,synonym of 1006,1006
31,חיפה,4000,חיפה,11377,דוד רזיאל,synonym of 1006,1006
31,חיפה,4000,חיפה,1007,סלומון יעקב,official,1007
31,חיפה,4000,חיפה,11378,סלומון,synonym of 1007,1007
31,חיפה,4000,חיפה,11379,יעקב סלומון,synonym of 1007,1007
31,חיפה,4000,חיפה,11380,רח 2587,synonym of 1007,1007
31,חיפה,4000,חיפה,11381,סולומון,synonym of 1007,1007
31,חיפה,4000,חיפה,1008,הירדן,official,1008
31,חיפה,4000,חיפה,11382,חליסה רח ב,synonym of 1008,1008
31,חיפה,4000,חיפה,11383,ירדן,synonym of 1008,1008
31,חיפה,4000,חיפה,1009,זמכשרי,official,1009
31,חיפה,4000,חיפה,11384,חליסה רח ד,synonym of 1009,1009
31,חיפה,4000,חיפה,11385,חליסה,synonym of 1009,1009
31,חיפה,4000,חיפה,1010,חוסן,official,1010
31,חיפה,4000,חיפה,11386,חוסין,synonym of 1010,1010
31,חיפה,4000,חיפה,1011,עוספיה,official,1011
31,חיפה,4000,חיפה,11387,עספיה,synonym of 1011,1011
31,חיפה,4000,חיפה,1012,דרך יד לבנים,official,1012
31,חיפה,4000,חיפה,11388,נ שאנן ב אד,synonym of 1012,1012
31,חיפה,4000,חיפה,11389,הבנים דרך,synonym of 1012,1012
31,חיפה,4000,חיפה,11390,דרך נש עממי,synonym of 1012,1012
31,חיפה,4000,חיפה,11391,נוה שאנן דרך,synonym of 1012,1012
31,חיפה,4000,חיפה,11392,יד לבנים,synonym of 1012,1012
31,חיפה,4000,חיפה,11393,נ שאנן דרך,synonym of 1012,1012
31,חיפה,4000,חיפה,11394,דרך הבנים,synonym of 1012,1012
31,חיפה,4000,חיפה,11395,נוה שאנן,synonym of 1012,1012
31,חיפה,4000,חיפה,11396,נוה שאנן דוד,synonym of 1012,1012
31,חיפה,4000,חיפה,11397,דרך נוה שאנן,synonym of 1012,1012
31,חיפה,4000,חיפה,11398,נווה שאנן,synonym of 1012,1012
31,חיפה,4000,חיפה,1013,רח 2588,official,1013
31,חיפה,4000,חיפה,1014,פאר,official,1014
31,חיפה,4000,חיפה,1015,החשמל,official,1015
31,חיפה,4000,חיפה,11399,כפר יוסף,synonym of 1015,1015
31,חיפה,4000,חיפה,11400,כפר יוסף א,synonym of 1015,1015
31,חיפה,4000,חיפה,11401,כפר יסף,synonym of 1015,1015
31,חיפה,4000,חיפה,11402,חשמל,synonym of 1015,1015
31,חיפה,4000,חיפה,1016,גן הבהאים,official,1016
31,חיפה,4000,חיפה,1017,מד המוכתר צבי,official,1017
31,חיפה,4000,חיפה,11403,הירק מד,synonym of 1017,1017
31,חיפה,4000,חיפה,11404,מד הירק,synonym of 1017,1017
31,חיפה,4000,חיפה,11405,המוכתר צבי,synonym of 1017,1017
31,חיפה,4000,חיפה,11406,המוכתר,synonym of 1017,1017
31,חיפה,4000,חיפה,11407,מד המוכתר,synonym of 1017,1017
31,חיפה,4000,חיפה,1018,נמרי דוד,official,1018
31,חיפה,4000,חיפה,11408,דוד נמרי,synonym of 1018,1018
31,חיפה,4000,חיפה,11409,נמרי,synonym of 1018,1018
31,חיפה,4000,חיפה,1019,נתיב חן,official,1019
31,חיפה,4000,חיפה,11410,חן,synonym of 1019,1019
31,חיפה,4000,חיפה,11411,חן נתיב,synonym of 1019,1019
31,חיפה,4000,חיפה,1020,הגליל,official,1020
31,חיפה,4000,חיפה,11412,הגליל א,synonym of 1020,1020
31,חיפה,4000,חיפה,11413,גליל,synonym of 1020,1020
31,חיפה,4000,חיפה,1021,הבנים,official,1021
31,חיפה,4000,חיפה,1022,חניתה,official,1022
31,חיפה,4000,חיפה,11414,מוסד אמנה,synonym of 1022,1022
31,חיפה,4000,חיפה,11415,ב תינוק אמנ,synonym of 1022,1022
31,חיפה,4000,חיפה,11416,חניתא,synonym of 1022,1022
31,חיפה,4000,חיפה,11417,פ חניתה ברל,synonym of 1022,1022
31,חיפה,4000,חיפה,11418,חניתה א,synonym of 1022,1022
31,חיפה,4000,חיפה,1023,אילת,official,1023
31,חיפה,4000,חיפה,1024,אשר,official,1024
31,חיפה,4000,חיפה,1025,התיכון,official,1025
31,חיפה,4000,חיפה,11419,התכון,synonym of 1025,1025
31,חיפה,4000,חיפה,1026,ציון,official,1026
31,חיפה,4000,חיפה,1027,נחמיה,official,1027
31,חיפה,4000,חיפה,1028,שאול,official,1028
31,חיפה,4000,חיפה,1029,הבריכה,official,1029
31,חיפה,4000,חיפה,11420,הברכה,synonym of 1029,1029
31,חיפה,4000,חיפה,1030,מצפה,official,1030
31,חיפה,4000,חיפה,1031,שד טרומפלדור,official,1031
31,חיפה,4000,חיפה,11421,ארד רמל אורז,synonym of 1031,1031
31,חיפה,4000,חיפה,11422,טרומפלדור שדרות,synonym of 1031,1031
31,חיפה,4000,חיפה,11423,שדרות טרומפלדור,synonym of 1031,1031
31,חיפה,4000,חיפה,11424,טרומפלדור,synonym of 1031,1031
31,חיפה,4000,חיפה,11425,טרומפלדור שד,synonym of 1031,1031
31,חיפה,4000,חיפה,1032,פינסקר,official,1032
31,חיפה,4000,חיפה,1033,גלבוע,official,1033
31,חיפה,4000,חיפה,11426,המשך גלבוע,synonym of 1033,1033
31,חיפה,4000,חיפה,11427,גלבוע המשך,synonym of 1033,1033
31,חיפה,4000,חיפה,11428,גלבע,synonym of 1033,1033
31,חיפה,4000,חיפה,11429,הגלבוע,synonym of 1033,1033
31,חיפה,4000,חיפה,1034,פת יעקב,official,1034
31,חיפה,4000,חיפה,11430,יעקב פת,synonym of 1034,1034
31,חיפה,4000,חיפה,11431,פת,synonym of 1034,1034
31,חיפה,4000,חיפה,1035,דרך חנקין,official,1035
31,חיפה,4000,חיפה,11432,חנקין דרך,synonym of 1035,1035
31,חיפה,4000,חיפה,11433,חנקין,synonym of 1035,1035
31,חיפה,4000,חיפה,1036,גורדון,official,1036
31,חיפה,4000,חיפה,11434,גורדון א ד,synonym of 1036,1036
31,חיפה,4000,חיפה,1037,בורוכוב,official,1037
31,חיפה,4000,חיפה,11435,שדרות בורוכוב,synonym of 1037,1037
31,חיפה,4000,חיפה,11436,שד בורוכוב,synonym of 1037,1037
31,חיפה,4000,חיפה,11437,בורוכוב שד,synonym of 1037,1037
31,חיפה,4000,חיפה,11438,בורוכוב שדרות,synonym of 1037,1037
31,חיפה,4000,חיפה,1038,"שד הל""ה",official,1038
31,חיפה,4000,חיפה,11439,קרית רמז,synonym of 1038,1038
31,חיפה,4000,חיפה,11440,רמז,synonym of 1038,1038
31,חיפה,4000,חיפה,11441,נתיב הלה,synonym of 1038,1038
31,חיפה,4000,חיפה,11442,שד הלה,synonym of 1038,1038
31,חיפה,4000,חיפה,11443,שדרות הלה ד,synonym of 1038,1038
31,חיפה,4000,חיפה,11444,ר רמז הלה שד,synonym of 1038,1038
31,חיפה,4000,חיפה,11445,שדרות הלה,synonym of 1038,1038
31,חיפה,4000,חיפה,11446,"הל""ה",synonym of 1038,1038
31,חיפה,4000,חיפה,11447,הלה שדרות,synonym of 1038,1038
31,חיפה,4000,חיפה,11448,הלה שד,synonym of 1038,1038
31,חיפה,4000,חיפה,11449,הלה,synonym of 1038,1038
31,חיפה,4000,חיפה,1039,דורות,official,1039
31,חיפה,4000,חיפה,1040,חביבה רייך,official,1040
31,חיפה,4000,חיפה,11450,רייק חביבה,synonym of 1040,1040
31,חיפה,4000,חיפה,11451,חביבה רייק,synonym of 1040,1040
31,חיפה,4000,חיפה,11452,רייך חביבה,synonym of 1040,1040
31,חיפה,4000,חיפה,11453,חביבה,synonym of 1040,1040
31,חיפה,4000,חיפה,1041,אינטרנשיונל,official,1041
31,חיפה,4000,חיפה,11454,איטרנשיונל,synonym of 1041,1041
31,חיפה,4000,חיפה,11455,אינטרנציול,synonym of 1041,1041
31,חיפה,4000,חיפה,11456,אינטרנציונל,synonym of 1041,1041
31,חיפה,4000,חיפה,11457,אנטרנשיונל,synonym of 1041,1041
31,חיפה,4000,חיפה,11458,אינטרנשנאל,synonym of 1041,1041
31,חיפה,4000,חיפה,11459,אנטרנסיונל,synonym of 1041,1041
31,חיפה,4000,חיפה,11460,אונטרנשיונל,synonym of 1041,1041
31,חיפה,4000,חיפה,11461,אינטרנשיונאל,synonym of 1041,1041
31,חיפה,4000,חיפה,1042,יחזקאל,official,1042
31,חיפה,4000,חיפה,1043,מד אברהם,official,1043
31,חיפה,4000,חיפה,11462,אברהם מד,synonym of 1043,1043
31,חיפה,4000,חיפה,1044,קומוי נתן,official,1044
31,חיפה,4000,חיפה,11463,שכ גרמנית,synonym of 1044,1044
31,חיפה,4000,חיפה,11464,קומוי זאב,synonym of 1044,1044
31,חיפה,4000,חיפה,11465,זאב קומוי,synonym of 1044,1044
31,חיפה,4000,חיפה,11466,קומוי,synonym of 1044,1044
31,חיפה,4000,חיפה,11467,נתן קומוי,synonym of 1044,1044
31,חיפה,4000,חיפה,1045,"אד""ם הכהן",official,1045
31,חיפה,4000,חיפה,11468,אדם הכהן,synonym of 1045,1045
31,חיפה,4000,חיפה,1046,"מל""ל",official,1046
31,חיפה,4000,חיפה,11469,מלל,synonym of 1046,1046
31,חיפה,4000,חיפה,1047,קלישר הרב,official,1047
31,חיפה,4000,חיפה,11470,קלישר,synonym of 1047,1047
31,חיפה,4000,חיפה,11471,הרב קלישר,synonym of 1047,1047
31,חיפה,4000,חיפה,1048,שלום עליכם,official,1048
31,חיפה,4000,חיפה,1049,"אז""ר",official,1049
31,חיפה,4000,חיפה,11472,אזר,synonym of 1049,1049
31,חיפה,4000,חיפה,1050,מנדלי מוכר ספרים,official,1050
31,חיפה,4000,חיפה,11473,מנדלי,synonym of 1050,1050
31,חיפה,4000,חיפה,1051,ברל כצנלסון,official,1051
31,חיפה,4000,חיפה,11474,כצנלסון ברל,synonym of 1051,1051
31,חיפה,4000,חיפה,11475,כצנלסון,synonym of 1051,1051
31,חיפה,4000,חיפה,11476,ברל,synonym of 1051,1051
31,חיפה,4000,חיפה,1052,פיארברג,official,1052
31,חיפה,4000,חיפה,11477,פיירברג,synonym of 1052,1052
31,חיפה,4000,חיפה,1053,פרוג,official,1053
31,חיפה,4000,חיפה,1054,בן ציון שמחה,official,1054
31,חיפה,4000,חיפה,11478,ש בן ציון,synonym of 1054,1054
31,חיפה,4000,חיפה,11479,בן ציון,synonym of 1054,1054
31,חיפה,4000,חיפה,1055,במסילה,official,1055
31,חיפה,4000,חיפה,1056,גנסין,official,1056
31,חיפה,4000,חיפה,1057,שד רות הכהן,official,1057
31,חיפה,4000,חיפה,11480,רות הכהן שד,synonym of 1057,1057
31,חיפה,4000,חיפה,11481,שדרות רות הכהן,synonym of 1057,1057
31,חיפה,4000,חיפה,11482,רות הכהן,synonym of 1057,1057
31,חיפה,4000,חיפה,11483,רות הכהן שדרות,synonym of 1057,1057
31,חיפה,4000,חיפה,1058,בן ארצי,official,1058
31,חיפה,4000,חיפה,1059,שניאור זלמן,official,1059
31,חיפה,4000,חיפה,11484,ר רמז ש מומ,synonym of 1059,1059
31,חיפה,4000,חיפה,11485,רוחמה,synonym of 1059,1059
31,חיפה,4000,חיפה,11486,שניאור,synonym of 1059,1059
31,חיפה,4000,חיפה,11487,זלמן שנאור,synonym of 1059,1059
31,חיפה,4000,חיפה,11488,זלמן שניאור,synonym of 1059,1059
31,חיפה,4000,חיפה,1060,חולדה,official,1060
31,חיפה,4000,חיפה,11489,חלדה,synonym of 1060,1060
31,חיפה,4000,חיפה,1061,הסחלב,official,1061
31,חיפה,4000,חיפה,11490,סחלב,synonym of 1061,1061
31,חיפה,4000,חיפה,1062,חליסה רח א,official,1062
31,חיפה,4000,חיפה,1063,מורדות נוה שאנן,official,1063
31,חיפה,4000,חיפה,11491,מורד נוה שאנ,synonym of 1063,1063
31,חיפה,4000,חיפה,11492,נ שאנן מורד,synonym of 1063,1063
31,חיפה,4000,חיפה,11493,מורד נ שאנן,synonym of 1063,1063
31,חיפה,4000,חיפה,11494,מורד נוה שאנן,synonym of 1063,1063
31,חיפה,4000,חיפה,1064,תל עמל,official,1064
31,חיפה,4000,חיפה,11495,תל עמל ג,synonym of 1064,1064
31,חיפה,4000,חיפה,11496,תל עמל ש עממי,synonym of 1064,1064
31,חיפה,4000,חיפה,11497,תל עמל רח ג,synonym of 1064,1064
31,חיפה,4000,חיפה,1065,הכשרת היישוב,official,1065
31,חיפה,4000,חיפה,11498,הכשרת הישוב,synonym of 1065,1065
31,חיפה,4000,חיפה,1066,אורבך אליהו,official,1066
31,חיפה,4000,חיפה,11499,אברבוק,synonym of 1066,1066
31,חיפה,4000,חיפה,11500,אורבוך,synonym of 1066,1066
31,חיפה,4000,חיפה,11501,אברבוך,synonym of 1066,1066
31,חיפה,4000,חיפה,11502,אורבך,synonym of 1066,1066
31,חיפה,4000,חיפה,11503,אוארבך,synonym of 1066,1066
31,חיפה,4000,חיפה,11504,אוארבך אליהו,synonym of 1066,1066
31,חיפה,4000,חיפה,11505,אליהו אורבך,synonym of 1066,1066
31,חיפה,4000,חיפה,1067,יגור,official,1067
31,חיפה,4000,חיפה,11506,רח 520,synonym of 1067,1067
31,חיפה,4000,חיפה,1068,שינדלר אוסקר,official,1068
31,חיפה,4000,חיפה,11507,שינדלר,synonym of 1068,1068
31,חיפה,4000,חיפה,11508,אוסקר שינדלר,synonym of 1068,1068
31,חיפה,4000,חיפה,1069,"של""ג",official,1069
31,חיפה,4000,חיפה,11509,שלג,synonym of 1069,1069
31,חיפה,4000,חיפה,1070,שמעוני לייב,official,1070
31,חיפה,4000,חיפה,11510,הגליל סמטה,synonym of 1070,1070
31,חיפה,4000,חיפה,11511,סמ הגליל,synonym of 1070,1070
31,חיפה,4000,חיפה,11512,לייב שמעוני,synonym of 1070,1070
31,חיפה,4000,חיפה,11513,הגליל סמ,synonym of 1070,1070
31,חיפה,4000,חיפה,11514,שמעוני,synonym of 1070,1070
31,חיפה,4000,חיפה,1071,פנינה,official,1071
31,חיפה,4000,חיפה,1072,הצפירה,official,1072
31,חיפה,4000,חיפה,1073,מימון הרב,official,1073
31,חיפה,4000,חיפה,11515,צר עי צק פס,synonym of 1073,1073
31,חיפה,4000,חיפה,11516,הרב מימון,synonym of 1073,1073
31,חיפה,4000,חיפה,11517,מיימון,synonym of 1073,1073
31,חיפה,4000,חיפה,11518,מימון,synonym of 1073,1073
31,חיפה,4000,חיפה,1074,סילבר אבא הלל,official,1074
31,חיפה,4000,חיפה,11519,מעון יזרעאליה,synonym of 1074,1074
31,חיפה,4000,חיפה,11520,אבא הלל סלבר,synonym of 1074,1074
31,חיפה,4000,חיפה,11521,אבא סילבר,synonym of 1074,1074
31,חיפה,4000,חיפה,11522,הלל סלבר,synonym of 1074,1074
31,חיפה,4000,חיפה,11523,יזרעאליה מעון,synonym of 1074,1074
31,חיפה,4000,חיפה,11524,סילבר,synonym of 1074,1074
31,חיפה,4000,חיפה,11525,רח 540,synonym of 1074,1074
31,חיפה,4000,חיפה,11526,א הלל סלבר,synonym of 1074,1074
31,חיפה,4000,חיפה,11527,אבא ה סילבר,synonym of 1074,1074
31,חיפה,4000,חיפה,11528,אבא הלל סילבר,synonym of 1074,1074
31,חיפה,4000,חיפה,11529,אבא הלל סילב,synonym of 1074,1074
31,חיפה,4000,חיפה,11530,אבא הלל,synonym of 1074,1074
31,חיפה,4000,חיפה,11531,אבא הל סילבר,synonym of 1074,1074
31,חיפה,4000,חיפה,11532,אבא הילל סילבר,synonym of 1074,1074
31,חיפה,4000,חיפה,11533,אבא הילל סיל,synonym of 1074,1074
31,חיפה,4000,חיפה,11534,א הלל סילבר,synonym of 1074,1074
31,חיפה,4000,חיפה,11535,אבא ה סלבר,synonym of 1074,1074
31,חיפה,4000,חיפה,11536,אבא הייל,synonym of 1074,1074
31,חיפה,4000,חיפה,1075,השל יהושע פרופ',official,1075
31,חיפה,4000,חיפה,11537,רח 551,synonym of 1075,1075
31,חיפה,4000,חיפה,11538,יהושע השל,synonym of 1075,1075
31,חיפה,4000,חיפה,11539,השל,synonym of 1075,1075
31,חיפה,4000,חיפה,11540,פרופ' השל,synonym of 1075,1075
31,חיפה,4000,חיפה,11541,השל יהושע,synonym of 1075,1075
31,חיפה,4000,חיפה,11542,יהושע השל פרופ',synonym of 1075,1075
31,חיפה,4000,חיפה,11543,פרופ' השל יהושע,synonym of 1075,1075
31,חיפה,4000,חיפה,11544,פרופ' יהושע השל,synonym of 1075,1075
31,חיפה,4000,חיפה,1076,נטר קרל,official,1076
31,חיפה,4000,חיפה,11545,קרל נטר,synonym of 1076,1076
31,חיפה,4000,חיפה,11546,נטר,synonym of 1076,1076
31,חיפה,4000,חיפה,1077,גדליהו,official,1077
31,חיפה,4000,חיפה,11547,וילבושביץ,synonym of 1077,1077
31,חיפה,4000,חיפה,11548,גדליה,synonym of 1077,1077
31,חיפה,4000,חיפה,11549,גדליהו וילבושביץ,synonym of 1077,1077
31,חיפה,4000,חיפה,1078,תענך,official,1078
31,חיפה,4000,חיפה,11550,רח 511,synonym of 1078,1078
31,חיפה,4000,חיפה,11551,ש תענך,synonym of 1078,1078
31,חיפה,4000,חיפה,1079,בשור,official,1079
31,חיפה,4000,חיפה,11552,הבשור,synonym of 1079,1079
31,חיפה,4000,חיפה,11553,בשיר,synonym of 1079,1079
31,חיפה,4000,חיפה,1080,ערד,official,1080
31,חיפה,4000,חיפה,11554,ערד יוסף,synonym of 1080,1080
31,חיפה,4000,חיפה,11555,ארד,synonym of 1080,1080
31,חיפה,4000,חיפה,1081,פיכמן יעקב,official,1081
31,חיפה,4000,חיפה,11556,פיכמן דוד,synonym of 1081,1081
31,חיפה,4000,חיפה,11557,פיכמן,synonym of 1081,1081
31,חיפה,4000,חיפה,11558,יעקב פיכמן,synonym of 1081,1081
31,חיפה,4000,חיפה,1082,יוחאי בן-נון,official,1082
31,חיפה,4000,חיפה,11559,יוחאי בן נון,synonym of 1082,1082
31,חיפה,4000,חיפה,11560,בן נון יוחאי,synonym of 1082,1082
31,חיפה,4000,חיפה,1083,ראם פנחס,official,1083
31,חיפה,4000,חיפה,11561,ראם,synonym of 1083,1083
31,חיפה,4000,חיפה,11562,פנחס ראם,synonym of 1083,1083
31,חיפה,4000,חיפה,1084,גולן שמחה,official,1084
31,חיפה,4000,חיפה,11563,שמחה גולן,synonym of 1084,1084
31,חיפה,4000,חיפה,1085,שער פלמר,official,1085
31,חיפה,4000,חיפה,1086,המחנך נפחא,official,1086
31,חיפה,4000,חיפה,11564,נפחא,synonym of 1086,1086
31,חיפה,4000,חיפה,11565,המחנך נפחה,synonym of 1086,1086
31,חיפה,4000,חיפה,1087,"ירושלמי אליעזר ד""ר",official,1087
31,חיפה,4000,חיפה,11566,ירושלמי,synonym of 1087,1087
31,חיפה,4000,חיפה,11567,"ד""ר ירושלמי אליעזר",synonym of 1087,1087
31,חיפה,4000,חיפה,11568,ירושלמי אליעזר,synonym of 1087,1087
31,חיפה,4000,חיפה,11569,אליעזר ירושלמי,synonym of 1087,1087
31,חיפה,4000,חיפה,11570,"ד""ר אליעזר ירושלמי",synonym of 1087,1087
31,חיפה,4000,חיפה,1088,לזרוס אמה,official,1088
31,חיפה,4000,חיפה,11571,רח 949,synonym of 1088,1088
31,חיפה,4000,חיפה,11572,אמה לזרוס,synonym of 1088,1088
31,חיפה,4000,חיפה,11573,לזרוס,synonym of 1088,1088
31,חיפה,4000,חיפה,1089,בן שבת שמואל,official,1089
31,חיפה,4000,חיפה,11574,בן שבת,synonym of 1089,1089
31,חיפה,4000,חיפה,11575,שמואל בן שבת,synonym of 1089,1089
31,חיפה,4000,חיפה,1090,ניסנבוים,official,1090
31,חיפה,4000,חיפה,11576,ניסנבאום,synonym of 1090,1090
31,חיפה,4000,חיפה,1091,רטנר יוחנן פרופ',official,1091
31,חיפה,4000,חיפה,11577,כביש השרות,synonym of 1091,1091
31,חיפה,4000,חיפה,11578,פרופ רטנר,synonym of 1091,1091
31,חיפה,4000,חיפה,11579,רטנר,synonym of 1091,1091
31,חיפה,4000,חיפה,11580,רטנר יוחנן,synonym of 1091,1091
31,חיפה,4000,חיפה,11581,פרופ רטנר יוחנן,synonym of 1091,1091
31,חיפה,4000,חיפה,11582,פרופ' רטנר יוחנן,synonym of 1091,1091
31,חיפה,4000,חיפה,11583,יוחנן רטנר,synonym of 1091,1091
31,חיפה,4000,חיפה,1092,דובנוב,official,1092
31,חיפה,4000,חיפה,1093,חטיבת כרמלי,official,1093
31,חיפה,4000,חיפה,11584,כרמלי,synonym of 1093,1093
31,חיפה,4000,חיפה,11585,חטיבת כרמל,synonym of 1093,1093
31,חיפה,4000,חיפה,1094,בנין זאב,official,1094
31,חיפה,4000,חיפה,11586,זאב בנין,synonym of 1094,1094
31,חיפה,4000,חיפה,11587,בנין,synonym of 1094,1094
31,חיפה,4000,חיפה,1095,קליבנוב,official,1095
31,חיפה,4000,חיפה,11588,קלבנוב,synonym of 1095,1095
31,חיפה,4000,חיפה,1096,בורלא יהודה,official,1096
31,חיפה,4000,חיפה,11589,בורלה,synonym of 1096,1096
31,חיפה,4000,חיפה,11590,בורלא,synonym of 1096,1096
31,חיפה,4000,חיפה,1097,פרץ מרקיש,official,1097
31,חיפה,4000,חיפה,11591,מרקיש פרץ,synonym of 1097,1097
31,חיפה,4000,חיפה,1098,רח 547,official,1098
31,חיפה,4000,חיפה,1099,"דורי יעקב רא""ל",official,1099
31,חיפה,4000,חיפה,11592,דורי,synonym of 1099,1099
31,חיפה,4000,חיפה,11593,יעקב דורי,synonym of 1099,1099
31,חיפה,4000,חיפה,11594,דורי יעקב,synonym of 1099,1099
31,חיפה,4000,חיפה,11595,"יעקב דורי רא""ל",synonym of 1099,1099
31,חיפה,4000,חיפה,11596,"רא""ל יעקב דורי",synonym of 1099,1099
31,חיפה,4000,חיפה,11597,"רא""ל דורי יעקב",synonym of 1099,1099
31,חיפה,4000,חיפה,1100,עמיקם ישראל,official,1100
31,חיפה,4000,חיפה,11598,עמיקם,synonym of 1100,1100
31,חיפה,4000,חיפה,11599,ישראל עמיקם,synonym of 1100,1100
31,חיפה,4000,חיפה,1101,"האר""י",official,1101
31,חיפה,4000,חיפה,11600,הארי,synonym of 1101,1101
31,חיפה,4000,חיפה,1102,קניאל יהושע הרב,official,1102
31,חיפה,4000,חיפה,11601,קניאל הרב,synonym of 1102,1102
31,חיפה,4000,חיפה,11602,קניאל,synonym of 1102,1102
31,חיפה,4000,חיפה,11603,הרב קניאל,synonym of 1102,1102
31,חיפה,4000,חיפה,11604,הרב קניאל יהושע,synonym of 1102,1102
31,חיפה,4000,חיפה,11605,הרב יהושע קניאל,synonym of 1102,1102
31,חיפה,4000,חיפה,11606,קניאל יהושע,synonym of 1102,1102
31,חיפה,4000,חיפה,11607,יהושע קניאל,synonym of 1102,1102
31,חיפה,4000,חיפה,1103,"כספרי ד""ר",official,1103
31,חיפה,4000,חיפה,11608,כספרי,synonym of 1103,1103
31,חיפה,4000,חיפה,11609,"ד""ר כספרי",synonym of 1103,1103
31,חיפה,4000,חיפה,1104,מעלות ישכיל,official,1104
31,חיפה,4000,חיפה,11610,ישכיל,synonym of 1104,1104
31,חיפה,4000,חיפה,1105,ווטסון ליונל,official,1105
31,חיפה,4000,חיפה,11611,ווטסון,synonym of 1105,1105
31,חיפה,4000,חיפה,11612,ליונל ווטסון,synonym of 1105,1105
31,חיפה,4000,חיפה,1106,וינר יוסף,official,1106
31,חיפה,4000,חיפה,11613,וינר,synonym of 1106,1106
31,חיפה,4000,חיפה,1107,"פייזר ד""ר",official,1107
31,חיפה,4000,חיפה,11614,דר פייזר,synonym of 1107,1107
31,חיפה,4000,חיפה,11615,פייזר,synonym of 1107,1107
31,חיפה,4000,חיפה,11616,"ד""ר פייזר",synonym of 1107,1107
31,חיפה,4000,חיפה,1108,מד מרים,official,1108
31,חיפה,4000,חיפה,11617,מרים מד,synonym of 1108,1108
31,חיפה,4000,חיפה,11618,מרים,synonym of 1108,1108
31,חיפה,4000,חיפה,1109,מד בת שבע,official,1109
31,חיפה,4000,חיפה,11619,בת שבע,synonym of 1109,1109
31,חיפה,4000,חיפה,1110,מד חגית,official,1110
31,חיפה,4000,חיפה,11620,חגית,synonym of 1110,1110
31,חיפה,4000,חיפה,11621,חגית מד,synonym of 1110,1110
31,חיפה,4000,חיפה,1111,מד זכריה,official,1111
31,חיפה,4000,חיפה,11622,זכריה,synonym of 1111,1111
31,חיפה,4000,חיפה,11623,זכריה מד,synonym of 1111,1111
31,חיפה,4000,חיפה,1112,מד חצב,official,1112
31,חיפה,4000,חיפה,11624,חצב,synonym of 1112,1112
31,חיפה,4000,חיפה,11625,חצב מד,synonym of 1112,1112
31,חיפה,4000,חיפה,1113,נחמיאס יוסף,official,1113
31,חיפה,4000,חיפה,11626,נחמיאס,synonym of 1113,1113
31,חיפה,4000,חיפה,11627,יוסף נחמיאס,synonym of 1113,1113
31,חיפה,4000,חיפה,1114,קיסרי אורי,official,1114
31,חיפה,4000,חיפה,11628,אורי קיסרי,synonym of 1114,1114
31,חיפה,4000,חיפה,11629,קיסרי,synonym of 1114,1114
31,חיפה,4000,חיפה,1115,מאירוביץ צבי,official,1115
31,חיפה,4000,חיפה,11630,צבי מאירוביץ,synonym of 1115,1115
31,חיפה,4000,חיפה,11631,מאירוביץ,synonym of 1115,1115
31,חיפה,4000,חיפה,1116,לוחמי חרות ישראל,official,1116
31,חיפה,4000,חיפה,11632,"לח""י",synonym of 1116,1116
31,חיפה,4000,חיפה,1117,כצמן משה,official,1117
31,חיפה,4000,חיפה,11633,משה כצמן,synonym of 1117,1117
31,חיפה,4000,חיפה,11634,כצמן,synonym of 1117,1117
31,חיפה,4000,חיפה,1118,שבזי שלום,official,1118
31,חיפה,4000,חיפה,11635,שלום שבזי,synonym of 1118,1118
31,חיפה,4000,חיפה,11636,שבזי,synonym of 1118,1118
31,חיפה,4000,חיפה,1119,קארו יוסף הרב,official,1119
31,חיפה,4000,חיפה,11637,יוסף קארו,synonym of 1119,1119
31,חיפה,4000,חיפה,11638,קארו,synonym of 1119,1119
31,חיפה,4000,חיפה,11639,קארו יוסף,synonym of 1119,1119
31,חיפה,4000,חיפה,11640,הרב קארו יוסף,synonym of 1119,1119
31,חיפה,4000,חיפה,11641,הרב יוסף קארו,synonym of 1119,1119
31,חיפה,4000,חיפה,1120,"לנדאו מיכאל ד""ר",official,1120
31,חיפה,4000,חיפה,11642,דר מיכאל לנדאו,synonym of 1120,1120
31,חיפה,4000,חיפה,11643,דר לנדאו,synonym of 1120,1120
31,חיפה,4000,חיפה,11644,לנדאו,synonym of 1120,1120
31,חיפה,4000,חיפה,11645,מיכאל לנדאו,synonym of 1120,1120
31,חיפה,4000,חיפה,11646,לנדאו מיכאל,synonym of 1120,1120
31,חיפה,4000,חיפה,11647,"ד""ר לנדאו מיכאל",synonym of 1120,1120
31,חיפה,4000,חיפה,1121,איצקוביטש,official,1121
31,חיפה,4000,חיפה,1122,שביל רבקה,official,1122
31,חיפה,4000,חיפה,11648,רבקה,synonym of 1122,1122
31,חיפה,4000,חיפה,11649,רבקה שביל,synonym of 1122,1122
31,חיפה,4000,חיפה,1123,צפורה זייד,official,1123
31,חיפה,4000,חיפה,11650,זייד,synonym of 1123,1123
31,חיפה,4000,חיפה,11651,זייד צפורה,synonym of 1123,1123
31,חיפה,4000,חיפה,1124,זאב הים,official,1124
31,חיפה,4000,חיפה,1125,זינגר מנדל,official,1125
31,חיפה,4000,חיפה,11652,מנדל זינגר,synonym of 1125,1125
31,חיפה,4000,חיפה,1126,מד בוניאק ראובן,official,1126
31,חיפה,4000,חיפה,1127,מד פנחס כהן,official,1127
31,חיפה,4000,חיפה,11653,פנחס כהן,synonym of 1127,1127
31,חיפה,4000,חיפה,11654,כהן פנחס,synonym of 1127,1127
31,חיפה,4000,חיפה,11655,מד כהן פנחס,synonym of 1127,1127
31,חיפה,4000,חיפה,1128,ראש מיה,official,1128
31,חיפה,4000,חיפה,11656,דרך ראש-מיה,synonym of 1128,1128
31,חיפה,4000,חיפה,11657,רח 2573,synonym of 1128,1128
31,חיפה,4000,חיפה,11658,ראש-מיה,synonym of 1128,1128
31,חיפה,4000,חיפה,11659,דרך ראש מיה,synonym of 1128,1128
31,חיפה,4000,חיפה,1129,שרעבי שלום רבי,official,1129
31,חיפה,4000,חיפה,11660,שרעבי,synonym of 1129,1129
31,חיפה,4000,חיפה,11661,שלום שרעבי,synonym of 1129,1129
31,חיפה,4000,חיפה,11662,רבי שלום שרעבי,synonym of 1129,1129
31,חיפה,4000,חיפה,11663,הרשש,synonym of 1129,1129
31,חיפה,4000,חיפה,11664,"הרש""ש",synonym of 1129,1129
31,חיפה,4000,חיפה,11665,רבי שרעבי שלום,synonym of 1129,1129
31,חיפה,4000,חיפה,1130,"מעלות חת""ם סופר",official,1130
31,חיפה,4000,חיפה,11666,סמ גאולה צפון,synonym of 1130,1130
31,חיפה,4000,חיפה,11667,"חת""ם סופר",synonym of 1130,1130
31,חיפה,4000,חיפה,11668,חתם סופר,synonym of 1130,1130
31,חיפה,4000,חיפה,11669,מעלות חתם סופר,synonym of 1130,1130
31,חיפה,4000,חיפה,11670,סמ גאולה דרום,synonym of 1130,1130
31,חיפה,4000,חיפה,1132,יהודית,official,1132
31,חיפה,4000,חיפה,1133,הלילך,official,1133
31,חיפה,4000,חיפה,1134,זאב פרוש,official,1134
31,חיפה,4000,חיפה,11671,רח 202,synonym of 1134,1134
31,חיפה,4000,חיפה,11672,פרוש זאב,synonym of 1134,1134
31,חיפה,4000,חיפה,1135,שד רוז,official,1135
31,חיפה,4000,חיפה,11673,רוז,synonym of 1135,1135
31,חיפה,4000,חיפה,1136,שד שיקגו,official,1136
31,חיפה,4000,חיפה,11674,שיקגו,synonym of 1136,1136
31,חיפה,4000,חיפה,1137,עירם צילה,official,1137
31,חיפה,4000,חיפה,11675,צילה עירם,synonym of 1137,1137
31,חיפה,4000,חיפה,11676,עירם,synonym of 1137,1137
31,חיפה,4000,חיפה,1138,מעלות בוגלה יונה,official,1138
31,חיפה,4000,חיפה,11677,מעלות יונה בוגלה,synonym of 1138,1138
31,חיפה,4000,חיפה,11678,בוגלה,synonym of 1138,1138
31,חיפה,4000,חיפה,11679,בוגלה יונה,synonym of 1138,1138
31,חיפה,4000,חיפה,11680,יונה בוגלה,synonym of 1138,1138
31,חיפה,4000,חיפה,1139,גרנד קניון,official,1139
31,חיפה,4000,חיפה,1140,דובר שלום,official,1140
31,חיפה,4000,חיפה,1141,זורע מאיר )זרו(,official,1141
31,חיפה,4000,חיפה,11681,מאיר זורע,synonym of 1141,1141
31,חיפה,4000,חיפה,11682,זרו,synonym of 1141,1141
31,חיפה,4000,חיפה,11683,זורע מאיר,synonym of 1141,1141
31,חיפה,4000,חיפה,11684,מאיר זורע )זרו(,synonym of 1141,1141
31,חיפה,4000,חיפה,1142,הצדף,official,1142
31,חיפה,4000,חיפה,1143,תומא אמיל,official,1143
31,חיפה,4000,חיפה,11685,אמיל תומא,synonym of 1143,1143
31,חיפה,4000,חיפה,11686,תומא,synonym of 1143,1143
31,חיפה,4000,חיפה,1144,ברגמן יעקב,official,1144
31,חיפה,4000,חיפה,11687,רח 2654,synonym of 1144,1144
31,חיפה,4000,חיפה,11688,משעול ברגמן יעקב,synonym of 1144,1144
31,חיפה,4000,חיפה,11689,משעול יעקב ברגמן,synonym of 1144,1144
31,חיפה,4000,חיפה,11690,יעקב ברגמן,synonym of 1144,1144
31,חיפה,4000,חיפה,11691,משעול ברגמן,synonym of 1144,1144
31,חיפה,4000,חיפה,11692,ברגמן,synonym of 1144,1144
31,חיפה,4000,חיפה,1145,נוה גנים,official,1145
31,חיפה,4000,חיפה,11693,נווה גנים,synonym of 1145,1145
31,חיפה,4000,חיפה,1146,מד צמח צדיק,official,1146
31,חיפה,4000,חיפה,11694,מד צדיק צמח,synonym of 1146,1146
31,חיפה,4000,חיפה,11695,מדרגות צמח צדיק,synonym of 1146,1146
31,חיפה,4000,חיפה,1148,יהודה עמיחי,official,1148
31,חיפה,4000,חיפה,11696,רח 2119,synonym of 1148,1148
31,חיפה,4000,חיפה,11697,עמיחי יהודה,synonym of 1148,1148
31,חיפה,4000,חיפה,1150,טבנקין יצחק,official,1150
31,חיפה,4000,חיפה,11698,יצחק טבנקין,synonym of 1150,1150
31,חיפה,4000,חיפה,11699,טבנקין,synonym of 1150,1150
31,חיפה,4000,חיפה,1151,ילדי טהרן,official,1151
31,חיפה,4000,חיפה,1152,צ'רניאבסקי אהרון,official,1152
31,חיפה,4000,חיפה,11700,צרניאבסקי,synonym of 1152,1152
31,חיפה,4000,חיפה,11701,צ'רניאבסקי,synonym of 1152,1152
31,חיפה,4000,חיפה,11702,אהרון צ'רניאבסקי,synonym of 1152,1152
31,חיפה,4000,חיפה,1153,יורדי הים,official,1153
31,חיפה,4000,חיפה,1154,ינקולוביץ חיים,official,1154
31,חיפה,4000,חיפה,11703,ינקולוביץ,synonym of 1154,1154
31,חיפה,4000,חיפה,11704,שביל ינקולוביץ,synonym of 1154,1154
31,חיפה,4000,חיפה,11705,ינקלוביץ,synonym of 1154,1154
31,חיפה,4000,חיפה,11706,חיים ינקולוביץ,synonym of 1154,1154
31,חיפה,4000,חיפה,1155,אוניברסיטת חיפה,official,1155
31,חיפה,4000,חיפה,11707,מעונות הקמפוס,synonym of 1155,1155
31,חיפה,4000,חיפה,11708,אוניברסיטה,synonym of 1155,1155
31,חיפה,4000,חיפה,11709,מעונות האוניברסיטה,synonym of 1155,1155
31,חיפה,4000,חיפה,1156,קפטן סטיב,official,1156
31,חיפה,4000,חיפה,11710,שער מזרחי,synonym of 1156,1156
31,חיפה,4000,חיפה,11711,סטיב קפטן,synonym of 1156,1156
31,חיפה,4000,חיפה,1157,"ניל""י",official,1157
31,חיפה,4000,חיפה,11712,נילי,synonym of 1157,1157
31,חיפה,4000,חיפה,1158,כלפון הרב,official,1158
31,חיפה,4000,חיפה,11713,הרב חלפון,synonym of 1158,1158
31,חיפה,4000,חיפה,11714,חלפון הרב,synonym of 1158,1158
31,חיפה,4000,חיפה,11715,כלפון,synonym of 1158,1158
31,חיפה,4000,חיפה,11716,הרב כלפון,synonym of 1158,1158
31,חיפה,4000,חיפה,1159,"רבין אסתר ד""ר",official,1159
31,חיפה,4000,חיפה,11717,רבין,synonym of 1159,1159
31,חיפה,4000,חיפה,11718,אסתר רבין,synonym of 1159,1159
31,חיפה,4000,חיפה,11719,רבין אסתר,synonym of 1159,1159
31,חיפה,4000,חיפה,11720,"אסתר רבין ד""ר",synonym of 1159,1159
31,חיפה,4000,חיפה,11721,רבין אסתר דר,synonym of 1159,1159
31,חיפה,4000,חיפה,11722,"ד""ר רבין אסתר",synonym of 1159,1159
31,חיפה,4000,חיפה,11723,"ד""ר אסתר רבין",synonym of 1159,1159
31,חיפה,4000,חיפה,1160,דוסטרובסקי אליעזר,official,1160
31,חיפה,4000,חיפה,11724,אליעזר דוסטרובסקי,synonym of 1160,1160
31,חיפה,4000,חיפה,1161,שד ההגנה,official,1161
31,חיפה,4000,חיפה,11725,ההגנה,synonym of 1161,1161
31,חיפה,4000,חיפה,11726,שדרות ההגנה,synonym of 1161,1161
31,חיפה,4000,חיפה,11727,ההגנה שדרות,synonym of 1161,1161
31,חיפה,4000,חיפה,11728,הגנה,synonym of 1161,1161
31,חיפה,4000,חיפה,11729,ההגנה שד,synonym of 1161,1161
31,חיפה,4000,חיפה,1162,"נעמ""ת",official,1162
31,חיפה,4000,חיפה,11730,נעמת,synonym of 1162,1162
31,חיפה,4000,חיפה,1163,"לנ""י",official,1163
31,חיפה,4000,חיפה,11731,לני,synonym of 1163,1163
31,חיפה,4000,חיפה,1164,רובינשטיין יצחק הרב,official,1164
31,חיפה,4000,חיפה,11732,רובינשטיין יצחק,synonym of 1164,1164
31,חיפה,4000,חיפה,11733,יצחק רובינשטיין,synonym of 1164,1164
31,חיפה,4000,חיפה,11734,רובינשטיין,synonym of 1164,1164
31,חיפה,4000,חיפה,11735,רובינשטיין הרב,synonym of 1164,1164
31,חיפה,4000,חיפה,11736,הרב רובינשטיין,synonym of 1164,1164
31,חיפה,4000,חיפה,11737,הרב רובינשטיין יצחק,synonym of 1164,1164
31,חיפה,4000,חיפה,11738,הרב יצחק רובינשטיין,synonym of 1164,1164
31,חיפה,4000,חיפה,1165,סנה משה,official,1165
31,חיפה,4000,חיפה,11739,משה סנה,synonym of 1165,1165
31,חיפה,4000,חיפה,11740,סנה,synonym of 1165,1165
31,חיפה,4000,חיפה,1166,שחאדה שלח,official,1166
31,חיפה,4000,חיפה,11741,שלח שחאדי,synonym of 1166,1166
31,חיפה,4000,חיפה,11742,שחאדי,synonym of 1166,1166
31,חיפה,4000,חיפה,11743,שחאדי שלח,synonym of 1166,1166
31,חיפה,4000,חיפה,11744,שחאדה,synonym of 1166,1166
31,חיפה,4000,חיפה,11745,שלח שחאדה,synonym of 1166,1166
31,חיפה,4000,חיפה,1167,בובר מרטין,official,1167
31,חיפה,4000,חיפה,11746,מרטין בובר,synonym of 1167,1167
31,חיפה,4000,חיפה,11747,בובר,synonym of 1167,1167
31,חיפה,4000,חיפה,1168,הצוללת דקר,official,1168
31,חיפה,4000,חיפה,11748,צוללת דקר,synonym of 1168,1168
31,חיפה,4000,חיפה,11749,דקר,synonym of 1168,1168
31,חיפה,4000,חיפה,1169,אלבז נתן,official,1169
31,חיפה,4000,חיפה,11750,רח 507,synonym of 1169,1169
31,חיפה,4000,חיפה,11751,אלבז,synonym of 1169,1169
31,חיפה,4000,חיפה,11752,נתן אלבז,synonym of 1169,1169
31,חיפה,4000,חיפה,1170,סלוודור,official,1170
31,חיפה,4000,חיפה,11753,סלבדור,synonym of 1170,1170
31,חיפה,4000,חיפה,1171,מורן,official,1171
31,חיפה,4000,חיפה,1172,כליל החורש,official,1172
31,חיפה,4000,חיפה,1173,תדהר,official,1173
31,חיפה,4000,חיפה,1174,תאשור,official,1174
31,חיפה,4000,חיפה,1175,צבעוני,official,1175
31,חיפה,4000,חיפה,11754,הצבעוני,synonym of 1175,1175
31,חיפה,4000,חיפה,1176,נורית,official,1176
31,חיפה,4000,חיפה,1177,מד החרצית,official,1177
31,חיפה,4000,חיפה,11755,רח 862,synonym of 1177,1177
31,חיפה,4000,חיפה,11756,החרצית,synonym of 1177,1177
31,חיפה,4000,חיפה,11757,מד חרצית,synonym of 1177,1177
31,חיפה,4000,חיפה,1178,הערמונים,official,1178
31,חיפה,4000,חיפה,11758,רח 877,synonym of 1178,1178
31,חיפה,4000,חיפה,11759,שביל הערמונים,synonym of 1178,1178
31,חיפה,4000,חיפה,1179,ארזי יהודה,official,1179
31,חיפה,4000,חיפה,11760,רח 506,synonym of 1179,1179
31,חיפה,4000,חיפה,11761,יהודה ארזי,synonym of 1179,1179
31,חיפה,4000,חיפה,11762,ארזי,synonym of 1179,1179
31,חיפה,4000,חיפה,1180,ברכת משה,official,1180
31,חיפה,4000,חיפה,1181,נדב יצחק,official,1181
31,חיפה,4000,חיפה,11763,בית הלוחם,synonym of 1181,1181
31,חיפה,4000,חיפה,11764,רח 2285,synonym of 1181,1181
31,חיפה,4000,חיפה,11765,נדאף,synonym of 1181,1181
31,חיפה,4000,חיפה,11766,נדב,synonym of 1181,1181
31,חיפה,4000,חיפה,1182,המאירי אביגדור,official,1182
31,חיפה,4000,חיפה,11767,רח 2286,synonym of 1182,1182
31,חיפה,4000,חיפה,11768,אביגדור המאירי,synonym of 1182,1182
31,חיפה,4000,חיפה,1183,חבקוק,official,1183
31,חיפה,4000,חיפה,1184,מלון מרידיאן,official,1184
31,חיפה,4000,חיפה,1185,מסילת ישרים,official,1185
31,חיפה,4000,חיפה,1186,אהרון )רוזנפלד(,official,1186
31,חיפה,4000,חיפה,11769,רוזנפלד אהרון,synonym of 1186,1186
31,חיפה,4000,חיפה,11770,אהרון רוזנפלד,synonym of 1186,1186
31,חיפה,4000,חיפה,11771,רציף אהרון,synonym of 1186,1186
31,חיפה,4000,חיפה,1187,חוף זמיר,official,1187
31,חיפה,4000,חיפה,1188,חוף בת גלים,official,1188
31,חיפה,4000,חיפה,1189,החוף הדרומי,official,1189
31,חיפה,4000,חיפה,1190,קסטרא,official,1190
31,חיפה,4000,חיפה,11772,רח 2619,synonym of 1190,1190
31,חיפה,4000,חיפה,1192,רוטנברג פנחס ואברהם,official,1192
31,חיפה,4000,חיפה,11773,רח 2621,synonym of 1192,1192
31,חיפה,4000,חיפה,11774,רוטנברג,synonym of 1192,1192
31,חיפה,4000,חיפה,1193,השלדג,official,1193
31,חיפה,4000,חיפה,11775,רח 2622,synonym of 1193,1193
31,חיפה,4000,חיפה,1194,רח 2623,official,1194
31,חיפה,4000,חיפה,1196,רח 2625,official,1196
31,חיפה,4000,חיפה,1197,שד' אפרים קציר,official,1197
31,חיפה,4000,חיפה,11776,רח 2626,synonym of 1197,1197
31,חיפה,4000,חיפה,11777,שד' קציר אפרים,synonym of 1197,1197
31,חיפה,4000,חיפה,11778,שדרות אפרים קציר,synonym of 1197,1197
31,חיפה,4000,חיפה,11779,שדרות קציר אפרים,synonym of 1197,1197
31,חיפה,4000,חיפה,11780,אפרים קציר,synonym of 1197,1197
31,חיפה,4000,חיפה,11781,קציר אפרים,synonym of 1197,1197
31,חיפה,4000,חיפה,1198,יעקב שחר,official,1198
31,חיפה,4000,חיפה,11782,רח 2627,synonym of 1198,1198
31,חיפה,4000,חיפה,11783,שחר יעקב,synonym of 1198,1198
31,חיפה,4000,חיפה,1199,בנימין זאב בנדיקט,official,1199
31,חיפה,4000,חיפה,11784,רח 2628,synonym of 1199,1199
31,חיפה,4000,חיפה,1200,"י""א הספורטאים",official,1200
31,חיפה,4000,חיפה,11785,רח 2629,synonym of 1200,1200
31,חיפה,4000,חיפה,11786,יא הספורטאים,synonym of 1200,1200
31,חיפה,4000,חיפה,11787,הספורטאים,synonym of 1200,1200
31,חיפה,4000,חיפה,1201,טולצ'ינסקי ברוך,official,1201
31,חיפה,4000,חיפה,11788,טולצינסקי ברוך,synonym of 1201,1201
31,חיפה,4000,חיפה,11789,טולצינסקי,synonym of 1201,1201
31,חיפה,4000,חיפה,11790,ברוך טולצינסקי,synonym of 1201,1201
31,חיפה,4000,חיפה,1202,"ויצ""ו",official,1202
31,חיפה,4000,חיפה,11791,ויצו,synonym of 1202,1202
31,חיפה,4000,חיפה,1203,פטל,official,1203
31,חיפה,4000,חיפה,1204,נתיב האור,official,1204
31,חיפה,4000,חיפה,11792,רח 2630,synonym of 1204,1204
31,חיפה,4000,חיפה,1205,סמ יהודה,official,1205
31,חיפה,4000,חיפה,1206,הדסה,official,1206
31,חיפה,4000,חיפה,11793,רח 2553,synonym of 1206,1206
31,חיפה,4000,חיפה,1207,הוברמן ברוניסלב,official,1207
31,חיפה,4000,חיפה,11794,הוברמן,synonym of 1207,1207
31,חיפה,4000,חיפה,11795,רח 2529,synonym of 1207,1207
31,חיפה,4000,חיפה,1208,מרכז קסטרא,official,1208
31,חיפה,4000,חיפה,1209,קניון חיפה,official,1209
31,חיפה,4000,חיפה,1210,חוצות המפרץ,official,1210
31,חיפה,4000,חיפה,11796,קניון חוצות המפרץ,synonym of 1210,1210
31,חיפה,4000,חיפה,1211,סמטת ממון,official,1211
31,חיפה,4000,חיפה,11797,סמ ממון,synonym of 1211,1211
31,חיפה,4000,חיפה,1212,סמטת מטמון,official,1212
31,חיפה,4000,חיפה,11798,סמ מטמון,synonym of 1212,1212
31,חיפה,4000,חיפה,1214,הפרסה,official,1214
31,חיפה,4000,חיפה,1215,קשטן מיכאל,official,1215
31,חיפה,4000,חיפה,11799,קשטן,synonym of 1215,1215
31,חיפה,4000,חיפה,11800,מיכאל קשטן,synonym of 1215,1215
31,חיפה,4000,חיפה,11801,רח 2528,synonym of 1215,1215
31,חיפה,4000,חיפה,1216,הזז חיים,official,1216
31,חיפה,4000,חיפה,11802,הזז,synonym of 1216,1216
31,חיפה,4000,חיפה,11803,חיים הזז,synonym of 1216,1216
31,חיפה,4000,חיפה,1217,סלעית,official,1217
31,חיפה,4000,חיפה,11804,רח 936,synonym of 1217,1217
31,חיפה,4000,חיפה,1218,בליטנטל משה,official,1218
31,חיפה,4000,חיפה,11805,משה בליטנטל,synonym of 1218,1218
31,חיפה,4000,חיפה,11806,בליטנטל,synonym of 1218,1218
31,חיפה,4000,חיפה,11807,רח 939,synonym of 1218,1218
31,חיפה,4000,חיפה,1219,אגוז,official,1219
31,חיפה,4000,חיפה,11808,רח 931,synonym of 1219,1219
31,חיפה,4000,חיפה,11809,האגוז,synonym of 1219,1219
31,חיפה,4000,חיפה,1220,קורנית,official,1220
31,חיפה,4000,חיפה,11810,רח 937,synonym of 1220,1220
31,חיפה,4000,חיפה,1221,סתוונית,official,1221
31,חיפה,4000,חיפה,11811,רח 938,synonym of 1221,1221
31,חיפה,4000,חיפה,11812,הסתוונית,synonym of 1221,1221
31,חיפה,4000,חיפה,11813,סיתוונית,synonym of 1221,1221
31,חיפה,4000,חיפה,11814,סתונית,synonym of 1221,1221
31,חיפה,4000,חיפה,1222,אמנון ותמר,official,1222
31,חיפה,4000,חיפה,1223,מרווה,official,1223
31,חיפה,4000,חיפה,11815,רח 2134,synonym of 1223,1223
31,חיפה,4000,חיפה,11816,מרוה,synonym of 1223,1223
31,חיפה,4000,חיפה,1224,חלמיש,official,1224
31,חיפה,4000,חיפה,11817,רח 2631,synonym of 1224,1224
31,חיפה,4000,חיפה,1225,רח 2632,official,1225
31,חיפה,4000,חיפה,1226,שחם,official,1226
31,חיפה,4000,חיפה,11818,רח 2633,synonym of 1226,1226
31,חיפה,4000,חיפה,1227,הללויה,official,1227
31,חיפה,4000,חיפה,11819,רח 2124,synonym of 1227,1227
31,חיפה,4000,חיפה,1228,משעול תורת חיים,official,1228
31,חיפה,4000,חיפה,11820,תורת חיים,synonym of 1228,1228
31,חיפה,4000,חיפה,1229,מבוא הכרמל,official,1229
31,חיפה,4000,חיפה,1230,מעלות אל עבאסי עסאם,official,1230
31,חיפה,4000,חיפה,11821,מעלות אל עבאסי,synonym of 1230,1230
31,חיפה,4000,חיפה,11822,אל עבאסי עסאם,synonym of 1230,1230
31,חיפה,4000,חיפה,1231,מבוא חיפה,official,1231
31,חיפה,4000,חיפה,1232,ספיר,official,1232
31,חיפה,4000,חיפה,1233,ענבר,official,1233
31,חיפה,4000,חיפה,1234,טופז,official,1234
31,חיפה,4000,חיפה,11823,רח 589,synonym of 1234,1234
31,חיפה,4000,חיפה,1235,ארליך דוד פרופ',official,1235
31,חיפה,4000,חיפה,11824,פרופ' דוד ארליך,synonym of 1235,1235
31,חיפה,4000,חיפה,11825,ארליך דוד,synonym of 1235,1235
31,חיפה,4000,חיפה,11826,דוד ארליך,synonym of 1235,1235
31,חיפה,4000,חיפה,11827,פרופ' ארליך דוד,synonym of 1235,1235
31,חיפה,4000,חיפה,1236,רח 564,official,1236
31,חיפה,4000,חיפה,1237,רח 735,official,1237
31,חיפה,4000,חיפה,1238,שהם צבי,official,1238
31,חיפה,4000,חיפה,11828,צבי שהם,synonym of 1238,1238
31,חיפה,4000,חיפה,1239,שדרות הדקלים,official,1239
31,חיפה,4000,חיפה,11829,שד הדקלים,synonym of 1239,1239
31,חיפה,4000,חיפה,11830,שד' הדקלים,synonym of 1239,1239
31,חיפה,4000,חיפה,1240,שד' עזר וייצמן,official,1240
31,חיפה,4000,חיפה,11831,שד' וייצמן עזר,synonym of 1240,1240
31,חיפה,4000,חיפה,11832,וייצמן עזר,synonym of 1240,1240
31,חיפה,4000,חיפה,11833,עזר וייצמן,synonym of 1240,1240
31,חיפה,4000,חיפה,11834,שדרות עזר וייצמן,synonym of 1240,1240
31,חיפה,4000,חיפה,11835,שדרות וייצמן עזר,synonym of 1240,1240
31,חיפה,4000,חיפה,11836,עזר ויצמן,synonym of 1240,1240
31,חיפה,4000,חיפה,11837,רח 2620,synonym of 1240,1240
31,חיפה,4000,חיפה,11838,רח 2649,synonym of 1240,1240
31,חיפה,4000,חיפה,1242,דרך אריאל שרון,official,1242
31,חיפה,4000,חיפה,11839,דרך שרון אריק,synonym of 1242,1242
31,חיפה,4000,חיפה,11840,שרון אריק,synonym of 1242,1242
31,חיפה,4000,חיפה,11841,אריק שרון,synonym of 1242,1242
31,חיפה,4000,חיפה,11842,דרך אריק שרון,synonym of 1242,1242
31,חיפה,4000,חיפה,1243,רובי שפירא,official,1243
31,חיפה,4000,חיפה,11843,שפירא רובי,synonym of 1243,1243
31,חיפה,4000,חיפה,1245,עמירם חרלף,official,1245
31,חיפה,4000,חיפה,11844,חרלף עמירם,synonym of 1245,1245
31,חיפה,4000,חיפה,1246,אברהם גינזבורג,official,1246
31,חיפה,4000,חיפה,11845,גינזבורג אברהם,synonym of 1246,1246
31,חיפה,4000,חיפה,1247,אורי וינברג,official,1247
31,חיפה,4000,חיפה,11846,אורי ויינברג,synonym of 1247,1247
31,חיפה,4000,חיפה,11847,וינברג אורי,synonym of 1247,1247
31,חיפה,4000,חיפה,1248,פרץ זאב אטקס,official,1248
31,חיפה,4000,חיפה,11848,אטקס פרץ,synonym of 1248,1248
31,חיפה,4000,חיפה,11849,פרץ אטקס,synonym of 1248,1248
31,חיפה,4000,חיפה,1249,אשר עלמני,official,1249
31,חיפה,4000,חיפה,11850,עלמני אשר,synonym of 1249,1249
31,חיפה,4000,חיפה,1250,דרך נחל הגיבורים,official,1250
31,חיפה,4000,חיפה,11851,נחל הגיבורים,synonym of 1250,1250
31,חיפה,4000,חיפה,11852,דרך נחל גיבורים,synonym of 1250,1250
31,חיפה,4000,חיפה,1251,הבישוף חג'אר,official,1251
31,חיפה,4000,חיפה,11853,השיזף,synonym of 1251,1251
31,חיפה,4000,חיפה,11854,חג'אר,synonym of 1251,1251
31,חיפה,4000,חיפה,11855,שיזף,synonym of 1251,1251
31,חיפה,4000,חיפה,11856,הבישוף חגאר,synonym of 1251,1251
31,חיפה,4000,חיפה,11857,בישוף חג'אר,synonym of 1251,1251
31,חיפה,4000,חיפה,11858,השזיף,synonym of 1251,1251
31,חיפה,4000,חיפה,1252,"זימנא נחום ד""ר",official,1252
31,חיפה,4000,חיפה,11859,נחום זימנא,synonym of 1252,1252
31,חיפה,4000,חיפה,11860,זימנא,synonym of 1252,1252
31,חיפה,4000,חיפה,11861,זימנא נחום,synonym of 1252,1252
31,חיפה,4000,חיפה,11862,זימנא נחום דר,synonym of 1252,1252
31,חיפה,4000,חיפה,11863,"נחום זימנא ד""ר",synonym of 1252,1252
31,חיפה,4000,חיפה,1254,שלהוב ג'מיל,official,1254
31,חיפה,4000,חיפה,11864,רח 331,synonym of 1254,1254
31,חיפה,4000,חיפה,11865,ג'מיל שלהוב,synonym of 1254,1254
31,חיפה,4000,חיפה,11866,שלהוב,synonym of 1254,1254
31,חיפה,4000,חיפה,11867,גמיל שלהוב,synonym of 1254,1254
31,חיפה,4000,חיפה,11868,שלהוב גמיל,synonym of 1254,1254
31,חיפה,4000,חיפה,1255,משעול יהודית ומאיר,official,1255
31,חיפה,4000,חיפה,11869,מש יהודית ומאיר,synonym of 1255,1255
31,חיפה,4000,חיפה,11870,יהודית ומאיר,synonym of 1255,1255
31,חיפה,4000,חיפה,11871,מד יהודית ומאיר,synonym of 1255,1255
31,חיפה,4000,חיפה,1256,יפה ירקוני,official,1256
31,חיפה,4000,חיפה,11872,ירקוני יפה,synonym of 1256,1256
31,חיפה,4000,חיפה,1257,אהוד מנור,official,1257
31,חיפה,4000,חיפה,11873,מנור אהוד,synonym of 1257,1257
31,חיפה,4000,חיפה,1258,יוסי בנאי,official,1258
31,חיפה,4000,חיפה,11874,בנאי יוסי,synonym of 1258,1258
31,חיפה,4000,חיפה,1259,עפרה חזה,official,1259
31,חיפה,4000,חיפה,11875,עופרה חזה,synonym of 1259,1259
31,חיפה,4000,חיפה,11876,חזה עפרה,synonym of 1259,1259
31,חיפה,4000,חיפה,1260,יהורם גאון,official,1260
31,חיפה,4000,חיפה,11877,גאון יהורם,synonym of 1260,1260
31,חיפה,4000,חיפה,11878,יורם גאון,synonym of 1260,1260
31,חיפה,4000,חיפה,1261,ירדנה ארזי,official,1261
31,חיפה,4000,חיפה,11879,ארזי ירדנה,synonym of 1261,1261
31,חיפה,4000,חיפה,1262,חיים קסטן,official,1262
31,חיפה,4000,חיפה,11880,קסטן חיים,synonym of 1262,1262
31,חיפה,4000,חיפה,11881,רח 2624,synonym of 1262,1262
31,חיפה,4000,חיפה,1263,שושנה דמארי,official,1263
31,חיפה,4000,חיפה,11882,דמארי שושנה,synonym of 1263,1263
31,חיפה,4000,חיפה,1264,חושן,official,1264
31,חיפה,4000,חיפה,11883,החושן,synonym of 1264,1264
31,חיפה,4000,חיפה,1266,מנשה קדישמן,official,1266
31,חיפה,4000,חיפה,11884,קדישמן,synonym of 1266,1266
31,חיפה,4000,חיפה,11885,קדישמן מנשה,synonym of 1266,1266
31,חיפה,4000,חיפה,1267,חיה תומא,official,1267
31,חיפה,4000,חיפה,11886,תומא חיה,synonym of 1267,1267
31,חיפה,4000,חיפה,1268,יונתן )ג'וני( הרדי,official,1268
31,חיפה,4000,חיפה,11887,יונתן הרדי,synonym of 1268,1268
31,חיפה,4000,חיפה,11888,ג'וני הרדי,synonym of 1268,1268
31,חיפה,4000,חיפה,11889,הרדי יונתן,synonym of 1268,1268
31,חיפה,4000,חיפה,1269,ישעיהו )שייע( שווגר,official,1269
31,חיפה,4000,חיפה,11890,שייע שווגר,synonym of 1269,1269
31,חיפה,4000,חיפה,11891,ישעיהו שווגר,synonym of 1269,1269
31,חיפה,4000,חיפה,11892,שווגר ישעיהו,synonym of 1269,1269
31,חיפה,4000,חיפה,1270,שדרות הלוטם,official,1270
31,חיפה,4000,חיפה,11893,לוטם,synonym of 1270,1270
31,חיפה,4000,חיפה,11894,הלוטם,synonym of 1270,1270
31,חיפה,4000,חיפה,11895,שד הלוטם,synonym of 1270,1270
31,חיפה,4000,חיפה,1271,יעל רום,official,1271
31,חיפה,4000,חיפה,11896,רום יעל,synonym of 1271,1271
31,חיפה,4000,חיפה,1272,ירדנה כהן,official,1272
31,חיפה,4000,חיפה,11897,כהן ירדנה,synonym of 1272,1272
31,חיפה,4000,חיפה,1273,העגור,official,1273
31,חיפה,4000,חיפה,11898,עגור,synonym of 1273,1273
31,חיפה,4000,חיפה,1274,היסעור,official,1274
31,חיפה,4000,חיפה,11899,יסעור,synonym of 1274,1274
31,חיפה,4000,חיפה,1300,מנהרות הכרמל,official,1300
31,חיפה,4000,חיפה,1301,מרמרי,official,1301
31,חיפה,4000,חיפה,1352,סמ חג'אג',official,1352
31,חיפה,4000,חיפה,11900,סמ חגאג,synonym of 1352,1352
31,חיפה,4000,חיפה,11901,סמ חגאז,synonym of 1352,1352
31,חיפה,4000,חיפה,11902,חגאג סמ,synonym of 1352,1352
31,חיפה,4000,חיפה,11903,חגאג,synonym of 1352,1352
31,חיפה,4000,חיפה,1353,מעלות גרונר דב,official,1353
31,חיפה,4000,חיפה,11904,גרונר דב,synonym of 1353,1353
31,חיפה,4000,חיפה,11905,דב גרונר,synonym of 1353,1353
31,חיפה,4000,חיפה,11906,גרונר,synonym of 1353,1353
31,חיפה,4000,חיפה,1354,עזרא,official,1354
31,חיפה,4000,חיפה,1385,קדיש לוז,official,1385
31,חיפה,4000,חיפה,11907,לוז קדיש,synonym of 1385,1385
31,חיפה,4000,חיפה,11908,רח 2085,synonym of 1385,1385
31,חיפה,4000,חיפה,11909,לוז,synonym of 1385,1385
31,חיפה,4000,חיפה,1386,נעמי שמר,official,1386
31,חיפה,4000,חיפה,11910,רח 2118,synonym of 1386,1386
31,חיפה,4000,חיפה,11911,שמר נעמי,synonym of 1386,1386
31,חיפה,4000,חיפה,1387,גלוברמן יהושע,official,1387
31,חיפה,4000,חיפה,11912,רח 1692,synonym of 1387,1387
31,חיפה,4000,חיפה,11913,גלוברמן,synonym of 1387,1387
31,חיפה,4000,חיפה,11914,יהושע גלוברמן,synonym of 1387,1387
31,חיפה,4000,חיפה,1388,אורלנד יעקב,official,1388
31,חיפה,4000,חיפה,11915,רח 1688,synonym of 1388,1388
31,חיפה,4000,חיפה,11916,אורלנד,synonym of 1388,1388
31,חיפה,4000,חיפה,11917,יעקב אורלנד,synonym of 1388,1388
31,חיפה,4000,חיפה,1389,חצוצרה בוואדי,official,1389
31,חיפה,4000,חיפה,11918,רחבת חצוצרה בוואדי,synonym of 1389,1389
31,חיפה,4000,חיפה,1390,אריה )לובה( אליאב,official,1390
31,חיפה,4000,חיפה,11919,רח 2325,synonym of 1390,1390
31,חיפה,4000,חיפה,11920,אריה אליאב,synonym of 1390,1390
31,חיפה,4000,חיפה,1391,יגאל אלון,official,1391
31,חיפה,4000,חיפה,11921,אלון יגאל,synonym of 1391,1391
31,חיפה,4000,חיפה,1392,וילנאי זאב,official,1392
31,חיפה,4000,חיפה,11922,זאב וילנאי,synonym of 1392,1392
31,חיפה,4000,חיפה,1393,סכנין אברהם,official,1393
31,חיפה,4000,חיפה,11923,סכנין,synonym of 1393,1393
31,חיפה,4000,חיפה,11924,אברהם סכנין,synonym of 1393,1393
31,חיפה,4000,חיפה,11925,אברהם סחנין,synonym of 1393,1393
31,חיפה,4000,חיפה,11926,סחנין,synonym of 1393,1393
31,חיפה,4000,חיפה,11927,סחנין אברהם,synonym of 1393,1393
31,חיפה,4000,חיפה,1394,יערי מאיר,official,1394
31,חיפה,4000,חיפה,11928,מאיר יערי,synonym of 1394,1394
31,חיפה,4000,חיפה,11929,יערי,synonym of 1394,1394
31,חיפה,4000,חיפה,1395,שלון,official,1395
31,חיפה,4000,חיפה,11930,אוריאל שלון,synonym of 1395,1395
31,חיפה,4000,חיפה,11931,שלון אוריאל,synonym of 1395,1395
31,חיפה,4000,חיפה,1396,חסידי אומות העולם,official,1396
31,חיפה,4000,חיפה,1397,אלתר אליעזר,official,1397
31,חיפה,4000,חיפה,11932,אליעזר אלתר,synonym of 1397,1397
31,חיפה,4000,חיפה,11933,אלתר,synonym of 1397,1397
31,חיפה,4000,חיפה,1398,קושניר יוסף,official,1398
31,חיפה,4000,חיפה,11934,בת הרים,synonym of 1398,1398
31,חיפה,4000,חיפה,11935,קושניר,synonym of 1398,1398
31,חיפה,4000,חיפה,11936,יוסף קושניר,synonym of 1398,1398
31,חיפה,4000,חיפה,1399,אזולאי יעקב השופט,official,1399
31,חיפה,4000,חיפה,11937,רח 1689,synonym of 1399,1399
31,חיפה,4000,חיפה,11938,אזולאי,synonym of 1399,1399
31,חיפה,4000,חיפה,11939,יעקב אזולאי,synonym of 1399,1399
31,חיפה,4000,חיפה,11940,השופט יעקב אזולאי,synonym of 1399,1399
31,חיפה,4000,חיפה,11941,אזולאי יעקב,synonym of 1399,1399
31,חיפה,4000,חיפה,1400,א.ב. יהושע,official,1400
31,חיפה,4000,חיפה,1401,לוין גוטל,official,1401
31,חיפה,4000,חיפה,11942,לוין גוט,synonym of 1401,1401
31,חיפה,4000,חיפה,11943,גוט לוין,synonym of 1401,1401
31,חיפה,4000,חיפה,11944,גוטל לוין,synonym of 1401,1401
31,חיפה,4000,חיפה,1410,בת חן,official,1410
31,חיפה,4000,חיפה,11945,רח 2081,synonym of 1410,1410
31,חיפה,4000,חיפה,11946,בת-חן,synonym of 1410,1410
31,חיפה,4000,חיפה,1411,צופית,official,1411
31,חיפה,4000,חיפה,11947,רח 2082,synonym of 1411,1411
31,חיפה,4000,חיפה,1412,חוחית,official,1412
31,חיפה,4000,חיפה,11948,רח 2083,synonym of 1412,1412
31,חיפה,4000,חיפה,11949,החוחית,synonym of 1412,1412
31,חיפה,4000,חיפה,1413,דוכיפת,official,1413
31,חיפה,4000,חיפה,11950,רח 2084,synonym of 1413,1413
31,חיפה,4000,חיפה,11951,הדוכיפת,synonym of 1413,1413
31,חיפה,4000,חיפה,1414,הפשוש,official,1414
31,חיפה,4000,חיפה,11952,פשוש,synonym of 1414,1414
31,חיפה,4000,חיפה,1450,ולנברג ראול,official,1450
31,חיפה,4000,חיפה,11953,ראול ולנברג,synonym of 1450,1450
31,חיפה,4000,חיפה,11954,ולנברג,synonym of 1450,1450
31,חיפה,4000,חיפה,1460,קוסטה ריקה,official,1460
31,חיפה,4000,חיפה,1465,יקינתון,official,1465
31,חיפה,4000,חיפה,11955,רח 935,synonym of 1465,1465
31,חיפה,4000,חיפה,11956,היקינתון,synonym of 1465,1465
31,חיפה,4000,חיפה,11957,יקינטון,synonym of 1465,1465
31,חיפה,4000,חיפה,1466,גולדמן נחום,official,1466
31,חיפה,4000,חיפה,11958,נחום גולדמן,synonym of 1466,1466
31,חיפה,4000,חיפה,11959,גולדמן,synonym of 1466,1466
31,חיפה,4000,חיפה,11960,רח 933,synonym of 1466,1466
31,חיפה,4000,חיפה,1467,סייפן,official,1467
31,חיפה,4000,חיפה,11961,סיפן,synonym of 1467,1467
31,חיפה,4000,חיפה,11962,הסיפן,synonym of 1467,1467
31,חיפה,4000,חיפה,11963,הסייפן,synonym of 1467,1467
31,חיפה,4000,חיפה,11964,רח 932,synonym of 1467,1467
31,חיפה,4000,חיפה,1470,תבואות הארץ,official,1470
31,חיפה,4000,חיפה,1471,מגדל אור,official,1471
31,חיפה,4000,חיפה,1500,ניסים יצחק הרב,official,1500
31,חיפה,4000,חיפה,11965,רח 2576,synonym of 1500,1500
31,חיפה,4000,חיפה,11966,הרב יצחק ניסים,synonym of 1500,1500
31,חיפה,4000,חיפה,11967,הרב ניסים,synonym of 1500,1500
31,חיפה,4000,חיפה,1501,לבנון ישראל,official,1501
31,חיפה,4000,חיפה,11968,רח 2582,synonym of 1501,1501
31,חיפה,4000,חיפה,11969,ישראל לבנון,synonym of 1501,1501
31,חיפה,4000,חיפה,11970,לבנון,synonym of 1501,1501
31,חיפה,4000,חיפה,1502,"החיד""א",official,1502
31,חיפה,4000,חיפה,11971,רח 2581,synonym of 1502,1502
31,חיפה,4000,חיפה,11972,החידא,synonym of 1502,1502
31,חיפה,4000,חיפה,1503,אספיס אברהם,official,1503
31,חיפה,4000,חיפה,11973,רח 2580,synonym of 1503,1503
31,חיפה,4000,חיפה,11974,אברהם אספיס,synonym of 1503,1503
31,חיפה,4000,חיפה,11975,אספיס,synonym of 1503,1503
31,חיפה,4000,חיפה,1504,גץ יצחק,official,1504
31,חיפה,4000,חיפה,11976,רח 2579,synonym of 1504,1504
31,חיפה,4000,חיפה,11977,גץ,synonym of 1504,1504
31,חיפה,4000,חיפה,11978,יצחק גץ,synonym of 1504,1504
31,חיפה,4000,חיפה,1505,אור החיים,official,1505
31,חיפה,4000,חיפה,11979,רח 2577,synonym of 1505,1505
31,חיפה,4000,חיפה,11980,אור חיים,synonym of 1505,1505
31,חיפה,4000,חיפה,1506,גורן שלמה הרב,official,1506
31,חיפה,4000,חיפה,11981,רח 2578,synonym of 1506,1506
31,חיפה,4000,חיפה,11982,הרב שלמה גורן,synonym of 1506,1506
31,חיפה,4000,חיפה,11983,הרב גורן,synonym of 1506,1506
31,חיפה,4000,חיפה,11984,גורן שלמה,synonym of 1506,1506
31,חיפה,4000,חיפה,11985,שלמה גורן,synonym of 1506,1506
31,חיפה,4000,חיפה,11986,גורן,synonym of 1506,1506
31,חיפה,4000,חיפה,11987,הרב גורן שלמה,synonym of 1506,1506
31,חיפה,4000,חיפה,1507,"חב""ד",official,1507
31,חיפה,4000,חיפה,11988,רח 2575,synonym of 1507,1507
31,חיפה,4000,חיפה,11989,חבד,synonym of 1507,1507
31,חיפה,4000,חיפה,1508,פרומר דב,official,1508
31,חיפה,4000,חיפה,11990,רח 2583,synonym of 1508,1508
31,חיפה,4000,חיפה,11991,פרומר,synonym of 1508,1508
31,חיפה,4000,חיפה,11992,דב פרומר,synonym of 1508,1508
31,חיפה,4000,חיפה,1509,מושקא חיה,official,1509
31,חיפה,4000,חיפה,11993,רח 2574,synonym of 1509,1509
31,חיפה,4000,חיפה,11994,מושקא,synonym of 1509,1509
31,חיפה,4000,חיפה,11995,חיה מושקא,synonym of 1509,1509
31,חיפה,4000,חיפה,1511,שד' מייק ברנט,official,1511
31,חיפה,4000,חיפה,11996,מייק ברנט,synonym of 1511,1511
31,חיפה,4000,חיפה,11997,ברנט מייק,synonym of 1511,1511
31,חיפה,4000,חיפה,11998,מיק ברנט,synonym of 1511,1511
31,חיפה,4000,חיפה,1512,טיילת אריה גוראל,official,1512
31,חיפה,4000,חיפה,11999,אריה גוראל,synonym of 1512,1512
31,חיפה,4000,חיפה,12000,גוראל אריה,synonym of 1512,1512
31,חיפה,4000,חיפה,1513,טיילת חולדה גורביץ,official,1513
31,חיפה,4000,חיפה,12001,חולדה גורביץ,synonym of 1513,1513
31,חיפה,4000,חיפה,12002,המלאך בלבן,synonym of 1513,1513
31,חיפה,4000,חיפה,12003,טיילת המלאך בלבן,synonym of 1513,1513
31,חיפה,4000,חיפה,2511,המסילה,official,2511
31,חיפה,4000,חיפה,2635,רח 2635,official,2635
31,חיפה,4000,חיפה,2653,רח 2653,official,2653
31,חיפה,4000,חיפה,2659,רח 2659,official,2659
31,חיפה,4000,חיפה,2674,זוהר,official,2674
31,חיפה,4000,חיפה,2675,הוד,official,2675
31,חיפה,4000,חיפה,2676,נוי,official,2676
31,חיפה,4000,חיפה,2677,נועם,official,2677
31,חיפה,4000,חיפה,2678,חמדה,official,2678
31,חיפה,4000,חיפה,2679,יפעה,official,2679
31,חיפה,4000,חיפה,12004,רח 2679,synonym of 2679,2679
31,חיפה,4000,חיפה,12005,היפעה,synonym of 2679,2679
31,חיפה,4000,חיפה,4045,צ'ק פוסט,official,4045
31,חיפה,4000,חיפה,12006,צק פוסט,synonym of 4045,4045
31,חיפה,4000,חיפה,4059,גשר פז,official,4059
31,חיפה,4000,חיפה,12007,גשר פז 28,synonym of 4059,4059
31,חיפה,4000,חיפה,12008,גשר פז 1 1,synonym of 4059,4059
31,חיפה,4000,חיפה,12009,גשר פז 28 28,synonym of 4059,4059
31,חיפה,4000,חיפה,12010,ש עי גשר פז,synonym of 4059,4059
31,חיפה,4000,חיפה,12011,צר עי גשר ש,synonym of 4059,4059
31,חיפה,4000,חיפה,12012,גשר של,synonym of 4059,4059
31,חיפה,4000,חיפה,4061,מחלף גדוד 21,official,4061
31,חיפה,4000,חיפה,4067,מחלף ההסתדרות,official,4067
31,חיפה,4000,חיפה,4068,מחלף הקישון,official,4068
31,חיפה,4000,חיפה,6000,ככר זלטין,official,6000
31,חיפה,4000,חיפה,12013,ככר יגאל זלטין,synonym of 6000,6000
31,חיפה,4000,חיפה,6001,ככר אמפא,official,6001
31,חיפה,4000,חיפה,12014,אמפא,synonym of 6001,6001
31,חיפה,4000,חיפה,6002,ככר דוד,official,6002
31,חיפה,4000,חיפה,12015,דוד בכר,synonym of 6002,6002
31,חיפה,4000,חיפה,12016,דוד ככר,synonym of 6002,6002
31,חיפה,4000,חיפה,6003,ככר הגבורה,official,6003
31,חיפה,4000,חיפה,12017,הגבורה ככר,synonym of 6003,6003
31,חיפה,4000,חיפה,6004,ככר ההגנה,official,6004
31,חיפה,4000,חיפה,12018,ההגנה ככר,synonym of 6004,6004
31,חיפה,4000,חיפה,6005,ככר היינה,official,6005
31,חיפה,4000,חיפה,12019,היינה ככר,synonym of 6005,6005
31,חיפה,4000,חיפה,12020,היינה,synonym of 6005,6005
31,חיפה,4000,חיפה,12021,הנריך הינה כ,synonym of 6005,6005
31,חיפה,4000,חיפה,12022,היינה היינרך,synonym of 6005,6005
31,חיפה,4000,חיפה,12023,היינה היינריך,synonym of 6005,6005
31,חיפה,4000,חיפה,12024,היינריך היינה,synonym of 6005,6005
31,חיפה,4000,חיפה,12025,הנריך היינה,synonym of 6005,6005
31,חיפה,4000,חיפה,6006,ככר הרברט סמואל,official,6006
31,חיפה,4000,חיפה,12026,ככר חורב,synonym of 6006,6006
31,חיפה,4000,חיפה,12027,הרברט סמואל,synonym of 6006,6006
31,חיפה,4000,חיפה,12028,חורב ככר,synonym of 6006,6006
31,חיפה,4000,חיפה,6007,ככר הרקפות,official,6007
31,חיפה,4000,חיפה,12029,ככר רקפות,synonym of 6007,6007
31,חיפה,4000,חיפה,6008,ככר זיו,official,6008
31,חיפה,4000,חיפה,12030,זיו,synonym of 6008,6008
31,חיפה,4000,חיפה,12031,זיו ככר,synonym of 6008,6008
31,חיפה,4000,חיפה,6009,ככר מאירהוף,official,6009
31,חיפה,4000,חיפה,12032,מאירהוף,synonym of 6009,6009
31,חיפה,4000,חיפה,12033,מאירהוף ככר,synonym of 6009,6009
31,חיפה,4000,חיפה,12034,מאירוהוף ככר,synonym of 6009,6009
31,חיפה,4000,חיפה,6010,ככר סולל בונה,official,6010
31,חיפה,4000,חיפה,12035,סולל בונה ככר,synonym of 6010,6010
31,חיפה,4000,חיפה,6011,ככר ספקטור,official,6011
31,חיפה,4000,חיפה,12036,ספקטור ככר,synonym of 6011,6011
31,חיפה,4000,חיפה,12037,ספקטור,synonym of 6011,6011
31,חיפה,4000,חיפה,6012,ככר פלומר,official,6012
31,חיפה,4000,חיפה,6013,ככר פריס,official,6013
31,חיפה,4000,חיפה,12038,פריס ככר,synonym of 6013,6013
31,חיפה,4000,חיפה,12039,חמרה ככר,synonym of 6013,6013
31,חיפה,4000,חיפה,6014,ככר קפלנסקי,official,6014
31,חיפה,4000,חיפה,12040,קפלנסקי שלמה ככר,synonym of 6014,6014
31,חיפה,4000,חיפה,6015,ככר עולי הגרדום,official,6015
31,חיפה,4000,חיפה,6016,ככר אמיל גרינצוויג,official,6016
31,חיפה,4000,חיפה,12041,ככר גרינצוויג,synonym of 6016,6016
31,חיפה,4000,חיפה,6017,ככר מעפילי קפריסין,official,6017
31,חיפה,4000,חיפה,6018,רחבת כמיל שחאדה,official,6018
31,חיפה,4000,חיפה,12042,כמיל שחאדה,synonym of 6018,6018
31,חיפה,4000,חיפה,12043,רחבת שחאדה,synonym of 6018,6018
31,חיפה,4000,חיפה,6019,ככר מינה,official,6019
31,חיפה,4000,חיפה,12044,ככר מינה )בן צבי(,synonym of 6019,6019
31,חיפה,4000,חיפה,6020,ככר אליזבט,official,6020
31,חיפה,4000,חיפה,6021,ככר בני אחוזה,official,6021
31,חיפה,4000,חיפה,6022,ככר דוד הכהן,official,6022
31,חיפה,4000,חיפה,12045,ככר הכהן דוד,synonym of 6022,6022
31,חיפה,4000,חיפה,6023,ככר הנדריק סרברוב,official,6023
31,חיפה,4000,חיפה,6024,ככר הלייט,official,6024
31,חיפה,4000,חיפה,6025,ככר חיל הרפואה,official,6025
31,חיפה,4000,חיפה,6026,ככר יד לבנים,official,6026
31,חיפה,4000,חיפה,6027,ככר כיאט,official,6027
31,חיפה,4000,חיפה,6028,ככר מסריק,official,6028
31,חיפה,4000,חיפה,6029,ככר צייזל,official,6029
31,חיפה,4000,חיפה,6030,ככר פייצל,official,6030
31,חיפה,4000,חיפה,6031,ככר צים,official,6031
31,חיפה,4000,חיפה,6032,ככר שפירא יצחק,official,6032
31,חיפה,4000,חיפה,12046,ככר יצחק שפירא,synonym of 6032,6032
31,חיפה,4000,חיפה,6033,ככר אגמי אורי,official,6033
31,חיפה,4000,חיפה,12047,ככר אורי אגמי,synonym of 6033,6033
31,חיפה,4000,חיפה,12048,אגמי אורי,synonym of 6033,6033
31,חיפה,4000,חיפה,6034,כיכר שמואל טנקוס,official,6034
31,חיפה,4000,חיפה,12049,ככר שמואל טנקוס,synonym of 6034,6034
31,חיפה,4000,חיפה,12050,שמואל טנקוס,synonym of 6034,6034
31,חיפה,4000,חיפה,12051,כיכר טנקוס שמואל,synonym of 6034,6034
31,חיפה,4000,חיפה,6035,ככר ישעיהו לייבוביץ,official,6035
31,חיפה,4000,חיפה,12052,ככר לייבוביץ ישעיהו,synonym of 6035,6035
31,חיפה,4000,חיפה,6036,ככר אנואר סאדאת,official,6036
31,חיפה,4000,חיפה,12053,ככר סאדאת,synonym of 6036,6036
31,חיפה,4000,חיפה,6037,ככר פדרמן יקותיאל,official,6037
31,חיפה,4000,חיפה,12054,ככר יקותיאל פדרמן,synonym of 6037,6037
31,חיפה,4000,חיפה,12055,יקותיאל פדרמן,synonym of 6037,6037
31,חיפה,4000,חיפה,12056,פדרמן יקותיאל,synonym of 6037,6037
31,חיפה,4000,חיפה,6038,ככר שבבו שושנה,official,6038
31,חיפה,4000,חיפה,12057,ככר שושנה שבבו,synonym of 6038,6038
31,חיפה,4000,חיפה,12058,ככר שבבו,synonym of 6038,6038
31,חיפה,4000,חיפה,6039,ככר מוסינזון יגאל,official,6039
31,חיפה,4000,חיפה,12059,ככר יגאל מוסינזון,synonym of 6039,6039
31,חיפה,4000,חיפה,12060,ככר מוסינזון,synonym of 6039,6039
31,חיפה,4000,חיפה,6040,ככר הפיליפינים,official,6040
31,חיפה,4000,חיפה,6041,כיכר הפיליפינים,official,6041
31,חיפה,4000,חיפה,6042,כיכר אורי זוהר,official,6042
31,חיפה,4000,חיפה,12061,אורי זוהר,synonym of 6042,6042
31,חיפה,4000,חיפה,12062,הספורטאי אורי זוהר,synonym of 6042,6042
31,חיפה,4000,חיפה,12063,כיכר זוהר אורי,synonym of 6042,6042
31,חיפה,4000,חיפה,6043,ככר שמידט אנטון,official,6043
31,חיפה,4000,חיפה,12064,ככר שמידט,synonym of 6043,6043
31,חיפה,4000,חיפה,12065,ככר אנטון שמידט,synonym of 6043,6043
31,חיפה,4000,חיפה,6044,כיכר רוטרי חיפה,official,6044
31,חיפה,4000,חיפה,12066,ככר רוטרי חיפה,synonym of 6044,6044
31,חיפה,4000,חיפה,12067,רוטרי חיפה כיכר,synonym of 6044,6044
31,חיפה,4000,חיפה,12068,רוטרי חיפה ככר,synonym of 6044,6044
31,חיפה,4000,חיפה,6045,כיכר אבי רן,official,6045
31,חיפה,4000,חיפה,12069,ככר אבי רן,synonym of 6045,6045
31,חיפה,4000,חיפה,12070,אבי רן כיכר,synonym of 6045,6045
31,חיפה,4000,חיפה,12071,אבי רן ככר,synonym of 6045,6045
31,חיפה,4000,חיפה,6046,"ככר אונסק""ו",official,6046
31,חיפה,4000,חיפה,6047,ככר עציוני משה,official,6047
31,חיפה,4000,חיפה,12072,ככר משה עציוני,synonym of 6047,6047
31,חיפה,4000,חיפה,12073,עציוני משה,synonym of 6047,6047
31,חיפה,4000,חיפה,12074,משה עציוני,synonym of 6047,6047
31,חיפה,4000,חיפה,6048,רחבת הטמפלרים,official,6048
31,חיפה,4000,חיפה,6049,רחבת המחוללים,official,6049
31,חיפה,4000,חיפה,6050,כיכר אדם פיש,official,6050
31,חיפה,4000,חיפה,12075,כיכר פיש אדם,synonym of 6050,6050
31,חיפה,4000,חיפה,12076,אדם פיש,synonym of 6050,6050
31,חיפה,4000,חיפה,6051,כיכר ליאו גולדהמר,official,6051
31,חיפה,4000,חיפה,12077,ליאו גולדהמר,synonym of 6051,6051
31,חיפה,4000,חיפה,12078,ככר ליאו גולדהמר,synonym of 6051,6051
31,חיפה,4000,חיפה,12079,גולדהמר ליאו,synonym of 6051,6051
31,חיפה,4000,חיפה,12080,כיכר גולדהמר ליאו,synonym of 6051,6051
31,חיפה,4000,חיפה,6052,כיכר טוביה פרידמן,official,6052
31,חיפה,4000,חיפה,12081,ככר 6052,synonym of 6052,6052
31,חיפה,4000,חיפה,12082,כיכר 6052,synonym of 6052,6052
31,חיפה,4000,חיפה,12083,טוביה פרידמן,synonym of 6052,6052
31,חיפה,4000,חיפה,6053,"כיכר ד""ר אלי נחמיאס",official,6053
31,חיפה,4000,חיפה,12084,"כיכר ד""ר נחמיאס אלי",synonym of 6053,6053
31,חיפה,4000,חיפה,12085,נחמיאס אלי,synonym of 6053,6053
31,חיפה,4000,חיפה,12086,"ד""ר אלי נחמיאס",synonym of 6053,6053
31,חיפה,4000,חיפה,6054,כיכר מרדכי מנו,official,6054
31,חיפה,4000,חיפה,12087,מנו מרדכי,synonym of 6054,6054
31,חיפה,4000,חיפה,12088,מרדכי מנו,synonym of 6054,6054
31,חיפה,4000,חיפה,12089,כיכר מנו מרדכי,synonym of 6054,6054
31,חיפה,4000,חיפה,6055,כיכר חתני פרס נובל,official,6055
31,חיפה,4000,חיפה,6056,כיכר רות מושכל,official,6056
31,חיפה,4000,חיפה,12090,מושכל רות,synonym of 6056,6056
31,חיפה,4000,חיפה,12091,רות מושכל,synonym of 6056,6056
31,חיפה,4000,חיפה,12092,כיכר מושכל רות,synonym of 6056,6056
31,חיפה,4000,חיפה,6057,כיכר שלמה וול,official,6057
31,חיפה,4000,חיפה,12093,שלמה וול,synonym of 6057,6057
31,חיפה,4000,חיפה,12094,כיכר וול שלמה,synonym of 6057,6057
31,חיפה,4000,חיפה,12095,וול שלמה,synonym of 6057,6057
31,חיפה,4000,חיפה,12096,כיכר 6002,synonym of 6057,6057
31,חיפה,4000,חיפה,6058,כיכר להקת הגבעטרון,official,6058
31,חיפה,4000,חיפה,12097,גבעטרון,synonym of 6058,6058
31,חיפה,4000,חיפה,12098,רח 2125,synonym of 6058,6058
31,חיפה,4000,חיפה,12099,הגבעטרון,synonym of 6058,6058
31,חיפה,4000,חיפה,12100,כיכר הגבעטרון,synonym of 6058,6058
31,חיפה,4000,חיפה,6059,כיכר להקת הדודאים,official,6059
31,חיפה,4000,חיפה,12101,רח 2115,synonym of 6059,6059
31,חיפה,4000,חיפה,12102,דודאים,synonym of 6059,6059
31,חיפה,4000,חיפה,12103,הדודאים,synonym of 6059,6059
31,חיפה,4000,חיפה,12104,כיכר הדודאים,synonym of 6059,6059
31,חיפה,4000,חיפה,6060,כיכר להקת משינה,official,6060
31,חיפה,4000,חיפה,12105,כיכר משינה,synonym of 6060,6060
31,חיפה,4000,חיפה,6061,כיכר להקת כוורת,official,6061
31,חיפה,4000,חיפה,12106,כיכר כוורת,synonym of 6061,6061
31,חיפה,4000,חיפה,6062,כיכר להקת חלב ודבש,official,6062
31,חיפה,4000,חיפה,12107,כיכר חלב ודבש,synonym of 6062,6062
31,חיפה,4000,חיפה,6063,"כיכר ד""ר אריך לב",official,6063
31,חיפה,4000,חיפה,12108,כיכר אריך לב,synonym of 6063,6063
31,חיפה,4000,חיפה,6064,כיכר מרדכי שטיינברג,official,6064
31,חיפה,4000,חיפה,12109,מרדכי שטיינברג,synonym of 6064,6064
31,חיפה,4000,חיפה,12110,כיכר שטיינברג מרדכי,synonym of 6064,6064
31,חיפה,4000,חיפה,12111,שטיינברג מרדכי,synonym of 6064,6064
31,חיפה,4000,חיפה,12112,מרק מרדכי שטיינברג,synonym of 6064,6064
31,חיפה,4000,חיפה,6065,כיכר יוסף קרני,official,6065
31,חיפה,4000,חיפה,6066,כיכר אריה בן צבי,official,6066
31,חיפה,4000,חיפה,12113,אריה בן צבי,synonym of 6066,6066
31,חיפה,4000,חיפה,12114,כיכר בן צבי,synonym of 6066,6066
31,חיפה,4000,חיפה,6067,כיכר שלמה ג'מוס,official,6067
31,חיפה,4000,חיפה,12115,כיכר סלים ג'מוס,synonym of 6067,6067
31,חיפה,4000,חיפה,6068,ככר כהן דוד,official,6068
31,חיפה,4000,חיפה,6069,כיכר לוי שבואלי,official,6069
31,חיפה,4000,חיפה,12116,כיכר שבואלי,synonym of 6069,6069
31,חיפה,4000,חיפה,12117,לוי שבואלי,synonym of 6069,6069
31,חיפה,4000,חיפה,6070,כיכר קיצס וכהן,official,6070
31,חיפה,4000,חיפה,12118,כיכר קיציס וכהן,synonym of 6070,6070
31,חיפה,4000,חיפה,6071,ככר הרב עובדיה יוסף,official,6071
31,חיפה,4000,חיפה,12119,הרב עובדיה יוסף,synonym of 6071,6071
31,חיפה,4000,חיפה,12120,כיכר עובדיה יוסף,synonym of 6071,6071
31,חיפה,4000,חיפה,6072,כיכר חדוה שפיגל,official,6072
31,חיפה,4000,חיפה,12121,חדוה שפיגל,synonym of 6072,6072
31,חיפה,4000,חיפה,6073,כיכר בוטרוס אבו מנה,official,6073
31,חיפה,4000,חיפה,12122,בוטרוס אבו מנה,synonym of 6073,6073
31,חיפה,4000,חיפה,6074,כיכר רומניה,official,6074
31,חיפה,4000,חיפה,12123,רומניה,synonym of 6074,6074
31,חיפה,4000,חיפה,6075,כיכר 6075,official,6075
31,חיפה,4000,חיפה,12124,ככר 6075,synonym of 6075,6075
31,חיפה,4000,חיפה,6076,כיכר משה ורטמן,official,6076
31,חיפה,4000,חיפה,12125,ככר משה ורטמן,synonym of 6076,6076
31,חיפה,4000,חיפה,6077,כיכר בן ציון רייפר,official,6077
31,חיפה,4000,חיפה,12126,בן ציון רייפר,synonym of 6077,6077
31,חיפה,4000,חיפה,12127,כיכר בן-ציון רייפר,synonym of 6077,6077
31,חיפה,4000,חיפה,6078,כיכר אמי נתר,official,6078
31,חיפה,4000,חיפה,12128,אמי נתר,synonym of 6078,6078
31,חיפה,4000,חיפה,6080,ככר האוניברסיטה,official,6080
31,חיפה,4000,חיפה,6081,ככר הכט ראובן,official,6081
31,חיפה,4000,חיפה,12129,ככר הכט,synonym of 6081,6081
31,חיפה,4000,חיפה,12130,ככר ראובן הכט,synonym of 6081,6081
31,חיפה,4000,חיפה,6082,כיכר אהובה תומר,official,6082
31,חיפה,4000,חיפה,12131,אהובה תומר,synonym of 6082,6082
31,חיפה,4000,חיפה,6083,ככר המר זבולון,official,6083
31,חיפה,4000,חיפה,12132,ככר זבולון המר,synonym of 6083,6083
31,חיפה,4000,חיפה,12133,ככר המר,synonym of 6083,6083
31,חיפה,4000,חיפה,6084,כיכר משה עמאר,official,6084
31,חיפה,4000,חיפה,12134,משה עמאר,synonym of 6084,6084
31,חיפה,4000,חיפה,6085,כיכר 6085,official,6085
31,חיפה,4000,חיפה,12135,ככר 6085,synonym of 6085,6085
31,חיפה,4000,חיפה,6086,כיכר אביגדור ברתל,official,6086
31,חיפה,4000,חיפה,12136,אביגדור ברתל,synonym of 6086,6086
31,חיפה,4000,חיפה,12137,כיכר ברתל,synonym of 6086,6086
31,חיפה,4000,חיפה,6087,ככר בולגריה,official,6087
31,חיפה,4000,חיפה,6088,ככר ברנר מילה,official,6088
31,חיפה,4000,חיפה,12138,ככר מילה ברנר,synonym of 6088,6088
31,חיפה,4000,חיפה,12139,ככר ברנר,synonym of 6088,6088
31,חיפה,4000,חיפה,6089,ככר זכאי אברהם,official,6089
31,חיפה,4000,חיפה,12140,זכאי אברהם,synonym of 6089,6089
31,חיפה,4000,חיפה,12141,ככר אברהם זכאי,synonym of 6089,6089
31,חיפה,4000,חיפה,12142,אברהם זכאי,synonym of 6089,6089
31,חיפה,4000,חיפה,6090,ככר וידרא נפתלי,official,6090
31,חיפה,4000,חיפה,12143,ככר נפתלי וידרא,synonym of 6090,6090
31,חיפה,4000,חיפה,12144,ככר וידרא,synonym of 6090,6090
31,חיפה,4000,חיפה,12145,וידרא,synonym of 6090,6090
31,חיפה,4000,חיפה,12146,נפתלי וידרא,synonym of 6090,6090
31,חיפה,4000,חיפה,12147,וידרא נפתלי,synonym of 6090,6090
31,חיפה,4000,חיפה,6091,כיכר דנמרק,official,6091
31,חיפה,4000,חיפה,6092,כיכר הבורג',official,6092
31,חיפה,4000,חיפה,6093,כיכר זאהי כרכבי,official,6093
31,חיפה,4000,חיפה,12148,ככר 6093,synonym of 6093,6093
31,חיפה,4000,חיפה,12149,כיכר 6093,synonym of 6093,6093
31,חיפה,4000,חיפה,12150,כיכר כרכבי זאהי,synonym of 6093,6093
31,חיפה,4000,חיפה,12151,ככר זאהי כרכבי,synonym of 6093,6093
31,חיפה,4000,חיפה,12152,ככר כרכבי זאהי,synonym of 6093,6093
31,חיפה,4000,חיפה,6094,כיכר חנא אבו חנא,official,6094
31,חיפה,4000,חיפה,12153,חנא אבו חנא,synonym of 6094,6094
31,חיפה,4000,חיפה,6095,כיכר פרופ אלכס כרמל,official,6095
31,חיפה,4000,חיפה,12154,פרופסור אלכס כרמל,synonym of 6095,6095
31,חיפה,4000,חיפה,12155,פרופ' אלכס כרמל,synonym of 6095,6095
31,חיפה,4000,חיפה,6096,ככר ג'רלד פרדמן,official,6096
31,חיפה,4000,חיפה,12156,ככר פרדמן ג'רלד,synonym of 6096,6096
31,חיפה,4000,חיפה,6098,כיכר 6098,official,6098
31,חיפה,4000,חיפה,6099,ככר אמיל חביבי,official,6099
31,חיפה,4000,חיפה,6101,כיכר אחוות אחים,official,6101
31,חיפה,4000,חיפה,12157,אחוות אחים,synonym of 6101,6101
31,חיפה,4000,חיפה,6103,ככר חיפה - בוסטון,official,6103
31,חיפה,4000,חיפה,6108,כיכר פרימו לוי,official,6108
31,חיפה,4000,חיפה,12158,כיכר לוי פרימו,synonym of 6108,6108
31,חיפה,4000,חיפה,6112,כיכר זינגר יוסף,official,6112
31,חיפה,4000,חיפה,12159,כיכר יוסף זינגר,synonym of 6112,6112
31,חיפה,4000,חיפה,6115,כיכר רובי,official,6115
31,חיפה,4000,חיפה,12160,כיכר רובי שפירא,synonym of 6115,6115
31,חיפה,4000,חיפה,6116,כיכר ברוך רפפורט,official,6116
31,חיפה,4000,חיפה,12161,ככר ברוך רפפורט,synonym of 6116,6116
31,חיפה,4000,חיפה,12162,כיכר רפפורט ברוך,synonym of 6116,6116
31,חיפה,4000,חיפה,6117,כיכר ואצלב האוול,official,6117
31,חיפה,4000,חיפה,12163,ככר ואצלב האוול,synonym of 6117,6117
31,חיפה,4000,חיפה,12164,כיכר האוול ואצלב,synonym of 6117,6117
31,חיפה,4000,חיפה,12165,ואצלב האוול,synonym of 6117,6117
31,חיפה,4000,חיפה,6132,כיכר נפתלי אילתי,official,6132
31,חיפה,4000,חיפה,12166,ככר נפתלי אילתי,synonym of 6132,6132
31,חיפה,4000,חיפה,12167,נפתלי אילתי,synonym of 6132,6132
31,חיפה,4000,חיפה,12168,אילתי נפתלי,synonym of 6132,6132
31,חיפה,4000,חיפה,6143,כיכר חביב,official,6143
31,חיפה,4000,חיפה,12169,ככר חביב,synonym of 6143,6143
31,חיפה,4000,חיפה,6146,כיכר יצחק חופי,official,6146
31,חיפה,4000,חיפה,12170,ככר יצחק חופי,synonym of 6146,6146
31,חיפה,4000,חיפה,12171,יצחק חופי,synonym of 6146,6146
31,חיפה,4000,חיפה,6148,כיכר גיורא פישר,official,6148
31,חיפה,4000,חיפה,12172,כיכר פישר גיורא,synonym of 6148,6148
31,חיפה,4000,חיפה,12173,ככר גיורא פישר,synonym of 6148,6148
31,חיפה,4000,חיפה,12174,ככר פישר גיורא,synonym of 6148,6148
31,חיפה,4000,חיפה,6149,ככר פול ומאי אריאלי,official,6149
31,חיפה,4000,חיפה,6150,כיכר פאפא,official,6150
31,חיפה,4000,חיפה,12175,ככר פאפא,synonym of 6150,6150
31,חיפה,4000,חיפה,6151,כיכר עמנואל זמיר,official,6151
31,חיפה,4000,חיפה,12176,כיכר זמיר עמנואל,synonym of 6151,6151
31,חיפה,4000,חיפה,12177,ככר זמיר עמנואל,synonym of 6151,6151
31,חיפה,4000,חיפה,12178,ככר עמנואל זמיר,synonym of 6151,6151
31,חיפה,4000,חיפה,6500,אזור שמן,official,6500
31,חיפה,4000,חיפה,12179,חוף החול,synonym of 6500,6500
31,חיפה,4000,חיפה,12180,רמל,synonym of 6500,6500
31,חיפה,4000,חיפה,12181,שער רזל,synonym of 6500,6500
31,חיפה,4000,חיפה,12182,שמן,synonym of 6500,6500
31,חיפה,4000,חיפה,12183,שכ שמן,synonym of 6500,6500
31,חיפה,4000,חיפה,12184,חוף שמן,synonym of 6500,6500
31,חיפה,4000,חיפה,12185,חוף שמן צר,synonym of 6500,6500
31,חיפה,4000,חיפה,6501,שכ קרית חיים,official,6501
31,חיפה,4000,חיפה,12186,מעב ק חיים,synonym of 6501,6501
31,חיפה,4000,חיפה,12187,ק חיים מ הת,synonym of 6501,6501
31,חיפה,4000,חיפה,12188,קרית חיים צר,synonym of 6501,6501
31,חיפה,4000,חיפה,12189,ק חיים מע,synonym of 6501,6501
31,חיפה,4000,חיפה,12190,מע ק חיים צר,synonym of 6501,6501
31,חיפה,4000,חיפה,12191,מעברת ק חיים,synonym of 6501,6501
31,חיפה,4000,חיפה,12192,מע ק חיים,synonym of 6501,6501
31,חיפה,4000,חיפה,6502,מע ק שמואל,official,6502
31,חיפה,4000,חיפה,12193,ש חדש ק ח,synonym of 6502,6502
31,חיפה,4000,חיפה,6503,קרית חשמל,official,6503
31,חיפה,4000,חיפה,6504,ש אנגלו סכסים,official,6504
31,חיפה,4000,חיפה,12194,ש אנגלו סכסי,synonym of 6504,6504
31,חיפה,4000,חיפה,6505,ש אסבסט קרית חיים,official,6505
31,חיפה,4000,חיפה,12195,אזבסטונים,synonym of 6505,6505
31,חיפה,4000,חיפה,12196,ק חיים אזבסט,synonym of 6505,6505
31,חיפה,4000,חיפה,12197,ק חיים אסבסט,synonym of 6505,6505
31,חיפה,4000,חיפה,12198,ש אזבסט ק חי,synonym of 6505,6505
31,חיפה,4000,חיפה,12199,ש אסבס ק ח,synonym of 6505,6505
31,חיפה,4000,חיפה,12200,ש אסבס ק חיי,synonym of 6505,6505
31,חיפה,4000,חיפה,12201,ש אסבסט ק ח,synonym of 6505,6505
31,חיפה,4000,חיפה,12202,ש אסבסט ק חי,synonym of 6505,6505
31,חיפה,4000,חיפה,12203,ש אסבסט ק חיים,synonym of 6505,6505
31,חיפה,4000,חיפה,12204,אזבסט,synonym of 6505,6505
31,חיפה,4000,חיפה,12205,ש אסבסטו ק ח,synonym of 6505,6505
31,חיפה,4000,חיפה,12206,ש אסב ק חיים,synonym of 6505,6505
31,חיפה,4000,חיפה,6506,ש אקדמאים,official,6506
31,חיפה,4000,חיפה,12207,ש אקד ק חיים,synonym of 6506,6506
31,חיפה,4000,חיפה,12208,צר אקדמאים,synonym of 6506,6506
31,חיפה,4000,חיפה,12209,ש אקדמאיים,synonym of 6506,6506
31,חיפה,4000,חיפה,12210,שכון אקדמאים,synonym of 6506,6506
31,חיפה,4000,חיפה,6507,ש חדש קרית שמואל,official,6507
31,חיפה,4000,חיפה,12211,ש עמידר ק ש,synonym of 6507,6507
31,חיפה,4000,חיפה,12212,ק שמו ש חדש,synonym of 6507,6507
31,חיפה,4000,חיפה,12213,ק שמוא ש חדש,synonym of 6507,6507
31,חיפה,4000,חיפה,12214,ק שמואל ש חד,synonym of 6507,6507
31,חיפה,4000,חיפה,12215,ק שמואל שכ ח,synonym of 6507,6507
31,חיפה,4000,חיפה,12216,ש ח ק ש,synonym of 6507,6507
31,חיפה,4000,חיפה,12217,ש חד ק שמואל,synonym of 6507,6507
31,חיפה,4000,חיפה,12218,ש חדש,synonym of 6507,6507
31,חיפה,4000,חיפה,12219,ש חדש ק ש,synonym of 6507,6507
31,חיפה,4000,חיפה,12220,ש חדש ק שמוא,synonym of 6507,6507
31,חיפה,4000,חיפה,12221,ש חדש קש,synonym of 6507,6507
31,חיפה,4000,חיפה,12222,שכ חדש ק ש,synonym of 6507,6507
31,חיפה,4000,חיפה,12223,שכון חדש ק ש,synonym of 6507,6507
31,חיפה,4000,חיפה,12224,ק ש ש חדש,synonym of 6507,6507
31,חיפה,4000,חיפה,12225,ק שמאל ש חדש,synonym of 6507,6507
31,חיפה,4000,חיפה,6508,ש חילים משוחררים,official,6508
31,חיפה,4000,חיפה,12226,ש ח משוח קש,synonym of 6508,6508
31,חיפה,4000,חיפה,12227,ש ח משוחררים,synonym of 6508,6508
31,חיפה,4000,חיפה,12228,ש חיילים,synonym of 6508,6508
31,חיפה,4000,חיפה,12229,ש ח משוח ק ש,synonym of 6508,6508
31,חיפה,4000,חיפה,12230,ש חייל משוחר,synonym of 6508,6508
31,חיפה,4000,חיפה,12231,ש חיילים משוחררים,synonym of 6508,6508
31,חיפה,4000,חיפה,6509,שכ הרצליה,official,6509
31,חיפה,4000,חיפה,12232,ש הרצליה,synonym of 6509,6509
31,חיפה,4000,חיפה,6510,ש משכנות ק שמואל,official,6510
31,חיפה,4000,חיפה,12233,משכנות ב ק,synonym of 6510,6510
31,חיפה,4000,חיפה,12234,משכנות ב,synonym of 6510,6510
31,חיפה,4000,חיפה,12235,ש משכנות,synonym of 6510,6510
31,חיפה,4000,חיפה,12236,קש ש משכנות,synonym of 6510,6510
31,חיפה,4000,חיפה,12237,משכנות,synonym of 6510,6510
31,חיפה,4000,חיפה,12238,משכנות ק ש,synonym of 6510,6510
31,חיפה,4000,חיפה,6511,ש סוכנות ק שמואל,official,6511
31,חיפה,4000,חיפה,12239,ש עולים ק ש,synonym of 6511,6511
31,חיפה,4000,חיפה,12240,ב סוכנות ק,synonym of 6511,6511
31,חיפה,4000,חיפה,12241,בתי הסוכנות,synonym of 6511,6511
31,חיפה,4000,חיפה,12242,בת הסוכנות,synonym of 6511,6511
31,חיפה,4000,חיפה,12243,סוכנ ק שמואל,synonym of 6511,6511
31,חיפה,4000,חיפה,6512,ש ערוני מפרץ,official,6512
31,חיפה,4000,חיפה,12244,ש עירוני ו,synonym of 6512,6512
31,חיפה,4000,חיפה,12245,ש עירוני כא,synonym of 6512,6512
31,חיפה,4000,חיפה,12246,ש עירוני כג,synonym of 6512,6512
31,חיפה,4000,חיפה,12247,ש עירוני כה,synonym of 6512,6512
31,חיפה,4000,חיפה,12248,ש עירוני כז,synonym of 6512,6512
31,חיפה,4000,חיפה,12249,ש עירוני לז,synonym of 6512,6512
31,חיפה,4000,חיפה,12250,ש ערונ רח י,synonym of 6512,6512
31,חיפה,4000,חיפה,12251,ש ערוני א,synonym of 6512,6512
31,חיפה,4000,חיפה,12252,ש ערוני ב,synonym of 6512,6512
31,חיפה,4000,חיפה,12253,ש ערוני ב כ,synonym of 6512,6512
31,חיפה,4000,חיפה,12254,ש ערוני ג,synonym of 6512,6512
31,חיפה,4000,חיפה,12255,ש ערוני ד,synonym of 6512,6512
31,חיפה,4000,חיפה,12256,ש ערוני ה,synonym of 6512,6512
31,חיפה,4000,חיפה,12257,ש ערוני ז,synonym of 6512,6512
31,חיפה,4000,חיפה,12258,ש ערוני טו,synonym of 6512,6512
31,חיפה,4000,חיפה,12259,ש ערוני טז,synonym of 6512,6512
31,חיפה,4000,חיפה,12260,ש ערוני יא,synonym of 6512,6512
31,חיפה,4000,חיפה,12261,ש ערוני יט,synonym of 6512,6512
31,חיפה,4000,חיפה,12262,ש ערוני כ,synonym of 6512,6512
31,חיפה,4000,חיפה,12263,ש ערוני כא,synonym of 6512,6512
31,חיפה,4000,חיפה,12264,ש ערוני כט,synonym of 6512,6512
31,חיפה,4000,חיפה,12265,ש ערוני ל ג,synonym of 6512,6512
31,חיפה,4000,חיפה,12266,ש ערוני לא,synonym of 6512,6512
31,חיפה,4000,חיפה,12267,ש ערוני לג,synonym of 6512,6512
31,חיפה,4000,חיפה,12268,ש ערוני לה,synonym of 6512,6512
31,חיפה,4000,חיפה,12269,ש ערוני לז,synonym of 6512,6512
31,חיפה,4000,חיפה,12270,ש ערוני לט,synonym of 6512,6512
31,חיפה,4000,חיפה,12271,ש ערוניא א,synonym of 6512,6512
31,חיפה,4000,חיפה,12272,שכ עירוני ר,synonym of 6512,6512
31,חיפה,4000,חיפה,12273,מפרץ,synonym of 6512,6512
31,חיפה,4000,חיפה,12274,מפרץ מחסן ש,synonym of 6512,6512
31,חיפה,4000,חיפה,12275,עין המפרץ,synonym of 6512,6512
31,חיפה,4000,חיפה,12276,ש עירוני ח,synonym of 6512,6512
31,חיפה,4000,חיפה,12277,ש עירוני טו,synonym of 6512,6512
31,חיפה,4000,חיפה,12278,ש עירוני טז,synonym of 6512,6512
31,חיפה,4000,חיפה,12279,עירוני רח ט,synonym of 6512,6512
31,חיפה,4000,חיפה,12280,רח טז ש ערו,synonym of 6512,6512
31,חיפה,4000,חיפה,12281,רח י ש ערונ,synonym of 6512,6512
31,חיפה,4000,חיפה,12282,רח יב ש ערו,synonym of 6512,6512
31,חיפה,4000,חיפה,12283,רח יוד ש ער,synonym of 6512,6512
31,חיפה,4000,חיפה,12284,רח כה ש עיר,synonym of 6512,6512
31,חיפה,4000,חיפה,12285,רח כה ש ערו,synonym of 6512,6512
31,חיפה,4000,חיפה,12286,רח לא ש עיר,synonym of 6512,6512
31,חיפה,4000,חיפה,12287,ש עיר רח ח,synonym of 6512,6512
31,חיפה,4000,חיפה,12288,ש עיר רח יח,synonym of 6512,6512
31,חיפה,4000,חיפה,12289,ש עירוני,synonym of 6512,6512
31,חיפה,4000,חיפה,12290,ש עירוני ג,synonym of 6512,6512
31,חיפה,4000,חיפה,12291,ש עירוני ה,synonym of 6512,6512
31,חיפה,4000,חיפה,12292,ש עירוני י,synonym of 6512,6512
31,חיפה,4000,חיפה,12293,ש עירוני יב,synonym of 6512,6512
31,חיפה,4000,חיפה,12294,ש עירוני יד,synonym of 6512,6512
31,חיפה,4000,חיפה,12295,ש ערוני,synonym of 6512,6512
31,חיפה,4000,חיפה,12296,ש ערוני ו,synonym of 6512,6512
31,חיפה,4000,חיפה,12297,ש ערוני ח,synonym of 6512,6512
31,חיפה,4000,חיפה,12298,ש ערוני ט,synonym of 6512,6512
31,חיפה,4000,חיפה,12299,ש ערוני י,synonym of 6512,6512
31,חיפה,4000,חיפה,12300,ש ערוני יב,synonym of 6512,6512
31,חיפה,4000,חיפה,12301,ש ערוני יג,synonym of 6512,6512
31,חיפה,4000,חיפה,12302,ש ערוני יד,synonym of 6512,6512
31,חיפה,4000,חיפה,12303,ש ערוני יז,synonym of 6512,6512
31,חיפה,4000,חיפה,12304,ש ערוני יח,synonym of 6512,6512
31,חיפה,4000,חיפה,12305,ש ערוני כג,synonym of 6512,6512
31,חיפה,4000,חיפה,12306,ש ערוני כה,synonym of 6512,6512
31,חיפה,4000,חיפה,12307,ש ערוני כז,synonym of 6512,6512
31,חיפה,4000,חיפה,12308,ש ערוני רח ו,synonym of 6512,6512
31,חיפה,4000,חיפה,12309,שכ ערוני,synonym of 6512,6512
31,חיפה,4000,חיפה,12310,שכון ערוני,synonym of 6512,6512
31,חיפה,4000,חיפה,12311,ש עירוני מפרץ,synonym of 6512,6512
31,חיפה,4000,חיפה,6513,מתחם האיצטדיון,official,6513
31,חיפה,4000,חיפה,12312,האיצטדיון,synonym of 6513,6513
31,חיפה,4000,חיפה,6514,ש קרית שמואל ב,official,6514
31,חיפה,4000,חיפה,12313,ק שמואל ש ע,synonym of 6514,6514
31,חיפה,4000,חיפה,12314,ש ק שמואל ג,synonym of 6514,6514
31,חיפה,4000,חיפה,12315,ק שמואל ש 4,synonym of 6514,6514
31,חיפה,4000,חיפה,12316,ש ק שמואל ב,synonym of 6514,6514
31,חיפה,4000,חיפה,12317,שכ ק שמואל ב,synonym of 6514,6514
31,חיפה,4000,חיפה,12318,ק שמואל ב,synonym of 6514,6514
31,חיפה,4000,חיפה,12319,ק שמואל ב ש,synonym of 6514,6514
31,חיפה,4000,חיפה,6515,שכ הרכבת,official,6515
31,חיפה,4000,חיפה,12320,ש הרכבת,synonym of 6515,6515
31,חיפה,4000,חיפה,6516,שכ קרית שמואל,official,6516
31,חיפה,4000,חיפה,12321,ק שמואל,synonym of 6516,6516
31,חיפה,4000,חיפה,12322,קרית שמואל,synonym of 6516,6516
31,חיפה,4000,חיפה,12323,ש בית אבות,synonym of 6516,6516
31,חיפה,4000,חיפה,12324,ש בני עקיבא,synonym of 6516,6516
31,חיפה,4000,חיפה,12325,ש הפומז,synonym of 6516,6516
31,חיפה,4000,חיפה,12326,מר מסחרי ק,synonym of 6516,6516
31,חיפה,4000,חיפה,12327,ק ש מר מסחר,synonym of 6516,6516
31,חיפה,4000,חיפה,12328,ש הפומז חדש,synonym of 6516,6516
31,חיפה,4000,חיפה,12329,מע שמואל ב,synonym of 6516,6516
31,חיפה,4000,חיפה,12330,שכ ק שמואל,synonym of 6516,6516
31,חיפה,4000,חיפה,12331,ש ק שמואל,synonym of 6516,6516
31,חיפה,4000,חיפה,12332,ש שמואל,synonym of 6516,6516
31,חיפה,4000,חיפה,12333,ש קרית שמואל,synonym of 6516,6516
31,חיפה,4000,חיפה,6517,אזור מלאכה ומסחר,official,6517
31,חיפה,4000,חיפה,6518,שכ כרמל צרפתי,official,6518
31,חיפה,4000,חיפה,12334,ש כרמל צרפתי,synonym of 6518,6518
31,חיפה,4000,חיפה,12335,שכ הכרמל הצרפתי,synonym of 6518,6518
31,חיפה,4000,חיפה,12336,ש הכרמל הצרפתי,synonym of 6518,6518
31,חיפה,4000,חיפה,12337,כרמל צרפתי,synonym of 6518,6518
31,חיפה,4000,חיפה,12338,הכרמל הצרפתי,synonym of 6518,6518
31,חיפה,4000,חיפה,6519,שכ קרית אליהו,official,6519
31,חיפה,4000,חיפה,12339,קרית אליהו,synonym of 6519,6519
31,חיפה,4000,חיפה,12340,ש קרית אליהו,synonym of 6519,6519
31,חיפה,4000,חיפה,6520,מתחם מיכלי הנפט,official,6520
31,חיפה,4000,חיפה,6521,שכ ואדי ניסנאס,official,6521
31,חיפה,4000,חיפה,12341,ש ואדי ניסנאס,synonym of 6521,6521
31,חיפה,4000,חיפה,12342,ואדי נסנס,synonym of 6521,6521
31,חיפה,4000,חיפה,12343,ואדי ניסנס,synonym of 6521,6521
31,חיפה,4000,חיפה,12344,וואדי נסנס,synonym of 6521,6521
31,חיפה,4000,חיפה,12345,ואדי ניסנאס,synonym of 6521,6521
31,חיפה,4000,חיפה,6522,שכ אחוזה,official,6522
31,חיפה,4000,חיפה,12346,ש אחוזה,synonym of 6522,6522
31,חיפה,4000,חיפה,12347,אחוזה,synonym of 6522,6522
31,חיפה,4000,חיפה,6523,שכ תל עמל,official,6523
31,חיפה,4000,חיפה,12348,ש תל עמל,synonym of 6523,6523
31,חיפה,4000,חיפה,6524,שכ נווה שאנן,official,6524
31,חיפה,4000,חיפה,12349,ש נווה שאנן,synonym of 6524,6524
31,חיפה,4000,חיפה,12350,שכ נוה שאנן,synonym of 6524,6524
31,חיפה,4000,חיפה,12351,ש נוה שאנן,synonym of 6524,6524
31,חיפה,4000,חיפה,6525,ואדי סליב,official,6525
31,חיפה,4000,חיפה,12352,מד ואדי סליב,synonym of 6525,6525
31,חיפה,4000,חיפה,12353,ואדי סאליב,synonym of 6525,6525
31,חיפה,4000,חיפה,12354,ודי סאליב,synonym of 6525,6525
31,חיפה,4000,חיפה,12355,ודי סליב,synonym of 6525,6525
31,חיפה,4000,חיפה,6526,ואדי רושמיה,official,6526
31,חיפה,4000,חיפה,12356,ודי רושמיה,synonym of 6526,6526
31,חיפה,4000,חיפה,6527,שכ המגינים,official,6527
31,חיפה,4000,חיפה,6528,שכ המושבה הגרמנית,official,6528
31,חיפה,4000,חיפה,12357,מושבה גרמנית,synonym of 6528,6528
31,חיפה,4000,חיפה,12358,ש המושבה הגרמנית,synonym of 6528,6528
31,חיפה,4000,חיפה,12359,המושבה הגרמנית,synonym of 6528,6528
31,חיפה,4000,חיפה,6529,אזור תעשייה,official,6529
31,חיפה,4000,חיפה,6530,"א""ת מפרץ)צפון-מערב(",official,6530
31,חיפה,4000,חיפה,6531,"א""ת מפרץ)צפון-מזרח(",official,6531
31,חיפה,4000,חיפה,6532,שכ נאות פרס,official,6532
31,חיפה,4000,חיפה,6533,שכ נחלה,official,6533
31,חיפה,4000,חיפה,12360,ש נחלה,synonym of 6533,6533
31,חיפה,4000,חיפה,6534,שדה התעופה,official,6534
31,חיפה,4000,חיפה,12361,שדה תעופה,synonym of 6534,6534
31,חיפה,4000,חיפה,6536,שכ יצחק נבון,official,6536
31,חיפה,4000,חיפה,12362,יצחק נבון,synonym of 6536,6536
31,חיפה,4000,חיפה,6540,מכון הטיהור,official,6540
31,חיפה,4000,חיפה,6541,אדמות יגור,official,6541
31,חיפה,4000,חיפה,6550,בית עולים בת גלים,official,6550
31,חיפה,4000,חיפה,12363,ב ג מח אנגל,synonym of 6550,6550
31,חיפה,4000,חיפה,12364,אלפון מוצקי,synonym of 6550,6550
31,חיפה,4000,חיפה,12365,ב עולים ב גל,synonym of 6550,6550
31,חיפה,4000,חיפה,6551,מע ק אליהו,official,6551
31,חיפה,4000,חיפה,6552,קרית אליעזר,official,6552
31,חיפה,4000,חיפה,6553,שכ יזרעאליה,official,6553
31,חיפה,4000,חיפה,12366,ש יזרעאליה,synonym of 6553,6553
31,חיפה,4000,חיפה,12367,שכ יזרעאלה,synonym of 6553,6553
31,חיפה,4000,חיפה,12368,ש יזרעאלה,synonym of 6553,6553
31,חיפה,4000,חיפה,12369,יזרעאליה,synonym of 6553,6553
31,חיפה,4000,חיפה,12370,יזרעאלה,synonym of 6553,6553
31,חיפה,4000,חיפה,12371,יזרעליה,synonym of 6553,6553
31,חיפה,4000,חיפה,12372,ש יזרעליה,synonym of 6553,6553
31,חיפה,4000,חיפה,12373,שכ יזרעליה,synonym of 6553,6553
31,חיפה,4000,חיפה,6554,ש ח משוח בת גלים,official,6554
31,חיפה,4000,חיפה,12374,ש ח משוח ב ג,synonym of 6554,6554
31,חיפה,4000,חיפה,12375,ש חיל משוחרר,synonym of 6554,6554
31,חיפה,4000,חיפה,12376,ש ח משוח גלי,synonym of 6554,6554
31,חיפה,4000,חיפה,12377,ש ח מ ב גלים,synonym of 6554,6554
31,חיפה,4000,חיפה,12378,ש ח משוח בג,synonym of 6554,6554
31,חיפה,4000,חיפה,6555,שכ גאולה,official,6555
31,חיפה,4000,חיפה,12379,ש גאולה,synonym of 6555,6555
31,חיפה,4000,חיפה,6556,שכ מרכז הדר,official,6556
31,חיפה,4000,חיפה,12380,ש מרכז הדר,synonym of 6556,6556
31,חיפה,4000,חיפה,6557,"ש צה""ל",official,6557
31,חיפה,4000,חיפה,12381,ש צהל ב גלים,synonym of 6557,6557
31,חיפה,4000,חיפה,12382,ש צהל,synonym of 6557,6557
31,חיפה,4000,חיפה,12383,ב גלים ש צהל,synonym of 6557,6557
31,חיפה,4000,חיפה,6558,שכ החוף השקט,official,6558
31,חיפה,4000,חיפה,12384,חוף שקט,synonym of 6558,6558
31,חיפה,4000,חיפה,12385,החוף השקט,synonym of 6558,6558
31,חיפה,4000,חיפה,12386,חוף השקט,synonym of 6558,6558
31,חיפה,4000,חיפה,6575,נוה דוד,official,6575
31,חיפה,4000,חיפה,12387,מ דוד ב אבו,synonym of 6575,6575
31,חיפה,4000,חיפה,12388,מ דוד ש עמד,synonym of 6575,6575
31,חיפה,4000,חיפה,12389,מ דוד ש עמי,synonym of 6575,6575
31,חיפה,4000,חיפה,12390,מח דוד אקדמ,synonym of 6575,6575
31,חיפה,4000,חיפה,12391,מח דוד ב אב,synonym of 6575,6575
31,חיפה,4000,חיפה,12392,מח דוד בל,synonym of 6575,6575
31,חיפה,4000,חיפה,12393,מח דוד עמיד,synonym of 6575,6575
31,חיפה,4000,חיפה,12394,ב אבות מ דו,synonym of 6575,6575
31,חיפה,4000,חיפה,12395,מ דוד,synonym of 6575,6575
31,חיפה,4000,חיפה,12396,שכ מחנה דוד,synonym of 6575,6575
31,חיפה,4000,חיפה,12397,ש עמידר,synonym of 6575,6575
31,חיפה,4000,חיפה,12398,ש מחנה דוד,synonym of 6575,6575
31,חיפה,4000,חיפה,12399,ש מח דוד,synonym of 6575,6575
31,חיפה,4000,חיפה,12400,מע מחנה דוד,synonym of 6575,6575
31,חיפה,4000,חיפה,12401,מח דוד ש עמ,synonym of 6575,6575
31,חיפה,4000,חיפה,12402,מעב מחנה דוד,synonym of 6575,6575
31,חיפה,4000,חיפה,12403,שכ נוה דוד,synonym of 6575,6575
31,חיפה,4000,חיפה,12404,מע דוד,synonym of 6575,6575
31,חיפה,4000,חיפה,12405,מחנה דוד,synonym of 6575,6575
31,חיפה,4000,חיפה,12406,מע מח דוד,synonym of 6575,6575
31,חיפה,4000,חיפה,12407,מח דוד צר,synonym of 6575,6575
31,חיפה,4000,חיפה,12408,מחנה דוד מעב,synonym of 6575,6575
31,חיפה,4000,חיפה,12409,ש נוה דוד,synonym of 6575,6575
31,חיפה,4000,חיפה,6576,עין הים,official,6576
31,חיפה,4000,חיפה,12410,ואדי גמאל,synonym of 6576,6576
31,חיפה,4000,חיפה,12411,ואדי גמל,synonym of 6576,6576
31,חיפה,4000,חיפה,12412,עין הים עממ,synonym of 6576,6576
31,חיפה,4000,חיפה,12413,עין העוגן,synonym of 6576,6576
31,חיפה,4000,חיפה,12414,ואדי גאמל,synonym of 6576,6576
31,חיפה,4000,חיפה,12415,שכ עין הים,synonym of 6576,6576
31,חיפה,4000,חיפה,12416,ש עין הים,synonym of 6576,6576
31,חיפה,4000,חיפה,6577,ש קרית שפרינצק,official,6577
31,חיפה,4000,חיפה,12417,ש ק שפריינצק,synonym of 6577,6577
31,חיפה,4000,חיפה,12418,ש ק שפרינצק,synonym of 6577,6577
31,חיפה,4000,חיפה,12419,ק שפרינצק,synonym of 6577,6577
31,חיפה,4000,חיפה,12420,ש שפרינצק,synonym of 6577,6577
31,חיפה,4000,חיפה,12421,שפרינצק,synonym of 6577,6577
31,חיפה,4000,חיפה,12422,קרית שפרינצק,synonym of 6577,6577
31,חיפה,4000,חיפה,12423,ש ק שפרנצק,synonym of 6577,6577
31,חיפה,4000,חיפה,6578,שכ ואדי שיאח,official,6578
31,חיפה,4000,חיפה,12424,ואדי סיאח,synonym of 6578,6578
31,חיפה,4000,חיפה,12425,שכ ואדי סיאח,synonym of 6578,6578
31,חיפה,4000,חיפה,12426,ואדי שיאח,synonym of 6578,6578
31,חיפה,4000,חיפה,6579,שכ כפר סמיר,official,6579
31,חיפה,4000,חיפה,12427,כפר סמיר,synonym of 6579,6579
31,חיפה,4000,חיפה,12428,ש כפר סמיר,synonym of 6579,6579
31,חיפה,4000,חיפה,6580,חצרות כרמל,official,6580
31,חיפה,4000,חיפה,12429,נאות כרמל,synonym of 6580,6580
31,חיפה,4000,חיפה,12430,נוה כרמל,synonym of 6580,6580
31,חיפה,4000,חיפה,12431,נוה-כרמל,synonym of 6580,6580
31,חיפה,4000,חיפה,12432,נווה כרמל,synonym of 6580,6580
31,חיפה,4000,חיפה,12433,שכ חצרות כרמל,synonym of 6580,6580
31,חיפה,4000,חיפה,6589,שכ זיו,official,6589
31,חיפה,4000,חיפה,12434,ש זיו,synonym of 6589,6589
31,חיפה,4000,חיפה,6590,מע אחוזה,official,6590
31,חיפה,4000,חיפה,6592,רמת גולדה,official,6592
31,חיפה,4000,חיפה,12435,שכ רמת גולדה,synonym of 6592,6592
31,חיפה,4000,חיפה,6593,ש הוד הכרמל,official,6593
31,חיפה,4000,חיפה,12436,הוד הכרמל,synonym of 6593,6593
31,חיפה,4000,חיפה,12437,הוד הכרמל )דניה(,synonym of 6593,6593
31,חיפה,4000,חיפה,12438,שכ דניה,synonym of 6593,6593
31,חיפה,4000,חיפה,12439,ש דניה,synonym of 6593,6593
31,חיפה,4000,חיפה,6594,תל שקמונה,official,6594
31,חיפה,4000,חיפה,6595,רמת אשכול,official,6595
31,חיפה,4000,חיפה,6596,רמת אלמוגי,official,6596
31,חיפה,4000,חיפה,12440,ש רמת אלמוגי,synonym of 6596,6596
31,חיפה,4000,חיפה,6597,רמת בגין,official,6597
31,חיפה,4000,חיפה,12441,ש רמת בגין,synonym of 6597,6597
31,חיפה,4000,חיפה,6598,שכ שער העליה,official,6598
31,חיפה,4000,חיפה,6599,רמת בן גוריון,official,6599
31,חיפה,4000,חיפה,12442,רמות בן גוריון,synonym of 6599,6599
31,חיפה,4000,חיפה,12443,ש רמת בן גוריון,synonym of 6599,6599
31,חיפה,4000,חיפה,6601,קרית חיים מזרחית,official,6601
31,חיפה,4000,חיפה,6602,קרית חיים מערבית,official,6602
31,חיפה,4000,חיפה,6603,העיר התחתית,official,6603
31,חיפה,4000,חיפה,6604,קרית רבין,official,6604
31,חיפה,4000,חיפה,6605,שכ כרמליה,official,6605
31,חיפה,4000,חיפה,12444,כרמליה,synonym of 6605,6605
31,חיפה,4000,חיפה,6606,שכ רוממה,official,6606
31,חיפה,4000,חיפה,12445,רוממה מזרחית,synonym of 6606,6606
31,חיפה,4000,חיפה,12446,רוממה ב רב,synonym of 6606,6606
31,חיפה,4000,חיפה,12447,מעון רוממה,synonym of 6606,6606
31,חיפה,4000,חיפה,12448,רוממה,synonym of 6606,6606
31,חיפה,4000,חיפה,12449,חיפה )רוממה(,synonym of 6606,6606
31,חיפה,4000,חיפה,12450,ש רוממה,synonym of 6606,6606
31,חיפה,4000,חיפה,6607,רמות ספיר,official,6607
31,חיפה,4000,חיפה,12451,רמת ספיר,synonym of 6607,6607
31,חיפה,4000,חיפה,12452,ש רמות ספיר,synonym of 6607,6607
31,חיפה,4000,חיפה,6608,שכ ורדיה,official,6608
31,חיפה,4000,חיפה,12453,ש ורדיה,synonym of 6608,6608
31,חיפה,4000,חיפה,6609,רמת חן,official,6609
31,חיפה,4000,חיפה,12454,ש רמת חן,synonym of 6609,6609
31,חיפה,4000,חיפה,12455,גבעת רום,synonym of 6609,6609
31,חיפה,4000,חיפה,6610,רמות רמז,official,6610
31,חיפה,4000,חיפה,12456,רמת רמז,synonym of 6610,6610
31,חיפה,4000,חיפה,12457,ש רמת רמז,synonym of 6610,6610
31,חיפה,4000,חיפה,12458,ש רמות רמז,synonym of 6610,6610
31,חיפה,4000,חיפה,6611,סביוני הכרמל,official,6611
31,חיפה,4000,חיפה,12459,שכ סביוני הכרמל,synonym of 6611,6611
31,חיפה,4000,חיפה,12460,רמת אדי,synonym of 6611,6611
31,חיפה,4000,חיפה,12461,ש סביוני הכרמל,synonym of 6611,6611
31,חיפה,4000,חיפה,6612,כרמל צפוני,official,6612
31,חיפה,4000,חיפה,6613,כרמל מערבי,official,6613
31,חיפה,4000,חיפה,6614,רמת התשבי,official,6614
31,חיפה,4000,חיפה,12462,שכ רמת התשבי,synonym of 6614,6614
31,חיפה,4000,חיפה,6615,כפר כבביר,official,6615
31,חיפה,4000,חיפה,12463,שיח בריכ,synonym of 6615,6615
31,חיפה,4000,חיפה,12464,שיח' בריכ,synonym of 6615,6615
31,חיפה,4000,חיפה,12465,כבביר,synonym of 6615,6615
31,חיפה,4000,חיפה,12466,אל כבביר,synonym of 6615,6615
31,חיפה,4000,חיפה,12467,שכ כבביר,synonym of 6615,6615
31,חיפה,4000,חיפה,12468,ש כבביר,synonym of 6615,6615
31,חיפה,4000,חיפה,6616,שכ שמבור,official,6616
31,חיפה,4000,חיפה,12469,ש שמבור,synonym of 6616,6616
31,חיפה,4000,חיפה,12470,שמבור,synonym of 6616,6616
31,חיפה,4000,חיפה,6618,הדר הכרמל,official,6618
31,חיפה,4000,חיפה,6625,ש רמת שאול,official,6625
31,חיפה,4000,חיפה,12471,ר שאל אנג ס,synonym of 6625,6625
31,חיפה,4000,חיפה,12472,רסקו ר שאול,synonym of 6625,6625
31,חיפה,4000,חיפה,12473,ש ר שאול כרמ,synonym of 6625,6625
31,חיפה,4000,חיפה,12474,ש רסקו,synonym of 6625,6625
31,חיפה,4000,חיפה,12475,קרית שאול,synonym of 6625,6625
31,חיפה,4000,חיפה,12476,ר שאול רסקו,synonym of 6625,6625
31,חיפה,4000,חיפה,12477,רמת שאול,synonym of 6625,6625
31,חיפה,4000,חיפה,12478,שכ רמת שאול,synonym of 6625,6625
31,חיפה,4000,חיפה,6630,כרמל מרכזי,official,6630
31,חיפה,4000,חיפה,6636,ש רמת הדר,official,6636
31,חיפה,4000,חיפה,12479,רמת הדר,synonym of 6636,6636
31,חיפה,4000,חיפה,6650,ש רמת גאולה,official,6650
31,חיפה,4000,חיפה,12480,רמת גאולה,synonym of 6650,6650
31,חיפה,4000,חיפה,6651,ש רמת ויזניץ,official,6651
31,חיפה,4000,חיפה,12481,נחל ישראל י,synonym of 6651,6651
31,חיפה,4000,חיפה,12482,רמת ויזניץ,synonym of 6651,6651
31,חיפה,4000,חיפה,12483,ר ויזניץ ש,synonym of 6651,6651
31,חיפה,4000,חיפה,12484,שכ רמ ויזניץ,synonym of 6651,6651
31,חיפה,4000,חיפה,12485,שכ רמת ויז'ניץ,synonym of 6651,6651
31,חיפה,4000,חיפה,6652,שכ ואדי טינה,official,6652
31,חיפה,4000,חיפה,12486,ואדי טינה,synonym of 6652,6652
31,חיפה,4000,חיפה,12487,ש ואדי טינה,synonym of 6652,6652
31,חיפה,4000,חיפה,6660,רמת גוראל,official,6660
31,חיפה,4000,חיפה,6674,שכ נווה גנים,official,6674
31,חיפה,4000,חיפה,12488,ש נווה גנים,synonym of 6674,6674
31,חיפה,4000,חיפה,12489,נוף שאנן,synonym of 6674,6674
31,חיפה,4000,חיפה,6675,ש בולגרים חל,official,6675
31,חיפה,4000,חיפה,6676,ש נוה יוסף,official,6676
31,חיפה,4000,חיפה,12490,ש פתוח,synonym of 6676,6676
31,חיפה,4000,חיפה,12491,ש יוסף,synonym of 6676,6676
31,חיפה,4000,חיפה,12492,ש נוה יסף,synonym of 6676,6676
31,חיפה,4000,חיפה,12493,שכ נוה יוסף,synonym of 6676,6676
31,חיפה,4000,חיפה,12494,נוה יוסף,synonym of 6676,6676
31,חיפה,4000,חיפה,6677,שכ חליסא,official,6677
31,חיפה,4000,חיפה,12495,חליסה עליונה,synonym of 6677,6677
31,חיפה,4000,חיפה,12496,שכ חליסה עלי,synonym of 6677,6677
31,חיפה,4000,חיפה,12497,חליסה עליונ,synonym of 6677,6677
31,חיפה,4000,חיפה,12498,שכ חליסה,synonym of 6677,6677
31,חיפה,4000,חיפה,12499,ש חליסה עליו,synonym of 6677,6677
31,חיפה,4000,חיפה,6706,קרית הטכניון,official,6706
31,חיפה,4000,חיפה,12500,ש סגל זוטר,synonym of 6706,6706
31,חיפה,4000,חיפה,12501,סגל זוטר,synonym of 6706,6706
31,חיפה,4000,חיפה,12502,מעון הסטודנט,synonym of 6706,6706
31,חיפה,4000,חיפה,12503,מעון הסטודנטים,synonym of 6706,6706
31,חיפה,4000,חיפה,12504,מעון סטודנט,synonym of 6706,6706
31,חיפה,4000,חיפה,12505,מעון סטודנטים,synonym of 6706,6706
31,חיפה,4000,חיפה,12506,מעונ שאנן,synonym of 6706,6706
31,חיפה,4000,חיפה,12507,מעונות הטכניון,synonym of 6706,6706
31,חיפה,4000,חיפה,12508,מעונות סגל,synonym of 6706,6706
31,חיפה,4000,חיפה,12509,מעונות קנדה,synonym of 6706,6706
31,חיפה,4000,חיפה,12510,מעונות סגל זוטר,synonym of 6706,6706
31,חיפה,4000,חיפה,12511,מעונות הסטודנטים,synonym of 6706,6706
31,חיפה,4000,חיפה,12512,הטכניון,synonym of 6706,6706
31,חיפה,4000,חיפה,12513,טכניון חיפה,synonym of 6706,6706
31,חיפה,4000,חיפה,12514,מעונות טכניון,synonym of 6706,6706
31,חיפה,4000,חיפה,12515,טכניון קמפוס,synonym of 6706,6706
31,חיפה,4000,חיפה,6708,רמת אלון,official,6708
31,חיפה,4000,חיפה,6710,"אזור בי""ח פלימן",official,6710
31,חיפה,4000,חיפה,6711,נוף המפרץ,official,6711
31,חיפה,4000,חיפה,6712,גבעת זמר,official,6712
31,חיפה,4000,חיפה,12516,רמת עופר,synonym of 6712,6712
31,חיפה,4000,חיפה,12517,שכ גבעת זמר,synonym of 6712,6712
31,חיפה,4000,חיפה,6715,הרב שאר ישוב כהן,official,6715
31,חיפה,4000,חיפה,12518,כיכר הרב שאר ישוב,synonym of 6715,6715
31,חיפה,4000,חיפה,12519,כיכר שאר ישוב הכהן,synonym of 6715,6715
31,חיפה,4000,חיפה,7001,בתי הזיקוק,official,7001
31,חיפה,4000,חיפה,8001,נמל חיפה,official,8001
31,חיפה,4000,חיפה,12520,רציף מכולות,synonym of 8001,8001
31,חיפה,4000,חיפה,8002,נמל הקישון,official,8002
31,חיפה,4000,חיפה,8003,נמל הדיג,official,8003
31,חיפה,4000,חיפה,8004,מספנות ישראל,official,8004
31,חיפה,4000,חיפה,8011,מרכז תעשיות מדע,official,8011
31,חיפה,4000,חיפה,12521,"מת""מ",synonym of 8011,8011
31,חיפה,4000,חיפה,12522,מ.ת.מ,synonym of 8011,8011
31,חיפה,4000,חיפה,12523,מ.ת.ם.,synonym of 8011,8011
31,חיפה,4000,חיפה,9000,חיפה,official,9000
31,חיפה,4000,חיפה,12524,ב אב פרוכטר,synonym of 9000,9000
31,חיפה,4000,חיפה,12525,הרצליה מלון,synonym of 9000,9000
31,חיפה,4000,חיפה,12526,ש מונה,synonym of 9000,9000
31,חיפה,4000,חיפה,12527,נוטר דם,synonym of 9000,9000
31,חיפה,4000,חיפה,12528,סטנטון,synonym of 9000,9000
31,חיפה,4000,חיפה,12529,ש אגש,synonym of 9000,9000
31,חיפה,4000,חיפה,12530,אסולדו ארניה,synonym of 9000,9000
31,חיפה,4000,חיפה,12531,משרד הסעד,synonym of 9000,9000
